ST_CASE,VEH_NO,PER_NO,P1,P2,P3,P4,P5,P6,P7,P8,P9,P10
10001,1,1,29,29,29,29,29,29,29,29,29,29
10002,1,1,0,0,0,0,0,0,0,0,0,0
10002,2,1,0,0,0,0,0,0,0,0,0,0
10002,3,1,0,0,0,0,0,0,0,0,15,0
10002,4,1,0,0,0,0,0,0,0,0,0,0
10003,1,1,0,0,0,0,0,0,0,0,0,0
10003,2,1,0,0,0,0,0,0,0,0,0,0
10004,1,1,0,0,0,0,0,0,0,0,0,0
10005,1,1,0,29,6,0,0,0,0,0,26,16
10006,1,1,0,0,0,0,0,0,0,0,0,0
10006,2,1,0,0,0,0,0,0,0,0,0,0
10007,0,1,0,0,16,5,0,0,0,30,47,0
10007,1,1,0,0,0,0,0,0,0,0,0,0
10008,1,1,0,0,0,0,0,0,0,0,0,0
10008,2,1,0,0,0,0,0,0,0,0,0,0
10009,1,1,0,0,0,0,0,0,0,0,0,0
10009,2,1,0,0,0,0,0,0,0,0,0,0
10010,1,1,0,0,0,0,0,17,0,0,0,0
10010,2,1,0,0,0,0,0,0,0,0,0,0
10011,1,1,0,0,0,0,0,0,0,0,0,0
10011,2,1,0,0,0,0,0,0,0,0,0,0
10012,1,1,0,0,0,0,0,0,0,0,0,0
10012,2,1,0,20,0,0,32,0,0,0,0,0
10013,0,1,0,0,0,0,0,0,0,0,0,0
10013,1,1,0,0,0,0,0,0,0,0,0,0
10014,1,1,25,26,15,17,0,19,33,14,14,10
10015,0,1,0,0,0,0,0,0,0,0,0,0
10015,1,1,0,0,13,0,9,0,0,0,0,0
10016,1,1,3,3,3,3,3,3,3,3,3,3
10016,2,1,0,0,0,0,0,0,0,0,0,0
10017,0,1,0,0,0,0,0,0,0,0,0,0
10017,1,1,0,0,0,0,0,0,0,0,0,0
10017,2,1,0,0,0,0,0,0,0,0,0,0
10018,1,1,0,0,0,0,0,0,0,0,0,0
10018,2,1,0,0,0,0,0,0,0,0,0,0
10019,1,1,4,23,19,24,6,16,0,0,20,4
10020,1,1,0,0,7,0,17,0,0,0,19,15
10021,1,1,18,18,18,18,18,18,18,18,18,18
10021,2,1,0,0,10,0,0,0,0,0,0,0
10022,1,1,0,0,0,0,0,0,3,0,0,0
10023,1,1,24,24,24,24,24,24,24,24,24,24
10024,1,1,0,0,0,0,0,0,0,0,0,0
10024,2,1,0,0,0,0,0,0,0,0,0,0
10025,1,1,0,0,0,0,0,0,0,0,0,0
10026,1,1,0,0,0,0,0,0,0,0,0,0
10026,2,1,0,0,0,0,0,0,0,0,0,0
10027,1,1,15,15,15,15,15,15,15,15,15,15
10028,1,1,0,0,0,0,0,0,0,0,0,0
10029,0,1,0,0,0,0,0,0,0,0,0,0
10029,1,1,0,0,0,0,0,0,0,0,0,0
10030,1,1,0,0,0,0,0,0,13,12,13,0
10030,2,1,0,0,0,0,0,0,0,0,0,0
10031,1,1,14,14,14,14,14,14,14,14,14,14
10031,2,1,0,10,0,0,0,0,0,0,17,0
10031,3,1,0,0,0,0,0,0,0,0,0,0
10032,1,1,0,0,0,0,0,0,0,0,0,0
10033,1,1,1,1,1,1,1,1,1,1,1,1
10034,1,1,0,0,0,0,0,0,0,0,0,0
10034,2,1,31,0,0,0,0,0,0,0,24,0
10034,3,1,0,0,0,0,0,0,0,0,0,0
10035,0,1,3,3,3,3,3,3,3,3,3,3
10035,1,1,0,0,0,0,32,13,0,0,32,29
10036,1,1,7,7,7,7,7,7,7,7,7,7
10037,1,1,0,0,0,0,0,0,0,0,0,0
10037,2,1,0,0,0,0,0,0,0,0,0,0
10038,0,1,0,0,15,23,0,0,0,0,20,19
10038,1,1,0,0,0,0,0,0,0,0,0,0
10039,1,1,0,14,0,23,11,0,0,0,0,0
10040,1,1,0,0,0,0,0,0,0,0,0,0
10040,2,1,0,0,0,0,0,0,0,0,0,0
10041,0,1,0,0,0,0,0,0,0,0,0,0
10041,1,1,0,0,0,0,0,0,0,0,0,0
10042,1,1,23,23,23,23,23,23,23,23,23,23
10043,1,1,0,0,0,0,0,0,0,0,0,0
10043,2,1,0,0,0,0,0,0,0,0,0,0
10044,0,1,0,0,0,0,0,0,0,0,0,0
10044,1,1,0,0,0,0,0,0,0,0,0,0
10045,1,1,0,0,0,0,0,0,0,0,0,0
10045,2,1,0,0,0,0,0,0,0,0,0,0
10045,3,1,0,0,0,0,0,0,0,0,0,0
10046,1,1,0,0,0,0,0,0,0,0,0,0
10046,2,1,0,0,0,0,0,0,0,0,0,0
10047,1,1,0,0,0,0,0,0,0,0,0,0
10047,2,1,31,0,0,0,0,0,0,0,0,0
10048,1,1,4,4,4,4,4,4,4,4,4,4
10048,2,1,0,0,0,0,0,0,0,0,0,0
10048,3,1,0,0,0,0,0,0,0,0,0,0
10049,1,1,1,1,1,1,1,1,1,1,1,1
10049,2,1,0,0,0,0,0,0,20,0,0,13
10049,3,1,0,0,0,0,0,0,0,0,0,0
10049,4,1,0,0,0,0,0,0,0,0,0,0
10049,5,1,0,0,0,0,0,0,0,0,0,0
10050,1,1,7,7,7,7,7,7,7,7,7,7
10051,1,1,0,0,0,0,0,0,0,0,0,0
10051,2,1,0,0,0,0,0,0,0,0,0,0
10052,1,1,0,0,0,0,0,0,0,0,14,5
10053,1,1,9,9,9,9,9,9,9,9,9,9
10054,1,1,12,12,12,12,12,12,12,12,12,12
10055,1,1,0,0,0,0,0,0,0,0,0,0
10055,2,1,0,0,0,0,0,0,0,0,0,0
10056,1,1,33,33,33,33,33,33,33,33,33,33
10057,1,1,14,14,14,14,14,14,14,14,14,14
10058,1,1,13,13,13,13,13,13,13,13,13,13
10059,1,1,0,0,0,0,0,0,0,29,0,0
10060,1,1,16,19,18,23,22,15,8,10,22,15
10061,1,1,0,0,0,0,0,0,0,0,0,0
10062,1,1,0,0,0,0,0,0,0,0,0,0
10062,2,1,27,0,0,39,0,0,0,0,0,0
10063,1,1,0,0,0,0,0,0,0,0,0,0
10063,2,1,0,0,0,0,0,0,0,0,0,0
10063,3,1,0,0,0,0,0,0,0,0,0,0
10064,0,1,32,16,32,0,19,16,12,14,0,21
10064,1,1,0,0,0,0,0,0,0,0,0,0
10065,0,1,0,14,0,0,0,0,0,21,0,0
10065,1,1,0,0,0,0,0,0,0,0,0,0
10066,1,1,0,0,0,0,0,0,0,0,0,0
10066,2,1,0,0,0,0,0,0,0,0,5,0
10067,1,1,0,0,0,0,0,0,0,0,0,0
10067,2,1,0,0,0,0,0,0,0,0,0,0
10069,0,1,0,0,0,0,0,0,0,0,13,0
10069,1,1,20,20,20,20,20,20,20,20,20,20
10070,1,1,0,0,0,0,0,0,0,0,0,0
10070,2,1,0,0,0,0,0,0,0,0,0,0
10070,3,1,0,23,0,0,0,0,0,0,0,0
10071,1,1,0,0,0,0,0,0,0,0,0,0
10071,2,1,0,0,0,0,15,0,0,0,0,0
10072,1,1,0,0,12,0,0,0,0,0,0,0
10072,2,1,0,0,0,0,0,0,0,0,0,0
10073,1,1,17,17,17,17,17,17,17,17,17,17
10074,1,1,12,17,0,16,19,0,15,22,7,0
10075,1,1,0,0,0,0,27,0,0,0,0,0
10075,2,1,0,0,0,0,0,0,0,0,0,0
10076,1,1,0,0,0,0,0,0,0,0,0,0
10076,2,1,0,0,0,0,0,0,0,0,0,0
10077,1,1,0,0,0,0,0,0,0,0,0,0
10077,2,1,0,18,0,0,0,0,0,0,0,0
10078,1,1,0,0,0,0,0,0,0,0,0,0
10078,2,1,0,0,0,11,0,0,0,0,0,0
10079,1,1,0,0,0,0,0,0,0,0,0,0
10079,2,1,0,0,0,0,0,0,0,0,0,0
10080,1,1,0,0,0,0,0,0,0,0,0,0
10080,2,1,0,0,0,10,3,0,0,0,0,0
10081,1,1,10,10,10,10,10,10,10,10,10,10
10082,1,1,0,0,0,0,0,0,0,0,0,0
10083,1,1,0,0,0,0,0,0,0,0,0,0
10084,1,1,0,0,0,0,16,0,0,0,0,0
10084,2,1,0,0,0,0,0,0,0,0,0,0
10085,1,1,0,0,0,0,0,0,0,5,0,0
10086,1,1,0,0,0,0,0,15,0,0,0,0
10087,1,1,15,15,15,15,15,15,15,15,15,15
10088,0,1,13,13,13,13,13,13,13,13,13,13
10088,1,1,0,0,0,0,10,0,0,0,0,0
10089,1,1,0,0,0,0,0,0,0,0,0,0
10089,2,1,0,0,0,0,0,0,0,0,0,0
10090,1,1,0,0,0,0,0,0,0,0,0,0
10090,2,1,0,0,0,0,0,0,0,0,0,0
10090,3,1,0,0,0,0,0,0,0,0,0,0
10091,1,1,0,0,39,36,25,0,19,0,0,8
10091,2,1,0,0,0,0,0,0,0,0,0,0
10092,1,1,0,0,0,0,0,0,0,0,0,0
10092,2,1,0,0,0,0,0,0,0,0,0,0
10093,1,1,0,0,0,0,0,0,0,0,0,0
10094,1,1,0,0,0,0,0,0,0,24,25,0
10095,1,1,0,0,0,0,0,0,0,0,0,0
10095,2,1,0,0,0,0,0,0,0,0,0,0
10096,1,1,0,0,0,0,0,0,0,0,0,0
10096,2,1,0,0,0,0,0,0,0,0,0,0
10096,3,1,0,0,0,0,0,24,0,0,0,0
10097,1,1,0,0,0,0,0,0,0,0,0,0
10097,2,1,0,0,0,0,0,0,0,0,0,0
10098,1,1,0,0,0,0,0,0,0,0,0,0
10098,2,1,0,0,0,0,0,0,0,0,0,0
10099,1,1,9,9,9,9,9,9,9,9,9,9
10099,2,1,0,0,0,0,0,0,0,0,0,0
10100,1,1,0,0,0,0,0,0,0,0,0,0
10101,1,1,0,0,0,26,0,0,0,12,0,0
10102,1,1,3,3,3,3,3,3,3,3,3,3
10103,0,1,0,0,0,0,0,0,0,0,0,0
10103,1,1,37,0,0,0,0,0,19,18,0,0
10104,0,1,23,23,23,23,23,23,23,23,23,23
10104,1,1,0,0,0,0,0,0,0,0,0,0
10105,1,1,0,0,0,0,0,0,0,0,0,0
10105,2,1,0,0,0,0,0,0,0,0,0,0
10106,1,1,0,0,0,0,0,0,0,0,0,0
10106,2,1,0,0,0,0,0,0,0,0,0,0
10106,3,1,6,6,6,6,6,6,6,6,6,6
10106,4,1,0,0,0,0,0,0,0,0,0,0
10106,5,1,0,0,0,0,0,0,0,0,0,0
10107,1,1,0,0,0,0,0,0,0,0,0,0
10108,1,2,0,22,0,0,0,0,0,0,0,15
10109,1,1,34,34,34,34,34,34,34,34,34,34
10109,2,1,0,0,0,0,0,0,0,0,0,0
10110,1,1,0,0,0,0,0,0,0,0,0,0
10110,2,1,0,0,0,0,0,0,0,0,0,0
10111,1,1,0,0,0,0,0,0,0,0,0,0
10111,2,1,0,0,0,0,0,0,0,14,0,0
10112,0,1,0,0,0,0,8,0,0,0,14,10
10112,1,1,0,0,0,0,0,0,0,0,0,0
10113,1,1,0,0,0,0,0,0,0,0,0,0
10113,2,1,0,0,0,0,0,0,0,0,0,0
10114,1,1,0,0,0,0,0,0,0,0,12,12
10114,2,1,0,0,0,0,0,0,0,0,0,0
10115,0,1,0,12,13,21,43,28,0,18,0,0
10115,1,1,0,0,0,0,0,0,0,0,0,0
10116,1,1,0,0,0,0,0,0,0,0,0,0
10116,2,1,0,0,0,0,0,0,0,0,0,0
10117,1,1,5,5,5,5,5,5,5,5,5,5
10117,2,1,0,0,0,0,0,0,0,0,0,0
10118,1,1,8,8,8,8,8,8,8,8,8,8
10118,2,1,0,0,0,16,27,9,7,0,16,18
10119,1,1,0,0,0,0,0,0,0,0,0,0
10120,0,1,34,0,0,0,34,3,0,0,26,0
10120,1,1,0,0,0,0,0,0,0,0,0,0
10121,1,1,0,0,0,0,0,0,0,0,0,0
10121,2,1,0,0,0,0,0,0,0,0,0,0
10122,1,1,0,0,0,0,0,0,0,0,0,0
10122,2,1,0,0,0,0,0,0,0,0,0,0
10123,0,1,0,15,0,19,0,0,0,13,1,11
10123,1,1,0,0,0,0,0,0,0,0,0,0
10124,1,1,0,0,0,0,0,0,0,0,0,0
10124,2,1,0,0,0,0,0,0,0,0,0,0
10125,1,1,0,0,0,0,0,0,0,0,0,0
10126,1,1,25,25,25,25,25,25,25,25,25,25
10127,1,1,0,0,0,0,0,0,0,0,0,0
10127,2,1,0,0,0,0,0,0,0,0,0,0
10128,1,1,9,9,9,9,9,9,9,9,9,9
10128,2,1,11,0,15,15,0,0,0,0,0,11
10129,1,1,0,0,0,0,0,0,0,0,0,0
10129,2,1,0,0,0,0,0,0,0,0,0,0
10130,1,1,0,0,0,0,0,0,0,0,0,0
10130,2,1,0,0,0,0,0,0,0,0,0,0
10131,0,1,0,0,0,0,0,0,0,0,0,0
10131,1,1,0,0,0,0,23,0,0,0,0,0
10132,1,1,0,0,0,0,0,0,0,0,0,0
10133,1,1,0,0,0,0,0,13,0,0,0,12
10133,2,1,0,0,0,0,0,0,0,0,0,0
10134,1,1,24,24,24,24,24,24,24,24,24,24
10135,1,1,0,0,0,0,0,0,0,0,0,0
10135,2,1,0,0,0,0,0,0,0,0,0,0
10136,1,1,0,29,0,0,0,0,16,0,0,0
10137,1,1,0,0,0,0,0,0,0,0,0,0
10138,1,1,0,0,0,0,0,0,0,0,0,0
10138,2,1,0,0,0,0,12,0,0,0,0,19
10139,1,1,0,0,0,0,0,0,0,0,0,0
10140,1,1,0,0,0,0,0,0,0,0,0,0
10140,2,1,0,0,0,0,0,0,0,0,0,0
10140,3,1,0,0,0,0,0,0,0,0,0,0
10141,1,1,10,10,10,10,10,10,10,10,10,10
10141,2,1,0,0,0,0,0,0,0,0,0,0
10142,1,1,0,0,0,8,0,0,0,0,0,33
10143,1,1,0,0,0,0,0,0,0,0,0,0
10144,1,1,0,0,0,0,0,0,0,0,0,0
10145,1,1,17,17,17,17,17,17,17,17,17,17
10146,1,1,0,0,0,0,0,0,0,0,0,0
10146,2,1,0,0,0,0,0,0,0,0,0,0
10147,1,1,8,8,8,8,8,8,8,8,8,8
10147,2,1,0,0,0,0,0,0,0,0,0,0
10148,1,1,0,0,0,0,0,0,0,0,0,0
10148,2,1,0,0,0,0,0,0,0,0,0,0
10149,1,1,0,0,0,0,0,0,0,0,0,0
10150,1,1,0,0,0,0,0,0,0,0,0,0
10151,1,1,26,26,26,26,26,26,26,26,26,26
10152,1,1,0,0,0,0,0,0,0,0,0,0
10153,1,1,38,38,38,38,38,38,38,38,38,38
10154,1,1,0,0,0,0,0,0,0,0,0,0
10155,1,1,0,25,0,20,0,16,0,14,0,0
10155,2,1,0,0,0,0,0,0,11,0,0,0
10156,0,1,18,0,0,0,0,0,52,0,3,0
10156,1,1,0,0,0,0,0,0,0,0,0,0
10157,1,1,0,0,0,0,0,0,0,0,0,0
10158,1,1,0,0,0,0,0,0,0,0,0,0
10159,1,1,0,0,0,0,0,0,0,0,0,0
10159,2,1,0,0,0,0,0,0,0,0,0,0
10160,1,1,31,31,31,31,31,31,31,31,31,31
10161,1,1,0,0,0,0,0,0,0,0,11,0
10162,0,1,25,25,25,25,25,25,25,25,25,25
10162,0,2,8,8,8,8,8,8,8,8,8,8
10162,1,1,0,0,0,0,0,0,28,0,0,0
10163,1,1,19,19,19,19,19,19,19,19,19,19
10164,1,1,20,19,16,0,0,0,0,0,0,23
10165,1,1,6,6,6,6,6,6,6,6,6,6
10165,2,1,13,0,0,0,18,0,0,0,0,0
10166,1,1,21,11,7,14,0,7,0,18,0,12
10166,2,1,0,0,0,0,0,0,0,0,0,0
10167,1,1,0,0,0,0,0,0,0,0,0,0
10168,1,1,0,0,0,0,0,0,0,0,0,0
10169,0,1,0,0,0,0,0,0,0,0,0,0
10169,1,1,0,0,0,0,0,0,0,0,0,0
10169,3,1,0,0,0,0,0,0,0,0,0,0
10170,1,1,0,0,0,17,0,0,0,0,0,0
10171,1,1,19,19,19,19,19,19,19,19,19,19
10172,0,1,18,18,18,18,18,18,18,18,18,18
10172,1,1,0,21,24,0,0,24,0,0,6,12
10173,0,1,0,0,0,0,0,0,0,18,7,12
10173,1,1,0,14,0,11,0,0,14,0,35,0
10174,0,1,0,11,21,21,6,37,10,6,16,10
10174,1,1,17,0,0,0,0,0,0,0,0,0
10174,2,1,0,0,0,10,0,0,0,0,0,0
10176,1,1,15,11,0,0,22,0,0,0,27,13
10176,2,1,11,11,11,11,11,11,11,11,11,11
10177,1,1,18,18,18,18,18,18,18,18,18,18
10178,1,1,0,0,0,0,0,0,0,0,0,0
10178,2,1,0,0,0,0,0,0,0,0,0,0
10179,1,1,0,0,0,0,0,0,0,0,0,0
10179,2,1,0,0,0,0,0,0,0,0,5,0
10180,1,1,12,17,18,26,0,0,48,0,0,0
10181,1,1,0,0,0,0,0,0,0,0,0,0
10181,2,1,0,0,0,0,0,0,13,0,0,0
10182,1,1,0,0,0,33,0,0,0,12,0,0
10183,1,1,0,0,0,0,0,0,0,0,0,0
10183,2,1,0,0,0,0,0,0,0,0,0,0
10184,1,1,15,15,15,15,15,15,15,15,15,15
10185,1,1,10,10,10,10,10,10,10,10,10,10
10186,0,1,0,0,0,0,0,0,0,0,0,0
10186,1,1,0,0,0,0,0,0,0,0,0,0
10187,1,1,0,0,0,0,0,0,0,0,0,0
10188,1,1,0,0,0,0,0,0,0,0,16,0
10190,0,1,0,0,0,0,0,0,0,0,0,0
10190,1,1,0,0,0,0,0,0,0,0,0,0
10191,1,1,0,0,0,0,0,0,0,0,0,0
10192,1,1,0,0,0,0,0,0,0,0,0,0
10192,2,1,0,0,0,0,0,0,0,0,0,0
10192,3,1,0,0,0,0,0,0,0,0,0,0
10193,1,1,0,0,0,0,0,15,0,0,0,0
10193,2,1,0,0,0,0,0,0,0,0,0,0
10194,1,1,9,27,0,23,0,0,0,0,0,5
10195,0,1,0,0,0,0,0,0,0,0,0,0
10195,0,2,0,0,0,0,0,0,0,0,0,0
10195,0,3,0,0,0,21,0,0,0,0,0,0
10195,1,1,0,0,0,0,0,0,0,0,0,0
10196,1,1,0,0,0,0,0,0,0,0,0,0
10197,1,1,0,0,0,0,0,0,0,0,0,0
10197,2,1,0,0,0,0,0,0,0,0,0,0
10198,1,1,0,0,0,0,0,0,0,0,0,0
10198,2,1,0,0,0,0,0,0,0,0,0,0
10199,1,1,0,0,0,0,0,0,0,0,0,0
10199,2,1,0,0,0,0,22,0,0,0,0,0
10199,3,1,0,0,16,0,0,0,0,0,0,0
10199,4,1,0,0,0,0,0,0,0,0,0,0
10200,1,1,28,28,28,28,28,28,28,28,28,28
10200,2,1,0,0,0,0,0,0,0,0,0,0
10201,1,1,0,0,7,0,0,0,0,3,0,0
10201,2,1,9,23,0,0,7,3,0,0,0,0
10202,1,1,0,0,0,0,0,0,0,0,0,15
10203,1,1,0,0,0,32,4,18,24,18,19,0
10204,1,1,0,0,0,0,0,0,0,0,0,0
10205,1,1,0,16,18,0,0,23,12,0,0,0
10206,1,1,8,8,8,8,8,8,8,8,8,8
10207,1,1,0,0,0,0,0,0,0,0,0,0
10207,2,1,8,0,17,0,0,0,0,19,0,16
10208,1,1,10,0,0,0,0,0,0,0,0,26
10209,0,1,0,0,0,0,0,0,0,0,0,0
10209,1,1,14,14,14,14,14,14,14,14,14,14
10210,1,1,0,0,0,0,0,0,17,0,0,0
10211,1,1,0,0,0,0,0,0,0,0,0,0
10211,2,1,0,0,0,0,0,0,0,0,0,0
10212,1,1,0,0,0,0,0,0,0,0,0,0
10213,1,1,9,9,9,9,9,9,9,9,9,9
10214,1,1,0,0,0,0,12,27,0,24,0,0
10215,1,1,13,13,13,13,13,13,13,13,13,13
10216,1,1,28,0,20,0,19,30,0,22,0,0
10217,1,1,0,0,0,0,0,0,0,0,0,0
10218,1,1,0,0,0,0,0,0,0,0,0,0
10218,2,1,0,0,0,0,0,0,0,0,11,0
10219,1,1,0,0,0,0,0,0,0,0,0,0
10220,1,1,0,0,0,0,0,0,0,0,0,0
10221,1,1,0,0,0,0,0,0,0,0,0,0
10222,1,1,0,0,0,0,0,0,0,0,0,0
10222,2,1,0,0,0,0,0,0,0,0,0,0
10223,1,1,17,17,17,17,17,17,17,17,17,17
10224,1,1,0,0,0,0,0,0,0,0,0,0
10225,1,1,0,0,0,0,0,0,0,0,0,0
10226,1,1,0,0,0,0,0,0,0,0,0,0
10226,2,1,0,0,0,0,0,0,0,0,0,0
10227,1,1,0,0,0,0,0,0,9,0,0,0
10228,1,1,0,0,0,0,0,0,0,0,0,0
10228,2,1,0,0,0,0,0,0,0,0,0,0
10229,1,1,61,61,61,61,61,61,61,61,61,61
10230,1,1,0,0,0,0,0,0,0,0,0,0
10231,1,1,2,2,2,2,2,2,2,2,2,2
10232,1,1,0,0,0,0,0,0,0,0,0,0
10232,2,1,0,0,0,0,0,13,0,0,0,0
10233,1,1,6,6,6,6,6,6,6,6,6,6
10233,2,1,0,0,0,0,0,0,0,0,0,0
10234,1,1,0,16,0,0,0,0,0,0,0,0
10235,1,1,14,0,7,18,0,14,20,29,0,25
10236,1,1,18,18,18,18,18,18,18,18,18,18
10236,2,1,0,0,0,0,0,0,0,0,0,0
10237,1,1,0,0,0,0,0,0,0,0,0,0
10238,0,1,0,0,0,0,0,0,0,0,0,0
10238,1,1,0,0,0,0,24,0,0,0,0,0
10239,0,1,0,0,0,0,0,0,0,26,0,0
10239,1,1,0,0,0,0,0,0,0,0,0,0
10239,2,1,0,0,0,0,0,0,0,0,0,0
10240,1,1,27,0,0,0,0,0,0,0,0,0
10240,2,1,0,0,0,0,0,0,0,0,0,0
10242,0,1,4,0,0,0,0,0,0,0,0,0
10242,1,1,0,0,0,0,0,0,0,0,0,0
10243,0,1,0,0,0,0,0,0,0,0,0,0
10243,1,1,0,8,0,0,11,0,13,0,0,0
10244,1,1,12,0,0,0,0,21,0,0,0,14
10245,1,1,0,5,0,19,0,0,0,0,0,0
10245,2,1,0,0,0,0,0,0,0,0,0,0
10246,1,1,5,5,5,5,5,5,5,5,5,5
10247,1,1,0,29,17,12,12,0,16,0,11,16
10248,0,1,0,28,0,0,0,5,0,0,0,0
10248,1,1,0,0,13,0,0,0,0,0,0,0
10249,1,1,0,0,0,0,0,0,0,0,0,0
10249,2,1,10,0,0,0,0,27,0,12,0,0
10249,3,1,0,0,0,0,0,0,0,0,0,0
10250,1,1,0,0,0,0,0,0,0,0,0,0
10251,1,1,0,0,0,0,0,0,0,0,0,0
10252,1,1,0,0,0,0,0,0,0,0,0,0
10252,2,1,0,0,0,0,0,0,0,0,0,0
10253,1,1,0,0,0,0,0,0,0,0,0,0
10254,1,1,5,5,5,5,5,5,5,5,5,5
10255,1,1,0,0,0,0,0,0,0,0,0,0
10255,2,1,0,0,0,0,0,0,0,0,0,0
10256,1,1,0,0,0,0,0,0,0,0,0,0
10256,2,1,14,0,0,0,29,0,0,26,0,0
10257,1,1,0,0,0,0,0,0,0,0,0,0
10257,2,1,0,0,0,0,0,0,0,0,0,0
10258,1,1,0,0,0,0,0,0,0,0,0,0
10259,1,1,21,21,21,21,21,21,21,21,21,21
10260,1,1,0,0,0,0,0,0,0,0,0,0
10260,2,1,0,0,0,0,0,0,0,0,0,0
10260,3,1,0,0,0,0,0,0,0,0,0,0
10261,0,1,0,0,0,0,0,0,0,0,0,0
10261,0,2,12,0,0,0,26,0,0,0,22,38
10261,1,1,0,0,0,0,0,0,13,0,0,0
10262,1,1,0,0,0,0,0,0,0,0,0,0
10263,1,1,0,0,0,0,0,0,0,0,0,0
10263,2,1,0,0,0,0,0,0,0,0,0,0
10264,1,1,4,0,7,0,0,0,0,0,0,0
10264,2,1,0,0,0,0,0,0,0,0,0,0
10265,1,1,13,13,13,13,13,13,13,13,13,13
10266,1,1,14,14,14,14,14,14,14,14,14,14
10267,1,1,24,24,24,24,24,24,24,24,24,24
10267,2,1,0,0,0,0,0,0,0,0,0,0
10267,3,1,0,0,0,0,0,0,0,0,0,0
10268,1,1,0,0,0,0,0,0,0,0,0,0
10268,2,1,0,0,0,0,0,0,0,0,0,0
10269,0,1,0,0,0,0,0,0,0,0,0,0
10269,1,1,0,0,0,0,0,25,0,11,0,0
10270,0,1,0,0,0,0,0,0,0,0,0,0
10270,1,1,19,19,19,19,19,19,19,19,19,19
10271,1,1,0,0,0,0,0,0,0,0,0,0
10272,1,1,0,0,0,0,0,0,0,0,0,0
10272,2,1,0,0,0,0,0,0,0,0,0,0
10273,1,1,0,0,0,0,0,0,0,0,0,0
10273,2,1,0,0,0,0,0,0,0,0,0,0
10274,1,1,0,0,0,0,0,0,0,0,0,0
10275,1,1,0,0,0,0,0,0,0,0,0,0
10276,1,1,3,3,3,3,3,3,3,3,3,3
10276,2,1,0,0,0,0,20,0,0,0,0,0
10277,1,1,0,0,0,0,0,0,0,0,0,0
10277,2,1,0,0,0,0,0,0,0,0,0,0
10278,1,1,0,0,0,0,0,0,0,0,0,0
10278,2,1,0,0,0,0,0,0,0,0,0,0
10279,1,1,0,0,0,0,0,0,0,0,0,0
10279,2,1,12,0,0,0,0,0,0,0,0,0
10279,3,1,0,0,0,0,0,0,0,0,0,0
10279,4,1,0,0,0,0,0,0,0,0,0,0
10280,1,1,0,0,0,0,0,0,0,0,0,0
10281,1,1,17,17,17,17,17,17,17,17,17,17
10282,1,1,0,0,0,0,0,0,0,0,0,0
10282,2,1,15,0,0,0,0,0,0,0,9,31
10283,1,1,19,19,19,19,19,19,19,19,19,19
10284,1,1,14,14,14,14,14,14,14,14,14,14
10285,1,1,10,10,10,10,10,10,10,10,10,10
10286,1,1,0,0,0,0,29,0,0,0,24,0
10287,1,1,0,0,0,0,0,0,0,0,0,0
10288,1,1,0,17,0,0,0,0,11,0,14,20
10288,2,1,0,0,0,0,0,0,0,0,0,0
10289,1,1,0,0,0,0,0,0,0,0,0,0
10290,1,1,0,0,0,0,0,0,0,0,0,0
10291,1,1,0,0,0,0,0,0,0,0,10,20
10292,1,1,0,0,0,0,0,0,0,0,0,0
10292,2,1,0,0,0,0,0,0,0,0,0,0
10293,1,1,0,0,0,0,0,0,0,0,0,0
10293,2,1,0,0,0,0,0,0,0,0,0,0
10294,1,1,0,0,0,0,0,0,0,0,0,0
10294,2,1,0,0,0,0,0,0,0,0,0,0
10295,1,1,24,0,0,19,24,0,29,0,0,0
10296,1,1,0,24,0,8,12,0,0,17,0,0
10296,2,1,0,0,0,0,0,0,0,0,0,0
10297,1,1,0,0,0,0,0,0,0,0,0,0
10298,1,1,0,0,0,0,0,0,0,0,0,0
10298,2,1,0,0,0,0,0,0,0,0,0,0
10299,1,1,0,0,17,0,12,0,7,16,13,0
10300,1,1,6,6,6,6,6,6,6,6,6,6
10300,2,1,0,0,0,5,0,0,0,0,0,0
10301,1,1,0,0,0,0,0,0,0,0,0,0
10301,2,1,0,0,0,0,0,0,0,0,0,0
10302,1,1,30,0,15,0,14,10,34,0,0,0
10303,1,1,24,24,24,24,24,24,24,24,24,24
10303,2,1,0,0,0,0,0,0,0,0,0,0
10304,1,1,8,8,8,8,8,8,8,8,8,8
10305,1,1,0,0,0,13,0,0,0,0,0,0
10305,2,1,0,0,0,0,0,0,0,0,0,0
10306,1,1,0,0,0,0,0,0,0,0,11,0
10306,2,1,0,0,0,0,0,0,0,0,0,0
10307,1,1,0,0,0,16,0,18,16,0,0,0
10308,0,1,0,0,0,0,0,0,0,0,0,0
10308,1,1,0,0,0,0,12,0,0,0,0,0
10309,0,1,0,0,0,0,0,0,0,0,0,0
10309,1,1,0,0,0,0,0,0,0,0,0,0
10310,0,1,0,23,0,0,0,0,0,0,0,0
10310,1,1,0,0,0,0,0,0,0,0,0,0
10311,1,1,0,0,0,0,0,0,0,0,0,0
10311,2,1,0,0,0,0,0,0,0,0,0,16
10312,1,1,0,0,0,0,0,0,0,0,0,0
10312,2,1,0,0,0,0,10,0,0,0,0,0
10313,1,1,11,11,11,11,11,11,11,11,11,11
10313,2,1,0,0,0,0,0,0,0,0,0,0
10314,1,1,0,0,0,0,0,0,0,0,0,0
10314,2,1,0,0,0,0,0,0,0,0,0,0
10315,1,1,0,0,0,0,0,0,0,0,21,0
10315,2,1,0,0,0,0,0,0,0,0,0,0
10316,1,1,14,14,14,14,14,14,14,14,14,14
10316,2,1,0,0,0,0,0,0,0,0,0,0
10317,1,1,0,0,0,0,0,0,0,0,0,0
10317,2,1,0,0,0,0,0,0,0,0,0,0
10318,1,1,22,22,22,22,22,22,22,22,22,22
10319,1,1,0,0,0,0,0,0,0,0,0,0
10319,2,1,1,1,1,1,1,1,1,1,1,1
10320,0,1,0,0,0,0,0,0,0,0,0,0
10320,1,1,0,0,0,0,0,0,0,0,0,0
10321,1,1,0,0,0,0,0,0,0,0,0,0
10322,1,1,0,0,0,0,0,0,0,0,0,0
10322,2,1,0,0,22,0,0,0,0,0,0,0
10322,3,1,0,0,0,0,0,0,0,0,0,0
10323,1,1,0,17,0,0,0,0,0,0,0,0