ST_CASE,VEH_NO,PER_NO,P1,P2,P3,P4,P5,P6,P7,P8,P9,P10
10638,2,1,0,0,0,0,0,0,0,0,0,0
10639,1,1,0,23,0,0,0,0,12,0,0,0
10640,1,1,0,0,0,0,0,0,0,0,0,0
10640,2,1,0,0,0,0,0,0,0,0,0,0
10641,1,1,0,0,0,0,0,0,0,0,0,0
10642,1,1,0,0,0,0,0,0,0,0,0,0
10643,1,1,0,0,0,0,0,0,0,0,0,0
10644,0,1,8,8,8,8,8,8,8,8,8,8
10644,1,1,17,0,0,0,32,0,20,0,0,0
10644,2,1,0,0,0,0,0,0,0,0,0,0
10645,1,1,0,0,0,0,0,0,0,0,0,0
10645,2,1,0,0,0,0,0,0,0,0,0,0
10646,1,1,0,0,0,0,0,0,0,0,0,0
10646,2,1,0,0,0,0,0,0,0,0,0,0
10647,1,1,0,16,52,0,0,25,0,19,15,0
10648,1,1,0,0,0,0,0,0,0,0,0,0
10649,1,1,25,25,25,25,25,25,25,25,25,25
10650,1,1,0,0,0,0,0,0,0,0,0,0
10650,2,1,0,0,0,15,0,0,0,0,0,0
10651,1,1,0,0,0,0,0,0,0,0,0,0
10651,2,1,0,0,0,0,0,0,0,0,0,0
10652,1,1,0,0,0,0,0,0,0,0,0,0
10652,2,1,0,0,0,0,0,0,0,0,0,0
10653,1,1,0,0,0,0,0,0,0,0,0,0
10654,1,1,0,0,0,20,0,26,0,0,13,0
10654,2,1,0,0,0,0,0,0,0,0,0,0
10655,1,1,0,0,0,0,0,0,0,0,0,0
10655,2,1,0,23,0,19,0,0,16,0,9,0
10656,0,1,0,0,0,0,0,0,0,0,0,0
10656,1,1,11,11,11,11,11,11,11,11,11,11
10657,1,1,0,22,0,8,0,0,42,16,0,17
10658,1,1,0,0,0,0,0,0,0,0,0,13
10658,2,1,0,0,0,0,0,0,0,0,0,0
10659,1,1,0,0,0,0,0,0,0,0,0,0
10660,1,1,0,0,0,0,0,0,0,0,0,0
10660,2,1,0,0,0,0,0,0,0,0,0,0
10660,3,1,0,0,0,0,0,0,0,0,0,0
10661,1,1,0,0,0,0,0,0,0,0,0,10
10662,1,1,0,0,0,0,0,0,0,0,0,0
10663,0,1,0,0,0,0,0,0,0,0,0,0
10663,1,1,0,0,0,0,0,0,0,0,0,0
10664,1,1,0,0,0,0,0,0,0,0,0,0
10665,1,1,0,16,0,0,0,0,11,15,0,42
10666,1,1,0,0,0,18,14,23,0,0,0,0
10667,1,1,0,0,0,0,0,0,0,0,0,0
10667,2,1,0,0,0,0,0,0,0,0,0,0
10667,3,1,0,0,0,0,0,0,0,26,0,0
10667,4,1,0,0,0,0,0,0,0,0,0,0
10668,1,1,0,0,42,0,16,0,15,0,0,0
10669,1,1,0,6,0,0,0,0,12,0,0,0
10669,2,1,0,0,0,0,0,0,0,0,0,0
10670,0,1,10,31,31,22,25,38,10,18,34,16
10670,1,1,0,0,0,0,0,0,0,0,0,0
10670,2,1,0,0,0,0,0,0,0,0,25,0
10670,3,1,0,0,0,0,0,21,0,0,0,0
10671,1,1,16,0,0,22,20,0,0,22,0,0
10672,1,1,0,0,0,0,0,0,0,0,0,0
10673,1,1,9,9,9,9,9,9,9,9,9,9
10674,1,1,0,0,0,0,0,0,0,0,0,0
10674,2,1,0,0,0,0,0,0,0,0,0,0
10675,1,1,0,0,0,0,0,0,0,0,0,31
10676,1,1,7,0,0,14,0,11,0,0,16,0
10677,1,1,0,0,0,0,0,0,0,0,0,0
10677,2,1,0,0,0,0,0,0,0,0,0,0
10678,1,1,0,0,0,0,0,0,0,0,0,0
10678,2,1,0,0,0,0,0,0,0,0,0,0
10678,3,1,0,0,0,0,0,0,0,0,0,0
10678,4,1,0,0,0,0,0,0,0,0,0,0
10679,1,1,0,0,0,0,0,0,0,0,0,0
10679,2,1,0,12,0,0,0,0,0,0,0,0
10680,1,1,0,0,0,0,0,0,0,0,0,0
10681,1,1,0,0,0,0,0,0,0,0,0,0
10681,2,1,0,0,0,0,0,0,0,0,0,0
10682,1,1,5,0,15,22,0,0,7,0,0,2
10683,0,1,0,0,0,0,0,0,0,0,0,0
10683,1,1,0,0,0,0,0,0,0,0,0,0
10684,1,1,0,13,0,0,0,0,0,0,0,0
10684,2,1,0,0,0,0,0,0,0,0,0,0
10685,1,1,0,0,0,0,0,0,0,0,0,16
10686,1,1,0,0,0,0,0,0,0,0,0,0
10686,2,1,0,0,0,0,0,0,0,0,13,0
10686,3,1,0,0,0,0,0,0,0,0,0,0
10687,1,1,0,0,0,0,0,0,0,0,0,0
10687,2,1,0,0,0,0,0,0,0,0,0,0
10687,3,1,0,0,0,0,0,0,0,20,0,0
10688,1,1,0,0,0,0,0,0,0,0,0,0
10689,1,1,0,0,0,0,0,0,0,0,0,22
10690,1,1,0,0,0,0,0,0,0,0,0,0
10691,1,1,0,16,0,0,0,0,0,11,0,0
10691,2,1,0,0,0,0,0,0,28,0,0,0
10692,1,1,0,0,0,0,0,0,0,0,0,0
10693,0,1,0,0,0,0,0,0,0,0,0,0
10693,1,1,0,0,0,0,0,0,0,0,0,0
10694,1,1,1,1,1,1,1,1,1,1,1,1
10695,1,1,0,21,0,0,0,0,0,0,0,0
10696,1,1,0,0,0,0,0,0,0,0,0,0
10697,1,1,19,0,5,12,17,0,0,0,0,0
10697,2,1,0,0,9,12,9,0,11,7,8,3
10698,1,1,9,17,37,42,10,8,3,16,29,28
10698,2,1,0,0,0,0,0,0,0,0,0,0
10699,1,1,0,0,0,10,0,0,0,0,0,0
10700,1,1,0,21,0,0,12,0,0,0,0,0
10701,1,1,19,20,0,2,27,30,0,10,0,0
10702,1,1,0,0,0,0,0,0,15,0,0,0
10703,1,1,24,24,24,24,24,24,24,24,24,24
10703,2,1,0,0,0,0,0,0,0,0,0,0
10703,3,1,0,0,0,0,0,0,0,0,0,0
10704,1,1,0,0,6,0,0,0,3,20,0,12
10705,0,1,17,17,17,17,17,17,17,17,17,17
10705,1,1,0,0,0,0,0,0,0,0,0,0
10706,1,1,0,0,0,0,0,0,0,0,0,0
10707,1,1,0,0,0,0,0,0,0,0,0,0
10707,2,1,0,0,0,0,0,0,0,0,0,0
10708,1,1,0,0,0,0,0,0,0,0,0,23
10708,2,1,24,24,24,24,24,24,24,24,24,24
10709,1,1,13,15,0,0,0,10,0,7,0,25
10710,1,1,18,18,18,18,18,18,18,18,18,18
10711,1,1,10,10,10,10,10,10,10,10,10,10
10712,0,1,0,0,0,0,0,0,0,0,0,0
10713,1,1,17,9,24,23,28,5,20,28,14,10
10714,1,1,7,7,7,7,7,7,7,7,7,7
10714,2,1,0,0,0,0,0,0,0,0,0,0
10714,3,1,0,0,0,0,0,0,0,0,0,0
10715,0,1,0,0,0,0,0,0,0,0,0,0
10715,1,1,0,28,21,9,17,0,12,0,28,0
10716,1,1,0,0,0,0,0,0,13,0,0,0
10717,1,1,0,0,0,0,0,0,0,0,0,0
10717,2,1,0,0,0,0,0,0,0,0,0,20
10718,0,1,33,9,15,24,0,0,0,19,14,0
10718,1,1,0,0,0,0,0,0,0,0,0,0
10719,1,1,0,0,0,0,0,0,0,0,0,0
10720,0,1,0,0,0,0,0,0,0,0,0,0
10720,1,1,0,0,0,0,0,0,0,0,0,0
10721,1,1,0,0,0,0,0,0,0,0,0,0
10721,2,1,0,0,0,0,0,0,0,0,0,0
10722,1,1,20,32,15,9,14,25,24,25,0,13
10722,2,1,4,27,12,0,6,13,0,24,22,43
10723,1,1,0,0,0,0,0,0,0,0,0,0
10724,1,1,0,0,0,0,0,0,0,0,0,0
10725,1,1,9,9,9,9,9,9,9,9,9,9
10726,1,1,0,21,13,0,5,19,22,18,22,0
10727,1,1,0,10,22,8,20,0,13,16,0,0
10727,2,1,0,0,0,0,0,0,0,6,0,0
10728,1,1,9,0,0,0,7,0,0,0,0,23
10729,1,1,0,0,0,0,0,0,0,0,0,25
10730,1,1,22,22,22,22,22,22,22,22,22,22
10730,2,1,0,0,0,0,0,0,0,0,0,0
10731,1,1,0,0,0,0,0,0,0,0,0,0
10731,2,1,18,18,18,18,18,18,18,18,18,18
10732,1,1,9,0,0,0,0,0,0,0,0,0
10733,1,1,0,6,0,0,0,0,0,0,18,15
10734,1,1,0,0,0,0,0,0,0,0,0,0
10734,2,1,0,0,0,0,0,0,0,0,0,0
10735,1,1,0,18,22,0,0,0,0,0,0,0
10735,2,1,0,0,0,0,0,0,0,0,0,0
10736,1,1,0,0,0,0,14,0,0,0,0,0
10736,2,1,0,0,0,0,0,0,0,0,0,0
10737,1,1,17,0,0,18,0,0,0,19,0,0
10737,2,1,0,0,0,0,0,0,0,0,0,0
10737,3,1,0,0,0,0,0,0,0,0,0,0
10738,1,1,5,21,22,9,7,18,15,14,0,3
10739,1,1,0,0,0,0,0,0,0,0,0,0
10740,1,1,0,0,0,0,0,0,0,0,0,0
10740,2,1,0,0,0,0,0,0,0,0,0,0
10741,1,1,11,11,11,11,11,11,11,11,11,11
10741,2,1,0,10,0,9,2,0,0,0,11,0
10742,1,1,0,0,0,0,0,0,0,0,0,0
10743,0,1,0,0,0,0,0,0,0,0,0,0
10743,1,1,0,0,16,0,0,0,0,0,0,0
10744,1,1,0,0,0,0,0,0,0,0,0,0
10745,0,1,23,23,23,23,23,23,23,23,23,23
10745,1,1,0,0,0,0,0,0,0,0,0,0
10745,2,1,15,0,0,0,16,0,0,0,0,0
10746,1,1,26,0,0,19,0,0,14,0,0,0
10747,1,1,10,10,10,10,10,10,10,10,10,10
10747,2,1,26,24,25,12,0,0,0,31,27,17
10748,1,1,0,34,0,0,0,0,0,0,0,0
10749,1,1,10,18,0,0,12,0,0,0,0,0
10749,2,1,0,0,0,0,0,0,0,0,0,0
10750,0,1,0,0,0,0,0,0,0,0,0,0
10750,1,1,0,0,7,0,16,0,9,0,13,7
10750,2,1,0,0,0,0,0,0,0,20,0,0
10751,1,1,0,0,11,0,0,0,0,0,0,0
10751,2,1,17,0,0,0,0,0,0,0,0,8
10752,1,1,20,20,20,20,20,20,20,20,20,20
10753,1,1,0,0,0,22,0,0,0,0,0,0
10753,2,1,0,0,0,0,15,0,0,0,0,0
10753,3,1,7,11,0,0,0,20,0,0,0,0
10754,1,1,0,0,0,0,0,0,0,0,0,0
10754,2,1,0,0,0,0,0,0,0,18,0,0
10755,1,1,0,11,0,0,37,0,9,0,0,0
10756,1,1,34,4,8,20,28,15,7,10,20,8
10756,2,1,0,0,0,18,0,0,0,0,0,0
10757,1,1,12,0,0,0,0,0,0,0,0,0
10758,1,1,0,0,0,0,0,0,0,0,0,0
10759,0,1,38,38,38,38,38,38,38,38,38,38
10759,1,1,17,44,0,0,0,0,0,9,0,0
10759,2,1,0,0,0,0,0,0,24,0,0,0
10760,1,1,0,0,0,0,0,0,0,0,0,0
10760,2,1,0,0,0,0,0,0,0,0,0,0
10761,0,1,0,0,0,0,0,0,0,0,0,0
10761,1,1,0,0,0,0,0,0,0,0,24,0
10762,0,1,23,0,0,0,0,0,0,0,0,0
10762,1,1,0,0,0,12,26,0,0,11,0,0
10763,1,1,0,0,0,0,0,0,0,0,0,0
10763,2,1,0,29,0,39,22,0,0,0,0,18
10764,1,1,10,0,6,12,16,30,34,13,23,31
10765,1,1,10,10,10,10,10,10,10,10,10,10
10766,1,1,19,19,19,19,19,19,19,19,19,19
10767,1,1,0,0,0,0,0,0,0,0,0,0
10767,2,1,0,0,0,0,0,0,0,0,0,0
10768,1,1,0,0,0,0,0,0,0,13,13,0
10769,1,1,0,0,0,0,0,0,0,0,0,0
10769,2,1,0,0,0,0,0,0,0,0,0,0
10770,0,1,0,42,0,0,0,0,0,9,0,0
10770,1,1,0,0,0,0,0,0,0,0,0,0
10771,1,1,7,7,7,7,7,7,7,7,7,7
10772,1,1,18,0,0,18,9,15,11,27,31,0
10772,2,1,0,0,0,0,0,0,0,0,0,0
10773,1,1,0,10,16,0,0,23,0,0,0,0
10774,1,1,0,0,0,0,0,0,0,0,0,0
10775,1,1,0,12,10,46,0,0,0,0,0,0
10776,1,1,6,19,31,11,29,5,16,15,16,11
10778,1,1,8,21,20,25,18,5,22,10,17,22
10779,1,1,0,0,0,0,0,0,0,16,0,0
10780,1,1,0,0,0,0,0,0,0,0,0,0
10781,1,1,0,0,0,0,0,20,0,0,0,0
10782,1,1,0,0,0,0,0,0,0,0,0,0
10782,2,1,0,0,0,0,0,0,0,0,0,0
10783,1,1,0,0,0,0,0,0,10,0,26,0
10783,2,1,0,0,0,25,0,0,0,0,0,0
10783,3,1,0,0,0,0,0,0,0,0,0,0
10784,0,1,0,0,0,0,6,0,24,0,0,0
10784,1,1,0,0,14,10,0,0,0,0,0,0
10785,1,1,0,0,0,0,0,0,0,20,0,0
10785,2,1,0,0,0,0,0,0,0,0,0,0
10786,1,1,27,27,27,27,27,27,27,27,27,27
10787,1,1,0,0,0,0,0,0,28,0,0,0
10787,3,1,0,0,0,0,0,0,0,0,0,0
10788,1,1,0,0,0,0,0,0,0,0,0,0
10788,2,1,0,0,0,0,0,0,0,0,0,5
10789,1,1,0,0,0,0,0,25,12,0,0,0
10790,1,1,0,0,0,0,0,0,0,0,0,0
10791,1,1,0,0,0,0,0,0,0,0,0,0
10792,1,1,17,11,20,0,0,0,0,0,33,10
10793,0,1,0,0,0,0,0,0,0,0,0,0
10793,1,1,0,0,0,0,0,0,0,0,0,0
10794,1,1,0,0,0,0,0,0,0,0,0,0
10795,0,1,0,0,0,0,0,0,0,0,0,0
10795,1,1,0,0,0,0,0,0,0,0,0,0
10796,1,1,0,0,0,0,0,0,0,0,0,0
10797,1,1,0,0,0,0,0,0,0,0,0,0
10797,2,1,0,0,0,0,0,0,0,0,0,0
10798,1,1,41,16,17,17,0,0,0,12,0,0
10799,1,1,0,0,0,0,0,0,0,0,0,33
10799,2,1,0,0,0,0,0,0,0,0,0,0
10800,1,1,0,0,0,0,0,0,0,0,0,0
10800,2,1,0,0,0,0,0,0,0,0,0,0
10801,1,1,0,0,0,0,0,0,0,0,0,0
10801,2,1,0,0,0,0,0,0,0,0,0,0
10802,1,1,0,0,0,0,0,0,0,0,0,0
10803,1,1,0,0,0,0,0,0,0,0,0,0
10803,2,1,0,0,0,0,0,0,0,0,0,0
10804,1,1,0,0,3,21,0,14,6,0,0,0
10805,1,1,10,22,5,15,20,9,20,5,22,16
10806,1,1,11,0,0,0,0,0,0,0,0,0
10807,0,1,0,0,0,0,0,0,0,0,0,0
10807,0,2,0,0,0,0,0,20,0,0,27,0
10807,0,3,0,0,0,0,0,0,0,0,0,0
10807,1,1,0,0,0,11,0,0,0,0,0,0
10808,1,1,14,0,0,0,1,0,0,0,0,0
10809,1,1,0,0,0,0,0,0,0,0,0,0
10810,0,1,0,0,20,0,19,0,34,36,0,0
10810,1,1,0,0,0,0,0,0,19,0,0,14
10811,1,1,0,0,0,0,0,0,0,0,0,0
10812,1,1,6,0,0,0,0,10,12,0,0,10
10813,1,1,0,0,0,0,0,0,0,22,0,0
10814,1,1,0,0,0,0,0,0,0,0,0,0
10814,2,1,0,0,0,0,0,0,2,0,0,0
10815,1,1,12,20,0,0,0,0,0,0,0,4
10815,2,1,21,22,25,0,36,0,19,0,0,0
10816,1,1,11,0,0,0,0,0,0,0,0,0
10816,2,1,0,0,19,0,0,0,0,0,0,0
10817,1,1,0,28,0,0,0,0,16,0,0,16
10818,1,1,0,0,0,11,23,0,25,0,0,0
10818,2,1,0,0,0,20,0,0,0,0,0,0
10819,0,1,0,0,0,0,0,0,0,0,0,0
10819,1,1,0,0,0,0,0,0,0,0,0,0
10820,1,1,30,30,0,0,0,9,12,0,0,0
10821,1,1,0,0,0,0,0,0,0,0,0,0
10821,2,1,0,0,0,0,0,29,0,0,11,0
10822,1,1,0,0,0,0,0,0,0,0,0,0
10822,2,1,2,0,0,0,0,0,0,0,0,0
10823,1,1,0,0,27,0,0,5,0,0,0,19
10824,1,1,0,25,0,0,0,9,29,0,20,0
10825,1,1,0,0,0,0,0,0,0,0,0,0
10825,2,1,0,0,0,0,0,0,0,0,0,0
10826,1,1,0,0,0,0,16,0,0,0,18,0
10827,1,1,20,8,26,22,16,10,0,22,20,9
10827,2,1,0,0,4,10,0,0,0,0,0,0
10828,1,1,0,0,0,0,0,0,0,0,0,0
10828,2,1,0,0,0,0,0,0,0,0,0,0
10829,1,1,0,0,0,0,0,0,0,0,0,0
10829,2,1,0,0,0,0,0,10,12,11,10,0
10830,1,1,0,0,0,0,0,0,0,4,0,0
10830,2,1,0,0,0,0,0,0,0,0,0,0
10831,1,1,0,0,15,0,12,0,0,20,0,0
10832,1,1,0,0,0,0,0,0,0,0,0,0
10833,1,1,0,0,0,0,0,0,0,0,0,0
10833,2,1,0,0,0,0,0,0,0,0,0,0
10834,1,1,0,9,13,0,0,21,9,29,33,13
10835,1,1,10,12,26,15,25,19,19,23,26,41
10836,1,1,0,0,0,0,0,0,0,0,0,6
10836,2,1,0,0,0,0,0,0,0,0,0,0
10836,3,1,0,0,0,0,0,0,0,0,0,0
10837,1,1,0,0,0,0,0,0,0,0,0,0
10838,1,1,0,0,0,0,0,0,0,0,0,0
10838,2,1,0,0,0,0,0,0,0,0,0,0
10839,0,1,0,0,0,0,0,0,0,0,0,0
10839,1,1,0,0,0,0,0,0,0,0,0,0
10840,1,1,7,0,0,0,15,0,0,0,17,5
10840,2,1,0,0,0,0,17,0,0,0,0,0
10840,3,1,0,0,26,0,0,0,7,0,0,0
10841,1,1,0,0,0,0,0,0,0,0,0,0
10841,2,1,0,0,0,0,0,0,0,0,0,0
10842,1,1,15,0,0,0,0,0,0,0,0,0
10843,1,1,0,0,0,0,0,0,0,0,0,0
10843,2,1,0,0,0,0,0,0,0,0,0,0
10844,1,1,0,0,0,0,0,0,0,0,0,0
10845,1,1,0,0,0,0,0,15,0,0,0,0
10846,1,1,35,13,7,28,7,18,16,19,15,20
10847,1,1,16,13,25,21,16,20,10,11,23,17
10848,1,1,0,0,0,0,0,0,0,0,0,0
10848,2,1,0,0,0,0,0,0,0,0,0,0
10849,1,1,18,24,17,29,8,20,0,0,19,18
10850,1,1,0,0,0,0,0,0,0,0,0,0
10850,2,1,0,0,0,0,0,0,0,0,0,0
10851,1,1,34,26,15,25,14,10,15,14,22,19
10852,1,1,0,0,0,0,0,0,0,0,0,0
10852,2,1,0,0,0,0,0,0,0,0,0,0
10853,1,1,0,0,0,0,0,0,0,0,0,0
10853,2,1,0,0,0,0,0,0,0,0,0,0
10854,1,1,0,16,0,0,0,0,0,17,0,0
10855,1,1,0,0,0,0,0,0,0,0,0,0
10856,0,1,32,9,33,26,50,0,10,25,24,21
10856,1,1,0,0,0,6,0,0,0,0,0,0
10857,1,1,0,0,0,0,0,9,0,0,0,0
10858,0,1,0,0,0,0,5,0,0,0,3,9
10858,1,1,0,0,0,0,0,0,0,0,0,0
10859,0,1,0,0,0,0,0,0,0,0,0,0
10860,1,1,0,8,0,0,12,0,0,0,25,18
20001,1,1,0,0,0,0,0,0,0,0,0,0
20001,2,1,0,0,0,0,0,0,0,0,0,0
20002,0,1,0,0,0,0,0,0,0,0,0,0
20002,1,1,0,0,0,0,0,0,0,0,0,0
20003,1,1,0,0,0,0,0,0,0,0,0,0
20003,2,1,8,0,0,0,0,0,0,0,0,0
20004,1,1,0,0,0,0,0,0,0,13,0,0
20004,2,1,0,0,0,0,0,0,0,0,0,0
20005,1,1,0,0,0,0,0,0,0,0,0,0
20005,2,1,0,0,0,0,0,0,0,0,0,0
20006,0,1,31,31,31,31,31,31,31,31,31,31
20006,1,1,0,0,0,0,0,0,0,0,0,0
20007,0,1,24,24,24,24,24,24,24,24,24,24
20007,1,1,20,0,0,11,0,15,0,0,0,0
20008,1,1,0,0,0,0,0,0,0,0,0,0
20008,2,1,0,0,0,0,0,0,0,0,0,0
20008,3,1,0,0,0,0,0,0,0,0,0,0
20009,1,1,0,0,0,0,0,0,0,0,0,0
20009,2,1,0,0,18,6,0,0,0,18,0,0
20010,0,1,0,0,0,0,0,0,0,0,0,0
20010,1,1,0,0,0,0,0,0,0,0,0,0
20011,1,1,0,0,0,0,0,0,0,0,0,0
20011,2,1,15,0,0,0,0,0,0,0,0,0
20011,3,1,0,0,4,0,0,0,0,0,0,0
20012,1,1,30,30,30,30,30,30,30,30,30,30
20013,1,1,5,5,5,5,5,5,5,5,5,5
20014,1,1,0,0,0,0,0,0,0,0,0,0
20015,1,1,0,0,0,0,0,0,0,0,0,0
20015,2,1,0,0,0,0,0,0,0,0,0,0
20015,3,1,0,0,0,0,0,0,0,0,0,0
20016,1,1,0,0,0,0,0,0,0,0,0,0
20017,1,1,12,12,12,12,12,12,12,12,12,12
20017,2,1,0,0,0,0,0,0,16,0,0,0
20018,1,1,0,0,0,0,0,0,0,0,0,0
20019,1,1,0,0,0,0,0,0,0,0,0,0
20019,2,1,0,0,0,0,0,0,0,0,0,0
20019,3,1,0,0,0,0,0,0,0,0,0,0
20020,1,1,11,11,11,11,11,11,11,11,11,11
20021,1,1,0,0,3,0,0,0,0,0,0,0
20021,2,1,0,0,0,0,0,0,0,0,0,0
20022,1,1,0,0,0,0,0,0,0,0,0,0
20023,0,1,0,0,0,0,0,0,0,0,0,0
20023,1,1,0,0,0,0,0,16,0,0,0,18
20024,1,1,15,15,15,15,15,15,15,15,15,15
20025,1,1,0,0,0,0,0,0,0,0,0,0
20025,2,1,0,0,16,0,0,0,0,0,0,0
20026,0,1,0,0,0,0,0,0,0,0,0,0
20026,0,2,0,17,0,0,0,0,0,0,0,0
20026,1,1,0,0,0,0,0,0,0,0,0,0
20027,1,1,2,2,2,2,2,2,2,2,2,2
20027,2,1,0,10,0,0,0,0,0,0,0,0
20028,0,1,0,0,0,0,0,0,0,0,0,0
20028,1,1,0,0,0,0,4,0,16,0,0,14
20029,1,1,0,0,0,0,0,0,0,0,0,0
20029,2,1,0,0,0,0,0,0,0,0,0,0
20030,1,1,0,0,0,0,0,0,0,0,0,0
20030,2,1,0,0,0,0,0,0,0,0,0,0
20031,1,1,18,18,18,18,18,18,18,18,18,18
20032,1,1,0,0,0,0,0,0,0,0,0,0
20033,1,1,17,17,17,17,17,17,17,17,17,17
20034,1,1,0,0,0,0,0,0,0,0,0,0
20034,2,1,0,0,0,0,0,0,0,0,0,0
20035,0,1,26,26,26,26,26,26,26,26,26,26
20035,0,2,21,21,21,21,21,21,21,21,21,21
20035,1,1,7,7,7,7,7,7,7,7,7,7
20036,1,1,0,0,0,0,0,0,0,0,0,0
20036,2,1,0,0,11,0,0,0,0,0,0,0
20037,1,1,2,2,2,2,2,2,2,2,2,2
20038,0,1,13,13,13,13,13,13,13,13,13,13
20038,1,1,0,0,0,0,0,0,0,0,0,0
20039,1,1,0,0,0,0,0,0,0,0,0,0
20040,0,1,0,0,0,0,0,0,0,0,0,0
20040,1,1,0,0,0,0,0,0,0,0,0,0
20041,1,1,0,0,0,0,0,0,0,0,0,0
20041,2,1,0,0,0,0,0,0,0,0,0,0
20043,1,1,10,10,10,10,10,10,10,10,10,10
20044,0,1,28,28,28,28,28,28,28,28,28,28
20044,1,1,0,0,0,0,0,0,0,0,0,0
20045,1,1,0,0,0,0,0,0,0,0,0,0
20045,2,1,0,0,0,0,0,0,0,0,0,0
20046,1,1,0,0,0,0,0,0,0,0,0,0
20046,2,1,0,0,0,0,0,0,0,0,0,0
20048,0,1,0,0,0,0,0,14,7,0,0,0
20048,1,1,16,16,16,16,16,16,16,16,16,16
20049,1,1,0,0,0,0,0,0,0,0,0,0
20049,2,1,0,0,0,0,0,0,0,0,0,0
20050,1,1,0,0,0,0,0,0,0,0,0,0
20050,2,1,0,0,0,0,0,0,0,0,0,0
20051,1,1,0,0,0,0,0,0,0,0,0,0
20051,2,1,0,0,0,0,0,0,0,0,0,0
20052,0,1,0,0,0,0,0,0,0,0,0,0
20052,1,1,0,0,0,0,0,0,0,0,0,0
20053,0,1,0,0,0,0,0,0,0,0,0,0
20053,1,1,0,0,0,0,0,0,0,0,0,0
20054,1,1,28,28,28,28,28,28,28,28,28,28
20055,1,1,30,20,16,22,16,12,35,20,29,15
40001,1,1,10,10,10,10,10,10,10,10,10,10
40002,0,1,21,21,21,21,21,21,21,21,21,21
40002,1,1,0,0,14,0,4,8,18,4,13,9
40003,1,1,0,0,0,0,0,0,0,0,0,0
40004,1,1,30,30,30,30,30,30,30,30,30,30
40004,2,1,0,0,0,0,0,0,0,0,0,0
40005,0,1,0,12,26,0,24,0,0,16,22,21
40005,1,1,28,0,0,0,0,0,11,0,0,0
40006,1,1,13,0,0,0,0,0,0,0,13,0
40006,2,1,0,0,0,0,0,0,0,0,0,0
40007,1,1,13,8,26,17,21,18,50,24,13,16
40008,1,1,0,0,0,0,0,0,0,0,0,0
40009,1,1,0,5,0,0,0,0,0,0,0,0
40009,2,1,0,0,0,0,0,0,0,0,0,0
40009,3,1,0,0,0,0,0,0,0,0,0,0
40009,4,1,0,0,0,0,0,0,0,0,0,0
40010,0,1,0,22,0,0,0,13,0,0,0,25
40010,1,1,30,11,0,9,19,23,13,25,10,18
40011,1,1,0,0,0,0,0,0,0,0,0,0
40011,2,1,0,0,0,0,0,0,0,0,0,0
40012,1,1,24,10,0,11,0,22,0,0,0,19
40012,2,1,0,0,0,0,0,0,0,0,0,0
40013,1,1,0,0,0,0,28,0,0,0,0,16
40013,2,1,0,0,15,0,0,0,0,0,0,0
40014,1,1,18,0,0,0,0,0,0,9,0,0
40014,2,1,0,0,0,0,0,0,0,0,0,0
40015,0,1,0,0,0,0,31,0,0,0,0,20
40015,1,1,0,0,0,0,0,0,0,0,0,0
40016,0,1,0,0,0,0,0,0,0,0,30,0
40016,1,1,0,0,0,0,0,0,0,0,0,0
40017,1,1,0,0,0,0,0,0,0,0,0,0
40017,2,1,0,0,0,0,0,0,0,0,0,0
40018,1,1,0,0,0,10,0,0,0,25,0,0
40018,2,1,0,0,0,0,0,0,0,0,0,0
40018,3,1,0,0,0,0,0,7,0,0,0,0
40019,1,1,14,14,14,14,14,14,14,14,14,14
40020,1,1,0,0,0,0,0,0,0,0,0,0
40021,1,1,0,0,0,0,0,0,0,0,0,0
40021,2,1,0,0,0,0,0,0,0,0,0,0
40022,1,1,0,0,0,0,0,22,0,0,0,18
40023,1,1,22,17,10,25,21,12,21,10,12,10
40024,1,1,12,2,4,0,0,0,0,0,0,0
40024,2,1,0,0,0,24,0,0,0,12,0,0
40025,1,1,17,17,17,17,17,17,17,17,17,17
40025,2,1,0,0,0,0,0,0,0,0,0,0
40025,3,1,0,0,0,0,0,0,0,0,0,0
40026,1,1,0,0,0,0,0,0,0,0,0,0
40026,2,1,0,0,0,0,0,0,0,0,0,0
40027,1,1,0,0,0,0,0,0,0,0,0,0
40027,2,1,0,17,0,0,0,0,0,0,0,0
40028,1,1,0,0,0,0,12,0,0,0,0,8
40029,1,1,0,0,0,15,0,0,29,0,15,0
40029,2,1,0,0,0,0,0,0,0,0,0,0
40030,1,1,0,0,0,0,0,0,0,0,0,0
40031,1,1,5,0,33,0,0,23,0,0,0,18
40031,2,1,0,0,0,0,0,0,0,0,0,0
40032,1,1,0,0,0,0,0,0,0,0,0,0
40033,1,1,0,0,0,0,33,0,15,0,16,28
40034,0,1,11,11,11,11,11,11,11,11,11,11
40034,1,1,0,0,0,0,0,0,0,0,0,0
40035,1,1,12,14,17,22,4,10,16,9,17,14
40036,1,1,0,0,0,0,0,0,0,0,0,0
40037,0,1,0,0,0,0,0,0,0,0,0,0
40037,1,1,0,0,0,0,0,0,0,0,0,0
40038,0,1,0,0,0,0,0,0,0,0,0,0
40038,1,1,0,0,0,0,0,0,0,0,0,0
40039,1,1,0,0,0,0,0,0,0,0,0,0
40039,2,1,0,0,0,0,0,0,0,0,0,0
40040,1,1,0,0,0,0,0,0,0,0,0,0
40041,1,1,0,15,16,0,0,0,12,0,0,0
40042,1,1,0,0,0,0,0,0,0,0,0,0
40042,2,1,0,0,0,0,0,0,0,0,0,0
40043,1,1,13,13,13,13,13,13,13,13,13,13
40044,1,1,17,17,17,17,17,17,17,17,17,17
40045,1,1,0,0,0,0,0,0,0,0,0,0
40045,2,1,0,0,0,0,0,0,0,0,0,0
40045,3,1,0,0,0,0,0,0,0,0,0,0
40046,1,1,0,0,0,0,0,0,0,0,0,0
40047,1,1,0,17,0,0,0,25,0,0,0,0
40047,2,1,0,0,0,0,0,0,0,0,0,0
40047,3,1,0,0,0,0,0,13,0,0,0,0
40048,1,1,0,0,0,0,0,0,0,0,0,0
40048,2,1,0,0,0,0,0,0,0,0,0,0