ST_CASE,VEH_NO,PER_NO,P1,P2,P3,P4,P5,P6,P7,P8,P9,P10
40049,1,1,0,0,0,0,0,0,0,0,0,0
40050,0,1,0,0,0,0,0,0,0,0,0,0
40050,1,1,0,0,0,0,0,0,0,0,0,0
40051,1,1,0,0,0,0,0,0,0,0,0,0
40051,2,1,0,0,0,0,0,0,0,0,0,0
40052,1,1,16,0,13,0,15,0,0,0,0,0
40053,1,1,0,0,0,0,0,0,0,0,0,0
40053,2,1,0,0,0,0,0,0,0,0,0,0
40053,3,1,0,0,0,0,0,0,0,0,0,0
40054,1,1,0,0,0,0,0,0,0,0,0,0
40054,2,1,0,0,0,0,0,0,0,0,0,0
40055,1,1,0,0,0,0,0,0,0,0,0,0
40055,2,1,0,0,0,0,0,0,0,0,0,0
40055,3,1,0,0,0,0,0,0,0,0,0,0
40056,1,1,0,0,0,0,0,0,0,0,0,0
40057,0,1,0,20,24,0,0,0,0,0,0,31
40057,1,1,14,15,0,0,0,0,0,0,0,0
40058,0,1,0,35,0,36,17,0,42,0,0,0
40058,1,1,0,0,0,0,0,0,0,0,0,0
40059,0,1,10,31,0,0,0,0,0,0,0,0
40059,1,1,0,13,0,0,0,0,0,0,0,0
40060,0,1,0,0,0,0,0,0,0,0,0,0
40060,1,1,0,0,0,0,0,0,0,0,0,0
40061,1,1,10,10,10,10,10,10,10,10,10,10
40062,1,1,7,7,7,7,7,7,7,7,7,7
40062,2,1,0,0,0,0,0,0,0,0,0,0
40063,1,1,0,0,0,16,0,6,12,0,0,27
40063,2,1,0,0,0,0,0,0,21,0,0,0
40064,1,1,28,0,0,22,16,20,0,0,0,0
40064,2,1,0,0,0,0,0,0,0,0,0,0
40065,1,1,0,0,0,0,0,0,0,0,0,0
40065,2,1,0,0,0,0,0,0,0,0,0,0
40066,1,1,26,0,12,20,0,13,0,16,5,22
40067,1,1,24,29,0,26,0,7,0,12,0,11
40067,2,1,0,0,0,0,13,14,0,12,0,8
40068,1,1,0,0,0,0,0,0,0,0,0,0
40068,2,1,0,0,0,0,0,0,0,0,0,0
40068,3,1,0,0,0,0,0,0,0,0,0,0
40069,0,1,0,0,0,0,0,0,0,0,0,0
40069,1,1,0,9,4,0,0,22,15,0,6,9
40070,1,1,0,0,0,0,0,0,0,12,0,0
40071,1,1,0,0,11,0,0,0,0,12,25,0
40072,1,1,0,0,0,0,0,0,0,0,0,0
40072,2,1,0,0,0,0,0,0,0,0,0,0
40073,1,1,0,0,0,31,8,0,0,0,0,10
40073,2,1,0,0,0,0,0,0,0,0,0,0
40074,1,1,0,25,0,10,15,20,11,9,0,32
40075,0,1,0,17,0,0,0,0,0,31,33,24
40075,1,1,0,0,0,0,0,0,0,0,0,0
40076,1,1,0,0,0,19,0,0,0,0,0,0
40076,2,1,0,0,0,0,0,0,0,0,0,0
40077,1,1,26,0,0,16,0,0,0,0,0,32
40078,1,1,0,12,0,0,14,13,0,0,0,0
40079,1,1,0,0,0,0,0,0,0,0,0,0
40080,1,1,0,0,0,0,0,0,0,0,31,0
40081,1,1,0,0,0,0,0,0,0,0,0,0
40081,2,1,12,0,0,0,0,0,0,0,0,0
40082,1,1,9,10,0,0,0,13,18,0,16,16
40083,1,1,0,0,19,39,0,0,29,0,14,0
40083,2,1,0,0,0,0,0,0,0,0,0,0
40084,0,1,19,0,0,0,0,0,27,15,19,18
40084,1,1,0,0,0,0,0,0,0,0,0,0
40085,1,1,24,16,11,12,7,15,13,28,19,9
40086,1,1,0,0,0,0,10,0,0,0,12,0
40086,2,1,0,16,17,0,0,2,0,6,0,0
40087,1,1,0,0,0,0,12,0,0,0,7,8
40087,2,1,0,0,0,7,0,0,13,0,0,9
40088,0,1,6,6,6,6,6,6,6,6,6,6
40088,0,2,0,0,0,0,0,0,0,0,0,0
40088,1,1,0,0,0,0,0,0,3,0,0,0
40089,1,1,0,17,0,0,0,13,0,28,19,0
40090,0,1,0,0,0,11,0,0,0,0,0,0
40090,1,1,0,0,0,0,0,0,0,0,0,0
40091,0,1,0,0,0,4,0,0,10,0,0,0
40091,1,1,0,0,4,0,0,20,11,0,8,0
40092,1,1,0,30,12,14,12,0,16,0,0,14
40093,0,1,0,0,0,0,0,0,0,0,0,0
40093,1,1,0,0,0,0,0,0,0,9,0,6
40094,1,1,0,0,0,0,0,0,0,0,0,0
40094,2,1,0,0,0,0,0,0,0,0,0,0
40094,3,1,0,0,0,0,0,0,0,0,0,0
40094,4,1,0,0,0,0,0,0,0,0,0,0
40095,1,1,0,0,25,13,0,0,0,0,15,16
40096,0,1,0,0,0,16,0,7,0,33,16,15
40096,1,1,0,0,0,0,0,0,0,12,0,0
40096,2,1,0,0,0,0,0,0,0,0,0,0
40097,0,1,0,0,0,0,0,0,7,0,0,0
40097,1,1,3,10,0,0,0,0,21,20,38,0
40098,1,1,9,0,2,0,0,14,29,18,0,11
40099,1,1,0,17,0,8,0,0,4,15,0,0
40099,2,1,0,0,0,0,0,0,0,0,0,0
40100,1,1,0,0,0,22,0,0,0,0,0,0
40101,1,1,4,0,0,0,0,0,0,0,0,0
40101,2,1,0,0,4,0,0,0,8,6,0,0
40102,0,1,0,32,0,0,0,0,34,0,16,0
40102,1,1,0,16,7,0,0,0,9,0,11,9
40103,0,1,0,35,0,29,22,3,0,20,0,0
40103,1,1,0,0,17,0,0,0,0,46,10,0
40104,0,1,0,0,0,13,0,0,0,0,22,17
40104,1,1,0,0,0,0,0,0,0,0,0,0
40105,1,1,0,0,0,0,12,0,0,16,0,0
40106,0,1,0,0,17,0,0,0,0,0,0,0
40106,1,1,0,0,0,0,0,0,0,0,0,0
40107,0,1,0,0,0,0,0,0,0,0,0,0
40108,0,1,0,0,0,34,0,23,0,0,0,5
40108,0,2,0,0,0,0,0,0,0,0,0,0
40108,0,3,0,0,29,0,19,0,59,0,22,0
40108,1,1,0,0,0,0,0,0,0,0,0,0
40108,2,1,0,0,0,0,10,0,0,0,0,0
40109,0,1,0,0,0,0,0,0,0,0,0,0
40109,1,1,0,0,0,0,0,0,0,0,0,0
40110,0,1,29,29,29,29,29,29,29,29,29,29
40110,1,1,0,0,0,0,0,0,0,0,0,0
40111,0,1,0,0,0,0,0,0,0,0,0,0
40111,1,1,22,0,0,13,13,31,0,0,0,0
40112,1,1,9,13,0,19,0,8,0,0,10,6
40112,2,1,20,0,0,0,0,0,0,0,0,0
40113,0,1,0,0,0,0,0,0,0,0,0,0
40113,1,1,0,0,0,0,0,0,0,0,0,0
40113,2,1,0,0,0,0,0,0,0,0,0,0
40114,0,1,0,9,0,0,0,12,0,0,0,0
40114,1,1,0,0,0,0,0,0,0,0,0,0
40115,0,1,0,11,0,0,26,0,25,20,47,0
40115,1,1,0,0,0,0,0,0,0,0,0,0
40116,1,1,0,0,0,0,0,0,0,0,0,0
40116,2,1,0,0,15,0,0,0,0,0,0,0
40117,1,1,0,0,0,0,0,0,0,0,0,0
40118,1,1,3,3,3,3,3,3,3,3,3,3
40118,2,1,0,0,0,0,0,0,0,0,0,0
40119,1,1,17,17,17,17,17,17,17,17,17,17
40120,1,1,25,25,25,25,25,25,25,25,25,25
40121,1,1,0,6,12,17,7,7,18,19,17,14
40121,2,1,0,0,0,0,0,0,0,0,0,0
40122,1,1,3,0,0,0,0,0,0,0,0,0
40122,2,1,0,0,0,0,0,0,0,0,0,0
40123,1,1,0,0,0,0,0,0,0,0,0,0
40123,2,1,0,0,0,0,0,9,12,0,0,0
40124,1,1,9,17,25,19,0,0,23,25,28,11
40124,2,1,0,12,0,0,0,20,0,0,0,0
40125,1,1,0,0,0,0,0,0,0,0,0,0
40125,2,1,0,0,0,0,0,0,0,0,0,0
40125,3,1,0,0,0,0,0,0,0,0,0,0
40125,4,1,0,0,0,0,18,0,26,0,0,0
40125,5,1,0,8,0,0,0,0,14,0,18,0
40126,1,1,0,0,0,0,0,0,0,0,0,0
40126,2,1,0,0,0,0,0,0,0,0,0,0
40127,0,1,24,8,25,21,16,16,34,45,24,16
40127,0,2,13,6,8,38,25,21,38,0,0,21
40127,1,1,0,0,0,0,0,0,0,0,0,0
40128,1,1,0,0,0,0,0,0,0,0,0,0
40128,2,1,0,0,0,0,0,0,0,0,32,0
40128,3,1,0,0,0,0,0,0,0,0,0,0
40129,1,1,0,0,0,0,21,19,0,21,28,0
40130,1,1,0,0,0,0,0,0,0,22,0,0
40130,2,1,0,0,0,0,0,0,19,0,0,0
40131,1,1,0,0,11,0,0,11,10,0,5,0
40132,1,1,0,0,0,0,0,0,0,0,0,0
40133,1,1,0,0,0,0,0,0,0,0,0,0
40133,2,1,0,0,0,0,0,0,0,0,0,0
40134,1,1,12,12,12,12,12,12,12,12,12,12
40134,2,1,0,0,0,0,18,0,0,0,0,0
40135,1,1,0,0,0,0,0,0,0,0,0,0
40135,2,1,0,0,15,17,0,9,19,13,0,14
40136,1,1,12,17,8,24,11,5,4,0,16,17
40137,0,1,0,0,0,0,0,0,0,0,0,0
40137,1,1,0,0,0,0,0,0,0,0,0,0
40138,1,1,9,12,34,9,0,20,9,5,12,15
40138,2,1,0,0,0,0,0,0,0,0,0,16
40139,1,1,0,19,0,10,0,0,8,0,0,0
40139,2,1,0,0,0,0,0,0,0,0,0,0
40140,1,1,0,0,0,0,20,0,0,0,0,7
40141,0,1,0,34,8,5,30,24,12,0,0,15
40141,1,1,0,0,0,0,0,0,0,0,0,0
40142,1,1,0,0,0,0,0,0,0,11,0,0
40143,1,1,22,10,20,15,7,3,9,11,18,6
40143,2,1,0,0,0,0,0,0,0,0,0,0
40144,1,1,23,23,23,23,23,23,23,23,23,23
40145,1,1,0,0,8,14,9,16,13,0,3,0
40145,2,1,0,0,0,0,0,0,16,0,0,0
40146,1,1,0,0,0,0,0,0,0,0,0,0
40146,2,1,0,0,0,0,0,0,0,0,0,0
40147,0,1,23,21,42,19,23,14,22,11,9,25
40147,1,1,0,0,0,0,0,0,0,0,0,0
40148,0,1,0,0,0,0,0,0,0,0,0,0
40148,1,1,18,18,18,18,18,18,18,18,18,18
40149,1,1,0,0,0,0,0,0,0,0,0,0
40149,2,1,0,0,0,0,0,0,0,0,0,0
40150,1,1,19,0,0,36,0,0,0,0,0,0
40151,1,1,0,0,0,0,0,0,0,0,0,7
40151,2,1,0,0,0,0,0,0,0,0,0,0
40151,3,1,0,0,0,0,0,0,0,0,0,0
40151,4,1,0,0,0,0,0,25,0,0,0,0
40152,1,1,12,0,17,39,0,0,0,9,16,20
40153,0,1,0,0,0,0,0,0,18,0,0,0
40153,1,1,0,0,0,0,0,0,0,0,0,0
40154,1,1,0,0,15,0,7,0,0,0,0,0
40155,1,1,0,0,0,0,0,0,0,0,0,0
40155,2,1,6,0,0,0,0,0,0,0,0,25
40156,1,1,0,0,0,0,0,0,0,0,0,0
40156,2,1,0,0,10,0,0,0,0,0,0,14
40157,1,1,13,28,9,10,18,11,16,16,11,0
40158,0,1,0,0,0,0,5,0,10,0,0,22
40158,1,1,0,0,0,0,0,0,0,0,0,0
40159,1,1,9,9,9,9,0,12,0,11,0,8
40159,2,1,0,0,0,0,0,0,0,0,0,0
40161,1,1,26,21,0,12,12,0,12,5,0,0
40161,2,1,0,0,0,0,0,0,0,0,0,0
40162,0,1,0,0,0,0,0,0,0,0,0,0
40162,1,1,0,0,0,0,0,0,0,0,0,0
40163,0,1,0,18,30,0,0,0,0,0,0,24
40163,1,1,0,27,16,16,4,0,0,23,11,10
40164,1,1,0,0,0,0,5,0,0,0,24,0
40165,1,1,16,12,22,10,0,0,0,0,0,13
40165,2,1,0,0,0,0,0,0,0,0,0,0
40166,0,1,0,0,0,0,0,25,0,0,12,0
40166,1,1,0,0,0,0,0,0,0,0,0,0
40168,1,1,0,0,0,0,0,0,0,0,0,0
40168,2,1,0,0,0,0,0,0,0,0,0,0
40169,1,1,0,0,0,0,0,0,0,0,0,0
40169,2,1,0,0,0,0,0,0,9,0,0,0
40170,1,1,0,33,0,10,0,0,0,5,0,0
40171,1,1,0,0,27,0,0,0,0,0,0,0
40171,2,1,0,0,0,10,0,0,0,0,0,0
40172,1,1,0,0,0,0,0,0,0,0,0,0
40172,2,1,0,0,0,0,0,0,0,0,0,0
40173,1,1,0,0,0,0,22,0,0,15,20,0
40174,1,1,0,0,0,0,0,0,0,0,0,0
40175,1,1,0,0,0,0,19,0,0,0,0,0
40175,2,1,0,0,0,0,0,0,0,0,0,0
40176,0,1,0,0,0,0,0,0,0,0,0,0
40176,1,1,0,0,0,0,0,0,0,0,0,0
40177,1,1,0,0,0,0,0,0,0,0,0,0
40178,1,1,0,0,0,0,0,0,0,0,0,0
40179,1,1,0,13,0,0,0,23,0,0,0,0
40180,1,1,0,0,0,0,0,0,0,0,0,0
40180,2,1,0,0,0,0,0,0,0,0,0,0
40180,3,1,0,0,0,0,0,0,0,0,0,0
40181,1,1,0,0,0,0,0,0,0,0,0,0
40181,2,1,0,15,0,0,9,16,0,2,0,0
40183,1,1,0,0,0,0,0,0,0,0,0,0
40184,1,1,0,0,0,0,0,0,0,0,0,0
40184,2,1,0,0,0,0,0,0,0,0,0,0
40185,1,1,0,0,0,0,0,0,0,0,0,0
40185,2,1,0,0,0,0,0,0,0,0,0,0
40185,3,1,2,0,0,0,0,0,0,0,0,0
40186,1,1,0,3,0,15,30,0,0,0,0,0
40187,0,1,32,14,29,0,12,20,0,0,0,0
40187,1,1,0,0,0,0,0,0,0,0,0,0
40188,1,1,9,0,19,0,0,0,22,23,0,0
40189,1,1,12,0,0,7,0,0,0,0,10,0
40189,2,1,0,0,0,0,0,0,0,0,0,0
40189,3,1,0,0,0,0,0,0,0,0,0,0
40190,1,1,0,0,0,0,0,0,0,0,0,0
40190,2,1,0,0,0,0,0,0,0,0,0,0
40191,1,1,13,11,21,0,13,0,6,18,25,0
40192,0,1,0,0,0,53,0,0,0,0,0,0
40192,1,1,0,0,0,0,0,0,0,0,0,0
40193,1,1,11,11,11,11,11,11,11,11,11,11
40194,1,1,0,0,0,0,0,0,11,0,0,0
40195,1,1,35,0,0,0,0,0,0,0,0,0
40195,2,1,0,0,0,0,0,0,0,0,0,0
40196,1,1,0,15,25,0,25,0,0,0,28,0
40197,1,1,17,17,17,17,17,17,17,17,17,17
40198,1,1,0,0,0,0,0,0,0,0,0,0
40199,1,1,16,0,7,21,12,27,18,15,5,27
40200,1,1,0,0,0,0,0,0,0,0,0,0
40201,1,1,0,0,0,0,0,0,0,0,0,0
40202,0,1,0,0,0,37,0,25,0,25,17,0
40202,1,1,0,0,0,0,0,0,0,0,0,0
40203,1,1,22,7,0,10,0,16,4,17,10,8
40203,2,1,0,0,0,0,0,0,0,0,0,0
40204,1,1,0,0,0,0,0,0,0,0,0,0
40204,2,1,0,0,0,0,0,0,0,0,0,0
40205,0,1,0,0,0,0,0,0,0,0,0,0
40205,1,1,0,0,0,0,0,0,0,0,0,0
40206,0,1,0,0,0,0,0,0,0,0,0,0
40206,1,1,0,0,0,0,0,0,0,0,0,0
40207,1,1,0,0,0,0,0,0,0,0,0,0
40207,2,1,0,0,20,0,0,0,0,0,23,0
40208,1,1,37,37,37,37,37,37,37,37,37,37
40208,2,1,0,0,0,0,0,0,0,0,0,0
40209,0,1,0,16,10,0,25,8,0,13,19,10
40209,1,1,0,0,0,0,0,0,0,0,0,0
40210,1,1,0,27,0,0,6,0,0,0,0,0
40210,2,1,0,0,0,0,0,0,0,0,0,0
40211,1,1,0,0,0,0,0,0,0,0,0,0
40211,2,1,0,0,0,0,0,0,0,0,0,0
40212,1,1,0,0,0,0,0,0,0,0,0,0
40213,1,1,9,0,22,0,11,15,16,0,17,6
40214,1,1,28,0,0,27,0,0,0,20,12,0
40215,1,1,0,0,0,0,0,0,0,0,0,0
40216,1,1,0,0,0,0,0,0,0,0,0,0
40216,2,1,22,0,12,0,6,0,0,0,0,16
40217,1,1,0,0,0,0,0,0,0,0,12,0
40217,2,1,0,20,0,0,17,8,10,0,0,0
40218,1,1,7,3,18,5,9,26,10,15,14,14
40218,2,1,14,0,0,7,25,3,28,4,0,0
40219,0,1,0,0,0,0,0,0,0,0,0,0
40219,1,1,0,0,5,0,25,24,0,21,19,19
40220,1,1,30,30,30,30,30,30,30,30,30,30
40221,1,1,15,0,8,2,11,11,0,5,13,8
40221,2,1,0,0,24,0,18,14,0,0,0,6
40222,1,1,0,31,0,0,0,0,0,0,0,0
40222,2,1,0,0,0,0,0,0,0,0,0,14
40223,1,1,22,22,8,0,22,0,14,28,13,0
40224,1,1,0,0,19,0,0,0,14,0,11,24
40225,0,1,23,23,23,23,23,23,23,23,23,23
40225,1,1,9,0,16,15,16,0,0,21,8,0
40226,0,1,32,0,0,0,0,0,0,0,0,0
40226,1,1,0,0,0,0,0,0,0,0,0,0
40227,0,1,0,0,0,0,0,0,0,0,0,0
40227,1,1,0,0,0,0,0,0,0,0,0,0
40227,3,1,0,14,0,0,0,0,0,0,0,0
40228,1,1,0,0,0,0,0,0,0,0,0,0
40229,1,1,0,0,0,0,0,0,0,0,0,0
40230,1,1,23,23,17,37,10,0,21,18,17,28
40231,0,1,0,14,0,0,0,0,0,0,0,19
40231,1,1,26,26,26,26,26,26,26,26,26,26
40232,1,1,0,0,0,0,0,0,0,0,0,0
40233,1,1,0,0,0,0,0,0,0,0,0,0
40233,2,1,0,0,0,0,0,0,0,0,0,0
40234,1,1,0,0,0,0,0,0,0,0,0,0
40235,1,1,4,4,4,4,4,4,4,4,4,4
40235,2,1,0,0,0,0,0,0,0,0,0,0
40236,1,1,0,0,0,0,0,0,0,0,0,0
40236,2,1,0,0,0,0,0,0,0,0,0,0
40236,3,1,0,0,0,0,0,0,0,0,0,0
40237,1,1,0,0,0,0,0,0,0,0,0,0
40237,2,1,0,0,0,0,0,0,0,0,0,0
40238,1,1,11,41,7,21,5,30,21,15,30,28
40238,2,1,0,0,0,0,0,0,0,0,0,0
40238,3,1,0,0,0,0,0,0,0,0,0,0
40238,4,1,0,0,0,0,0,0,0,0,0,0
40238,5,1,0,0,0,0,0,0,0,0,0,0
40238,6,1,0,0,0,0,0,0,0,0,0,0
40238,7,1,0,0,0,0,0,0,0,0,0,0
40239,1,1,24,0,0,16,0,0,25,9,13,20
40240,1,1,0,0,0,0,0,0,0,0,0,0
40240,2,1,27,0,0,0,0,0,0,0,0,0
40240,3,1,0,0,0,0,0,0,0,0,0,0
40241,1,1,0,0,0,0,0,0,0,0,0,0
40241,2,1,12,12,12,12,12,12,12,12,12,12
40242,1,1,0,0,0,0,0,0,0,0,2,0
40242,2,1,0,0,0,0,0,0,0,0,0,0
40242,3,1,0,0,0,0,0,0,0,0,0,0
40243,1,1,14,14,14,14,14,14,14,14,14,14
40243,2,1,0,0,0,0,0,0,0,0,0,0
40243,3,1,0,0,0,0,0,0,0,0,0,0
40243,4,1,0,0,0,0,0,0,0,0,0,0
40244,1,1,0,0,0,0,0,0,0,0,0,0
40244,2,1,0,0,0,0,0,0,0,0,0,0
40245,0,1,6,6,6,6,6,6,6,6,6,6
40245,1,1,0,0,0,0,0,0,19,0,0,0
40246,1,1,19,6,21,11,15,20,5,12,23,18
40246,2,1,0,0,0,0,0,0,0,0,0,0
40247,1,1,27,27,27,27,27,27,27,27,27,27
40247,2,1,4,4,4,4,4,4,4,4,4,4
40248,1,1,0,0,0,0,0,0,0,9,0,22
40248,2,1,0,0,0,0,0,0,0,0,0,0
40249,1,1,0,0,0,0,0,0,0,0,0,0
40249,2,1,0,0,0,0,0,0,0,0,0,0
40250,1,1,0,22,0,0,0,0,0,0,0,0
40251,0,1,0,0,0,0,0,0,0,0,0,0
40251,0,2,0,16,0,0,0,0,0,23,0,0
40251,1,1,0,0,0,0,0,0,0,0,0,0
40252,1,1,0,0,0,8,0,0,0,0,0,0
40252,2,1,0,0,0,0,0,0,0,0,0,0
40253,0,1,21,0,12,0,0,0,0,0,0,0
40253,1,1,13,0,13,0,0,0,0,27,0,0
40254,1,1,0,0,0,0,0,0,0,0,0,0
40254,2,1,15,0,0,31,0,0,0,0,0,0
40255,0,1,16,60,20,36,21,14,19,20,7,6
40255,1,1,12,28,17,22,10,21,0,20,22,26
40256,1,1,26,17,17,20,0,22,7,24,32,8
40256,2,1,0,0,0,0,0,0,0,0,0,0
40257,1,1,21,0,0,0,0,0,0,11,0,0
40257,2,1,0,0,0,0,0,0,0,0,0,0
40257,3,1,0,0,0,0,0,0,0,0,0,0
40257,4,1,0,0,0,0,0,0,0,0,0,0
40258,1,1,0,0,24,9,0,0,13,0,10,0
40258,2,1,0,0,0,0,0,0,0,0,0,0
40259,1,1,0,0,0,0,0,0,0,0,0,0
40260,0,1,26,6,0,66,20,10,14,30,13,4
40260,1,1,0,0,0,0,0,0,0,0,0,0
40261,1,1,16,16,16,16,16,16,16,16,16,16
40262,1,1,0,22,13,20,23,21,21,20,14,7
40263,1,1,24,9,0,0,17,25,0,0,0,0
40263,2,1,0,0,0,0,0,0,0,0,0,0
40263,3,1,0,0,0,0,0,0,0,0,0,0
40264,0,1,0,0,0,0,0,0,0,19,2,0
40264,1,1,0,0,0,0,0,0,0,17,0,0
40265,1,1,15,26,0,0,0,0,8,0,0,0
40266,0,1,0,0,0,0,0,0,0,0,0,0
40266,1,1,0,0,0,0,0,0,0,0,0,0
40267,1,1,27,0,0,14,8,17,0,24,25,0
40268,1,1,0,0,0,0,0,0,0,0,0,0
40269,1,1,0,0,0,0,0,0,0,0,0,0
40269,2,1,1,1,1,1,1,1,1,1,1,1
40270,1,1,0,0,0,14,0,0,0,0,0,0
40270,2,1,0,0,0,0,0,0,0,0,0,0
40271,0,1,0,0,0,0,0,0,0,0,0,0
40271,1,1,0,0,0,0,0,0,0,0,0,0
40272,0,1,4,4,4,4,4,4,4,4,4,4
40272,1,1,19,9,15,29,11,30,21,5,9,21
40273,1,1,0,11,0,0,16,0,0,0,8,0
40274,0,1,21,21,21,21,21,21,21,21,21,21
40274,1,1,16,16,16,16,16,16,16,16,16,16
40275,1,1,0,0,0,0,0,0,0,0,0,0
40276,0,1,0,0,0,0,0,0,0,0,0,0
40276,1,1,0,0,0,0,0,0,0,0,0,0
40276,2,1,0,0,0,0,0,0,0,11,0,0
40277,1,1,0,0,0,0,0,0,0,0,0,0
40277,2,1,0,0,0,0,0,0,0,0,0,0
40278,1,1,16,0,0,0,0,0,0,0,0,0
40278,2,1,0,0,0,0,0,0,0,0,0,17
40279,1,1,12,12,12,12,12,12,12,12,12,12
40280,0,1,0,0,0,0,0,0,0,0,0,0
40280,0,2,0,0,0,0,0,0,0,30,0,0
40280,1,1,0,9,0,0,0,0,0,0,0,0
40281,1,1,7,7,11,0,22,19,14,21,8,16
40282,1,1,0,0,0,0,0,0,0,0,0,0
40282,2,1,0,0,0,0,0,29,5,0,26,0
40283,0,1,5,23,17,0,14,18,17,14,0,22
40283,1,1,0,11,0,0,0,0,0,0,0,0
40284,1,1,0,0,0,0,0,0,0,0,0,0
40284,2,1,0,0,0,0,0,0,0,0,0,0
40284,3,1,0,0,0,0,0,0,0,0,0,0
40285,0,1,19,0,0,0,0,10,0,0,0,0
40285,1,1,0,0,0,0,0,0,0,0,0,0
40286,1,1,0,0,0,0,0,15,0,0,0,0
40286,2,1,17,17,17,17,17,17,17,17,17,17
40287,1,1,12,13,17,16,16,28,17,4,26,13
40288,0,1,18,4,13,22,22,11,18,13,15,35
40288,1,1,0,0,0,0,0,0,0,0,0,0
40289,1,1,21,21,21,21,21,21,21,21,21,21
40290,1,1,0,0,0,0,0,0,0,0,0,0
40291,1,1,0,0,0,0,0,0,0,0,0,0
40292,0,1,0,0,0,0,0,0,0,0,0,0
40292,1,1,0,0,0,0,0,0,0,0,0,0
40293,1,1,0,0,0,0,0,0,0,0,0,0
40294,1,1,0,0,26,0,0,0,0,0,5,0
40295,0,1,0,0,0,0,0,0,0,0,0,0
40295,1,1,0,0,0,0,0,0,12,0,0,0
40296,1,1,0,0,0,0,0,0,0,0,0,0
40297,1,1,0,0,0,0,0,0,0,0,0,0
40298,0,1,0,0,0,0,0,0,0,0,0,0
40298,1,1,0,0,0,0,0,26,0,0,11,0
40299,1,1,0,0,0,14,6,45,8,0,5,20
40299,2,1,0,0,0,0,0,0,0,0,0,0
40300,1,1,0,0,0,0,0,0,0,0,0,0
40301,1,1,0,0,0,0,16,0,0,0,18,21
40302,0,1,0,0,0,0,0,0,0,0,0,0
40302,1,1,0,0,0,0,0,0,0,0,0,0
40303,0,1,0,0,0,0,0,0,0,0,0,0
40303,1,1,0,0,0,0,0,0,0,0,30,0
40304,0,1,0,0,38,0,0,0,27,20,0,0
40304,1,1,0,0,9,0,4,13,8,0,15,26
40305,1,1,0,0,0,0,0,0,0,0,0,0
40306,0,1,0,0,0,0,0,0,0,0,0,0
40306,1,1,0,0,15,0,12,17,18,8,28,16
40307,1,1,0,0,0,0,0,0,0,0,0,0
40308,1,1,0,57,6,18,15,0,10,0,20,17
40309,1,1,0,0,0,0,0,0,0,0,0,0
40310,1,1,0,0,0,0,0,0,0,0,0,0
40310,2,1,0,0,0,0,0,0,0,0,0,0
40311,1,1,0,0,0,0,0,0,0,21,0,0
40311,2,1,0,0,0,0,0,0,0,0,0,0
40312,1,1,0,0,0,0,0,0,0,0,0,0
40312,2,1,0,21,0,0,0,16,0,0,0,48
40313,0,1,6,6,6,6,6,6,6,6,6,6
40313,1,1,0,0,10,0,0,0,0,0,0,0
40314,0,1,0,9,0,0,0,0,0,10,0,15
40314,1,1,0,0,0,0,0,0,0,0,0,0
40314,2,1,0,0,0,0,0,0,0,0,0,0
40315,1,1,25,25,25,25,25,25,25,25,25,25
40316,1,1,17,17,17,17,17,17,17,17,17,17
40316,2,1,17,17,17,17,17,17,17,17,17,17
40317,0,1,0,0,0,0,0,0,0,0,0,0
40317,1,1,31,12,17,25,5,10,0,12,9,22
40318,1,1,0,0,0,0,0,0,0,0,0,0
40318,2,1,0,0,0,0,0,0,0,0,0,0
40319,0,1,3,3,3,3,3,3,3,3,3,3
40319,1,1,9,15,21,7,13,0,0,12,19,23
40320,1,1,0,0,0,0,0,0,0,0,0,0
40320,2,1,0,0,0,0,0,0,0,0,0,0
40321,1,1,0,25,11,0,24,0,0,0,24,0
40322,1,1,0,0,0,0,0,0,0,0,0,0
40323,1,1,0,0,0,0,0,0,0,0,0,0
40323,2,1,3,0,0,0,0,0,0,0,5,28
40324,1,1,0,0,0,0,17,0,13,0,0,0
40324,2,1,0,0,0,0,0,0,0,0,0,0
40325,0,1,26,26,26,26,26,26,26,26,26,26
40325,1,1,0,0,0,0,4,0,0,0,0,0
40326,1,1,0,0,0,0,0,0,0,0,5,0
40326,2,1,0,0,0,0,0,0,0,0,5,0
40327,1,1,0,0,0,0,0,0,0,30,0,0
40328,1,1,0,0,0,0,0,0,0,0,0,0
40329,1,1,17,0,0,0,21,0,16,0,17,0
40330,1,1,0,0,0,10,19,13,0,0,0,0
40330,2,1,0,0,9,0,10,0,0,0,0,0
40331,0,1,22,0,0,0,0,0,31,0,0,0
40331,1,1,0,0,0,0,0,0,0,0,0,0
40332,1,1,21,0,0,4,0,21,0,24,20,9
40333,0,1,0,0,0,0,0,0,0,0,0,0
40333,1,1,0,0,0,0,0,0,0,0,0,0
40334,0,1,17,33,6,38,41,7,22,0,19,19
40334,1,1,0,0,0,0,0,0,0,0,0,0
40335,1,1,10,13,21,30,11,33,24,18,0,20
40335,2,1,0,0,0,0,0,0,0,0,0,0
40336,1,1,0,14,9,0,25,12,30,3,0,18
40337,1,1,0,0,0,0,0,0,0,0,0,0
40337,2,1,0,0,0,0,0,0,0,0,0,0
40338,1,1,11,9,13,0,18,10,0,0,0,0
40338,2,1,0,0,0,0,0,0,0,0,0,0
40339,1,1,0,0,0,0,0,0,0,0,0,0
40339,2,1,10,0,0,0,0,0,0,0,0,0
40340,0,1,0,0,0,0,0,0,0,0,15,0
40340,1,1,0,0,0,0,0,0,0,0,0,0
40341,1,1,0,34,0,0,0,8,0,0,0,0
40342,1,1,0,0,0,0,0,0,0,0,0,0
40342,2,1,0,0,0,0,0,0,0,0,0,0
40342,3,1,16,0,0,0,0,0,0,0,0,0
40343,1,1,30,0,7,14,14,13,6,0,10,21
40344,1,1,0,0,0,0,0,0,0,0,0,0
40345,0,1,7,0,22,0,0,0,20,21,0,0
40345,1,1,0,11,19,24,30,11,14,10,6,17
40346,1,1,0,0,0,0,6,0,0,0,0,0
40346,2,1,0,0,0,12,0,0,0,0,0,0
40347,1,1,0,0,0,0,18,0,0,0,0,0