ST_CASE,VEH_NO,PER_NO,P1,P2,P3,P4,P5,P6,P7,P8,P9,P10
40640,1,1,0,0,0,0,0,0,0,0,0,0
40641,1,1,0,0,0,0,0,0,0,0,0,0
40642,0,1,24,38,25,18,19,13,49,11,26,23
40642,1,1,0,0,28,0,10,0,0,0,0,0
40642,2,1,17,10,9,11,0,18,11,0,0,6
40643,1,1,0,0,0,0,0,0,0,0,0,0
40644,1,1,0,0,0,0,0,0,0,0,0,0
40645,1,1,0,0,0,28,0,0,0,0,0,0
40645,2,1,0,0,0,0,0,0,0,0,0,0
40646,0,1,0,0,0,44,0,0,0,0,15,0
40646,1,1,0,0,0,0,0,0,0,16,0,0
40647,1,1,3,0,0,0,0,0,0,0,0,0
40647,2,1,0,0,0,0,0,0,0,0,0,0
40648,1,1,20,0,7,0,0,13,27,25,0,0
40649,1,1,0,0,0,0,0,23,0,0,0,0
40650,0,1,0,0,0,0,8,0,0,0,0,0
40650,1,1,0,19,0,24,26,23,18,0,7,0
40651,1,1,21,0,25,19,23,0,17,0,0,0
40652,1,1,18,18,18,18,18,18,18,18,18,18
40653,0,1,29,18,35,11,0,0,0,0,0,0
40653,1,1,0,0,0,0,0,0,0,0,0,0
40654,1,1,14,14,14,14,14,14,14,14,14,14
40655,1,1,0,0,0,0,0,16,0,0,0,0
40655,2,1,0,0,0,0,0,0,23,0,0,0
40656,1,1,0,16,0,12,0,0,19,0,9,21
40657,1,1,16,15,18,0,22,12,5,0,0,0
40659,1,1,15,0,16,0,7,9,20,22,0,19
40660,1,1,8,10,25,19,33,17,23,29,0,9
40661,0,1,15,11,17,12,0,0,0,0,34,0
40661,1,1,28,0,27,0,12,0,0,0,0,0
40662,1,1,0,0,0,0,0,0,0,0,0,0
40662,2,1,0,0,0,0,0,14,0,0,13,0
40663,0,1,0,0,0,0,0,0,0,0,0,0
40663,1,1,0,0,0,0,0,0,0,0,0,0
40664,1,1,0,6,42,21,9,0,0,9,0,0
40665,1,1,20,6,15,0,10,13,12,20,8,0
40666,1,1,0,0,0,0,0,0,0,0,0,0
40667,0,1,15,30,24,18,11,19,17,2,3,33
40667,1,1,0,0,0,18,16,0,21,20,0,0
40668,1,1,27,27,27,27,27,27,27,27,27,27
40668,2,1,0,0,0,0,0,0,0,0,0,0
40669,1,1,0,0,0,0,0,0,0,0,0,0
40669,2,1,0,0,0,0,0,0,0,0,0,0
40669,3,1,10,8,20,17,14,10,5,10,0,9
40670,1,1,0,0,0,0,0,0,0,0,0,0
40670,2,1,0,0,0,0,0,0,0,0,0,0
40671,0,1,30,19,16,12,23,19,5,11,41,7
40671,1,1,11,11,11,11,11,11,11,11,11,11
40672,1,1,0,0,22,15,0,0,25,11,15,18
40672,2,1,20,0,26,0,0,0,0,0,0,0
40672,3,1,0,0,0,0,0,0,0,0,0,0
40673,1,1,0,0,0,0,0,0,0,0,0,0
40673,2,1,0,0,0,0,0,0,0,0,0,0
40674,0,1,0,0,0,0,0,0,0,0,0,0
40674,1,1,0,0,0,0,0,2,0,0,0,0
40675,0,1,0,6,0,0,0,49,28,26,17,27
40675,1,1,0,0,0,0,0,0,0,0,0,0
40676,1,1,0,0,0,0,0,0,0,0,6,0
40676,2,1,0,0,0,0,0,0,0,6,8,0
40677,1,1,20,12,18,0,0,0,15,0,0,0
40678,1,1,0,0,0,0,0,0,0,0,0,0
40679,1,1,18,18,18,18,18,18,18,18,18,18
40679,2,1,0,0,0,0,0,0,0,0,0,0
40680,0,1,0,0,15,0,0,5,0,0,0,0
40680,1,1,0,0,18,8,0,11,0,7,22,0
40681,1,1,0,0,0,0,0,0,0,0,0,0
40681,2,1,0,0,0,0,0,0,0,0,0,0
40682,1,1,12,14,5,20,0,0,0,31,13,0
40683,0,1,0,0,18,0,0,0,28,0,0,0
40683,1,1,0,0,0,10,31,0,9,0,16,0
40683,2,1,8,0,0,3,0,10,9,1,0,0
40684,1,1,0,0,0,0,0,0,0,0,0,0
40684,2,1,0,0,0,0,0,0,0,0,18,0
40685,1,1,0,0,0,0,0,0,0,0,0,0
40685,2,1,1,1,1,1,1,1,1,1,1,1
40686,1,1,0,0,0,26,7,24,0,23,0,0
40687,0,1,0,0,0,0,0,0,0,0,0,0
40687,1,1,0,0,0,0,0,0,0,0,0,0
40688,1,1,0,8,0,0,0,0,0,0,0,0
40688,2,1,0,0,0,0,0,0,0,0,0,0
40689,1,1,0,0,0,0,0,0,0,0,0,14
40690,1,1,0,0,0,0,0,0,0,0,0,0
40690,2,1,0,0,0,0,0,0,0,0,0,0
40691,1,1,22,17,23,19,34,25,18,34,13,9
40691,2,1,0,0,0,0,0,0,0,0,0,0
40692,0,1,0,27,0,0,0,0,0,0,20,0
40692,1,1,0,0,16,0,0,0,0,0,0,10
40693,1,1,0,0,0,0,0,0,0,0,0,0
40694,1,1,19,19,19,19,19,19,19,19,19,19
40695,1,1,0,0,0,0,0,0,0,0,0,0
40696,1,1,0,0,0,0,0,0,0,0,0,0
40697,1,1,21,0,0,0,0,0,0,0,0,0
40697,2,1,0,0,0,0,0,0,0,0,0,0
40698,1,1,0,0,0,0,0,0,0,0,0,0
40698,2,1,0,0,0,0,0,0,0,0,0,0
40698,3,1,0,0,0,0,0,0,0,0,0,0
40698,4,1,0,0,0,0,0,0,0,0,0,0
40699,1,1,0,0,0,0,0,0,0,0,0,0
40699,2,1,14,0,0,0,0,0,0,0,0,0
40699,3,1,0,0,0,0,0,0,0,0,0,0
40700,1,1,8,10,26,10,14,23,24,9,19,8
40701,1,1,0,0,0,0,0,0,0,0,0,0
40702,1,1,7,0,23,0,0,0,11,12,0,0
40702,2,1,0,0,0,0,0,0,0,0,0,0
40703,0,1,0,0,0,0,0,0,0,0,0,0
40703,1,1,0,0,0,0,0,0,0,0,0,0
40704,1,1,0,0,0,0,0,0,0,0,0,0
40704,2,1,0,0,0,0,0,0,0,0,0,0
40705,1,1,0,0,0,0,0,0,0,0,0,0
40705,2,1,0,0,0,0,0,0,0,0,0,0
40706,0,1,0,0,0,0,0,0,0,0,0,0
40706,1,1,0,0,0,0,0,0,0,0,0,0
40707,1,1,0,0,0,0,0,0,0,0,0,0
40707,2,1,0,0,22,0,23,4,0,0,0,0
40708,1,1,8,8,8,8,8,8,8,8,8,8
40709,0,1,0,0,0,0,0,0,0,0,0,0
40709,1,1,0,0,0,0,5,0,0,0,0,0
40710,1,1,0,0,0,0,0,0,0,0,0,0
40710,2,1,0,0,0,0,0,0,0,0,0,0
40711,1,1,0,0,0,0,0,0,0,0,0,0
40711,2,1,0,0,0,0,0,0,16,0,0,0
40712,1,1,0,0,0,0,0,0,0,0,0,0
40713,0,1,0,0,0,19,0,0,12,0,13,0
40713,1,1,4,0,4,6,0,23,13,26,26,25
40714,1,1,0,0,35,13,0,14,0,15,0,0
40715,1,1,0,0,0,0,0,0,0,0,0,0
40716,0,1,0,0,0,0,0,0,0,0,0,0
40716,1,1,0,0,0,0,0,6,0,0,14,0
40717,1,1,0,0,0,0,0,0,0,0,0,0
40717,2,1,0,0,0,0,0,0,0,0,0,0
40718,0,1,0,0,0,0,0,0,0,0,0,0
40718,1,1,6,6,6,6,6,6,6,6,6,6
40718,2,1,0,0,0,0,0,0,0,0,0,0
40719,1,1,0,0,0,0,0,0,0,0,0,0
40719,2,1,0,0,0,0,0,0,0,0,0,0
40720,1,1,15,0,14,0,0,0,0,0,0,0
40720,2,1,0,0,0,0,0,0,0,0,0,0
40721,1,1,34,12,19,23,0,10,24,15,6,16
40721,2,1,0,0,0,0,3,23,0,0,0,0
40722,0,1,0,0,0,0,0,0,19,0,15,20
40722,1,1,16,19,0,0,0,0,22,0,13,0
40723,1,1,16,7,0,8,3,13,0,12,9,10
40723,2,1,0,0,3,7,0,12,0,0,0,37
40724,1,1,15,17,12,16,32,11,22,9,18,0
40724,2,1,0,0,0,0,0,0,0,0,6,0
40725,1,1,10,10,0,15,13,16,9,30,14,20
40725,2,1,0,0,0,0,0,0,7,0,0,15
40726,0,1,0,0,0,0,0,0,0,0,0,0
40726,1,1,0,0,0,0,0,0,0,0,0,0
40727,0,1,0,0,0,12,0,0,0,0,0,0
40727,1,1,0,15,12,23,0,44,14,17,5,0
40728,1,1,0,0,0,0,0,0,0,0,0,0
40729,0,1,0,20,0,0,0,20,0,0,24,19
40729,1,1,0,0,19,0,0,0,0,0,0,0
40730,0,1,6,6,6,6,6,6,6,6,6,6
40730,1,1,0,0,0,0,0,0,0,0,0,0
40731,0,1,0,0,0,0,0,0,0,0,0,0
40731,1,1,0,0,0,0,0,0,0,0,0,0
40732,0,1,0,0,0,0,0,0,0,0,0,0
40732,1,1,0,0,0,0,0,0,0,0,0,0
40733,2,1,0,0,0,0,0,0,0,0,0,0
40734,0,1,0,0,0,0,0,0,0,0,0,0
40734,1,1,0,0,0,0,0,0,0,0,0,0
40735,1,1,0,0,0,0,0,0,0,0,0,0
40735,2,1,0,0,0,0,0,0,0,0,0,0
40736,0,1,0,0,0,0,0,0,0,0,0,0
40736,1,1,0,0,0,0,0,0,0,0,0,0
40736,2,1,0,0,0,0,0,0,0,0,0,0
40737,0,1,0,0,0,0,0,0,0,0,0,0
40737,1,1,0,0,0,0,0,0,0,0,0,0
40738,1,1,0,0,0,0,0,0,0,0,0,0
40738,2,1,0,0,0,0,0,0,0,0,0,0
40739,1,1,0,0,0,0,0,0,0,0,0,0
40739,2,1,0,0,0,0,0,0,0,22,0,0
40740,1,1,0,0,0,0,0,0,0,0,9,0
40740,2,1,0,0,0,9,0,0,0,19,0,0
40741,0,1,0,0,0,0,0,0,0,0,0,0
40741,1,1,0,0,0,0,0,0,0,0,0,0
40742,0,1,11,0,0,0,0,0,25,0,8,0
40742,1,1,0,0,0,0,0,0,0,0,0,0
40743,1,1,0,0,12,0,21,6,18,0,0,13
40743,2,1,0,0,0,0,0,0,0,0,0,0
40744,1,1,0,30,0,0,15,0,0,19,8,10
40745,1,1,0,0,0,0,0,0,0,0,0,0
40746,0,1,0,0,0,0,0,30,0,0,15,0
40746,1,1,0,0,0,16,0,0,0,0,0,0
40747,1,1,0,12,0,0,0,0,0,0,0,0
40748,0,1,0,0,0,0,0,0,0,0,0,0
40748,0,2,0,0,0,0,0,0,0,0,0,0
40748,0,3,0,0,0,0,0,0,0,0,0,0
40748,0,4,0,0,0,0,0,0,0,0,0,0
40748,1,1,0,0,0,0,0,0,0,0,0,0
40748,2,1,0,0,0,0,0,0,0,0,0,0
40749,0,1,38,38,38,38,38,38,38,38,38,38
40749,1,1,0,0,15,0,0,0,18,0,0,0
40750,1,1,0,13,0,0,0,0,0,0,12,0
40751,1,1,0,0,0,0,0,0,0,0,0,0
40751,2,1,0,0,0,0,0,0,0,0,0,0
40752,1,1,0,0,0,0,0,0,0,0,0,0
40752,2,1,0,0,0,0,0,0,0,0,0,0
40752,3,1,0,0,0,0,0,0,0,0,0,0
40753,1,1,0,0,0,12,0,0,0,0,0,0
40754,0,1,0,0,0,0,0,0,0,0,0,0
40754,1,1,10,6,0,7,0,0,10,0,0,0
40755,1,1,0,0,13,0,0,0,0,0,0,0
40755,2,1,0,0,0,0,0,0,0,0,0,22
40756,1,1,14,14,14,14,14,14,14,14,14,14
40757,1,1,0,0,0,0,0,0,0,6,0,0
40757,2,1,0,0,0,0,0,0,0,0,0,0
40758,1,1,0,0,0,0,0,0,0,0,0,0
40758,2,1,0,0,0,0,0,0,0,0,0,0
40758,3,1,0,0,0,0,0,0,0,0,0,0
40759,1,1,0,0,0,0,0,0,0,0,0,0
40759,2,1,0,0,0,0,0,0,0,0,0,0
40760,1,1,33,33,33,33,33,33,33,33,33,33
40761,0,1,0,0,0,0,0,0,0,0,0,0
40761,1,1,0,16,0,0,0,0,0,0,25,0
40762,1,1,0,0,0,3,7,0,0,0,0,0
40763,1,1,0,0,0,0,0,0,0,0,0,0
40763,2,1,0,0,0,0,0,0,0,0,0,0
40764,0,1,0,0,0,0,0,0,0,0,0,0
40764,1,1,16,10,12,16,0,14,15,0,0,0
40765,1,1,0,0,5,0,14,0,0,20,0,25
40766,1,1,0,31,8,18,17,0,14,10,12,36
40767,0,1,0,26,9,12,0,30,0,0,14,0
40767,1,1,0,0,18,3,5,9,19,0,17,0
40768,0,1,0,20,0,16,34,0,8,0,8,0
40768,1,1,0,0,0,0,0,0,0,0,0,0
40769,1,1,14,0,0,8,7,22,11,11,10,22
40770,1,1,5,12,11,15,20,12,15,19,26,12
40770,2,1,0,0,0,0,0,0,0,0,0,0
40771,1,1,0,0,0,24,17,0,0,9,4,34
40772,1,1,9,20,3,0,30,14,24,21,21,13
40773,1,1,0,0,0,0,0,0,0,0,0,0
40773,2,1,12,0,0,18,0,0,0,0,0,0
40774,1,1,0,0,0,26,0,32,0,0,0,0
40774,2,1,0,0,0,0,24,0,0,0,0,0
40775,0,1,0,8,33,0,28,0,0,0,0,0
40775,1,1,21,0,0,0,6,4,10,0,0,9
40776,1,1,0,0,0,0,0,0,0,0,0,0
40776,2,1,0,0,0,0,0,0,0,0,0,0
40777,0,1,70,0,0,0,20,0,0,0,0,34
40777,1,1,5,0,14,13,26,38,0,46,14,0
40778,1,1,0,0,0,0,0,0,0,0,0,0
40778,2,1,0,22,12,0,12,12,0,0,14,0
40779,0,1,0,0,0,0,0,0,0,0,29,0
40779,1,1,0,0,25,0,15,5,0,13,0,5
40780,1,1,0,0,0,9,0,0,0,19,0,0
40780,2,1,0,0,0,0,0,0,12,32,0,0
40781,1,1,0,0,6,0,4,0,17,18,13,3
40782,1,1,12,12,12,12,12,12,12,12,12,12
40782,2,1,0,0,0,0,0,0,0,0,0,0
40782,3,1,0,0,0,0,19,0,0,0,0,0
40783,1,1,0,0,0,0,0,0,0,0,0,0
40783,2,1,0,0,0,0,0,0,0,0,0,0
40783,3,1,0,0,0,0,0,0,0,0,0,0
40784,1,1,0,0,0,0,0,0,0,0,0,0
40784,2,1,0,0,0,0,0,0,0,0,0,0
40785,1,1,0,0,0,0,0,0,0,0,0,0
40785,2,1,0,0,0,0,0,0,0,0,0,0
40786,1,1,14,14,14,14,14,14,14,14,14,14
40787,1,1,0,0,0,0,0,0,0,0,0,0
40787,2,1,0,0,0,0,0,0,0,0,0,0
40788,1,1,0,0,0,0,0,0,0,0,0,0
40788,2,1,0,0,0,0,0,0,0,0,0,0
40789,0,1,0,0,0,0,0,0,0,0,0,0
40789,1,1,14,18,19,9,4,12,22,12,16,4
40790,0,1,0,0,0,0,0,0,0,0,0,0
40790,1,1,0,0,0,0,0,0,0,0,0,0
40791,1,1,24,46,15,5,9,5,4,8,23,14
40791,2,1,0,0,0,0,0,0,0,10,0,0
40792,1,1,17,17,17,17,17,17,17,17,17,17
40792,2,1,0,0,0,0,0,0,0,0,0,0
40793,0,1,9,19,0,0,27,0,0,9,0,32
40793,1,1,0,0,0,0,0,0,0,0,0,0
40794,1,1,0,0,0,0,0,0,0,0,0,0
40795,1,1,0,0,0,0,0,0,0,0,0,0
40795,2,1,0,0,0,0,0,0,0,0,0,0
40796,1,1,20,6,10,7,27,29,21,16,0,18
40796,2,1,0,31,0,45,0,0,13,0,0,0
40796,3,1,13,28,0,0,0,0,0,0,0,0
40796,4,1,0,5,0,0,0,0,0,0,5,0
40797,0,1,34,0,0,0,0,0,0,0,2,0
40797,1,1,0,0,0,0,0,0,0,0,0,0
40798,1,1,0,0,0,22,0,0,0,19,0,0
40798,2,1,0,0,0,0,0,0,0,0,0,0
40799,1,1,0,0,0,0,0,0,0,0,0,0
40800,0,1,0,20,19,0,0,0,18,0,30,0
40800,1,1,0,0,0,0,0,0,0,0,0,0
40801,1,1,4,8,3,33,19,19,12,11,12,22
40801,2,1,0,15,0,0,0,0,0,14,0,0
40802,1,1,0,0,0,0,0,0,0,0,0,0
40803,1,1,0,0,0,0,0,0,0,0,0,0
40804,1,1,0,0,0,20,0,13,6,0,0,0
40804,2,1,0,0,0,0,0,0,0,0,0,0
40805,0,1,26,19,10,22,14,25,22,26,17,23
40805,1,1,0,0,0,0,0,0,0,0,0,0
40806,1,1,0,0,0,0,0,0,0,0,0,0
40807,1,1,0,18,29,20,25,0,10,7,28,25
40808,1,1,15,0,9,0,22,38,0,0,7,0
40808,2,1,0,0,0,0,0,0,0,0,0,0
40809,1,1,0,0,0,0,4,0,0,0,0,0
40809,2,1,0,0,0,0,0,0,0,0,0,0
40810,0,1,0,0,0,0,0,0,0,0,0,0
40810,1,1,0,0,0,0,0,24,0,29,20,8
40811,1,1,0,0,0,13,0,0,0,0,0,0
40812,1,1,0,0,21,19,0,0,19,0,0,0
40813,1,1,0,0,0,0,13,7,0,0,0,21
40813,2,1,0,0,0,0,0,0,0,0,0,0
40814,1,1,0,0,0,0,0,0,0,0,24,0
40814,2,1,0,0,0,0,0,0,0,0,0,0
40815,1,1,0,0,0,0,0,15,9,11,17,0
40815,2,1,0,0,0,0,0,0,0,0,14,0
40816,0,1,20,20,20,20,20,20,20,20,20,20
40816,0,2,21,0,15,0,8,0,14,26,0,0
40816,1,1,0,0,0,0,0,23,0,0,0,0
40817,1,1,4,0,29,0,0,0,13,10,29,0
40818,1,1,20,20,20,20,20,20,20,20,20,20
40819,1,1,0,0,18,0,0,0,13,0,0,0
40820,1,1,19,19,19,19,19,19,19,19,19,19
40820,2,1,18,18,18,18,18,18,18,18,18,18
40821,1,1,0,0,0,0,0,0,0,0,0,0
40822,1,1,0,0,0,0,0,0,0,0,0,0
40822,2,1,0,0,0,0,0,0,0,0,0,0
40822,3,1,0,0,0,0,0,0,0,0,0,0
40823,1,1,25,25,25,25,25,25,25,25,25,25
40824,1,1,16,18,6,5,9,18,0,30,18,6
40825,1,1,0,0,0,0,0,0,0,0,0,0
40825,2,1,0,0,0,0,0,0,0,0,0,0
40826,1,1,0,0,0,0,0,0,0,0,0,0
40826,2,1,0,0,0,0,0,0,0,12,0,0
40826,3,1,0,0,0,0,0,0,0,0,0,0
40827,0,1,0,0,0,0,0,0,0,0,0,0
40827,1,1,0,0,0,0,0,0,17,8,14,30
40828,1,1,0,0,0,0,0,0,0,0,0,0
40828,2,1,0,0,0,15,0,0,0,0,0,0
40829,1,1,35,0,0,0,0,0,14,18,0,0
40829,2,1,0,0,0,0,0,0,0,0,0,0
40829,3,1,0,0,0,0,0,0,0,0,0,0
40830,0,1,0,19,0,6,0,15,0,0,14,32
40830,1,1,2,35,25,9,0,18,23,24,9,0
40831,1,1,0,0,0,0,0,0,0,0,0,0
40831,2,1,0,0,0,0,0,0,0,0,0,4
40832,0,1,44,0,0,0,0,0,16,0,25,0
40832,1,1,0,0,0,0,0,0,0,0,0,0
40833,1,1,0,0,0,0,0,0,0,0,0,0
40833,2,1,0,0,0,0,0,0,0,13,0,0
40833,3,1,0,0,0,0,0,0,0,0,0,0
40833,4,1,0,0,0,0,10,0,0,0,0,0
40834,0,1,0,0,0,0,0,0,0,0,0,0
40834,1,1,0,0,0,0,0,0,0,0,0,0
40835,0,1,24,24,24,24,24,24,24,24,24,24
40835,1,1,20,0,23,5,0,0,0,6,0,0
40836,1,1,0,18,14,0,21,18,22,8,0,0
40837,1,1,0,0,0,0,0,0,0,0,0,0
40837,2,1,0,0,0,0,0,0,0,0,0,0
40837,3,1,0,0,0,0,0,0,0,0,0,0
40838,0,1,0,0,0,0,0,0,0,0,0,0
40838,1,1,0,0,0,0,0,0,0,0,0,0
40839,1,1,0,0,0,0,0,0,0,0,0,0
40839,2,1,0,0,0,0,0,0,0,0,0,0
40840,1,1,0,0,0,22,21,15,0,20,0,0
40841,1,1,31,19,0,0,0,15,7,0,19,0
40842,0,1,0,0,21,0,0,29,0,0,0,0
40842,0,2,0,18,0,14,32,0,0,0,0,21
40842,0,3,0,0,0,0,0,28,0,0,23,35
40842,1,1,0,0,0,0,0,1,0,0,0,0
40843,0,1,30,0,0,0,0,0,0,0,0,0
40843,1,1,0,0,0,0,0,0,0,0,0,0
40844,1,1,0,0,0,0,0,14,0,12,0,0
40845,1,1,0,0,0,0,0,0,0,0,0,0
40845,2,1,0,0,0,0,0,0,0,0,0,0
40845,3,1,0,0,0,0,0,0,0,0,0,0
40845,4,1,0,0,0,0,0,0,0,0,0,0
40845,5,1,0,0,0,0,0,0,0,0,0,0
40846,0,1,7,23,0,0,0,21,0,0,36,28
40846,1,1,0,0,0,0,0,0,0,0,0,0
40847,1,1,21,19,12,0,13,29,25,14,20,6
40848,1,1,0,0,0,0,0,0,0,0,0,0
40848,2,1,0,0,0,0,0,0,0,0,0,0
40849,1,1,0,0,0,0,9,0,0,34,0,0
40849,2,1,0,0,0,0,0,0,0,0,0,0
40850,1,1,0,0,0,0,0,0,0,0,0,0
40850,2,1,16,0,0,0,0,0,0,0,0,0
40850,3,1,0,0,0,0,0,0,0,0,0,0
40851,1,1,14,14,14,14,14,14,14,14,14,14
40852,0,1,0,0,0,0,0,0,0,0,0,0
40852,1,1,0,0,0,0,0,0,0,6,0,0
40853,1,1,0,0,0,0,0,0,0,0,0,34
40854,1,1,17,17,17,17,17,17,17,17,17,17
40855,0,1,0,0,0,0,0,0,0,0,0,0
40855,1,1,0,0,0,0,0,0,0,0,0,0
40856,1,1,14,0,0,0,0,16,0,0,0,3
40856,2,1,0,0,0,0,0,0,0,0,0,0
40857,1,1,0,0,28,0,0,7,11,26,22,18
40858,1,1,12,12,12,12,12,12,12,12,12,12
40858,2,1,0,0,0,0,0,0,0,0,0,0
40859,1,1,23,23,23,23,23,23,23,23,23,23
40860,1,1,0,0,0,0,0,21,0,0,0,0
40861,0,1,0,0,0,0,0,0,0,0,0,0
40861,1,1,19,19,0,6,13,14,0,0,10,0
40862,1,1,0,21,0,0,17,0,12,8,12,16
40862,2,1,0,0,0,0,16,0,0,0,0,0
40863,1,1,0,0,0,0,0,0,0,0,0,0
40863,2,1,0,0,0,0,4,0,0,0,15,0
40864,0,1,0,0,0,0,0,0,0,0,0,0
40864,1,1,0,0,0,0,0,0,0,0,0,0
40865,1,1,0,0,0,0,0,0,0,0,0,0
40865,2,1,0,0,7,0,0,0,0,9,0,0
40866,1,1,0,10,21,25,14,0,0,0,0,14
40867,0,1,0,0,0,0,0,0,0,0,24,0
40867,1,1,0,0,0,35,20,0,0,11,0,18
40868,1,1,7,22,18,11,29,24,12,10,0,0
40868,2,1,0,0,0,0,0,0,0,0,0,0
40869,0,1,17,29,0,0,0,10,15,47,14,25
40869,1,1,0,0,0,0,0,0,0,0,0,0
40870,1,1,0,0,0,0,0,0,0,0,0,0
40870,2,1,0,0,0,0,0,0,6,0,11,0
40871,1,1,0,0,0,0,0,0,0,0,0,0
40871,2,1,0,0,0,0,18,0,0,0,0,0
40872,1,1,0,0,0,0,0,0,0,0,0,0
40872,2,1,0,0,0,0,0,0,0,0,0,0
40873,0,1,38,38,38,38,38,38,38,38,38,38
40873,1,1,11,0,12,0,0,0,0,0,0,0
40873,2,1,0,24,2,27,18,0,0,0,5,6
40874,1,1,0,0,0,0,4,14,0,0,27,0
40875,1,1,0,0,0,0,0,0,0,0,0,0
40876,0,1,0,0,0,0,25,26,0,0,0,0
40876,1,1,0,0,0,0,0,0,0,0,0,0
40877,1,1,22,12,14,8,17,7,14,7,6,7
40877,2,1,0,14,13,0,0,0,0,0,0,0
40878,1,1,0,0,0,28,0,0,20,0,0,0
40879,0,1,0,0,0,0,0,0,0,0,0,0
40879,1,1,5,0,13,0,6,0,0,0,0,3
40879,2,1,23,10,0,0,0,0,0,17,0,0
40879,3,1,0,0,0,0,0,0,0,0,0,0
40880,0,1,0,0,0,0,0,0,0,0,0,0
40880,1,1,0,0,0,0,0,0,0,0,0,0
40881,1,1,0,0,0,0,0,0,0,0,0,0
40881,2,1,0,0,0,0,0,0,0,0,0,0
40882,1,1,0,0,0,0,0,0,0,0,0,0
40883,0,1,0,0,13,0,0,25,15,20,0,22
40883,1,1,8,0,25,5,17,0,15,16,0,0
40884,1,1,14,25,0,17,0,0,2,0,6,0
40885,0,1,0,10,0,0,0,0,0,0,0,0
40885,1,1,0,0,0,0,0,0,0,0,0,0
40886,1,1,5,21,0,0,15,15,0,0,24,6
40887,1,1,0,0,0,0,0,0,0,0,0,0
40888,1,1,32,32,32,32,32,32,32,32,32,32
40888,2,1,0,11,0,0,0,0,0,0,0,0
40889,1,1,0,0,24,17,0,22,0,24,0,15
40890,0,1,0,0,0,0,0,0,0,0,0,0
40890,1,1,0,0,0,0,0,0,0,0,0,0
40891,0,1,5,22,0,0,22,16,0,0,8,0
40891,1,1,0,0,0,7,12,0,0,28,0,0
40892,1,1,0,16,21,0,16,0,13,0,0,19
40893,0,1,0,22,0,0,0,0,28,0,20,31
40893,1,1,0,0,22,0,0,0,0,0,0,13
40893,2,1,6,0,0,0,13,22,0,0,0,0
40894,0,1,13,13,13,13,13,13,13,13,13,13
40894,1,1,0,0,0,0,4,25,0,1,0,0
40894,2,1,0,0,0,0,0,0,0,0,0,10
40895,0,1,0,0,0,0,0,0,0,0,0,0
40895,1,1,0,0,0,18,0,0,0,0,0,11
40896,1,1,0,0,0,0,0,0,0,0,0,0
40896,2,1,0,0,0,0,0,0,15,8,0,0
40896,3,1,18,0,0,3,0,0,25,0,0,0
40897,0,1,0,0,0,0,0,0,0,0,0,0
40897,1,1,0,0,0,5,0,15,0,0,4,0
40898,1,1,0,0,0,0,0,0,0,0,0,0
40898,2,1,0,0,0,0,0,0,0,0,0,0
40899,0,1,0,0,0,0,0,0,0,0,0,0
40899,1,1,21,0,37,8,20,26,0,17,14,0
40900,1,1,11,6,7,0,0,0,0,0,0,0
40900,2,1,0,15,0,0,0,0,0,0,0,0
40900,3,1,0,0,13,0,0,0,0,0,0,26
40901,0,1,0,0,0,0,0,0,0,0,0,27
40901,1,1,0,0,0,0,0,0,0,0,0,0
40902,1,1,4,18,20,0,21,8,11,4,7,13
40902,2,1,0,0,0,0,0,0,0,0,0,0
40903,1,1,13,0,0,0,0,24,16,8,12,0
40904,1,1,0,0,0,0,0,0,0,0,0,0
40904,2,1,0,16,0,0,0,0,0,0,0,7
40905,0,1,0,0,0,0,0,0,0,0,0,0
40905,1,1,0,0,0,0,0,0,0,0,0,0
40906,0,1,0,0,0,0,0,0,0,0,0,0
40906,1,1,0,0,10,0,0,0,0,0,0,0
40907,1,1,0,0,0,0,0,0,0,0,0,0
40907,2,1,0,0,0,0,0,0,0,0,0,0
40908,0,1,33,33,33,33,33,33,33,33,33,33
40908,1,1,30,0,17,22,16,27,9,18,4,0
40909,1,1,16,8,8,7,3,7,18,3,8,7
40909,2,1,0,0,30,0,0,0,0,0,0,0
40909,3,1,0,0,0,0,0,0,0,0,0,0
40910,0,1,0,0,18,0,0,0,0,24,0,0
40910,1,1,0,0,0,0,0,0,0,16,14,0
40911,1,1,17,0,0,0,20,0,0,0,0,0
40912,1,1,37,37,37,37,37,37,37,37,37,37
40913,1,1,13,0,12,20,10,10,0,0,4,14
40913,2,1,0,0,0,0,0,0,0,0,0,0
40913,3,1,0,0,0,0,0,0,0,0,0,0
40914,1,1,0,0,0,0,14,0,0,19,9,0
40915,0,1,15,18,0,0,31,0,0,0,0,0
40915,1,1,0,21,0,0,10,54,0,0,24,0
40916,1,1,0,0,0,0,0,0,0,0,0,0
40916,2,1,0,0,28,0,0,0,0,0,0,0
40917,0,1,28,0,10,0,0,14,29,0,14,0
40917,1,1,0,0,0,0,0,0,0,16,25,0
40918,1,1,0,0,0,0,0,16,0,0,0,0
40919,1,1,21,12,22,0,20,17,27,11,16,4
40920,1,1,17,17,17,17,17,17,17,17,17,17
40921,1,1,27,19,0,13,15,10,27,44,11,20
40922,1,1,0,0,0,0,0,0,0,0,0,0
40922,2,1,0,0,0,0,0,0,0,0,0,0
40923,0,1,0,0,0,0,0,0,0,0,0,0
40923,1,1,0,0,0,0,0,0,0,0,0,0
40924,1,1,0,0,0,0,0,0,0,0,0,0
40924,2,1,0,0,0,0,0,0,0,0,0,0
40925,0,1,0,12,0,0,0,0,9,0,0,0
40925,1,1,16,6,21,7,17,29,12,18,15,0
40926,0,1,0,0,0,25,38,0,0,11,0,0
40926,1,1,0,0,0,0,0,0,0,0,0,0
40927,0,1,53,53,53,53,53,53,53,53,53,53
40927,1,1,0,12,9,0,0,0,0,0,0,0
40928,1,1,17,10,21,0,27,12,18,23,0,34
40928,2,1,0,0,0,0,0,0,0,0,0,0
40929,1,1,0,0,0,0,0,0,0,0,0,0