ST_CASE,VEH_NO,PER_NO,P1,P2,P3,P4,P5,P6,P7,P8,P9,P10
40929,2,1,0,0,0,0,0,0,0,0,0,0
40930,1,1,0,0,0,0,0,0,0,0,0,0
40930,2,1,0,0,0,0,0,0,0,0,0,0
40931,0,1,14,14,14,14,14,14,14,14,14,14
40931,1,1,24,0,0,0,0,28,0,0,15,12
40932,1,1,0,0,0,0,0,0,0,3,0,0
40932,2,1,0,0,0,0,0,0,0,0,0,0
40933,1,1,5,8,13,11,12,27,11,13,7,6
40933,2,1,5,18,10,0,18,0,0,0,0,0
40934,1,1,0,0,0,0,0,0,0,0,0,0
40934,2,1,0,0,0,0,0,0,0,0,0,0
40935,1,1,18,0,16,0,9,0,10,0,0,0
40936,1,1,0,0,0,0,0,0,0,0,0,10
40936,2,1,0,0,0,0,32,6,0,13,24,0
40937,0,1,0,0,22,27,0,0,0,0,7,0
40937,1,1,0,0,0,0,0,0,0,0,0,0
40938,1,1,0,0,0,21,0,0,0,0,0,0
40938,2,1,0,0,0,0,19,0,0,0,0,0
40939,1,1,0,0,0,0,0,0,0,0,0,0
40939,2,1,0,0,0,0,0,0,0,0,0,0
40939,3,1,0,0,0,0,0,0,0,0,0,0
40940,0,1,18,18,18,18,18,18,18,18,18,18
40940,1,1,0,0,0,0,0,0,0,0,0,0
40940,2,1,0,0,0,0,0,0,0,0,0,0
40941,1,1,4,6,0,33,9,3,15,17,12,0
40941,2,1,0,0,0,0,0,0,0,0,0,0
40942,0,1,0,0,0,0,0,0,0,0,0,0
40942,1,1,0,0,0,0,0,0,0,0,0,0
40943,1,1,0,0,0,0,0,0,0,0,0,0
40943,2,1,0,0,0,0,0,0,0,0,0,0
40943,3,1,0,0,0,0,0,0,0,0,0,0
40943,4,1,0,0,0,0,0,0,0,0,0,0
40944,0,1,0,0,0,0,0,0,0,0,0,0
40944,1,1,0,0,0,0,0,0,0,0,0,0
40945,1,1,36,36,36,36,36,36,36,36,36,36
40946,1,1,0,24,0,0,0,30,0,0,0,12
40947,1,1,27,26,23,0,16,28,11,24,17,15
40948,1,1,9,0,13,0,0,0,0,0,0,0
40949,1,1,17,17,17,17,17,17,17,17,17,17
40950,1,1,15,0,0,0,22,7,0,6,0,0
40951,1,1,0,0,0,0,0,0,0,0,0,0
40951,2,1,0,0,0,0,0,0,0,0,0,0
40952,1,1,0,0,0,10,0,0,0,0,0,20
40952,2,1,0,0,0,0,0,13,0,0,0,0
40953,0,1,0,0,10,0,0,38,21,0,0,0
40953,1,1,15,0,0,10,0,0,0,0,0,0
40954,1,1,0,25,0,0,30,25,0,0,0,0
40954,2,1,0,0,0,0,0,0,0,0,0,0
40955,0,1,0,0,0,0,0,0,0,11,0,0
40955,1,1,0,0,0,0,0,0,0,0,0,0
40956,0,1,0,0,0,11,0,0,0,24,0,0
40956,1,1,20,0,15,13,23,14,15,17,23,0
40957,1,1,0,0,0,0,0,0,0,0,0,0
40957,2,1,0,0,0,0,0,0,0,0,0,0
40958,0,1,24,0,0,0,0,0,0,14,0,26
40958,1,1,13,0,14,14,19,19,0,14,0,0
40958,2,1,0,0,0,0,0,0,34,0,6,14
40959,1,1,0,0,0,0,0,22,27,26,26,15
40960,0,1,16,16,16,16,16,16,16,16,16,16
40960,1,1,0,0,0,0,0,0,0,0,0,0
40960,2,1,0,0,0,0,0,0,0,0,0,0
40961,1,1,0,0,0,0,0,0,17,0,0,0
40961,2,1,0,0,0,0,0,11,0,0,0,0
40962,1,1,0,0,0,0,0,0,0,0,0,0
40962,2,1,0,17,0,0,0,0,0,32,0,0
40962,3,1,0,0,0,0,0,0,0,0,0,0
40962,4,1,0,0,0,0,7,12,0,0,7,18
40963,1,1,0,0,0,19,0,0,0,0,0,0
40963,2,1,0,0,0,0,0,0,0,0,0,0
40964,1,1,0,0,0,0,0,0,27,0,0,0
40964,2,1,0,23,16,10,0,0,0,0,12,30
40965,1,1,33,0,10,0,26,0,16,12,12,9
40966,1,1,0,0,0,0,0,0,0,0,0,0
40967,0,1,0,0,0,0,0,0,0,0,0,17
40967,1,1,0,19,11,32,27,9,19,0,0,0
40968,1,1,20,0,29,13,14,40,16,11,16,22
40969,0,1,0,0,0,19,0,21,0,13,15,0
40969,1,1,25,0,23,10,0,33,0,0,0,0
40970,1,1,11,0,25,15,0,14,11,34,9,7
40971,1,1,0,13,16,24,22,18,0,11,12,0
40972,1,1,0,0,0,0,0,0,0,0,0,0
40974,1,1,4,33,13,0,14,17,10,21,10,22
40975,1,1,13,0,14,0,0,0,0,0,0,0
40975,2,1,0,0,0,0,0,0,0,0,0,0
50001,1,1,0,0,0,0,0,0,0,0,0,0
50001,2,1,0,0,0,0,0,0,0,0,0,0
50001,3,1,0,0,0,0,0,0,0,0,0,0
50002,1,1,9,9,9,9,9,9,9,9,9,9
50003,1,1,0,0,0,0,0,0,0,0,0,0
50003,2,1,0,0,0,0,0,0,0,0,0,0
50004,1,1,0,0,0,0,0,0,0,0,0,0
50004,2,1,0,0,0,0,0,0,0,0,0,0
50004,3,1,0,0,0,0,0,0,0,0,0,0
50005,1,1,21,21,21,21,21,21,21,21,21,21
50006,1,1,0,0,0,0,0,0,0,0,0,0
50007,1,1,1,1,1,1,1,1,1,1,1,1
50008,0,1,29,29,29,29,29,29,29,29,29,29
50008,1,1,0,0,0,0,0,0,0,0,0,0
50009,1,1,0,0,0,0,0,0,0,0,0,0
50009,2,1,0,0,0,0,0,0,0,0,0,0
50010,1,1,0,0,0,0,0,0,0,0,0,0
50010,2,1,0,0,0,0,0,0,0,0,0,0
50012,1,1,0,0,0,0,0,0,0,0,0,0
50013,1,1,20,20,20,20,20,20,20,20,20,20
50014,1,1,0,0,0,0,0,0,0,0,0,0
50015,1,1,0,25,0,0,0,9,0,0,0,0
50015,2,1,0,0,0,0,0,0,0,0,0,0
50016,1,1,0,0,0,0,0,0,0,0,9,0
50017,1,1,0,0,0,0,0,0,0,0,0,0
50017,2,1,0,0,0,0,0,0,0,0,0,0
50018,1,1,0,0,0,0,0,0,0,0,0,0
50018,2,1,0,0,0,0,0,0,0,0,0,0
50019,1,1,0,0,0,0,0,0,0,0,0,0
50019,2,1,0,0,0,0,0,0,0,0,0,0
50020,0,1,0,0,0,0,0,0,0,0,0,0
50020,1,1,0,0,0,0,0,0,0,0,0,0
50021,1,1,0,0,0,0,0,0,0,0,0,0
50022,0,1,11,0,14,39,32,15,40,27,34,27
50022,1,1,0,0,0,0,0,0,0,0,0,0
50022,2,1,0,0,0,0,0,0,0,0,0,0
50023,1,1,13,13,13,13,13,13,13,13,13,13
50024,1,1,0,0,0,0,0,0,0,0,0,0
50025,0,1,13,19,33,0,0,0,0,0,10,16
50025,1,1,0,0,0,0,0,0,0,0,0,0
50026,1,1,0,0,0,0,0,0,0,0,0,0
50027,0,1,7,24,31,8,26,27,25,15,33,22
50027,1,1,0,0,0,0,0,0,0,0,0,0
50028,1,1,0,0,0,0,0,0,0,21,0,0
50028,2,1,0,0,0,0,0,0,0,0,0,0
50029,1,1,0,0,0,0,0,0,0,0,0,0
50030,1,1,21,0,0,0,0,0,0,0,0,0
50031,1,1,32,18,0,20,8,11,16,19,15,0
50032,1,1,0,0,0,0,0,0,0,0,0,0
50033,0,1,0,0,0,0,0,19,0,0,0,0
50033,1,1,0,9,0,0,0,0,0,0,0,0
50034,1,1,27,13,0,27,15,0,9,0,0,0
50034,2,1,0,0,0,15,5,0,0,0,0,19
50035,1,1,0,0,0,0,0,0,0,0,0,0
50036,1,1,0,0,0,0,0,0,0,0,0,0
50037,1,1,0,0,0,0,0,0,0,0,0,0
50038,1,1,0,0,0,0,0,0,0,0,0,0
50039,1,1,8,8,8,8,8,8,8,8,8,8
50039,2,1,0,0,0,0,0,0,11,0,0,0
50040,1,1,0,0,0,0,0,0,0,0,0,0
50041,1,1,0,0,0,0,0,0,0,0,0,0
50041,2,1,0,0,0,0,0,0,0,0,0,0
50041,3,1,0,0,0,0,0,0,0,0,0,0
50042,1,1,38,38,38,38,38,38,38,38,38,38
50042,2,1,0,0,0,0,0,0,0,0,0,0
50043,1,1,0,0,0,0,0,0,0,0,0,0
50043,2,1,0,0,0,0,0,0,0,0,0,0
50044,0,1,0,0,0,0,0,0,0,0,0,0
50044,1,1,0,0,0,0,0,0,0,0,0,0
50045,1,1,0,0,0,0,0,0,0,0,0,0
50045,2,1,0,0,0,0,0,0,0,0,0,0
50046,1,1,0,0,0,0,0,0,0,0,0,0
50046,2,1,0,0,0,0,0,0,0,0,0,0
50047,1,1,0,0,0,0,0,0,0,0,0,0
50048,1,1,14,14,14,14,14,14,14,14,14,14
50049,1,1,0,0,0,0,0,0,0,0,0,0
50049,2,1,0,0,0,0,0,0,0,0,0,0
50050,1,1,0,0,0,0,6,0,0,0,0,4
50050,2,1,0,0,0,0,0,0,0,0,0,0
50051,1,1,0,0,0,0,0,0,0,0,0,0
50051,2,1,0,0,0,0,0,0,0,0,0,0
50052,1,1,0,0,0,0,0,0,0,0,29,0
50053,1,1,0,0,0,0,0,0,0,0,0,0
50053,2,1,0,0,0,0,0,0,0,0,0,0
50054,1,1,0,0,0,0,0,0,0,0,0,0
50055,1,1,0,0,0,0,0,0,0,0,0,0
50056,1,1,18,0,0,0,0,0,0,0,18,25
50058,1,1,0,0,0,0,0,0,0,0,0,0
50059,1,1,0,0,0,0,0,0,0,0,0,0
50060,0,1,23,23,23,23,23,23,23,23,23,23
50060,1,1,6,6,6,6,6,6,6,6,6,6
50061,0,1,0,0,0,0,0,0,0,0,0,0
50061,1,1,0,0,0,0,0,0,0,0,0,0
50062,1,1,0,0,0,0,0,0,0,0,0,0
50063,1,1,0,0,0,0,0,0,0,0,0,0
50063,2,1,0,0,0,0,0,0,0,0,0,0
50064,1,1,31,31,31,31,31,31,31,31,31,31
50065,1,1,23,23,23,23,23,23,23,23,23,23
50066,1,1,18,18,18,18,18,18,18,18,18,18
50066,2,1,0,29,0,0,0,0,0,0,0,0
50067,1,1,0,0,0,0,0,0,0,0,0,0
50067,2,1,0,0,0,0,0,0,0,0,0,0
50068,0,1,0,0,0,0,0,0,0,0,0,23
50068,1,1,0,0,0,9,0,0,0,0,0,0
50069,1,1,0,0,0,0,0,0,0,0,0,0
50070,1,1,0,0,0,0,38,0,0,0,0,0
50071,0,1,0,0,0,12,0,0,17,22,0,0
50071,1,1,0,0,0,0,0,0,0,0,0,0
50071,2,1,0,0,0,0,0,0,0,0,0,0
50072,1,1,26,26,26,26,26,26,26,26,26,26
50073,1,1,0,0,0,0,0,0,0,0,0,0
50073,2,1,30,30,30,30,30,30,30,30,30,30
50074,1,1,21,21,21,21,21,21,21,21,21,21
50074,2,1,0,0,0,0,0,0,0,0,0,0
50075,1,1,0,0,0,0,0,0,0,0,0,0
50075,2,1,8,8,8,8,8,8,8,8,8,8
50076,1,1,0,0,0,0,0,0,0,0,0,0
50076,2,1,0,0,0,0,0,0,0,0,0,0
50076,3,1,0,0,0,0,0,0,0,0,0,0
50077,1,1,0,0,0,0,0,0,0,0,0,0
50077,2,1,0,0,0,0,0,0,0,0,0,0
50078,1,1,0,0,0,0,0,0,0,0,0,0
50078,2,1,7,7,7,7,7,7,7,7,7,7
50079,1,1,0,0,0,0,0,0,0,0,0,0
50079,2,1,0,0,0,0,0,0,0,0,0,0
50079,3,1,0,0,0,0,0,0,0,0,0,0
50081,1,1,0,0,0,0,0,0,0,0,0,0
50081,2,1,0,0,0,0,0,0,0,0,0,0
50082,0,1,0,0,0,0,0,0,0,0,0,0
50082,1,1,0,0,0,26,23,0,0,0,0,6
50083,1,1,39,39,39,39,39,39,39,39,39,39
50084,1,1,0,0,0,0,0,0,0,0,0,0
50086,1,1,19,19,19,19,19,19,19,19,19,19
50087,1,1,0,0,0,0,0,27,0,0,0,0
50088,1,1,0,0,0,0,0,0,0,0,0,0
50089,1,1,17,17,17,17,17,17,17,17,17,17
50090,1,1,0,0,0,0,0,0,0,6,0,15
50091,1,1,0,0,0,0,0,0,0,0,0,0
50092,1,1,0,19,0,0,0,0,0,0,0,0
50093,1,1,18,16,22,13,21,18,20,26,15,31
50093,2,1,9,0,0,11,30,0,0,0,8,0
50094,2,1,25,25,25,25,25,25,25,25,25,25
50095,1,1,0,0,0,0,0,0,0,0,0,0
50095,2,1,0,0,0,0,0,0,0,0,0,0
50096,1,1,0,0,0,0,0,0,0,0,0,0
50096,2,1,0,0,0,0,0,0,0,0,0,0
50097,1,1,0,0,0,0,0,0,0,0,0,0
50098,1,1,8,8,8,8,8,8,8,8,8,8
50099,1,1,0,0,0,0,0,0,0,0,0,0
50100,1,1,0,0,0,0,0,0,0,0,0,0
50100,2,1,0,0,0,0,0,0,0,0,0,0
50101,1,1,17,17,17,17,17,17,17,17,17,17
50101,2,1,0,0,0,0,0,0,0,0,0,0
50102,0,1,0,0,0,0,0,0,0,0,0,0
50102,1,1,0,0,0,0,21,0,0,0,0,0
50103,1,1,0,0,0,0,0,0,0,0,0,0
50104,1,1,23,23,23,23,23,23,23,23,23,23
50104,2,1,0,0,0,0,0,0,0,0,0,0
50105,1,1,0,0,0,0,0,0,0,0,0,0
50105,2,1,0,0,0,0,0,0,0,0,0,0
50106,0,1,0,0,0,0,0,0,22,0,0,0
50106,1,1,0,0,0,0,0,0,0,0,0,0
50107,1,1,0,0,0,15,0,0,0,0,16,0
50108,1,1,0,0,0,0,0,0,0,0,0,0
50109,0,1,8,8,8,8,8,8,8,8,8,8
50109,1,1,0,0,19,0,8,0,0,0,0,27
50110,0,1,0,0,16,0,0,0,0,0,0,0
50110,1,1,0,0,0,0,0,0,0,0,0,0
50111,1,1,4,4,4,4,4,4,4,4,4,4
50111,2,1,0,0,0,0,9,0,0,0,0,0
50112,1,1,25,25,25,25,25,25,25,25,25,25
50113,1,1,22,26,0,0,5,33,0,7,15,10
50113,2,1,12,0,14,0,0,0,0,0,0,0
50114,1,1,0,0,0,0,0,0,0,0,0,0
50115,0,1,0,0,0,0,0,0,0,0,0,0
50115,1,1,0,0,0,0,0,0,0,0,0,0
50116,0,1,0,0,0,0,0,0,0,0,0,0
50116,1,1,0,0,0,0,0,0,0,0,0,0
50117,1,1,0,0,0,0,0,0,0,0,0,0
50118,1,1,0,0,0,0,0,0,0,0,0,0
50118,2,1,9,15,0,13,21,11,7,19,24,9
50119,1,1,26,26,26,26,26,26,26,26,26,26
50120,1,1,18,18,18,18,18,18,18,18,18,18
50121,1,1,4,4,4,4,4,4,4,4,4,4
50121,2,1,0,0,0,0,0,0,0,0,0,0
50121,3,1,0,0,0,0,0,0,0,0,0,0
50122,1,1,0,0,0,0,0,0,0,0,0,0
50122,2,1,0,0,0,0,0,0,0,0,0,0
50123,1,1,0,0,0,0,0,0,0,0,0,0
50124,1,1,18,4,10,24,24,6,8,0,4,23
50124,2,1,0,0,18,0,0,0,0,0,0,0
50125,1,1,0,0,0,0,0,0,0,0,0,0
50125,2,1,0,0,0,0,0,0,0,0,0,0
50126,1,1,11,18,16,10,11,20,14,18,9,22
50126,2,1,0,0,0,0,0,0,0,0,0,0
50127,1,1,11,11,11,11,11,11,11,11,11,11
50128,1,1,0,0,0,0,0,0,0,0,0,0
50129,0,1,0,0,46,0,0,0,0,0,0,0
50129,1,1,0,13,11,29,0,17,0,0,0,0
50130,1,1,0,0,0,0,0,0,0,0,0,0
50130,2,1,0,0,0,0,0,0,0,0,0,0
50131,1,1,0,0,0,13,0,0,0,0,0,6
50131,2,1,0,0,0,0,0,0,0,0,0,0
50132,0,1,0,0,0,0,0,0,0,0,0,0
50132,1,1,0,0,0,0,0,0,0,0,0,0
50133,1,1,0,0,0,0,0,0,0,0,0,0
50133,2,1,0,0,0,0,0,0,0,0,0,0
50133,3,1,0,0,0,0,0,0,0,0,0,0
50134,1,1,0,0,0,0,0,0,0,0,0,0
50138,1,1,18,18,18,18,18,18,18,18,18,18
50139,1,1,0,0,0,0,0,0,0,0,0,0
50140,0,1,0,12,0,0,0,0,0,0,0,0
50140,1,1,13,13,13,13,13,13,13,13,13,13
50141,1,1,0,0,0,0,0,0,0,0,0,0
50142,1,1,0,0,0,0,0,0,0,0,0,0
50143,1,1,0,0,0,0,0,0,0,0,0,0
50143,2,1,0,0,0,0,0,0,0,0,0,0
50144,1,1,10,10,10,10,10,10,10,10,10,10
50144,2,1,7,7,7,7,7,7,7,7,7,7
50145,1,1,0,0,0,0,0,0,0,0,0,0
50145,2,1,0,0,0,0,0,0,0,0,0,0
50146,1,1,5,0,0,0,0,0,0,0,0,0
50147,1,1,0,0,7,9,0,0,0,6,20,0
50148,1,1,9,33,32,0,0,0,22,9,15,16
50149,1,1,0,0,0,0,0,0,0,0,0,0
50150,1,1,2,2,2,2,2,2,2,2,2,2
50150,2,1,0,0,0,0,0,0,0,0,0,0
50151,1,1,0,0,0,0,0,0,0,0,5,0
50152,1,1,0,0,0,0,0,0,0,0,0,0
50153,1,1,6,6,6,6,6,6,6,6,6,6
50154,0,1,0,0,0,0,0,0,0,34,0,0
50154,1,1,21,21,21,21,21,21,21,21,21,21
50155,1,1,0,0,0,0,0,0,0,0,0,0
50155,2,1,22,22,22,22,22,22,22,22,22,22
50156,1,1,0,0,0,0,0,0,0,0,0,0
50157,1,1,0,0,0,0,0,0,0,0,0,0
50157,2,1,0,0,0,0,0,0,0,0,0,0
50158,1,1,0,0,0,0,0,0,0,0,0,0
50159,1,1,22,12,7,9,15,14,19,9,22,21
50160,1,1,1,1,1,1,1,1,1,1,1,1
50160,2,1,0,0,0,0,0,0,0,0,0,0
50161,1,1,0,0,0,0,0,0,0,0,0,0
50161,2,1,0,0,0,0,0,0,0,0,0,0
50162,1,1,0,0,0,0,0,0,0,0,0,0
50163,1,1,0,0,0,0,0,0,0,0,0,0
50164,1,1,0,0,0,0,0,0,0,0,0,0
50165,1,1,0,0,0,0,0,0,0,0,0,0
50166,1,1,0,0,0,0,0,0,0,0,0,0
50166,2,1,0,0,13,0,0,0,0,0,0,0
50167,1,1,0,0,0,0,0,0,0,0,0,0
50167,2,1,0,0,0,0,0,0,0,0,0,0
50168,1,1,0,0,0,0,0,0,0,0,0,0
50168,2,1,0,0,0,0,0,0,0,0,0,0
50169,1,1,14,14,14,14,14,14,14,14,14,14
50170,1,1,0,0,0,0,0,0,0,0,0,0
50170,2,1,0,0,0,0,0,0,0,0,0,0
50171,1,1,32,32,32,32,32,32,32,32,32,32
50172,1,1,0,0,0,0,0,0,0,0,0,0
50172,2,1,0,0,0,0,0,0,0,0,0,0
50173,1,1,1,1,1,1,1,1,1,1,1,1
50174,1,1,0,0,0,0,0,0,0,0,0,0
50175,1,1,0,0,0,0,0,0,0,0,0,0
50175,2,1,0,0,0,0,0,0,0,0,0,0
50176,1,1,0,0,0,0,0,0,0,0,0,0
50176,2,1,12,0,0,2,0,0,0,0,0,0
50177,1,1,0,0,0,0,0,0,0,0,0,0
50178,1,1,0,0,0,0,0,0,0,0,0,0
50178,2,1,0,0,0,0,0,0,0,0,0,0
50179,1,1,0,0,0,0,0,0,0,0,0,0
50179,2,1,0,0,0,0,0,0,0,0,0,0
50179,3,1,0,0,0,0,0,0,0,0,0,0
50180,1,1,0,0,0,0,0,0,0,0,0,0
50180,2,1,5,19,25,30,22,7,15,15,22,26
50181,1,1,0,0,0,10,0,0,0,0,0,0
50181,2,1,0,0,0,0,0,0,0,0,0,0
50182,1,1,0,10,0,9,0,0,0,0,0,0
50183,1,1,7,7,7,7,7,7,7,7,7,7
50184,1,1,31,31,31,31,31,31,31,31,31,31
50184,2,1,0,0,0,0,0,0,0,0,0,0
50185,1,1,7,7,7,7,7,7,7,7,7,7
50186,1,1,3,3,3,3,3,3,3,3,3,3
50186,2,1,0,0,0,0,0,0,0,0,0,0
50186,3,1,0,0,0,0,0,0,0,0,0,0
50187,1,1,0,0,0,0,0,0,0,0,0,0
50187,2,1,0,0,0,0,0,0,0,0,0,0
50188,1,1,25,25,25,25,25,25,25,25,25,25
50189,1,1,0,0,0,0,0,0,0,0,0,0
50190,1,1,10,10,10,10,10,10,10,10,10,10
50191,1,1,0,0,0,0,0,0,0,0,0,0
50191,2,1,0,0,0,0,0,0,0,0,0,0
50192,1,1,29,29,29,29,29,29,29,29,29,29
50193,1,1,0,0,0,0,0,0,0,0,0,0
50193,2,1,0,0,0,0,0,0,0,0,0,0
50194,1,1,0,0,0,0,0,0,0,0,0,0
50195,1,1,9,29,0,0,0,20,0,0,32,0
50196,1,1,4,4,4,4,4,4,4,4,4,4
50196,2,1,0,0,0,0,0,0,0,0,0,0
50197,1,1,13,13,13,13,13,13,13,13,13,13
50198,1,1,0,0,0,0,0,0,0,0,0,0
50198,2,1,7,7,7,7,7,7,7,7,7,7
50199,1,1,0,0,0,0,0,0,0,0,0,0
50199,2,1,0,0,0,0,0,0,0,0,0,0
50200,1,1,0,0,0,0,0,0,0,0,0,0
50201,0,1,0,0,0,0,0,0,0,0,0,0
50201,1,1,32,32,32,32,32,32,32,32,32,32
50202,1,1,0,0,0,0,0,0,0,0,0,0
50202,2,1,0,0,0,0,0,0,0,0,0,0
50203,1,1,0,0,0,0,0,0,0,0,0,0
50203,2,1,0,0,0,0,0,0,0,0,0,0
50205,1,1,0,0,0,0,0,0,0,0,0,0
50206,1,1,0,0,0,0,0,0,0,0,0,0
50207,1,1,0,0,0,0,0,0,0,0,0,0
50208,1,1,0,0,0,0,0,0,0,0,0,0
50208,2,1,0,0,0,0,0,0,0,0,0,0
50209,1,1,28,28,28,28,28,28,28,28,28,28
50209,2,1,2,2,2,2,2,2,2,2,2,2
50211,1,1,0,0,0,0,0,0,0,0,0,0
50211,2,1,0,0,0,0,0,0,0,0,0,0
50212,1,1,0,0,0,0,0,0,0,0,0,0
50212,2,1,0,0,0,0,0,0,0,0,0,0
50213,1,1,0,0,0,0,0,0,0,0,0,0
50214,1,1,11,0,0,0,0,0,0,0,0,0
50215,1,1,5,5,5,5,5,5,5,5,5,5
50216,1,1,0,15,0,0,12,4,23,9,9,13
50217,1,1,11,11,11,11,11,11,11,11,11,11
50218,0,1,0,0,0,0,0,18,0,0,0,0
50218,1,1,0,0,0,0,0,0,0,0,0,0
50219,0,1,30,12,20,10,25,14,18,8,25,26
50219,0,2,0,32,0,0,0,29,0,0,0,0
50219,1,1,0,0,0,0,0,0,0,0,0,0
50220,1,1,0,0,0,0,0,0,0,0,0,0
50221,1,1,0,0,0,0,0,0,0,0,0,0
50221,2,1,1,1,1,1,1,1,1,1,1,1
50222,1,1,0,0,0,0,0,0,0,0,0,0
50222,2,1,0,0,0,0,0,0,0,0,0,0
50223,1,1,0,0,16,0,17,0,0,0,10,13
50223,2,1,0,0,0,0,0,0,0,0,0,0
50224,1,1,0,0,0,0,0,0,0,0,0,0
50225,1,1,14,14,14,14,14,14,14,14,14,14
50226,0,1,0,0,0,0,0,0,0,0,0,0
50226,1,1,0,0,0,0,0,0,0,0,0,0
50227,1,1,0,8,0,0,0,11,0,0,0,0
50227,2,1,0,0,0,0,0,0,0,22,20,0
50228,1,1,0,0,0,0,0,0,0,0,0,0
50229,1,1,0,0,0,0,0,0,0,0,0,0
50229,2,1,0,0,0,0,0,0,0,0,0,0
50230,1,1,14,14,14,14,14,14,14,14,14,14
50231,1,1,0,0,0,0,19,0,0,0,0,0
50231,2,1,0,0,0,0,0,0,0,0,19,0
50231,3,1,0,0,0,0,0,0,0,0,0,0
50232,1,1,11,0,0,0,0,0,0,0,0,0
50232,2,1,0,0,0,0,0,0,0,0,0,0
50233,1,1,0,0,0,0,0,0,0,0,0,0
50234,1,1,3,16,15,11,0,0,0,0,0,6
50235,1,1,29,29,29,29,29,29,29,29,29,29
50236,1,1,0,0,0,0,0,0,0,0,0,0
50236,2,1,0,0,0,0,0,0,0,0,0,0
50237,0,1,0,0,0,0,0,0,19,0,0,0
50237,0,2,0,0,0,0,0,0,0,0,0,0
50237,0,3,0,0,0,0,0,0,0,0,0,0
50237,1,1,15,0,0,0,0,0,0,0,0,0
50238,1,1,26,26,26,26,26,26,26,26,26,26
50238,2,1,1,1,1,1,1,1,1,1,1,1
50239,1,1,14,14,14,14,14,14,14,14,14,14
50240,1,1,0,0,0,0,24,0,0,0,0,0
50241,1,1,0,0,0,0,0,0,0,0,0,0
50241,2,1,0,0,0,0,0,0,0,0,0,0
50242,1,1,0,0,0,0,0,0,0,0,0,0
50243,0,1,12,12,12,12,12,12,12,12,12,12
50243,1,1,0,0,0,0,0,0,0,0,0,0
50244,1,1,26,26,26,26,26,26,26,26,26,26
50245,1,1,0,0,0,0,0,0,0,0,0,0
50246,1,1,0,13,0,0,23,0,0,0,10,0
50247,1,1,0,0,0,0,0,0,0,0,0,0
50247,2,1,0,0,0,0,0,0,0,0,0,0
50249,1,1,33,33,33,33,33,33,33,33,33,33
50250,1,1,0,0,0,0,0,0,0,0,0,0
50250,2,1,0,0,0,0,0,0,0,0,0,0
50250,3,1,0,0,0,0,0,0,0,0,0,0
50252,0,1,18,18,18,18,18,18,18,18,18,18
50252,1,1,13,11,0,7,0,0,17,0,14,0
50253,1,1,0,0,0,0,0,0,0,0,0,0
50253,2,1,0,0,0,0,0,0,0,0,0,0
50254,1,1,0,0,0,0,0,0,0,0,0,0
50254,2,1,11,11,11,11,11,11,11,11,11,11
50255,1,1,0,0,0,0,0,0,0,0,0,0
50256,1,1,19,19,19,19,19,19,19,19,19,19
50256,2,1,0,0,0,0,0,0,0,0,0,0
50257,1,1,0,0,0,0,0,0,0,0,0,0
50257,2,1,7,0,0,0,0,0,0,0,0,0
50258,1,1,0,0,0,0,0,0,0,0,0,0
50259,1,1,10,10,10,10,10,10,10,10,10,10
50259,2,1,0,0,0,0,0,0,0,0,0,0
50260,1,1,15,15,15,15,15,15,15,15,15,15
50261,0,1,0,0,0,0,0,0,0,0,0,0
50261,1,1,0,0,0,0,0,0,0,0,0,0
50262,1,1,0,0,0,0,0,0,0,10,0,0
50262,2,1,0,0,0,0,0,0,0,0,0,0
50263,1,1,0,0,0,0,0,0,0,0,0,0
50263,2,1,0,0,0,0,0,0,0,0,0,0
50264,1,1,0,0,0,0,0,0,16,0,16,0
50265,1,1,0,0,0,0,0,0,0,21,0,27
50266,1,1,0,0,0,0,0,0,0,0,0,0
50267,1,1,0,0,0,0,0,0,0,0,0,0
50267,2,1,0,0,0,0,0,0,0,0,0,0
50268,0,1,0,20,0,0,0,23,0,0,20,0
50268,1,1,16,14,4,0,7,0,9,9,7,0
50269,1,1,16,16,16,16,16,16,16,16,16,16
50270,1,1,0,0,0,0,0,0,0,0,0,0
50270,2,1,0,0,0,0,0,0,0,0,0,10
50271,1,1,0,0,0,0,0,0,0,0,0,0
50271,2,1,0,8,0,0,0,0,0,0,0,0
50272,1,1,0,0,0,0,0,0,0,0,18,0
50272,2,1,0,0,0,0,0,0,0,0,0,0
50273,1,1,0,0,0,0,0,0,0,0,12,32
50274,1,1,0,0,0,0,0,0,0,0,0,0
50275,1,1,0,0,0,0,0,0,0,0,0,0
50277,1,1,0,0,0,0,0,0,0,0,0,0
50278,0,1,0,0,0,0,0,0,0,0,0,0
50278,1,1,0,0,0,0,0,0,0,0,0,0
50279,1,1,0,0,0,0,0,0,0,0,0,0
50279,2,1,0,0,0,0,0,0,0,0,0,0
50280,0,1,0,0,0,0,0,0,0,0,0,0
50280,1,1,0,0,0,0,0,0,0,0,0,0
50281,1,1,0,0,0,0,0,0,0,0,0,0
50282,1,1,0,0,0,0,0,0,0,0,0,0
50283,1,1,0,0,0,0,0,0,0,0,0,0
50283,2,1,0,0,0,0,0,0,0,0,0,0
50283,3,1,0,0,0,0,0,0,0,8,21,0
50284,0,1,3,3,3,3,3,3,3,3,3,3
50284,1,1,0,16,0,0,10,0,19,0,0,0
50285,1,1,9,9,9,9,9,9,9,9,9,9
50286,1,1,0,0,0,0,0,0,0,0,0,0
50286,2,1,0,0,0,0,0,0,0,0,0,0
50287,1,1,0,0,0,0,0,0,0,0,0,0
50287,2,1,0,0,0,0,0,0,0,0,0,0
50288,0,1,4,4,4,4,4,4,4,4,4,4
50288,1,1,23,15,14,29,0,0,14,16,23,29
50289,1,1,5,5,5,5,5,5,5,5,5,5
50289,2,1,0,0,0,0,0,0,0,39,0,0
50290,1,1,0,0,0,0,0,0,0,0,0,0
50291,0,1,0,0,0,0,0,0,0,0,0,0
50291,1,1,12,38,16,27,0,0,0,0,0,18
50292,0,1,21,0,0,0,0,10,0,0,0,0
50292,1,1,0,0,19,0,0,0,0,17,8,0