ST_CASE,VEH_NO,PER_NO,P1,P2,P3,P4,P5,P6,P7,P8,P9,P10
80010,1,1,0,0,0,0,0,0,0,16,0,0
80011,1,1,0,0,0,0,0,0,0,0,0,0
80011,2,1,0,0,0,0,0,20,0,0,0,0
80012,1,1,0,0,0,0,0,0,0,0,0,0
80012,2,1,0,0,0,0,0,0,0,0,0,0
80013,1,1,0,0,0,0,0,0,0,0,0,0
80014,1,1,19,19,19,19,19,19,19,19,19,19
80015,1,1,0,0,0,0,0,0,0,0,0,0
80015,2,1,0,0,0,0,0,0,0,0,0,0
80016,1,1,0,0,0,0,0,0,0,0,0,0
80016,2,1,0,0,0,0,0,0,0,0,0,0
80017,0,1,6,0,0,0,0,0,0,0,0,0
80017,1,1,0,22,0,0,0,0,0,0,0,0
80018,0,1,18,18,18,18,18,18,18,18,18,18
80018,1,1,0,0,0,0,0,0,0,0,0,0
80019,0,1,0,0,0,0,0,0,0,0,0,0
80019,1,1,0,0,0,0,0,0,0,0,0,0
80020,1,1,0,0,0,0,0,0,0,0,0,0
80020,2,1,0,0,0,0,0,0,0,0,0,0
80021,1,1,15,15,15,15,15,15,15,15,15,15
80022,0,1,3,3,3,3,3,3,3,3,3,3
80022,1,1,26,0,0,0,0,0,0,0,0,0
80023,1,1,7,7,7,7,7,7,7,7,7,7
80024,1,1,12,12,12,12,12,12,12,12,12,12
80025,1,1,9,9,9,9,9,9,9,9,9,9
80026,1,1,13,0,8,24,25,22,0,8,26,0
80027,0,1,0,0,0,0,0,0,0,0,0,0
80027,1,1,0,17,0,0,0,0,0,0,0,0
80028,1,1,0,0,0,0,11,0,0,32,5,0
80028,2,1,0,0,0,0,0,0,0,0,0,0
80029,1,1,0,0,0,0,0,0,0,0,0,0
80030,1,1,11,16,0,0,11,0,0,23,0,0
80031,1,1,0,0,0,0,0,0,0,0,0,0
80032,0,1,0,0,0,0,0,0,0,0,0,0
80032,1,1,25,25,25,25,25,25,25,25,25,25
80033,1,1,0,0,0,0,0,0,0,0,0,0
80034,1,1,1,1,1,1,1,1,1,1,1,1
80034,2,1,0,0,16,0,0,0,0,0,0,0
80035,1,1,28,12,22,11,20,13,16,17,29,19
80036,1,1,0,0,0,0,0,0,0,0,0,0
80036,2,1,0,0,0,0,0,0,0,0,0,0
80037,1,1,26,26,26,26,26,26,26,26,26,26
80037,2,1,20,0,0,0,3,0,0,0,0,0
80038,1,1,11,0,0,0,0,0,0,0,0,0
80038,2,1,0,0,0,0,0,0,0,0,0,0
80039,1,1,0,0,0,0,0,0,0,3,0,0
80040,1,1,0,0,0,0,0,0,0,0,0,0
80041,1,1,0,0,0,0,0,0,0,0,0,0
80042,1,1,0,0,0,0,0,0,0,0,0,0
80042,2,1,0,0,0,0,0,0,0,0,0,0
80042,3,1,0,0,0,0,0,11,0,10,0,0
80043,1,1,0,0,0,0,0,0,0,0,0,0
80043,2,1,0,0,0,0,0,0,0,18,0,0
80044,1,1,0,0,0,0,0,0,0,0,0,0
80045,1,1,22,22,22,22,22,22,22,22,22,22
80045,2,1,0,0,0,14,0,0,0,0,0,0
80046,1,1,0,0,0,0,0,0,0,0,0,0
80046,2,1,0,0,0,0,0,0,0,0,0,0
80046,3,1,0,0,0,0,0,0,0,0,0,0
80046,4,1,0,0,0,0,0,0,0,0,0,0
80046,5,1,0,0,0,0,0,0,0,0,0,0
80046,6,1,0,0,0,0,0,0,0,0,0,0
80046,7,1,0,0,0,0,0,0,0,0,0,0
80047,1,1,0,0,0,0,0,0,0,0,0,0
80048,0,1,0,0,0,0,0,0,0,0,0,0
80048,1,1,0,0,0,0,0,0,0,0,0,0
80049,1,1,6,0,0,0,0,0,0,0,0,0
80049,2,1,0,0,0,0,0,0,0,0,0,0
80049,3,1,0,0,0,0,0,0,0,0,0,0
80050,1,1,0,0,0,0,0,0,0,0,0,0
80050,2,1,0,0,0,0,0,0,0,0,0,0
80051,1,1,0,0,0,0,0,0,0,0,0,0
80051,2,1,0,0,0,0,0,0,0,0,0,0
80052,1,1,0,0,0,0,0,0,0,0,0,0
80052,2,1,0,0,0,0,0,0,0,0,0,0
80053,0,1,18,18,18,18,18,18,18,18,18,18
80053,1,1,0,0,0,0,0,0,0,0,0,0
80054,1,1,0,0,0,0,0,0,0,0,0,0
80055,1,1,16,16,16,16,16,16,16,16,16,16
80056,0,1,0,0,0,0,0,0,0,0,0,0
80056,1,1,0,0,0,0,0,0,0,0,0,0
80056,2,1,0,0,18,0,0,0,0,0,0,0
80057,1,1,20,9,24,9,17,16,21,17,17,23
80058,1,1,27,27,27,27,27,27,27,27,27,27
80059,1,1,0,0,0,0,0,0,0,0,0,0
80060,0,1,0,0,0,0,26,0,0,0,0,0
80060,1,1,0,26,0,0,12,0,0,0,0,0
80061,0,1,0,0,0,0,0,0,0,5,0,0
80061,1,1,0,16,0,0,0,0,0,0,0,0
80062,0,1,0,0,52,0,0,0,0,0,0,0
80062,1,1,0,12,0,0,0,0,0,0,6,0
80063,1,1,0,0,0,0,0,0,0,0,0,0
80063,2,1,0,0,0,0,0,0,0,0,0,0
80064,1,1,20,20,20,20,20,20,20,20,20,20
80065,1,1,12,0,0,0,0,0,0,0,0,0
80065,2,1,0,0,0,0,0,0,0,0,6,0
80066,1,1,0,15,0,0,12,0,0,0,0,0
80067,1,1,22,22,22,22,22,22,22,22,22,22
80068,0,1,0,0,0,0,0,0,0,0,0,0
80068,1,1,0,0,0,0,0,0,3,0,0,0
80069,1,1,12,12,12,12,12,12,12,12,12,12
80069,2,1,0,0,0,0,0,0,0,0,0,0
80070,1,1,0,0,0,0,0,0,0,0,0,0
80071,1,1,0,0,7,0,0,0,0,0,0,0
80071,2,1,0,0,0,0,0,0,0,14,0,0
80072,0,1,36,36,36,36,36,36,36,36,36,36
80072,1,1,0,0,0,0,0,0,0,0,16,0
80073,1,1,0,0,0,0,0,0,0,0,0,0
80073,2,1,0,0,0,0,0,0,0,0,0,0
80074,1,1,0,0,0,0,0,0,0,0,0,13
80074,2,1,0,0,0,0,0,0,0,0,0,0
80075,1,1,18,18,18,18,18,18,18,18,18,18
80076,1,1,0,0,0,0,0,0,0,0,0,0
80077,1,1,1,1,1,1,1,1,1,1,1,1
80077,2,1,0,0,0,0,0,0,0,0,0,0
80078,0,1,13,13,13,13,13,13,13,13,13,13
80078,1,1,0,0,0,0,0,0,0,0,0,0
80079,1,1,0,0,0,5,0,0,0,0,0,17
80080,1,1,5,5,5,5,5,5,5,5,5,5
80081,1,1,19,19,19,19,19,19,19,19,19,19
80082,1,1,0,0,0,0,0,0,0,0,0,0
80082,2,1,0,0,0,0,0,0,0,0,0,0
80082,3,1,0,0,0,0,0,0,0,0,0,0
80083,1,1,0,0,0,0,0,0,0,0,0,0
80083,2,1,0,0,0,0,0,0,0,0,0,0
80084,1,1,14,14,14,14,14,14,14,14,14,14
80085,1,1,1,1,1,1,1,1,1,1,1,1
80086,1,1,8,8,8,8,8,8,8,8,8,8
80086,2,1,0,0,0,0,0,0,0,7,0,0
80087,0,1,22,22,22,22,22,22,22,22,22,22
80087,1,1,0,0,0,0,0,0,0,0,0,0
80088,1,1,0,0,3,0,0,0,18,0,0,0
80089,1,1,19,19,19,19,19,19,19,19,19,19
80089,2,1,0,0,0,0,0,0,0,0,0,0
80090,1,1,0,0,0,0,0,0,0,16,30,0
80090,2,1,0,0,0,0,0,0,0,0,0,0
80091,0,1,0,0,0,0,0,0,0,0,0,0
80091,0,2,16,34,0,13,21,10,10,32,0,12
80091,1,1,0,0,22,0,25,0,0,0,0,0
80092,1,1,0,21,0,29,0,0,0,0,0,0
80092,2,1,0,0,0,0,0,0,0,0,0,0
80093,0,1,0,0,0,0,0,0,0,0,0,0
80093,1,1,0,0,0,38,0,0,0,0,7,0
80094,1,1,23,23,23,23,23,23,23,23,23,23
80095,1,1,0,0,0,0,0,0,0,0,0,0
80095,2,1,0,0,0,0,0,0,0,0,0,20
80096,1,1,0,0,0,0,0,0,0,0,0,0
80096,2,1,0,0,0,0,0,0,0,0,0,0
80097,0,1,0,0,0,0,0,0,0,0,0,0
80097,1,1,0,0,0,0,0,0,0,0,0,0
80098,0,1,23,23,23,23,23,23,23,23,23,23
80098,1,1,0,0,0,0,0,0,0,0,0,0
80099,1,1,0,0,0,0,0,0,0,0,0,0
80099,2,1,0,0,0,0,0,0,0,0,0,0
80100,1,1,0,0,0,0,0,0,0,0,0,0
80100,2,1,0,0,0,0,0,0,0,0,0,0
80101,0,1,0,0,0,0,5,5,0,0,0,0
80101,1,1,0,0,0,0,0,0,0,0,0,0
80102,0,1,0,0,0,12,22,0,34,13,0,0
80102,1,1,12,12,12,12,12,12,12,12,12,12
80102,2,1,0,0,16,0,0,0,0,0,0,0
80103,1,1,24,24,24,24,24,24,24,24,24,24
80104,1,1,0,0,0,0,0,0,0,0,0,0
80104,2,1,13,0,0,0,0,0,0,0,0,0
80104,3,1,0,0,0,0,0,0,0,0,0,0
80105,1,1,0,0,0,0,20,0,0,0,0,0
80105,2,1,0,0,0,0,0,0,0,0,0,0
80106,1,1,0,0,0,0,0,0,0,0,0,0
80107,1,1,0,0,0,0,0,0,0,0,0,0
80108,1,1,0,0,0,0,0,0,0,0,0,0
80109,1,1,0,0,0,0,0,0,0,0,0,0
80110,1,1,0,0,0,0,0,0,0,0,0,0
80111,1,1,0,0,0,0,0,0,0,0,0,0
80112,1,1,0,0,0,0,0,0,0,0,0,0
80113,0,1,0,0,0,0,0,0,0,0,0,0
80113,1,1,0,0,0,0,0,0,0,0,0,0
80115,1,1,0,0,0,0,0,0,0,0,0,0
80116,1,1,18,18,18,18,18,18,18,18,18,18
80117,1,1,31,15,25,0,13,19,9,22,13,17
80118,1,1,0,0,0,0,0,32,0,0,0,0
80119,1,1,14,14,14,14,14,14,14,14,14,14
80120,1,1,0,0,0,0,0,0,0,0,0,0
80121,1,1,0,0,0,0,0,0,0,0,0,0
80121,2,1,0,0,0,0,0,0,0,0,0,0
80122,1,1,0,0,0,0,0,0,0,0,0,0
80122,2,1,0,0,0,0,0,0,0,0,0,0
80123,1,1,0,0,0,0,0,0,0,0,29,0
80124,1,1,0,0,0,0,0,0,0,0,0,0
80124,2,1,0,0,0,0,0,0,0,0,0,0
80125,1,1,9,18,5,26,20,26,30,12,14,19
80126,1,1,0,0,0,0,0,0,0,0,0,0
80127,1,1,30,30,30,30,30,30,30,30,30,30
80128,1,1,0,0,0,0,0,0,0,0,0,0
80128,2,1,0,0,0,0,0,0,0,0,0,0
80129,1,1,0,0,0,0,0,0,0,0,0,0
80129,2,1,0,0,0,0,0,0,0,0,0,0
80130,1,1,0,0,0,0,0,0,0,0,0,0
80130,2,1,0,0,0,0,0,0,0,0,0,0
80131,1,1,6,22,25,11,20,14,15,0,11,14
80132,1,1,13,13,13,13,13,13,13,13,13,13
80133,1,1,0,0,0,0,0,0,0,0,0,0
80133,2,1,0,0,0,0,0,0,0,0,0,0
80133,3,1,0,0,18,0,0,0,0,0,0,0
80134,1,1,12,12,12,12,12,12,12,12,12,12
80134,2,1,0,0,0,0,0,0,0,0,0,0
80135,1,1,0,0,0,0,0,0,0,0,0,8
80136,0,1,12,12,12,12,12,12,12,12,12,12
80136,1,1,0,0,0,0,0,0,0,0,0,0
80137,1,1,0,0,0,0,0,0,0,0,0,0
80137,2,1,0,0,0,0,0,0,0,0,0,0
80138,1,1,23,23,23,23,23,23,23,23,23,23
80139,1,1,0,0,0,0,0,0,0,0,0,0
80140,1,1,0,0,0,0,0,0,0,0,0,0
80141,1,1,0,0,0,0,0,0,0,0,0,0
80142,1,1,0,0,0,0,0,0,0,0,0,0
80143,1,1,0,0,0,0,0,0,0,0,0,0
80144,1,1,0,0,0,0,0,0,0,0,0,0
80145,0,1,0,0,0,0,0,0,0,0,0,0
80145,1,1,0,0,0,0,0,0,0,0,0,0
80146,1,1,0,0,0,0,0,0,0,0,0,0
80146,2,1,0,0,0,0,0,0,0,0,0,0
80147,1,1,0,0,0,0,0,0,0,0,0,0
80147,2,1,0,0,0,0,0,0,0,0,0,0
80147,3,1,0,13,0,0,0,0,0,0,0,0
80148,1,1,0,0,0,0,0,0,0,0,0,0
80148,2,1,0,0,0,0,0,0,0,0,0,0
80149,1,1,0,0,0,0,0,0,0,0,0,0
80149,2,1,4,4,4,4,4,4,4,4,4,4
80150,1,1,0,0,0,0,0,0,0,0,0,0
80151,1,1,0,0,0,0,0,0,0,0,0,0
80151,2,1,0,0,0,0,13,0,0,0,0,0
80152,1,1,0,0,0,0,0,0,0,0,0,0
80153,1,1,0,0,0,0,0,0,0,0,0,0
80154,1,1,12,12,12,12,12,12,12,12,12,12
80154,2,1,0,32,0,0,0,0,0,0,23,0
80154,3,1,0,0,0,0,0,0,0,0,0,0
80154,4,1,0,0,0,0,0,0,0,10,0,0
80155,1,1,0,0,0,0,0,0,0,0,0,0
80156,1,1,0,0,0,0,0,0,0,0,0,0
80156,2,1,0,0,0,0,0,0,0,0,0,0
80157,1,1,18,18,18,18,18,18,18,18,18,18
80157,2,1,0,0,0,0,0,0,0,0,0,0
80158,1,1,0,0,0,0,0,0,0,0,0,0
80159,1,1,22,22,22,22,22,22,22,22,22,22
80159,2,1,0,0,0,0,0,0,0,0,0,0
80160,1,1,0,0,0,0,0,0,0,0,0,0
80160,2,1,0,0,0,0,0,0,0,0,0,0
80161,1,1,0,0,0,0,0,0,0,0,0,0
80161,2,1,0,0,0,0,0,0,0,0,0,0
80162,0,1,0,0,0,0,0,0,0,0,0,0
80162,1,1,0,18,0,0,0,0,0,0,0,0
80163,1,1,0,0,0,0,0,0,0,0,0,0
80163,2,1,0,0,0,0,0,0,0,0,0,0
80163,3,1,0,14,0,0,35,0,0,0,0,0
80164,1,1,0,0,0,0,0,0,0,0,0,0
80164,2,1,0,0,0,15,0,0,0,0,0,0
80165,1,1,1,1,1,1,1,1,1,1,1,1
80165,2,1,0,0,0,0,0,0,0,0,0,0
80166,0,1,24,24,24,24,24,24,24,24,24,24
80167,1,1,0,0,0,0,0,0,0,0,0,0
80167,2,1,0,0,0,0,0,0,0,0,0,0
80168,1,1,0,0,0,0,0,0,0,0,0,0
80169,1,1,0,0,0,0,0,0,0,0,0,0
80169,2,1,0,0,0,0,0,0,0,0,0,0
80170,1,1,0,0,0,0,0,0,0,0,0,0
80170,2,1,0,0,0,0,0,0,0,0,0,0
80170,3,1,32,0,0,15,0,0,0,0,0,0
80171,1,1,6,6,6,6,6,6,6,6,6,6
80171,2,1,0,0,0,0,0,0,0,0,0,0
80172,1,1,0,0,0,0,0,0,0,0,0,0
80172,2,1,0,0,0,0,0,0,0,0,0,0
80173,1,1,0,0,0,0,0,0,0,0,0,0
80174,0,1,37,37,37,37,37,37,37,37,37,37
80174,1,1,0,26,18,14,24,9,14,16,8,10
80175,1,1,0,0,0,0,0,0,0,0,0,0
80176,1,1,28,28,28,28,28,28,28,28,28,28
80177,1,1,0,0,0,0,0,0,0,0,0,0
80178,1,1,0,0,0,0,0,0,0,0,0,0
80178,2,1,0,0,0,0,0,0,0,0,0,0
80179,1,1,0,0,0,0,0,0,0,0,0,0
80180,1,1,0,0,0,0,0,0,0,0,0,0
80180,2,1,0,0,0,0,0,0,0,0,0,0
80180,3,1,0,0,0,0,0,0,0,0,0,0
80181,1,1,24,24,24,24,24,24,24,24,24,24
80182,1,1,12,12,12,12,12,12,12,12,12,12
80183,0,1,21,21,21,21,21,21,21,21,21,21
80183,1,1,0,34,0,30,8,0,16,0,0,15
80184,1,1,0,0,0,0,0,0,0,0,0,0
80184,2,1,0,0,0,0,0,0,0,0,0,0
80185,1,1,0,0,0,0,0,0,0,0,0,0
80186,1,1,0,0,0,0,0,0,0,0,0,0
80187,1,1,0,0,0,0,0,0,0,0,0,0
80188,1,1,6,6,6,6,6,6,6,6,6,6
80188,2,1,0,0,0,0,0,0,14,0,0,0
80189,1,1,0,0,0,0,0,0,0,0,0,0
80191,1,1,22,22,22,22,22,22,22,22,22,22
80192,1,1,0,0,0,0,0,0,0,0,0,0
80192,2,1,0,0,0,0,0,0,0,0,0,0
80193,1,1,0,0,0,0,0,0,0,0,0,0
80193,2,1,0,0,0,0,0,0,0,0,0,0
80193,3,1,0,0,0,0,0,0,0,0,0,0
80193,4,1,0,0,0,0,0,9,0,0,0,0
80194,0,1,0,0,0,0,0,0,0,0,0,0
80194,1,1,0,0,0,0,16,0,0,0,0,0
80195,1,1,22,22,22,22,22,22,22,22,22,22
80196,1,1,0,0,0,0,0,0,0,0,0,0
80197,0,1,37,37,37,37,37,37,37,37,37,37
80197,1,1,7,0,0,0,0,25,0,0,0,0
80198,0,1,0,0,0,0,0,0,0,0,0,0
80198,1,1,0,0,0,0,0,0,0,0,0,0
80199,1,1,0,0,0,0,0,0,0,0,0,0
80200,1,1,0,0,0,0,0,0,0,0,0,0
80200,2,1,0,0,0,0,0,0,0,0,0,0
80201,0,1,37,37,37,37,37,37,37,37,37,37
80201,1,1,0,0,0,9,7,0,0,0,0,17
80201,2,1,0,0,0,0,0,0,0,0,0,0
80202,1,1,0,0,0,0,0,0,0,0,0,0
80202,2,1,0,0,0,0,0,0,0,0,0,0
80203,1,1,0,0,0,0,0,0,0,0,0,0
80203,2,1,0,0,0,0,0,0,0,0,0,0
80203,3,1,0,0,0,0,0,0,0,0,0,0
80203,4,1,0,0,0,0,0,0,0,0,0,0
80203,5,1,0,0,0,0,0,0,0,0,0,0
80203,6,1,0,0,0,0,0,0,0,0,0,0
80203,7,1,23,0,0,3,0,0,0,0,0,0
80203,8,1,0,0,0,0,0,0,0,0,0,0
80204,1,1,0,0,0,0,0,0,0,0,0,0
80204,2,1,0,0,0,0,0,0,0,0,0,0
80205,0,1,23,23,23,23,23,23,23,23,23,23
80205,1,1,12,35,26,5,0,11,0,9,9,11
80206,1,1,0,0,0,0,0,0,0,0,0,0
80206,2,1,0,0,0,0,0,0,0,0,0,19
80207,0,1,19,19,19,19,19,19,19,19,19,19
80207,1,1,0,0,0,0,0,0,0,0,0,0
80208,1,1,0,0,0,0,0,0,0,0,0,0
80208,2,1,0,0,0,0,0,0,0,0,0,0
80209,1,1,17,17,17,17,17,17,17,17,17,17
80209,2,1,31,0,0,0,0,0,0,0,0,0
80210,1,1,0,0,0,0,0,0,0,0,0,0
80211,1,1,0,0,0,0,0,0,0,0,0,0
80211,2,1,0,0,0,0,0,0,0,0,0,0
80212,1,1,0,0,0,0,0,0,0,0,0,0
80212,2,1,0,0,0,0,0,0,0,0,0,0
80213,1,1,0,0,0,0,0,0,0,0,0,0
80213,2,1,0,0,0,0,0,0,0,0,0,0
80214,1,1,0,0,0,0,0,0,0,0,0,0
80215,1,1,0,0,0,0,0,0,0,0,0,0
80215,2,1,0,0,30,0,0,0,0,0,0,0
80216,1,1,0,0,0,0,0,0,0,0,0,0
80217,1,1,28,28,28,28,28,28,28,28,28,28
80218,1,1,2,2,2,2,2,2,2,2,2,2
80219,1,1,0,0,0,0,0,0,0,0,0,0
80219,2,1,0,0,0,0,0,0,0,0,0,0
80219,3,1,0,0,0,0,0,0,0,0,0,0
80219,4,1,0,0,0,0,0,0,0,0,0,0
80220,1,1,0,0,7,9,0,9,0,0,0,0
80221,1,1,0,0,0,0,0,0,0,0,0,0
80222,1,1,0,0,0,0,0,0,0,0,0,0
80222,2,1,0,0,0,0,0,0,0,0,0,0
80223,1,1,0,0,0,0,0,0,0,0,0,0
80223,2,1,0,0,0,0,0,0,0,0,0,0
80224,1,1,0,0,0,0,0,0,0,0,0,0
80224,2,1,0,0,0,0,0,0,0,0,0,0
80225,1,1,5,5,5,5,5,5,5,5,5,5
80225,2,1,0,0,0,0,0,0,0,0,0,0
80226,0,1,15,22,9,33,26,41,15,21,11,0
80226,1,1,0,0,32,11,6,17,0,16,13,0
80227,0,1,0,0,0,0,0,0,0,0,0,0
80227,0,2,0,26,0,0,0,0,0,0,0,0
80227,0,3,0,0,0,0,0,0,0,0,0,32
80227,0,4,0,0,0,0,0,0,0,0,0,0
80227,1,1,0,0,0,0,0,0,0,0,0,0
80228,1,1,0,0,0,0,0,32,0,40,0,0
80228,2,1,6,0,16,12,13,5,8,14,22,0
80229,1,1,0,0,0,0,0,0,0,0,0,0
80229,2,1,0,0,0,0,0,0,0,0,0,0
80230,0,1,0,0,0,0,0,0,0,0,0,0
80230,1,1,0,0,0,0,6,0,6,0,0,0
80231,1,1,0,0,0,0,0,0,0,0,0,0
80232,1,1,9,9,9,9,9,9,9,9,9,9
80233,1,1,0,0,0,0,0,0,0,0,0,0
80234,1,1,0,0,20,0,0,0,0,0,0,0
80234,2,1,20,0,0,0,0,0,0,0,0,0
80235,0,1,0,0,0,0,0,0,0,0,0,0
80235,1,1,0,0,0,0,0,0,0,0,0,0
80236,1,1,0,0,0,0,0,0,0,0,0,0
80237,0,1,0,15,0,0,0,11,0,25,0,0
80237,1,1,0,0,0,0,0,0,0,0,0,0
80238,1,1,25,25,25,25,25,25,25,25,25,25
80239,1,1,0,0,0,0,0,0,0,0,0,0
80239,2,1,0,0,0,0,0,0,0,0,0,0
80240,1,1,22,22,22,22,22,22,22,22,22,22
80241,1,1,0,0,0,0,0,0,0,0,0,0
80241,2,1,0,6,0,12,0,0,0,0,0,0
80241,3,1,0,0,0,0,0,0,0,0,0,0
80241,4,1,0,0,0,0,0,0,0,0,0,0
80242,1,1,0,0,0,0,0,0,0,0,0,0
80242,2,1,0,0,0,0,0,0,0,0,0,0
80243,1,1,15,15,15,15,15,15,15,15,15,15
80244,0,1,0,0,0,0,0,0,0,35,0,0
80244,1,1,0,0,0,0,0,0,0,0,11,0
80245,0,1,0,0,0,0,0,0,0,0,0,0
80245,1,1,0,0,0,0,0,0,0,0,0,0
80246,0,1,1,1,1,1,1,1,1,1,1,1
80246,1,1,0,0,0,0,0,0,0,0,0,0
80247,1,1,0,0,0,0,0,0,0,0,0,0
80247,2,1,0,0,0,0,0,0,0,0,0,0
80247,3,1,0,0,0,0,0,0,0,0,0,0
80248,1,1,8,8,8,8,8,8,8,8,8,8
80248,2,1,0,0,0,0,0,0,0,0,16,0
80249,1,1,12,12,12,12,12,12,12,12,12,12
80250,1,1,26,26,26,26,26,26,26,26,26,26
80251,1,1,0,0,0,0,11,14,0,16,0,0
80252,1,1,0,0,0,0,0,0,0,0,0,0
80253,1,1,0,0,0,0,0,0,0,0,0,0
80253,2,1,0,0,0,0,0,0,0,0,0,0
80253,3,1,0,4,0,0,0,0,13,0,0,0
80254,0,1,31,0,0,0,0,0,0,0,0,0
80254,1,1,0,0,0,0,0,0,0,0,0,0
80255,1,1,30,30,30,30,30,30,30,30,30,30
80255,2,1,0,0,0,0,0,0,0,0,0,0
80256,1,1,28,28,28,28,28,28,28,28,28,28
80256,2,1,2,2,2,2,2,2,2,2,2,2
80257,0,1,0,0,0,0,0,0,0,0,0,0
80257,1,1,0,0,0,0,0,0,0,0,0,0
80258,1,1,8,8,8,8,8,8,8,8,8,8
80259,1,1,0,0,0,0,0,0,0,0,0,0
80260,1,1,0,0,0,0,0,0,0,0,0,0
80260,2,1,0,0,0,0,0,0,0,0,0,0
80261,0,1,0,0,0,0,0,0,0,0,0,0
80261,1,1,0,0,0,0,0,0,0,0,0,0
80262,0,1,0,0,0,0,0,0,0,0,0,0
80262,1,1,0,0,0,0,0,0,0,0,0,0
80263,1,1,0,0,0,0,0,0,0,0,0,0
80264,1,1,24,24,24,24,24,24,24,24,24,24
80265,1,1,5,5,5,5,5,5,5,5,5,5
80266,1,1,0,0,0,0,0,0,0,0,0,0
80267,1,1,18,18,18,18,18,18,18,18,18,18
80268,1,1,0,0,0,0,0,0,0,0,0,0
80269,1,1,27,27,27,27,27,27,27,27,27,27
80270,1,1,6,6,6,6,6,6,6,6,6,6
80271,1,1,23,23,23,23,23,23,23,23,23,23
80272,1,1,0,0,0,0,0,0,0,0,0,0
80272,2,1,0,0,0,0,0,0,0,0,0,0
80273,1,1,0,0,0,0,0,0,0,0,0,0
80273,2,1,0,0,0,0,0,0,0,0,0,0
80274,0,1,17,17,17,17,17,17,17,17,17,17
80274,1,1,0,0,0,0,0,0,0,0,0,0
80275,1,1,0,8,20,0,0,0,0,0,0,0
80276,1,1,12,12,12,12,12,12,12,12,12,12
80277,1,1,21,14,0,0,29,0,0,13,16,20
80278,1,1,0,0,0,0,0,0,0,0,0,0
80279,1,1,0,0,0,0,0,0,0,0,0,0
80280,1,1,19,19,19,19,19,19,19,19,19,19
80280,2,1,0,0,0,0,0,0,0,0,0,0
80281,0,1,17,17,17,17,17,17,17,17,17,17
80281,1,1,0,0,0,0,0,0,0,0,0,24
80282,1,1,14,14,14,14,14,14,14,14,14,14
80282,2,1,0,0,0,0,0,0,0,0,0,0
80283,1,1,0,0,0,0,0,0,0,0,0,0
80283,2,1,0,0,0,0,0,0,0,0,0,0
80284,1,1,0,0,0,0,0,0,0,0,0,0
80284,2,1,0,0,0,0,0,0,0,0,0,0
80285,1,1,0,0,0,0,0,9,0,0,0,0
80285,2,1,0,0,0,0,24,0,0,0,0,0
80287,1,1,26,26,26,26,26,26,26,26,26,26
80287,2,1,0,0,0,35,0,0,0,0,0,0
80288,1,1,0,0,0,0,0,0,0,0,0,0
80289,1,1,0,0,0,0,0,0,0,0,0,0
80289,2,1,0,0,0,0,0,0,0,0,0,0
80290,0,1,20,20,20,20,20,20,20,20,20,20
80290,1,1,11,12,0,0,0,15,30,0,0,0
80291,1,1,0,0,0,0,0,0,0,0,0,0
80291,2,1,0,0,0,0,0,0,0,0,0,0
80292,1,1,0,0,0,0,0,0,0,0,0,0
80293,1,1,0,0,0,0,0,0,0,0,0,0
80294,1,1,0,0,0,0,0,0,0,0,0,0
80295,1,1,10,17,29,18,24,18,17,27,11,15
80295,2,1,0,0,0,0,0,0,0,0,0,0
80295,3,1,0,0,0,0,0,0,0,0,0,0
80295,4,1,0,0,0,0,0,0,0,0,0,0
80295,5,1,0,0,0,0,0,0,0,0,0,0
80295,6,1,0,0,0,0,0,0,0,0,0,0
80295,7,1,0,0,0,0,0,0,0,0,0,0
80296,1,1,18,18,18,18,18,18,18,18,18,18
80297,1,1,0,0,0,4,0,0,0,0,0,0
80297,2,1,0,0,0,0,0,0,0,0,0,0
80297,3,1,0,0,0,0,0,5,0,0,0,0
80298,1,1,9,9,9,9,9,9,9,9,9,9
80299,0,1,0,0,0,0,0,0,0,0,0,0
80299,1,1,0,0,0,18,0,0,0,0,0,0
80300,0,1,0,0,0,0,0,0,0,0,0,0
80300,1,1,0,0,0,0,0,0,0,0,0,12
80301,0,1,0,0,0,0,0,0,0,0,0,0
80301,1,1,0,0,0,0,0,0,0,0,0,0
80302,0,1,18,18,18,18,18,18,18,18,18,18
80302,1,1,0,0,0,0,0,0,0,0,0,0
80303,1,1,0,0,0,0,0,0,0,0,0,0
80303,2,1,0,0,0,0,0,0,0,0,0,0
80303,3,1,0,0,0,0,0,0,0,0,0,0
80303,4,1,0,0,0,0,0,0,0,0,0,0
80304,1,1,0,0,0,0,0,0,0,0,0,0
80304,2,1,0,0,0,0,0,0,0,0,0,0
80305,1,1,0,0,0,0,0,0,0,0,0,0
80306,1,1,0,0,0,0,0,0,0,0,0,0
80306,2,1,0,0,0,0,0,0,0,0,0,0
80307,1,1,2,2,2,2,2,2,2,2,2,2
80307,2,1,15,15,15,15,15,15,15,15,15,15
80308,1,1,0,0,0,0,9,0,0,0,0,0
80308,2,1,13,13,13,13,13,13,13,13,13,13
80309,1,1,0,0,0,20,0,0,0,0,0,0
80310,1,1,0,0,0,0,0,0,31,0,0,0
80310,3,1,0,0,0,15,0,0,0,0,0,0
80310,4,1,0,0,0,0,0,0,0,23,0,0
80311,1,1,19,19,19,19,19,19,19,19,19,19
80312,1,1,0,0,0,0,0,0,0,0,0,0
80312,2,1,0,0,0,0,8,0,0,0,0,0
80313,1,1,0,3,0,0,0,0,0,0,0,0
80313,2,1,0,0,0,0,0,0,0,0,0,0
80314,1,1,1,1,1,1,1,1,1,1,1,1
80314,2,1,0,0,0,0,0,0,0,0,0,0
80315,1,1,0,0,34,0,0,0,0,0,0,0
80315,2,1,0,0,0,0,0,0,0,0,0,0
80316,1,1,18,18,18,18,18,18,18,18,18,18
80317,1,1,30,30,30,30,30,30,30,30,30,30
80318,1,1,26,26,26,26,26,26,26,26,26,26
80319,1,1,11,11,11,11,11,11,11,11,11,11
80319,2,1,0,0,0,0,0,0,0,0,0,0
80320,1,1,0,0,0,0,0,0,0,0,0,0