ST_CASE,VEH_NO,PER_NO,P1,P2,P3,P4,P5,P6,P7,P8,P9,P10
90044,1,1,28,28,28,28,28,28,28,28,28,28
90045,1,1,0,0,0,0,0,13,0,11,21,0
90046,1,1,27,27,27,27,27,27,27,27,27,27
90047,1,1,0,0,0,7,0,0,5,0,0,0
90048,0,1,0,0,0,0,0,0,0,0,0,0
90048,1,1,0,0,0,0,0,0,0,0,0,0
90049,1,1,0,0,0,0,0,0,0,0,0,0
90049,2,1,0,0,19,12,0,0,0,13,0,0
90050,1,1,0,0,0,0,0,0,0,0,0,0
90050,2,1,0,15,15,0,25,0,11,0,5,0
90051,0,1,0,0,0,0,0,0,0,0,0,0
90051,0,2,0,23,21,25,0,35,11,0,15,0
90051,1,1,0,0,0,21,0,0,0,0,8,0
90052,1,1,0,0,0,0,0,0,0,0,25,0
90052,2,1,0,0,0,0,0,0,0,0,0,0
90053,1,1,0,0,0,0,0,0,0,0,0,0
90054,0,1,0,0,0,0,0,0,0,0,0,0
90054,1,1,0,0,0,0,0,0,0,0,0,17
90055,1,1,0,0,0,0,0,25,0,0,0,0
90055,2,1,0,0,0,0,0,0,0,0,0,0
90056,0,1,0,0,0,0,3,0,17,10,0,0
90056,1,1,0,0,0,11,0,0,0,14,6,0
90057,0,1,0,0,0,0,0,0,0,0,0,0
90057,4,1,9,9,9,9,9,9,9,9,9,9
90058,1,1,0,0,0,0,0,0,0,0,0,0
90058,2,1,0,14,0,0,0,11,17,0,0,0
90059,1,1,24,24,24,24,24,24,24,24,24,24
90059,2,1,0,0,0,0,0,0,0,0,0,0
90060,0,1,0,0,0,0,0,0,0,0,0,0
90060,1,1,16,0,0,32,14,0,13,12,0,4
90061,1,1,0,0,0,0,0,0,0,0,0,0
90062,1,1,0,0,0,0,0,0,0,0,0,0
90063,1,1,0,0,0,0,0,0,0,0,0,0
90063,2,1,0,0,0,0,19,13,10,0,10,0
90064,1,1,0,0,0,0,0,0,0,0,0,0
90065,1,1,9,9,9,9,9,9,9,9,9,9
90066,1,1,39,39,39,39,39,39,39,39,39,39
90067,1,1,0,0,0,0,0,0,0,0,0,0
90067,2,1,0,0,0,0,0,0,0,0,0,0
90067,3,1,0,0,0,0,0,0,0,37,0,0
90068,0,1,28,21,22,9,24,20,14,25,36,22
90068,1,1,0,18,0,0,5,56,0,2,0,24
90070,1,1,0,0,0,0,0,0,0,0,0,0
90071,0,1,0,0,0,0,0,0,0,0,0,0
90071,1,1,0,0,0,0,0,0,0,0,0,0
90072,0,1,11,11,11,11,11,11,11,11,11,11
90072,1,1,0,0,0,0,0,0,0,0,0,0
90073,1,1,0,0,0,0,0,0,0,0,0,0
90073,2,1,0,0,0,0,0,0,0,0,0,0
90074,1,1,0,0,0,0,0,0,0,0,0,0
90074,2,1,0,0,0,0,0,0,0,0,0,0
90075,1,1,0,0,0,0,0,0,0,0,0,0
90075,2,1,0,0,13,0,0,0,0,0,0,0
90076,1,1,11,11,11,11,11,11,11,11,11,11
90077,0,1,0,0,0,0,0,0,0,0,0,0
90077,1,1,29,0,22,11,13,0,15,24,17,17
90078,1,1,0,0,20,0,28,0,11,0,0,0
90078,2,1,0,0,0,0,0,0,15,0,13,0
90078,3,1,0,0,0,0,0,0,0,0,0,0
90079,1,1,0,0,0,0,0,0,0,0,0,0
90079,2,1,0,0,0,0,0,0,0,0,0,0
90080,1,1,0,11,18,8,24,11,13,25,27,0
90080,2,1,12,13,0,8,17,13,28,29,4,13
90081,1,1,18,18,18,18,18,18,18,18,18,18
90082,1,1,0,0,0,0,0,0,0,0,0,0
90082,2,1,0,0,0,15,0,20,0,0,0,4
90083,1,1,3,4,0,0,0,0,0,27,0,0
90083,2,1,0,10,0,0,0,18,11,0,7,0
90084,1,1,17,17,17,17,17,17,17,17,17,17
90084,2,1,0,0,0,0,5,0,0,7,7,0
90085,1,1,0,0,0,0,0,11,0,0,0,0
90085,2,1,0,9,0,0,0,0,19,0,0,0
90085,3,1,0,0,0,0,0,0,0,0,21,0
90086,1,1,0,0,0,0,0,0,0,0,0,0
90087,1,1,13,0,0,12,0,0,0,0,0,0
90088,1,1,0,0,0,0,0,0,0,0,0,0
90088,2,1,0,18,0,0,0,0,0,0,0,0
90089,1,1,21,25,14,11,13,38,17,14,18,20
90090,0,1,0,0,0,0,0,0,0,0,0,0
90090,1,1,0,0,0,0,0,0,0,0,0,0
90091,1,1,31,0,0,7,0,0,0,0,13,9
90092,1,1,5,5,5,5,5,5,5,5,5,5
90093,1,1,20,20,20,20,20,20,20,20,20,20
90094,1,1,0,12,19,0,0,16,0,0,0,10
90096,1,1,20,20,20,20,20,20,20,20,20,20
90097,1,1,0,0,0,0,0,15,0,0,19,0
90097,2,1,0,0,0,0,0,0,0,0,0,0
90098,1,1,0,0,0,0,0,0,0,0,0,0
90099,1,1,13,0,0,0,47,29,0,0,24,15
90099,2,1,0,0,0,0,0,0,0,0,0,0
90100,1,1,0,0,0,10,0,0,12,26,20,24
90101,1,1,23,24,0,9,4,0,17,24,0,0
90101,2,1,0,0,0,0,0,0,0,0,0,0
90102,1,1,0,0,0,0,0,0,0,0,0,0
90102,2,1,0,7,13,24,9,0,0,0,10,0
90103,1,1,0,0,0,0,0,10,0,0,0,0
90103,2,1,0,0,0,0,7,0,0,0,1,0
90103,3,1,0,0,0,0,0,0,0,26,0,0
90103,4,1,0,0,0,0,0,0,6,25,0,0
90103,5,1,0,0,0,0,0,0,0,0,0,0
90103,6,1,0,13,0,0,0,0,0,0,0,0
90103,7,1,0,17,0,0,0,20,0,10,0,0
90103,8,1,0,0,0,0,9,0,0,29,0,0
90104,0,1,0,0,0,0,0,0,0,0,0,0
90104,1,1,0,0,0,0,0,0,0,0,0,0
90104,2,1,0,0,0,0,0,0,0,0,0,0
90106,1,1,9,9,9,9,9,9,9,9,9,9
90107,1,1,0,0,0,0,0,0,0,0,0,0
90107,2,1,15,15,15,15,15,15,15,15,15,15
90108,1,1,9,25,14,4,10,16,0,31,16,21
90109,0,1,46,0,0,0,0,0,33,0,0,0
90109,1,1,0,0,0,0,0,11,0,0,18,0
90110,0,1,14,14,14,14,14,14,14,14,14,14
90110,2,1,19,0,0,0,0,0,0,0,0,0
90111,1,1,8,8,8,8,8,8,8,8,8,8
90112,0,1,2,2,2,2,2,2,2,2,2,2
90112,1,1,0,0,6,8,0,0,0,0,16,6
90113,0,1,25,25,25,25,25,25,25,25,25,25
90113,1,1,0,0,0,0,0,0,0,0,0,0
90114,1,1,8,8,8,8,8,8,8,8,8,8
90114,2,1,0,16,0,0,0,0,12,0,0,0
90114,3,1,0,0,0,0,0,0,15,14,0,0
90115,1,1,0,0,0,0,0,0,0,0,0,0
90115,2,1,13,13,13,13,13,13,13,13,13,13
90116,1,1,0,0,0,0,0,0,0,0,0,0
90117,1,1,0,0,0,0,0,0,0,0,0,0
90118,1,1,0,0,0,0,0,0,0,0,0,0
90118,2,1,0,0,0,0,0,0,0,0,0,0
90118,3,1,0,0,0,0,0,0,0,0,0,0
90119,1,1,12,15,14,14,25,14,23,16,31,42
90120,1,1,7,7,7,7,7,7,7,7,7,7
90121,1,1,15,0,0,0,0,0,0,0,0,18
90121,2,1,0,0,0,0,15,23,0,0,0,9
90122,1,1,30,30,30,30,30,30,30,30,30,30
90123,1,1,32,0,0,0,0,0,0,0,0,8
90123,2,1,0,3,0,0,0,0,0,0,0,0
90124,1,1,0,0,0,0,0,0,0,0,0,0
90124,2,1,0,0,0,0,0,0,0,0,0,0
90124,3,1,0,0,0,18,18,0,0,0,17,0
90125,1,1,17,17,17,17,17,17,17,17,17,17
90125,2,1,0,0,0,0,0,0,0,0,0,0
90126,1,1,0,0,0,0,0,0,0,0,0,0
90126,2,1,17,17,17,17,17,17,17,17,17,17
90127,1,1,9,9,9,9,9,9,9,9,9,9
90128,1,1,10,10,10,10,10,10,10,10,10,10
90129,1,1,23,23,23,23,23,23,23,23,23,23
90130,1,1,5,5,5,5,5,5,5,5,5,5
90130,2,1,0,0,0,0,0,0,0,0,0,0
90131,1,1,6,6,6,6,6,6,6,6,6,6
90132,1,1,0,0,0,0,0,0,0,0,0,0
90132,2,1,30,30,30,30,30,30,30,30,30,30
90133,1,1,0,0,0,0,0,0,0,0,0,0
90134,1,1,0,0,0,0,0,0,0,0,0,0
90135,1,1,26,26,26,26,26,26,26,26,26,26
90136,1,1,11,11,11,11,11,11,11,11,11,11
90137,1,1,0,0,0,0,0,0,0,0,0,0
90137,2,1,0,0,0,0,13,27,0,0,0,0
90138,0,1,20,20,20,20,20,20,20,20,20,20
90138,1,1,20,20,20,20,20,20,20,20,20,20
90139,1,1,0,0,0,0,0,0,0,0,0,0
90140,1,1,23,0,0,0,0,0,0,0,0,0
90140,2,1,0,0,0,0,0,0,0,0,0,0
90141,1,1,22,22,22,22,22,22,22,22,22,22
90142,0,1,20,20,20,20,20,20,20,20,20,20
90142,1,1,10,8,10,5,0,7,42,27,18,8
90143,0,1,20,20,20,20,20,20,20,20,20,20
90143,1,1,0,0,0,0,0,15,0,0,0,0
90144,1,1,0,0,0,0,0,0,0,0,0,0
90144,2,1,0,0,0,0,0,0,0,0,0,0
90145,1,1,2,2,2,2,2,2,2,2,2,2
90146,1,1,0,0,0,0,0,0,0,0,0,0
90147,1,1,15,15,15,15,15,15,15,15,15,15
90147,2,1,0,0,0,0,0,0,13,13,0,0
90148,1,1,23,23,23,23,23,23,23,23,23,23
90149,1,1,0,0,0,0,0,0,0,0,0,0
90149,2,1,0,0,0,0,0,0,0,0,0,0
90150,1,1,0,0,0,0,0,0,0,0,0,0
90151,0,1,0,0,0,0,0,0,0,0,0,0
90151,1,1,0,0,0,0,0,0,0,0,0,0
90152,1,1,23,23,23,23,23,23,23,23,23,23
90153,1,1,0,0,0,0,0,0,0,0,0,0
90153,2,1,0,0,0,0,0,0,0,0,0,0
90154,1,1,0,0,0,0,7,0,0,0,0,0
90154,2,1,21,21,21,21,21,21,21,21,21,21
90155,0,1,6,6,6,6,6,6,6,6,6,6
90155,1,1,20,19,5,12,17,17,4,25,13,18
90156,1,1,20,20,20,20,20,20,20,20,20,20
90157,1,1,24,24,24,24,24,24,24,24,24,24
90157,2,1,0,0,0,0,0,0,0,0,0,0
90158,1,1,0,0,0,0,0,0,0,0,0,0
90159,1,1,0,0,0,0,0,0,0,0,0,0
90159,2,1,15,15,15,15,15,15,15,15,15,15
90160,0,1,28,28,28,28,28,28,28,28,28,28
90160,1,1,0,14,0,18,0,0,6,7,14,0
90160,2,1,0,28,22,0,0,13,0,0,0,13
90160,3,1,0,0,0,0,0,0,0,18,12,0
90161,1,1,0,0,0,0,0,0,0,0,0,0
90162,1,1,11,11,11,11,11,11,11,11,11,11
90163,0,1,0,0,0,0,0,0,0,0,0,0
90163,1,1,0,0,0,0,0,0,0,0,0,0
90164,1,1,0,0,6,0,22,0,0,25,0,0
90164,2,1,0,0,0,0,18,0,13,0,26,17
90165,0,1,0,0,0,0,0,0,0,0,0,0
90165,1,1,0,23,0,0,0,0,0,0,0,0
90166,1,1,0,0,0,0,0,0,0,0,0,0
90166,2,1,0,0,0,0,0,0,0,0,0,0
90166,3,1,0,0,0,0,9,0,0,0,0,0
90167,1,1,0,0,0,0,0,0,0,0,0,0
90167,2,1,0,0,0,0,0,0,0,0,0,0
90168,1,1,0,0,0,0,0,0,0,0,0,0
90169,1,1,0,0,0,0,0,0,0,0,0,0
90170,1,1,0,0,0,0,0,0,0,0,0,0
90171,1,1,0,0,0,0,0,0,0,0,0,0
90171,2,1,1,1,1,1,1,1,1,1,1,1
90172,1,1,0,4,0,0,0,0,0,22,0,23
90172,2,1,16,7,10,4,27,18,0,12,4,0
90172,3,1,0,0,41,21,0,0,3,0,8,0
90173,1,1,1,1,1,1,1,1,1,1,1,1
90174,1,1,0,0,0,0,32,11,9,22,24,0
90175,0,1,23,23,23,23,23,23,23,23,23,23
90175,1,1,0,0,0,0,0,0,0,0,0,0
90176,1,1,0,0,0,0,0,0,0,0,0,0
90177,1,1,0,0,0,0,0,19,0,0,14,0
90177,2,1,0,0,0,0,0,24,0,0,0,0
90178,1,1,0,0,0,0,0,0,0,0,0,0
90179,1,1,22,22,22,22,22,22,22,22,22,22
90180,1,1,0,0,0,0,0,0,0,0,0,0
90180,2,1,0,0,0,0,0,0,0,0,0,0
90181,1,1,0,0,0,0,0,0,0,0,0,0
90181,2,1,0,9,0,0,0,0,0,0,0,0
90181,3,1,0,0,0,30,0,4,6,0,0,0
90182,1,1,0,0,0,0,11,0,17,27,11,0
90183,0,1,0,0,0,0,0,0,0,32,0,0
90183,0,2,0,0,0,0,0,0,0,0,0,0
90183,1,1,0,0,0,0,0,0,0,0,0,0
90184,1,1,0,0,18,18,0,0,26,0,5,36
90185,1,1,0,0,6,0,0,0,0,0,0,0
90185,2,1,15,23,14,0,0,0,0,0,34,0
90186,1,1,0,0,0,19,0,0,17,0,0,0
90187,1,1,19,19,19,19,19,19,19,19,19,19
90188,1,1,13,13,13,13,13,13,13,13,13,13
90190,1,1,0,0,0,0,0,0,0,0,0,11
90190,2,1,0,0,0,0,0,16,0,0,0,0
90191,1,1,0,0,0,0,0,0,0,0,0,0
90192,1,1,0,0,0,0,0,0,0,0,0,0
90192,2,1,20,20,20,20,20,20,20,20,20,20
90193,1,1,23,23,23,23,23,23,23,23,23,23
90194,1,1,0,0,0,0,0,0,0,0,0,0
90194,2,1,0,0,9,0,0,0,0,0,0,0
90195,1,1,0,0,0,0,0,0,0,0,0,0
90195,2,1,19,19,19,19,19,19,19,19,19,19
90196,1,1,22,22,22,22,22,22,22,22,22,22
90197,1,1,11,11,11,11,11,11,11,11,11,11
90198,1,1,0,11,0,0,0,0,0,25,0,0
90198,3,1,0,0,0,0,0,0,0,0,0,0
90199,0,1,0,0,0,0,0,0,0,46,0,23
90199,1,1,0,0,12,0,0,28,28,0,0,3
90200,0,1,0,0,42,0,0,0,0,54,28,4
90200,0,2,0,16,34,31,26,0,0,0,35,12
90200,0,3,0,0,0,0,0,0,0,0,0,0
90200,1,1,10,10,10,10,10,10,10,10,10,10
90201,1,1,0,0,0,0,0,0,0,0,0,0
90202,1,1,0,0,11,0,0,18,0,4,9,0
90202,2,1,6,0,13,0,0,8,0,26,21,0
90203,1,1,0,0,0,0,0,0,0,0,0,0
90203,2,1,0,7,11,0,0,0,0,0,20,0
90204,1,1,20,20,20,20,20,20,20,20,20,20
90205,0,1,0,0,0,0,0,0,0,0,0,0
90205,2,1,0,0,0,0,0,0,0,0,0,0
90206,0,1,0,0,0,0,0,0,0,0,0,0
90206,1,1,0,0,0,0,0,0,0,0,0,0
90207,1,1,12,12,12,12,12,12,12,12,12,12
90208,0,1,0,0,0,0,0,0,0,0,0,0
90208,1,1,31,0,22,0,31,0,0,0,19,0
90208,2,1,0,11,0,16,31,0,0,0,39,0
90209,1,1,0,0,0,6,0,0,0,0,0,0
90210,1,1,14,14,14,14,14,14,14,14,14,14
90210,2,1,24,24,24,24,24,24,24,24,24,24
90211,1,1,0,0,0,0,0,0,0,0,0,0
90212,1,1,20,20,20,20,20,20,20,20,20,20
90213,1,1,20,20,20,20,20,20,20,20,20,20
90213,2,1,25,25,25,25,25,25,25,25,25,25
90214,0,1,24,24,24,24,24,24,24,24,24,24
90214,1,1,0,0,0,0,0,0,0,0,0,0
90215,1,1,0,0,0,0,0,0,0,0,0,0
90215,2,1,27,27,27,27,27,27,27,27,27,27
90216,1,1,15,0,0,0,22,12,0,0,0,0
90217,0,1,0,0,0,0,0,0,0,0,0,0
90217,1,1,0,0,0,0,0,0,0,0,0,0
90218,1,1,0,0,23,0,0,0,0,0,0,0
90218,2,1,3,3,3,3,3,3,3,3,3,3
90219,1,1,0,0,0,0,0,0,0,0,0,0
90220,1,1,7,7,7,7,7,7,7,7,7,7
90221,0,1,5,5,5,5,5,5,5,5,5,5
90221,1,1,0,0,0,0,0,0,0,0,0,0
90222,1,1,0,0,0,0,0,0,0,0,0,0
90222,2,1,19,19,19,19,19,19,19,19,19,19
90223,1,1,16,16,16,16,16,16,16,16,16,16
90223,2,1,0,0,0,0,0,0,18,0,0,0
90224,0,1,0,0,0,0,0,0,0,0,0,0
90224,1,1,0,0,0,0,0,10,0,0,0,0
90225,0,1,0,0,0,23,0,0,17,30,0,0
90225,0,2,0,0,0,0,0,0,0,0,0,0
90225,1,1,1,0,15,22,11,15,16,7,39,17
90226,0,1,0,0,0,0,0,0,0,0,0,0
90226,1,1,0,0,0,0,0,0,0,20,0,0
90227,1,1,0,0,0,0,0,0,0,0,0,0
90227,2,1,0,0,0,0,0,0,0,0,0,0
90229,1,1,0,0,0,0,0,0,0,0,0,0
90229,2,1,0,0,0,0,0,0,0,0,0,0
90230,1,1,15,0,0,0,0,15,9,0,0,0
90231,1,1,0,0,0,0,0,0,0,0,0,0
90231,2,1,15,14,31,0,27,32,12,0,16,20
90232,1,1,19,19,19,19,19,19,19,19,19,19
90232,2,1,0,0,0,0,0,0,0,0,0,0
90233,1,1,0,0,0,0,0,0,0,0,0,0
90233,2,1,0,0,0,0,24,0,16,7,0,0
90234,1,1,0,0,0,0,0,0,0,0,0,0
90234,2,1,7,7,7,7,7,7,7,7,7,7
90235,0,1,12,12,12,12,12,12,12,12,12,12
90235,1,1,0,7,0,24,0,0,0,0,0,0
90236,0,1,36,36,36,36,36,36,36,36,36,36
90236,1,1,0,0,12,0,0,26,0,20,0,0
90237,1,1,0,0,12,0,0,14,0,0,41,0
90237,2,1,0,0,0,0,0,0,0,0,0,0
90238,0,1,8,8,8,8,8,8,8,8,8,8
90238,1,1,0,0,0,0,10,0,15,0,0,0
90240,1,1,23,0,0,11,4,13,5,0,0,10
90241,0,1,0,0,0,0,0,0,0,0,0,0
90241,1,1,16,0,0,0,0,9,16,6,0,12
90242,1,1,9,9,9,9,9,9,9,9,9,9
90243,1,1,0,0,0,0,0,0,0,0,0,0
90243,2,1,0,0,0,0,0,0,0,0,0,0
90244,1,1,0,0,0,0,0,0,0,0,0,0
90244,2,1,0,0,0,0,0,4,0,0,0,0
90245,1,1,9,9,9,9,9,9,9,9,9,9
90245,2,1,0,0,0,0,0,0,0,0,0,0
90246,1,1,0,0,0,0,0,0,0,0,7,0
90246,2,1,0,10,0,0,0,0,0,0,0,0
90247,0,1,0,0,0,0,0,0,0,0,0,0
90247,1,1,0,0,0,0,0,0,0,0,0,0
90248,1,1,13,13,13,13,13,13,13,13,13,13
90248,2,1,5,0,14,0,0,0,16,0,0,0
90249,1,1,0,0,6,3,0,0,0,0,0,10
90249,2,1,14,14,14,14,14,14,14,14,14,14
90249,3,1,0,0,0,0,0,17,0,8,0,0
90250,0,1,0,0,0,0,0,0,0,0,0,0
90250,1,1,0,0,0,0,0,5,15,0,6,0
90251,1,1,0,0,0,0,0,0,0,0,0,0
90251,2,1,8,0,0,0,20,0,0,17,0,0
90251,3,1,0,0,0,0,0,0,0,16,0,30
90252,1,1,0,0,0,0,0,0,0,0,0,0
90252,2,1,0,0,0,0,0,0,0,0,0,0
90253,1,1,0,0,0,0,0,0,0,0,13,0
90253,2,1,2,10,8,0,13,0,17,0,0,0
90254,0,1,0,0,0,0,0,0,0,0,0,0
90254,1,1,25,25,0,15,3,9,32,0,0,0
90254,2,1,0,7,19,33,10,0,0,5,11,21
90255,1,1,17,17,17,17,17,17,17,17,17,17
90255,2,1,0,0,0,0,0,0,0,0,0,0
90256,1,1,0,0,0,0,0,0,0,0,0,5
90256,2,1,17,17,17,17,17,17,17,17,17,17
90257,1,1,0,0,0,0,0,0,29,0,0,0
90257,2,1,0,0,0,0,0,0,0,9,0,0
90258,0,1,36,42,13,13,14,30,21,20,6,22
90258,1,1,0,16,0,0,18,1,0,0,0,0
90259,1,1,0,0,0,0,12,14,0,0,0,0
90259,2,1,0,0,0,0,0,0,0,0,0,0
90260,1,1,0,0,0,0,0,0,0,0,0,0
90260,2,1,0,0,0,0,18,0,0,0,35,0
90261,1,1,19,19,19,19,19,19,19,19,19,19
90262,1,1,0,0,0,0,0,0,0,0,0,0
90263,1,1,19,19,19,19,19,19,19,19,19,19
90265,1,1,0,0,0,10,0,52,0,0,14,10
90265,2,1,0,11,0,0,0,0,0,26,23,0
90265,3,1,0,0,0,0,0,0,0,0,0,0
90266,1,1,13,13,13,13,13,13,13,13,13,13
90267,1,1,0,0,0,0,44,0,0,0,0,0
90267,2,1,0,0,0,0,0,0,26,0,0,0
90267,3,1,0,0,0,0,0,0,0,0,0,0
90268,1,1,14,0,0,0,0,0,0,0,0,0
90269,1,1,11,11,11,11,11,11,11,11,11,11
90270,1,1,0,0,0,0,0,0,0,0,0,0
90272,0,1,0,0,0,0,19,0,0,10,31,22
90272,1,1,0,0,0,0,0,0,0,0,0,0
90273,1,1,16,8,4,8,33,21,36,19,18,0
90274,0,1,0,0,0,0,0,0,0,0,0,0
90274,0,2,0,0,0,0,0,0,0,0,0,0
90274,1,1,42,0,0,0,0,0,0,0,23,20
90275,1,1,0,29,3,29,14,5,4,0,21,6
90275,2,1,0,0,0,0,0,0,0,0,0,0
90276,0,1,0,0,0,0,0,0,0,0,0,0
90276,1,1,0,17,0,0,0,31,0,0,0,0
90277,1,1,0,0,0,0,0,0,0,0,0,0
90277,2,1,0,0,0,0,0,0,0,0,0,0
90278,0,1,11,11,11,11,11,11,11,11,11,11
90278,1,1,10,0,15,8,17,13,29,14,0,0
90279,0,1,0,0,0,0,0,0,0,0,35,16
90279,1,1,25,11,0,6,9,28,12,23,6,6
90280,1,1,24,24,24,24,24,24,24,24,24,24
90281,1,1,0,0,0,0,0,0,0,0,0,0
90282,0,1,24,24,24,24,24,24,24,24,24,24
90282,1,1,0,0,0,0,0,0,0,0,0,0
90283,1,1,16,16,16,16,16,16,16,16,16,16
90283,2,1,0,8,0,17,0,0,0,0,33,0
90284,1,1,0,0,0,0,0,0,0,0,0,0
90284,2,1,0,0,0,0,0,0,0,0,0,0
90285,1,1,0,0,0,0,0,0,0,0,0,0
90286,1,1,23,23,23,23,23,23,23,23,23,23
90289,1,1,0,0,0,0,0,0,0,0,0,0
90289,2,1,0,0,0,0,0,0,0,0,0,20
90290,0,1,0,0,0,0,0,0,0,0,0,0
90290,0,2,0,0,0,25,0,0,0,0,0,0
90290,1,1,0,0,0,0,0,0,0,0,0,0
90291,0,1,0,0,0,0,0,0,0,0,0,0
90291,1,1,0,2,0,0,0,14,0,0,16,35
90292,0,1,0,0,0,0,0,0,0,0,0,0
90292,1,1,0,0,0,15,35,29,0,0,0,0
90293,1,1,0,0,0,0,0,0,0,0,0,0
90293,2,1,0,12,0,0,0,0,0,0,0,0
90294,0,1,0,0,0,0,0,0,0,0,0,0
90294,1,1,0,0,0,8,0,3,0,0,0,0
90295,1,1,0,0,0,0,0,0,0,0,0,0
90296,0,1,0,0,0,0,0,0,0,0,0,0
90296,1,1,18,22,6,12,28,18,5,13,29,20
100001,0,1,22,22,22,22,22,22,22,22,22,22
100001,1,1,0,0,0,0,0,0,0,0,0,0
100002,1,1,0,0,0,0,0,0,0,0,0,0
100002,2,1,0,0,0,0,0,0,0,0,0,0
100003,1,1,0,0,0,0,0,0,0,0,0,0
100003,2,1,0,0,0,0,0,0,0,0,0,0
100004,1,1,0,0,0,0,0,0,0,0,0,0
100004,2,1,0,33,0,0,0,0,0,0,0,0
100005,0,1,0,0,0,0,0,0,0,0,0,0
100005,1,1,9,0,0,0,0,0,0,0,0,0
100006,0,1,0,0,0,0,0,0,0,0,0,0
100006,1,1,0,0,0,0,0,6,0,0,0,0
100007,1,1,0,0,0,0,7,0,0,0,0,0
100007,2,1,0,0,0,0,0,0,0,0,0,0
100008,1,1,0,0,0,0,0,0,0,0,0,0
100009,1,1,0,0,0,0,0,0,0,0,0,0
100009,2,1,0,0,0,0,0,0,17,0,0,0
100009,3,1,5,5,5,5,5,5,5,5,5,5
100010,0,1,12,12,12,12,12,12,12,12,12,12
100010,1,1,0,17,15,0,0,0,19,0,0,0
100011,1,1,13,13,13,13,13,13,13,13,13,13
100012,1,1,40,40,40,40,40,40,40,40,40,40
100012,2,1,0,0,0,0,0,0,0,0,0,0
100013,0,1,0,0,0,0,0,0,0,0,0,0
100013,1,1,0,0,0,0,0,0,0,0,0,0
100014,1,1,0,0,0,0,0,0,0,0,0,0
100014,2,1,0,0,0,0,0,0,0,0,0,0
100015,0,1,0,0,0,0,0,0,0,0,0,0
100015,1,1,0,0,0,0,0,15,0,0,0,0
100016,0,1,27,27,27,27,27,27,27,27,27,27
100016,1,1,0,0,25,0,0,0,0,0,0,0
100017,1,1,12,12,12,12,12,12,12,12,12,12
100017,2,1,0,0,0,0,0,30,0,0,0,0
100018,1,1,0,0,0,0,0,0,0,0,0,0
100018,2,1,0,0,0,0,0,0,0,0,0,0
100019,1,1,0,0,0,28,0,0,0,0,0,0
100019,2,1,0,21,0,0,0,0,0,0,0,0
100020,0,1,0,0,0,0,0,0,0,0,0,0
100020,1,1,0,0,0,0,16,0,0,0,0,15
100020,2,1,0,0,0,0,0,0,0,0,0,0
100021,1,1,0,0,0,0,0,0,0,0,0,0
100021,2,1,0,0,0,0,0,0,0,0,0,0
100021,3,1,0,0,0,0,0,0,0,0,0,0
100021,4,1,0,0,0,0,0,0,0,0,0,0
100022,1,1,0,0,0,0,0,0,0,0,0,0
100022,2,1,0,0,0,0,0,0,0,0,0,0
100023,0,1,36,36,36,36,36,36,36,36,36,36
100023,1,1,0,0,8,0,0,0,0,0,0,0
100024,1,1,0,0,0,0,0,0,0,0,0,0
100024,2,1,0,0,0,0,0,0,0,0,0,0
100025,1,1,0,0,0,0,0,0,0,0,0,0
100026,2,1,11,23,34,24,21,0,0,0,0,10
100027,1,1,0,0,0,0,0,0,0,0,0,0
100028,1,1,0,0,0,0,0,0,0,0,0,0
100028,2,1,0,0,0,0,0,0,0,0,0,0
100029,1,1,0,0,0,0,0,0,0,0,0,0
100029,2,1,0,0,0,0,0,0,0,0,0,0
100030,1,1,0,0,0,0,0,0,0,0,0,0
100030,2,1,0,0,0,0,0,0,0,0,0,0
100032,1,1,0,0,0,0,0,0,0,15,0,0
100032,2,1,0,0,0,0,0,0,0,0,0,0
100033,1,1,0,0,0,0,0,0,0,0,0,0
100034,1,1,22,22,22,22,22,22,22,22,22,22
100035,1,1,0,0,0,0,0,0,0,0,0,0
100035,2,1,0,0,0,0,0,0,0,20,0,0
100036,1,1,0,0,0,0,0,0,0,0,0,0
100037,1,1,23,23,23,23,23,23,23,23,23,23
100037,2,1,0,0,0,0,0,0,0,0,0,0
100038,1,1,0,0,0,0,0,0,0,0,0,0
100038,2,1,0,0,0,0,0,0,0,0,0,0
100040,1,1,0,0,0,0,0,0,0,0,0,0
100040,2,1,0,0,0,0,0,0,0,0,0,0
100041,1,1,0,0,0,0,0,0,0,0,0,0
100041,2,1,0,0,0,0,0,0,0,0,0,0
100042,1,1,0,0,0,0,0,0,0,0,0,0
100043,0,1,23,33,9,24,0,12,18,20,15,20
100043,1,1,13,0,0,0,0,0,0,0,0,14
100044,0,1,0,0,0,0,0,0,0,0,0,0
100044,1,1,0,0,0,0,0,0,0,0,0,0
100045,1,1,0,0,0,0,0,0,0,0,0,0
100045,2,1,0,0,0,0,0,0,0,0,0,0
100046,1,1,0,0,0,0,0,0,0,0,0,0
100047,1,1,0,0,0,0,0,0,0,0,0,0
100047,2,1,0,0,0,0,0,15,0,0,0,0
100048,1,1,22,22,22,22,22,22,22,22,22,22
100048,2,1,0,0,0,0,18,0,0,0,0,0
100049,0,1,18,18,18,18,18,18,18,18,18,18
100049,1,1,0,0,0,0,0,0,0,0,0,0
100050,1,1,10,10,10,10,10,10,10,10,10,10
100051,1,1,0,0,0,0,0,0,0,18,0,0