ST_CASE,VEH_NO,PER_NO,P1,P2,P3,P4,P5,P6,P7,P8,P9,P10
120490,1,1,0,0,0,0,0,0,0,0,0,0
120491,1,1,0,0,0,0,0,0,0,0,0,0
120491,2,1,0,0,0,0,10,0,0,0,0,0
120492,1,1,0,0,0,0,0,0,0,0,0,0
120492,2,1,0,0,0,0,0,0,0,0,0,0
120492,3,1,0,0,0,0,0,0,0,0,0,0
120493,1,1,0,0,0,0,0,0,0,0,0,0
120493,2,1,0,0,0,0,0,0,0,0,0,0
120494,1,1,0,0,0,0,0,0,0,0,0,0
120494,2,1,0,0,0,0,0,0,0,0,0,0
120496,1,1,13,13,13,13,13,13,13,13,13,13
120496,2,1,0,0,22,0,0,0,0,0,0,0
120497,1,1,0,0,0,0,0,0,0,0,0,0
120497,2,1,0,0,0,6,0,0,0,0,0,0
120498,1,1,0,0,0,0,0,0,0,0,0,0
120499,0,1,0,0,0,0,0,0,0,0,0,0
120499,0,2,0,0,0,0,0,0,0,0,0,0
120499,1,1,0,0,0,0,0,0,0,0,0,0
120499,2,1,0,0,0,0,0,0,0,0,3,0
120500,1,1,0,0,0,0,0,0,0,0,0,0
120501,1,1,0,0,0,0,0,0,0,0,0,0
120501,2,1,0,0,0,0,0,0,0,0,0,0
120501,3,1,0,0,0,0,0,0,0,0,0,0
120501,4,1,0,0,0,0,0,0,0,0,0,0
120502,1,1,0,0,0,0,0,0,0,0,0,0
120503,1,1,0,0,0,0,0,0,0,0,0,0
120503,2,1,0,0,0,0,0,0,0,0,0,0
120504,1,1,0,0,0,0,0,0,0,0,0,0
120504,2,1,0,0,0,0,0,0,0,0,0,0
120505,1,1,0,0,0,0,0,0,0,0,0,0
120505,2,1,0,0,0,0,0,0,0,0,0,0
120506,1,1,0,0,0,0,0,0,0,0,0,0
120506,2,1,0,0,0,0,0,0,22,0,0,0
120507,1,1,27,27,27,27,27,27,27,27,27,27
120508,1,1,9,9,9,9,9,9,9,9,9,9
120508,2,1,0,0,0,0,0,0,0,0,0,0
120509,0,1,0,23,15,6,0,0,15,31,42,13
120509,1,1,30,0,0,0,0,0,0,0,0,0
120510,0,1,4,0,0,0,0,36,0,0,0,0
120510,1,1,0,0,0,0,0,0,0,21,0,0
120511,1,1,0,0,0,0,0,0,0,0,0,0
120511,2,1,0,0,0,0,0,0,0,0,0,0
120512,1,1,18,0,0,0,0,33,30,0,7,0
120513,0,1,0,0,0,0,0,0,0,0,0,0
120513,1,1,0,0,0,0,0,0,0,0,0,0
120514,0,1,0,0,0,0,0,0,0,0,0,0
120514,0,2,0,0,0,0,0,0,0,0,0,0
120514,0,3,0,0,0,0,24,0,0,0,0,0
120514,0,4,0,0,0,0,0,0,0,0,0,0
120514,0,5,0,0,0,0,0,0,10,0,0,0
120514,0,6,0,0,0,0,0,0,0,0,0,0
120514,0,7,0,0,0,0,0,0,0,0,29,0
120514,1,1,0,0,0,0,0,0,0,0,0,0
120515,1,1,0,0,0,0,0,0,0,0,0,0
120515,2,1,0,0,0,0,0,0,0,0,0,0
120515,3,1,0,0,0,0,0,0,0,0,0,0
120516,1,1,0,0,0,0,0,0,0,0,0,0
120516,2,1,0,0,0,0,0,0,0,0,0,0
120517,1,1,0,0,0,0,0,0,0,0,6,6
120517,2,1,0,0,0,0,0,0,0,0,0,0
120518,1,1,0,0,0,0,0,0,0,0,0,0
120519,1,1,0,0,0,0,0,0,0,0,0,0
120519,2,1,0,0,0,0,0,0,0,0,44,21
120520,0,1,0,17,37,18,6,20,0,0,0,18
120520,1,1,0,14,0,0,0,0,0,0,10,0
120521,1,1,0,0,0,9,0,0,0,0,5,0
120521,2,1,0,0,0,0,0,0,0,0,0,0
120522,1,1,26,26,26,26,26,26,26,26,26,26
120523,0,1,0,0,0,0,0,0,0,0,0,0
120523,1,1,0,0,0,0,0,0,0,0,0,0
120524,1,1,0,0,0,0,0,0,0,0,0,0
120524,2,1,0,0,0,0,0,0,0,0,0,0
120525,1,1,0,0,0,0,0,0,0,0,0,0
120525,2,1,28,28,28,28,28,28,28,28,28,28
120525,3,1,0,0,0,0,0,0,12,0,0,0
120526,1,1,16,16,16,16,16,16,16,16,16,16
120527,2,1,0,0,0,0,0,0,0,0,0,0
120528,1,1,17,17,17,17,17,17,17,17,17,17
120528,2,1,0,0,0,0,0,0,0,0,0,0
120529,1,1,10,20,33,6,15,25,23,19,20,9
120529,2,1,0,0,0,0,0,0,0,0,0,0
120530,0,1,11,11,11,11,11,11,11,11,11,11
120530,2,1,0,0,0,0,0,0,0,0,0,0
120536,1,1,19,19,19,19,19,19,19,19,19,19
120536,2,1,0,0,0,0,16,0,0,0,0,0
120536,3,1,0,0,0,0,0,17,24,0,0,0
120536,4,1,0,0,0,0,0,0,0,0,0,0
120537,0,1,0,0,0,0,0,0,0,0,0,0
120537,1,1,0,0,0,0,0,0,0,0,0,0
120538,0,1,0,0,0,0,0,0,0,0,0,0
120538,1,1,0,0,0,0,0,0,0,0,0,0
120539,1,1,0,0,13,0,0,0,0,0,0,0
120540,1,1,0,0,0,0,0,0,0,0,0,0
120540,2,1,5,5,5,5,5,5,5,5,5,5
120541,0,1,0,0,36,0,0,0,0,0,24,0
120541,1,1,0,0,0,0,0,0,0,0,0,0
120542,0,1,10,10,10,10,10,10,10,10,10,10
120542,1,1,0,0,0,0,0,0,16,21,0,0
120543,1,1,0,0,0,0,0,0,0,0,0,0
120543,2,1,0,0,0,0,0,0,0,0,0,0
120544,1,1,0,0,0,0,0,0,0,0,0,0
120545,1,1,0,0,0,0,0,0,0,0,0,0
120545,2,1,0,0,0,0,0,0,0,0,0,0
120546,1,1,0,0,0,0,0,0,0,0,0,0
120546,2,1,0,0,0,0,0,0,0,0,0,0
120547,1,1,0,0,0,0,0,0,0,0,0,0
120548,1,1,0,0,0,0,0,0,0,0,0,0
120550,1,1,37,37,37,37,37,37,37,37,37,37
120551,0,1,0,0,0,0,0,0,14,0,0,0
120551,1,1,22,0,0,0,0,0,0,0,0,0
120552,1,1,14,14,14,14,14,14,14,14,14,14
120552,2,1,0,0,0,0,0,0,0,0,0,0
120553,1,1,0,0,0,0,0,0,0,0,0,0
120554,0,1,10,33,27,0,19,0,20,0,0,29
120554,1,1,14,0,0,30,0,0,0,0,0,5
120555,1,1,13,13,13,13,13,13,13,13,13,13
120556,1,1,0,0,0,0,0,0,28,0,0,0
120556,2,1,0,0,0,0,0,0,0,0,0,0
120557,1,1,16,16,16,16,16,16,16,16,16,16
120557,2,1,20,0,0,0,0,0,17,0,0,0
120558,1,1,0,0,0,0,0,0,0,0,0,0
120559,0,1,0,0,0,0,0,0,0,0,0,0
120559,1,1,31,0,0,19,24,0,0,7,16,0
120560,0,1,0,0,0,0,0,0,0,0,0,0
120560,1,1,0,0,0,0,0,0,0,0,0,0
120561,0,1,0,0,0,0,0,0,0,0,0,0
120561,0,2,0,0,0,0,22,0,33,0,0,0
120561,1,1,0,0,0,0,0,0,0,0,0,0
120561,2,1,0,0,0,0,0,0,0,0,0,0
120561,3,1,0,0,0,0,0,0,0,0,0,0
120561,4,1,0,0,0,0,0,0,0,0,0,0
120561,5,1,0,0,0,0,0,0,0,0,0,0
120562,1,1,0,0,0,0,0,0,0,0,0,0
120562,2,1,0,0,0,0,0,0,0,0,0,0
120563,1,1,19,19,19,19,19,19,19,19,19,19
120564,0,1,0,0,0,0,0,0,0,0,0,0
120564,1,1,0,0,0,0,0,0,0,0,0,0
120565,1,1,28,28,28,28,28,28,28,28,28,28
120565,2,1,0,0,0,0,0,0,0,0,0,0
120565,3,1,0,21,0,0,5,26,0,0,0,0
120566,1,1,0,0,0,12,0,0,0,0,22,0
120567,0,1,28,0,0,20,41,0,20,21,0,0
120567,1,1,4,4,4,4,4,4,4,4,4,4
120568,0,1,24,24,24,24,24,24,24,24,24,24
120568,1,1,0,0,0,0,0,14,0,0,0,0
120569,1,1,1,1,1,1,1,1,1,1,1,1
120570,1,1,18,18,18,18,18,18,18,18,18,18
120571,0,1,0,0,0,37,0,0,0,0,13,0
120572,1,1,17,0,5,0,0,27,0,0,0,20
120573,0,1,0,0,0,0,0,0,0,0,0,0
120573,1,1,0,0,0,0,0,0,0,0,0,0
120574,0,1,0,0,0,0,0,0,0,0,0,0
120574,1,1,0,0,11,0,0,0,0,0,7,29
120575,1,1,0,0,0,0,0,0,0,0,0,0
120575,2,1,0,0,0,0,0,0,0,0,0,0
120576,0,1,0,0,0,0,0,0,0,0,0,0
120576,1,1,0,0,13,0,0,0,0,0,0,0
120577,1,1,0,0,0,0,21,0,0,0,0,0
120577,2,1,0,0,0,0,0,0,0,0,0,0
120579,0,1,0,0,0,0,0,0,0,0,0,0
120579,1,1,0,0,0,0,0,0,0,0,0,0
120580,1,1,0,0,0,0,0,0,17,0,0,0
120580,2,1,0,0,0,0,0,0,0,0,0,0
120581,0,1,0,0,0,0,0,0,0,0,0,0
120581,1,1,0,0,0,0,0,19,0,0,0,0
120582,1,1,0,0,0,0,0,0,0,0,0,0
120582,2,1,0,0,0,0,0,0,0,0,0,0
120582,3,1,9,0,0,0,0,0,0,0,0,0
120582,4,1,0,0,0,0,0,0,0,0,0,0
120583,1,1,0,0,0,20,0,0,0,0,0,0
120584,1,1,0,0,0,0,0,0,0,0,0,0
120585,1,1,0,0,0,0,0,0,17,0,0,0
120585,2,1,0,0,0,0,0,0,0,0,0,0
120586,1,1,0,0,0,0,0,0,0,0,0,0
120587,0,1,17,17,17,17,17,17,17,17,17,17
120587,1,1,0,0,0,28,0,0,0,0,0,0
120589,1,1,0,0,0,0,12,0,18,0,0,0
120590,0,1,0,0,0,0,0,0,0,0,0,0
120590,0,2,0,0,14,0,0,0,0,0,0,0
120590,1,1,0,0,0,0,0,0,0,0,14,0
120591,1,1,0,0,0,0,0,0,0,0,0,0
120591,2,1,0,0,0,0,0,0,0,0,0,0
120592,1,1,18,18,18,18,18,18,18,18,18,18
120592,2,1,0,0,0,0,0,0,0,0,0,0
120593,1,1,0,0,0,0,0,0,0,15,0,0
120593,2,1,0,0,0,0,0,0,0,0,0,8
120594,1,1,0,0,0,0,0,0,0,0,0,0
120594,2,1,0,0,0,0,0,0,0,0,0,0
120596,0,1,0,0,0,29,0,0,0,0,0,36
120596,1,1,13,0,0,0,0,0,0,0,0,0
120598,1,1,7,18,38,6,22,20,28,16,4,35
120599,1,1,9,9,9,9,9,9,9,9,9,9
120600,0,1,0,0,0,0,0,0,0,0,0,0
120600,1,1,0,0,0,0,0,0,0,0,0,0
120600,2,1,0,0,0,0,0,0,0,0,0,0
120601,1,1,0,0,0,0,18,22,0,0,13,0
120602,1,1,0,0,0,0,0,0,0,0,0,0
120602,2,1,0,0,0,0,0,0,0,18,0,0
120603,0,1,17,17,17,17,17,17,17,17,17,17
120603,1,1,0,0,0,0,0,0,0,0,0,0
120604,0,1,0,0,0,0,0,0,0,0,0,0
120604,1,1,0,0,0,0,0,0,0,0,0,0
120606,0,1,0,0,0,0,0,0,0,0,0,0
120606,1,1,0,0,0,0,0,0,0,0,0,0
120607,1,1,0,0,0,9,0,0,0,0,0,0
120607,2,1,0,3,0,0,0,0,17,0,0,0
120608,1,1,8,8,8,8,8,8,8,8,8,8
120609,1,1,0,0,0,0,0,20,0,0,0,31
120611,1,1,0,0,0,0,0,0,0,0,0,0
120614,1,1,0,0,19,7,0,0,28,0,15,0
120614,2,1,0,0,0,0,0,0,0,0,0,0
120615,0,1,21,21,21,21,21,21,21,21,21,21
120615,1,1,0,0,0,0,0,0,0,0,0,0
120616,0,1,0,0,32,0,0,0,0,0,0,0
120616,0,2,0,0,0,0,8,0,37,0,0,0
120616,1,1,0,0,0,0,0,0,0,0,9,0
120617,1,1,15,27,0,11,11,18,10,0,14,0
120617,2,1,14,9,0,0,12,0,13,0,0,0
120618,0,1,15,0,8,0,0,0,0,0,5,0
120618,1,1,0,0,0,0,0,0,0,0,0,0
120619,1,1,0,0,0,0,0,0,0,0,0,0
120619,2,1,0,0,0,0,0,0,0,0,0,0
120620,0,1,0,0,0,23,0,0,5,20,0,0
120620,1,1,0,0,0,0,0,0,0,0,0,0
120621,0,1,0,0,0,0,0,0,0,0,0,0
120621,1,1,0,32,0,0,14,0,0,0,0,0
120622,1,1,0,0,0,0,0,0,0,0,0,0
120622,2,1,0,0,0,0,0,0,0,0,0,0
120622,3,1,0,22,0,0,0,0,0,0,0,0
120622,4,1,16,0,0,0,0,0,0,0,0,0
120623,0,1,13,0,23,12,0,19,14,23,33,23
120623,1,1,0,0,0,0,0,0,0,0,0,0
120624,1,1,0,0,0,0,0,0,0,0,0,0
120625,1,1,0,0,0,0,0,0,0,0,0,0
120625,2,1,0,0,0,0,0,0,0,0,0,0
120626,1,1,14,0,0,0,0,0,0,0,0,0
120626,2,1,0,0,0,0,0,0,0,0,0,0
120627,0,1,0,0,0,0,0,0,0,0,13,0
120627,1,1,0,0,0,0,0,0,0,0,0,0
120628,1,1,0,0,0,0,0,0,0,0,0,0
120629,1,1,0,46,13,0,0,0,0,0,0,13
120630,1,1,0,0,0,0,29,0,0,0,0,0
120630,2,1,0,12,0,0,0,0,0,0,0,0
120631,0,1,0,0,0,0,17,9,0,0,0,0
120631,1,1,0,0,0,0,0,0,0,0,0,0
120632,1,1,15,0,0,23,7,0,0,0,19,18
120633,0,1,0,0,0,0,0,0,0,0,0,0
120633,0,2,0,0,0,0,0,0,0,0,0,0
120633,1,1,44,22,20,8,22,16,24,19,6,5
120634,0,1,30,13,0,16,19,18,26,15,25,59
120634,1,1,0,0,19,0,0,0,0,0,0,0
120634,2,1,0,0,0,0,0,0,0,0,0,0
120635,1,1,0,0,0,36,0,0,0,0,0,0
120636,1,1,0,0,0,0,0,0,0,0,0,0
120636,2,1,0,0,0,0,0,20,0,0,0,0
120639,0,1,0,0,0,20,0,0,0,29,0,0
120639,1,1,19,19,19,19,19,19,19,19,19,19
120640,1,1,0,0,0,0,0,0,19,0,0,0
120640,2,1,0,0,0,0,0,0,0,0,0,0
120641,1,1,0,0,0,0,0,0,0,0,0,0
120642,1,1,0,0,0,0,0,0,0,0,0,0
120642,2,1,0,0,0,0,0,0,0,0,0,23
120642,3,1,0,0,0,31,0,0,0,0,0,0
120643,1,1,0,0,0,0,0,0,0,0,0,0
120644,1,1,0,0,0,0,0,0,0,0,0,0
120645,1,1,22,22,22,22,22,22,22,22,22,22
120645,2,1,0,0,0,0,0,0,0,0,0,0
120646,1,1,19,19,19,19,19,19,19,19,19,19
120648,0,1,14,14,14,14,14,14,14,14,14,14
120648,1,1,0,0,0,0,0,0,0,0,0,0
120649,0,1,10,10,10,10,10,10,10,10,10,10
120649,1,1,0,0,0,0,0,0,0,0,0,0
120650,1,1,29,29,29,29,29,29,29,29,29,29
120651,0,1,0,0,0,0,0,0,0,0,0,0
120651,1,1,0,0,0,0,0,0,0,0,0,0
120652,1,1,24,24,24,24,24,24,24,24,24,24
120653,0,1,0,0,0,0,0,0,0,0,0,0
120653,1,1,0,0,0,4,0,0,0,0,0,0
120653,2,1,0,0,0,0,0,0,0,0,0,0
120653,3,1,0,0,0,0,0,0,0,0,0,0
120653,4,1,0,0,0,0,0,0,0,0,0,0
120654,0,1,0,0,0,0,0,0,0,0,0,0
120654,1,1,0,0,0,0,0,0,0,0,0,0
120655,1,1,0,0,0,0,0,0,0,0,0,0
120655,2,1,0,0,0,8,0,0,0,15,0,0
120656,0,1,32,32,32,32,32,32,32,32,32,32
120656,1,1,0,0,0,0,0,0,0,0,0,0
120657,1,1,19,0,0,8,15,12,15,0,0,13
120658,0,1,20,0,0,0,0,0,25,25,0,3
120658,1,1,0,0,0,0,0,0,0,0,0,0
120659,0,1,27,27,27,27,27,27,27,27,27,27
120659,1,1,0,0,0,0,0,0,0,0,0,0
120660,1,1,21,21,21,21,21,21,21,21,21,21
120660,2,1,0,0,0,0,0,0,0,0,0,0
120661,1,1,0,0,0,0,0,0,0,0,0,0
120661,2,1,0,0,0,0,0,0,0,0,0,0
120661,3,1,0,0,0,0,0,0,0,0,0,0
120662,1,1,0,0,0,0,0,0,0,0,0,0
120662,2,1,1,1,1,1,1,1,1,1,1,1
120663,1,1,31,0,0,0,0,0,37,0,0,0
120664,1,1,23,0,0,0,0,0,0,0,0,0
120664,2,1,0,0,0,0,0,0,0,0,0,0
120665,0,1,0,0,0,0,0,0,0,0,0,0
120665,1,1,0,0,0,0,0,0,0,0,0,0
120666,1,1,0,0,0,0,0,0,0,0,0,22
120666,2,1,0,0,0,0,0,0,0,0,0,0
120667,1,1,16,16,16,16,16,16,16,16,16,16
120667,2,1,28,0,18,0,0,29,0,0,46,0
120667,3,1,0,0,0,0,0,0,0,0,0,0
120668,1,1,0,0,0,0,0,0,0,0,0,0
120668,2,1,0,0,0,7,0,0,0,0,0,0
120669,1,1,0,0,0,0,0,0,0,0,0,0
120670,1,1,26,26,26,26,26,26,26,26,26,26
120672,0,1,0,0,0,0,0,0,0,0,0,0
120672,1,1,26,20,6,26,0,0,0,12,6,0
120673,1,1,13,13,13,13,13,13,13,13,13,13
120673,2,1,0,11,0,0,0,0,0,0,0,0
120674,1,1,0,0,0,0,0,0,0,0,0,0
120675,1,1,0,0,0,0,0,0,0,0,0,0
120675,2,1,0,9,0,0,0,0,0,0,0,0
120676,0,1,10,10,10,10,10,10,10,10,10,10
120676,1,1,0,0,0,0,0,0,0,0,0,0
120677,0,1,0,0,0,0,0,0,0,0,0,0
120677,0,2,0,0,0,0,0,0,0,0,0,0
120677,1,1,0,0,0,0,0,0,0,0,0,0
120679,0,1,0,0,0,27,0,0,0,17,7,0
120679,1,1,13,3,0,11,27,0,0,0,9,0
120680,1,1,0,0,0,0,0,0,0,0,0,0
120680,2,1,0,0,0,0,0,0,0,0,0,0
120681,1,1,0,0,0,0,0,0,0,0,0,0
120681,2,1,0,0,0,0,0,0,0,0,0,0
120682,0,1,13,29,0,0,0,0,20,27,0,0
120682,1,1,0,0,0,0,12,0,0,0,0,39
120683,1,1,26,30,0,7,2,0,19,0,0,12
120684,1,1,0,0,0,0,0,0,0,0,0,0
120685,0,1,0,0,0,0,0,0,0,0,0,0
120685,1,1,0,0,0,0,0,0,0,0,0,0
120686,1,1,0,0,0,0,0,0,0,0,0,0
120686,2,1,0,0,0,0,0,0,0,0,0,0
120688,1,1,0,0,0,0,0,0,0,0,0,0
120689,0,1,20,0,16,29,0,0,0,0,0,0
120689,1,1,0,0,0,43,0,4,0,0,0,0
120690,1,1,0,0,0,0,0,0,0,0,0,0
120690,2,1,0,0,0,0,0,0,0,0,0,0
120690,3,1,0,0,0,0,0,0,18,0,0,0
120691,1,1,9,9,9,9,9,9,9,9,9,9
120692,1,1,18,14,18,8,5,5,5,48,29,11
120692,2,1,0,0,0,0,0,8,0,0,7,0
120694,1,1,0,0,0,0,0,0,0,0,0,0
120694,2,1,0,0,0,0,0,0,0,0,0,0
120696,1,1,0,0,0,0,0,0,0,0,0,0
120696,2,1,10,10,10,10,10,10,10,10,10,10
120697,1,1,15,15,15,15,15,15,15,15,15,15
120697,2,1,0,0,0,0,0,0,0,0,0,0
120698,0,1,20,20,20,20,20,20,20,20,20,20
120698,1,1,0,0,0,0,0,0,0,0,0,0
120699,1,1,0,0,0,0,0,0,0,0,0,0
120699,2,1,8,8,8,8,8,8,8,8,8,8
120700,0,1,3,3,3,3,3,3,3,3,3,3
120700,1,1,0,0,0,0,0,0,0,0,0,0
120701,1,1,14,14,14,14,14,14,14,14,14,14
120702,1,1,0,0,0,0,17,0,0,0,0,0
120702,2,1,0,0,0,21,0,5,0,0,0,0
120703,0,1,6,6,6,6,6,6,6,6,6,6
120703,1,1,0,0,0,0,0,0,9,0,0,0
120704,0,1,26,24,0,0,7,4,0,22,0,15
120704,1,1,0,0,0,0,0,0,0,0,0,0
120705,0,1,3,3,3,3,3,3,3,3,3,3
120705,1,1,0,0,0,0,0,0,0,0,0,0
120706,1,1,0,10,0,0,0,0,0,0,0,7
120707,1,1,14,18,0,0,0,0,11,0,8,0
120708,1,1,13,0,0,0,0,0,0,6,21,0
120709,1,1,17,17,17,17,17,17,17,17,17,17
120710,1,1,0,0,0,0,0,0,0,0,0,0
120711,1,1,7,7,7,7,7,7,7,7,7,7
120712,1,1,18,18,18,18,18,18,18,18,18,18
120713,1,1,26,26,26,26,26,26,26,26,26,26
120713,2,1,0,0,0,0,0,0,0,0,0,0
120714,1,1,11,11,11,11,11,11,11,11,11,11
120715,1,1,0,0,0,0,0,0,0,0,0,0
120716,1,1,0,0,35,0,0,0,0,0,16,0
120716,2,1,0,0,0,0,0,0,0,0,17,0
120717,1,1,0,0,0,0,0,16,30,0,0,0
120718,1,1,0,0,0,0,0,0,0,0,0,0
120718,2,1,0,0,0,0,0,0,0,0,0,0
120719,1,1,0,0,0,0,0,0,0,0,0,0
120720,1,1,0,0,0,0,0,0,0,0,0,0
120720,2,1,0,0,0,0,0,0,0,0,14,0
120721,0,1,0,0,0,0,0,0,0,0,0,0
120721,1,1,0,0,0,0,0,0,0,0,0,0
120721,2,1,0,0,0,0,0,0,0,0,12,0
120722,1,1,0,0,0,0,0,0,0,0,0,0
120723,1,1,15,0,0,0,0,0,0,0,0,0
120723,2,1,0,0,0,0,0,0,0,0,0,0
120723,3,1,0,0,0,0,0,0,0,0,0,0
120725,0,1,0,0,0,0,0,0,0,0,0,0
120725,1,1,0,0,0,22,0,0,0,0,0,0
120726,1,1,0,0,0,0,0,0,0,0,0,0
120727,1,1,25,25,25,25,25,25,25,25,25,25
120728,1,1,0,0,0,0,0,0,0,0,0,0
120729,1,1,0,0,0,0,0,0,0,0,0,0
120730,0,1,0,0,0,0,0,0,0,0,0,0
120730,1,1,9,5,0,0,0,13,7,0,24,13
120731,0,1,0,0,0,0,0,0,0,0,0,0
120731,1,1,5,0,19,6,0,11,0,10,15,0
120731,2,1,0,0,0,0,0,0,0,0,0,0
120732,1,1,0,0,0,0,0,0,0,0,0,0
120732,2,1,0,2,0,0,0,0,17,18,0,0
120733,1,1,0,0,0,0,0,0,0,0,0,0
120734,0,1,0,0,0,0,0,0,0,0,0,0
120734,1,1,0,0,16,0,0,0,0,0,0,0
120735,0,1,0,0,0,0,0,0,0,0,0,0
120735,1,1,0,0,0,0,0,0,0,0,0,0
120736,1,1,0,0,0,0,0,0,0,0,6,0
120736,2,1,0,0,0,0,0,0,0,0,0,0
120736,3,1,0,0,0,0,0,0,0,0,0,0
120737,0,1,0,0,42,0,0,0,0,0,0,0
120737,1,1,0,0,0,0,0,0,0,0,0,0
120738,1,1,0,0,0,0,0,0,0,0,0,0
120738,2,1,0,0,0,0,0,0,0,0,0,0
120738,3,1,0,0,0,0,0,0,0,0,0,0
120739,1,1,0,0,0,0,0,0,0,0,0,0
120739,2,1,0,0,0,0,0,27,0,12,0,0
120740,1,1,0,0,0,0,0,0,0,0,0,0
120741,1,1,1,1,1,1,1,1,1,1,1,1
120741,2,1,15,3,18,20,13,0,29,9,0,23
120742,1,1,0,0,0,0,0,0,0,0,0,0
120742,2,1,0,0,0,0,0,0,0,0,0,0
120743,1,1,0,0,0,0,0,14,0,0,0,0
120744,1,1,0,0,0,0,0,0,0,0,0,0
120744,2,1,0,0,0,0,0,0,0,0,19,0
120745,1,1,0,0,0,0,0,0,0,0,0,0
120745,2,1,0,10,0,0,0,0,0,23,0,30
120746,1,1,0,0,0,0,0,0,0,0,0,0
120746,2,1,0,0,29,0,0,0,0,0,0,0
120747,1,1,0,0,0,0,0,0,0,0,6,0
120747,2,1,0,0,0,0,0,0,0,0,0,0
120748,0,1,0,0,0,0,0,0,0,0,0,0
120748,1,1,0,14,12,0,7,0,0,8,0,0
120749,1,1,12,19,13,15,24,8,6,19,7,23
120750,1,1,0,0,0,0,0,0,0,0,0,0
120751,1,1,0,0,0,0,0,0,0,0,0,0
120752,1,1,18,18,18,18,18,18,18,18,18,18
120753,1,1,0,0,0,0,17,0,0,0,0,0
120753,2,1,11,11,11,11,11,11,11,11,11,11
120754,0,1,0,0,0,0,0,0,0,0,0,0
120754,1,1,0,0,14,0,0,0,0,0,0,0
120755,1,1,23,23,23,23,23,23,23,23,23,23
120755,2,1,0,0,0,0,0,0,0,0,0,0
120756,0,1,0,0,0,0,0,0,0,0,0,0
120756,1,1,0,0,26,0,15,0,0,0,0,0
120757,1,1,0,0,0,0,0,0,0,0,0,0
120757,2,1,0,0,0,0,0,0,0,0,0,0
120758,1,1,0,0,0,0,0,0,0,0,0,0
120758,2,1,0,0,0,0,0,0,0,0,0,0
120758,3,1,0,0,0,0,0,0,0,0,0,0
120759,1,1,0,0,0,0,0,0,0,0,0,0
120759,2,1,0,0,0,0,0,0,16,0,0,0
120759,3,1,0,0,0,0,0,0,0,0,0,0
120759,4,1,0,0,0,0,0,0,0,0,0,0
120759,5,1,0,0,0,0,0,0,0,0,0,0
120760,1,1,0,0,0,7,0,0,0,0,0,16
120760,2,1,0,0,0,0,0,0,0,0,0,0
120762,0,1,0,0,0,0,0,0,0,0,0,0
120762,1,1,0,0,0,0,0,0,0,0,7,0
120763,1,1,0,0,0,0,0,0,0,0,0,0
120763,2,1,0,0,0,0,0,0,0,0,0,0
120765,1,1,0,0,0,0,0,0,0,0,0,0
120765,2,1,0,22,0,0,6,0,0,0,0,0
120766,1,1,2,0,0,0,0,0,0,0,0,0
120766,2,1,0,0,13,0,0,6,0,0,0,0
120767,0,1,6,0,0,0,0,0,17,0,0,0
120767,1,1,0,0,0,0,0,0,0,0,0,0
120768,1,1,0,0,0,0,0,0,0,0,0,0
120770,1,1,0,0,0,0,0,0,0,0,0,0
120770,2,1,0,0,0,0,0,0,0,0,0,0
120771,1,1,0,0,0,0,0,0,0,0,0,0
120771,2,1,0,0,0,0,0,0,0,0,0,0
120772,0,1,26,26,26,26,26,26,26,26,26,26
120772,1,1,0,0,0,0,0,0,0,0,0,0
120773,1,1,0,0,0,0,0,0,0,0,0,0
120774,1,1,0,0,0,0,0,0,0,0,0,0
120775,1,1,0,0,0,0,0,0,0,0,0,0
120777,1,1,0,9,15,10,0,16,0,0,23,19
120778,1,1,0,0,0,0,0,0,0,21,0,0
120778,2,1,0,0,0,0,0,0,0,0,0,0
120778,3,1,6,0,0,0,0,0,0,0,0,0
120778,4,1,0,0,0,0,0,0,0,0,0,0
120779,0,1,0,0,0,0,0,0,0,0,0,0
120779,1,1,0,0,0,0,0,0,0,0,0,0
120780,0,1,0,0,0,0,0,0,0,0,0,0
120780,1,1,0,0,0,0,0,0,0,0,0,0
120781,0,1,0,0,0,0,0,0,0,0,0,0
120781,1,1,0,0,0,0,15,0,0,0,0,0
120783,1,1,0,0,0,0,0,0,0,0,0,0
120784,0,1,0,0,0,0,0,0,30,0,0,0
120784,1,1,0,0,0,0,0,0,0,0,0,0
120785,0,1,0,0,0,0,0,0,0,0,0,0
120785,0,2,0,0,0,0,0,0,0,0,0,0
120785,2,1,0,0,0,0,0,0,0,0,0,0
120787,0,1,0,0,0,0,0,0,0,0,0,0
120787,0,2,0,0,0,0,0,0,0,0,0,0
120787,1,1,0,0,0,0,0,0,0,0,0,0
120788,0,1,51,21,14,20,20,19,10,41,9,11
120788,1,1,0,0,0,0,0,0,21,0,0,0
120789,1,1,11,11,11,11,11,11,11,11,11,11
120790,1,1,0,0,0,0,0,0,0,0,0,0
120791,1,1,22,22,22,22,22,22,22,22,22,22
120793,1,1,0,0,0,0,0,0,0,0,0,0
120793,2,1,0,0,0,0,0,0,0,0,0,0
120794,1,1,0,0,0,0,12,0,0,0,0,0
120795,1,1,0,0,0,0,0,0,0,0,0,0
120796,0,1,11,11,11,11,11,11,11,11,11,11
120796,1,1,0,0,0,12,0,0,0,0,0,0
120797,1,1,0,0,0,0,0,0,0,0,0,0
120798,1,1,10,10,10,10,10,10,10,10,10,10