ST_CASE,VEH_NO,PER_NO,P1,P2,P3,P4,P5,P6,P7,P8,P9,P10
121109,2,1,0,0,0,0,0,0,0,0,0,0
121110,0,1,10,0,14,0,16,0,26,0,0,21
121110,1,1,0,0,0,0,36,0,0,0,0,0
121111,0,1,23,22,41,24,16,26,23,32,24,0
121111,1,1,0,0,0,0,0,0,0,0,0,0
121112,1,1,8,8,8,8,8,8,8,8,8,8
121113,1,1,29,29,29,29,29,29,29,29,29,29
121113,2,1,0,0,0,0,0,0,0,0,0,0
121113,3,1,0,0,0,0,0,0,0,0,0,0
121115,0,1,0,0,0,0,0,0,0,0,0,0
121115,1,1,0,0,0,0,0,0,0,0,0,0
121116,0,1,18,0,0,0,0,24,0,18,0,8
121116,1,1,0,0,0,9,0,0,0,0,0,0
121117,0,1,0,0,0,0,22,0,0,0,0,0
121117,1,1,0,0,0,0,0,0,0,0,0,0
121118,0,1,0,0,0,0,0,0,0,0,0,0
121118,1,1,0,0,0,0,0,0,0,0,0,0
121119,1,1,0,26,0,0,0,0,19,0,23,0
121120,1,1,13,13,13,13,13,13,13,13,13,13
121120,2,1,0,0,0,0,0,0,0,0,0,0
121121,0,1,28,0,0,19,0,0,22,18,0,0
121121,1,1,0,16,0,19,0,3,7,26,0,19
121123,1,1,0,0,0,0,0,0,0,0,0,0
121123,2,1,21,21,21,21,21,21,21,21,21,21
121124,0,1,0,0,0,0,0,0,0,0,0,0
121124,1,1,0,0,0,0,0,0,0,0,0,5
121125,0,1,13,13,13,13,13,13,13,13,13,13
121125,1,1,0,0,20,0,0,0,11,0,39,0
121127,1,1,0,0,0,0,0,0,0,0,0,0
121127,2,1,0,0,9,0,0,0,0,0,0,0
121128,1,1,0,0,0,0,0,0,0,0,0,0
121128,2,1,0,0,0,0,0,0,0,0,0,0
121129,0,1,0,0,0,0,0,0,0,0,0,0
121129,1,1,0,0,0,0,0,0,19,8,0,0
121130,0,1,0,0,0,0,0,0,0,0,0,0
121130,1,1,0,0,0,0,0,0,0,0,0,0
121131,0,1,18,0,0,0,5,0,23,17,0,0
121131,1,1,0,0,0,0,0,0,0,0,0,0
121132,1,1,0,11,0,0,0,2,0,0,0,0
121133,0,1,0,0,0,0,0,0,0,0,0,0
121133,1,1,0,0,0,0,0,0,26,0,0,0
121134,1,1,0,0,0,0,0,0,0,0,0,0
121134,2,1,0,0,0,0,0,0,0,0,0,0
121135,0,1,24,0,0,15,0,19,14,0,0,0
121135,1,1,0,0,0,0,0,0,0,0,0,0
121136,1,1,0,0,0,0,0,0,0,0,0,0
121136,2,1,0,0,0,0,0,0,0,0,0,0
121138,1,1,0,0,0,0,0,0,0,0,0,0
121139,1,1,0,0,0,0,0,0,0,0,0,0
121140,1,1,0,0,0,0,0,0,0,0,0,0
121140,2,1,0,0,0,0,0,0,0,0,0,0
121141,0,1,0,0,0,0,0,0,0,0,0,0
121141,1,1,0,0,0,0,0,0,0,0,0,0
121142,1,1,0,0,0,22,0,0,0,0,0,9
121142,2,1,0,0,0,0,0,0,0,0,0,0
121144,0,1,40,40,40,40,40,40,40,40,40,40
121144,1,1,0,0,0,0,0,0,0,0,0,0
121145,1,1,15,15,15,15,15,15,15,15,15,15
121145,2,1,0,0,0,0,0,0,0,0,0,0
121146,1,1,0,0,0,0,0,0,0,0,0,0
121147,0,1,10,7,17,10,0,26,13,20,4,36
121147,1,1,0,0,0,0,0,0,0,0,0,0
121148,1,1,10,17,16,2,7,18,21,22,0,31
121149,1,1,0,17,18,0,0,17,0,0,6,0
121150,0,1,0,0,0,0,0,0,0,0,0,0
121150,0,2,0,0,0,0,0,0,0,0,0,0
121150,0,3,0,0,0,0,0,0,0,0,14,0
121150,1,1,0,0,20,0,0,0,0,0,0,0
121151,1,1,0,0,0,0,0,0,0,0,0,0
121151,2,1,0,0,0,0,0,6,0,0,0,0
121151,3,1,0,0,0,0,0,0,0,0,0,0
121152,0,1,0,0,4,0,0,0,0,0,0,33
121152,1,1,0,0,0,0,0,0,0,0,0,0
121153,1,1,0,0,0,0,0,0,0,0,0,0
121153,2,1,0,0,0,0,0,0,0,0,0,0
121153,3,1,0,0,0,0,0,0,0,0,7,0
121154,1,1,0,0,0,0,0,0,0,0,0,0
121154,2,1,0,0,0,0,0,0,0,0,0,0
121154,3,1,0,0,0,0,0,0,0,0,0,0
121155,1,1,0,0,0,0,0,0,0,0,0,0
121155,2,1,7,4,4,6,0,0,14,0,11,0
121156,1,1,25,0,0,0,0,37,0,0,0,0
121157,0,1,0,0,0,0,0,0,0,0,0,0
121157,1,1,0,0,0,0,0,0,0,0,0,0
121158,0,1,0,0,0,0,0,0,8,0,0,0
121158,1,1,0,0,0,0,0,0,0,0,0,0
121159,0,1,2,2,2,2,2,2,2,2,2,2
121159,1,1,0,0,0,0,0,0,0,0,0,0
121159,2,1,0,0,0,23,0,0,0,6,0,0
121160,1,1,15,15,15,15,15,15,15,15,15,15
121160,2,1,0,0,0,0,0,0,0,0,0,0
121161,1,1,0,0,0,0,0,0,0,0,0,0
121161,2,1,20,20,20,20,20,20,20,20,20,20
121162,1,1,0,0,0,0,0,0,0,0,0,0
121163,1,1,0,0,0,0,0,0,0,0,0,0
121163,2,1,0,0,0,0,0,0,0,0,0,0
121164,1,1,0,0,0,0,0,0,0,0,0,0
121165,1,1,3,3,3,3,3,3,3,3,3,3
121165,2,1,0,0,0,0,0,0,0,0,0,0
121166,1,1,0,12,0,0,17,0,0,0,0,0
121166,2,1,0,0,0,0,0,0,0,0,0,0
121167,1,1,0,0,0,0,0,0,0,0,0,0
121167,2,1,0,0,0,0,0,0,15,0,0,0
121168,1,1,0,11,0,0,0,0,0,0,0,0
121169,1,1,0,0,0,0,0,0,0,0,0,0
121169,2,1,0,0,0,0,0,0,0,0,0,0
121170,1,1,0,0,0,0,0,0,0,0,0,0
121170,2,1,0,0,0,0,0,0,0,0,0,0
121171,1,1,0,0,0,0,0,0,0,0,0,0
121171,2,1,0,0,15,0,0,0,0,0,0,0
121172,1,1,0,0,0,0,0,0,0,0,0,0
121172,2,1,0,0,0,0,0,0,0,0,0,0
121173,0,1,0,0,0,0,0,0,0,0,0,0
121173,1,1,25,0,0,0,15,0,0,0,22,0
121174,0,1,0,0,32,0,0,0,0,0,0,0
121174,1,1,0,0,10,0,0,0,0,0,0,0
121175,1,1,0,0,15,32,0,0,0,0,0,16
121176,0,1,19,0,0,0,0,27,0,11,3,0
121176,1,1,0,0,0,0,17,0,0,0,0,0
121177,0,1,23,23,23,23,23,23,23,23,23,23
121177,1,1,19,19,19,19,19,19,19,19,19,19
121178,1,1,0,0,0,0,17,0,0,0,0,0
121178,2,1,0,0,0,0,0,0,10,0,0,0
121179,1,1,0,0,0,0,18,0,0,0,0,0
121179,2,1,0,0,0,0,0,0,0,0,0,0
121180,1,1,0,0,0,0,0,0,0,0,20,0
121180,2,1,0,0,0,0,0,0,0,0,0,0
121181,0,1,0,0,0,0,0,0,0,0,0,0
121181,1,1,23,0,0,0,0,38,0,0,0,0
121182,1,1,0,0,0,0,0,0,0,0,0,0
121183,0,1,0,0,0,0,0,0,0,0,0,0
121183,1,1,0,0,0,0,0,0,0,0,0,0
121184,1,1,0,0,0,0,0,0,0,0,0,0
121185,1,1,0,0,0,0,0,0,0,0,0,0
121186,1,1,0,0,0,0,0,0,0,0,0,0
121186,2,1,6,0,0,0,0,0,0,0,0,0
121187,1,1,0,0,0,0,0,0,0,0,0,0
121188,1,1,0,0,0,0,0,0,0,0,0,0
121188,2,1,0,0,0,0,0,0,0,0,0,0
121189,0,1,4,4,4,4,4,4,4,4,4,4
121189,1,1,0,11,0,0,0,0,14,0,0,0
121191,1,1,17,17,17,17,17,17,17,17,17,17
121192,1,3,0,8,25,17,0,0,0,8,0,0
121193,0,1,0,0,0,23,0,0,0,16,18,0
121193,1,1,0,0,0,0,0,0,0,0,0,0
121194,1,1,0,0,0,0,0,0,0,0,0,0
121194,2,1,0,0,0,0,0,0,0,0,0,0
121195,1,1,25,25,25,25,25,25,25,25,25,25
121195,2,1,0,0,0,0,0,0,0,0,0,0
121196,1,1,0,0,0,0,0,0,0,0,0,0
121197,1,1,16,16,16,16,16,16,16,16,16,16
121198,1,1,0,0,0,0,0,0,0,0,0,0
121199,1,1,0,0,0,0,0,0,0,0,0,0
121199,2,1,0,25,0,8,0,0,0,5,0,0
121200,0,1,8,8,8,8,8,8,8,8,8,8
121200,1,1,0,0,0,0,0,0,0,0,0,0
121201,1,1,0,0,0,0,0,0,0,0,0,0
121201,2,1,0,0,0,0,0,0,0,10,0,0
121202,0,1,0,0,0,0,0,0,0,0,0,0
121202,1,1,0,0,0,0,0,0,0,0,8,0
121203,1,1,19,19,19,19,19,19,19,19,19,19
121204,1,1,0,0,0,0,0,0,0,0,0,0
121205,1,1,0,0,0,0,0,0,0,0,0,0
121205,2,1,0,0,0,0,0,0,0,0,0,0
121206,0,1,16,16,16,16,16,16,16,16,16,16
121206,1,1,0,0,0,0,0,0,0,0,0,0
121207,1,1,0,0,0,0,0,0,0,0,0,0
121208,1,1,0,15,0,0,0,0,0,0,0,31
121209,0,1,39,39,39,39,39,39,39,39,39,39
121209,1,1,0,0,0,0,0,0,0,0,0,0
121209,2,1,7,0,16,0,12,0,0,0,8,0
121210,0,1,32,32,32,32,32,32,32,32,32,32
121210,1,1,0,0,0,0,0,0,29,0,0,0
121211,1,1,0,0,0,0,0,0,0,0,0,0
121211,2,1,0,0,0,23,0,13,0,0,0,0
121212,1,1,19,19,19,19,19,19,19,19,19,19
121212,2,1,5,5,5,5,5,5,5,5,5,5
121213,1,1,12,13,26,0,0,0,22,0,0,18
121214,1,1,0,0,0,0,0,0,0,0,0,11
121215,0,1,28,0,0,0,7,0,0,6,12,0
121215,1,1,0,0,0,0,0,0,0,0,0,0
121216,1,1,1,1,1,1,1,1,1,1,1,1
121217,1,1,0,0,0,0,0,0,0,0,0,0
121217,2,1,0,0,0,0,0,0,0,0,0,0
121218,1,1,0,0,0,0,0,0,0,0,0,0
121218,2,1,0,0,0,13,0,0,0,0,0,0
121219,0,1,0,0,0,0,15,0,0,0,32,0
121219,1,1,0,0,0,15,0,0,0,0,27,0
121220,1,1,0,0,0,0,0,0,0,0,0,0
121220,2,1,13,0,0,0,0,0,0,0,0,0
121221,1,1,0,0,0,0,0,0,0,0,0,0
121222,1,1,0,0,0,0,0,0,0,0,0,0
121222,2,1,0,0,0,0,0,0,0,0,0,0
121223,0,1,0,0,0,0,0,0,0,0,0,0
121223,1,1,0,23,0,0,0,0,0,0,0,0
121224,1,1,0,0,0,0,0,0,0,0,0,0
121224,2,1,0,0,0,0,0,0,0,0,0,0
121225,1,1,0,0,0,0,0,0,0,0,0,0
121225,2,1,0,0,0,0,0,0,0,0,0,0
121226,1,1,0,0,0,0,0,0,0,0,0,0
121227,0,1,0,0,0,0,0,0,0,0,0,0
121227,1,1,0,0,0,0,0,0,0,0,0,0
121228,1,1,17,17,17,17,17,17,17,17,17,17
121229,1,1,33,33,33,33,33,33,33,33,33,33
121230,1,1,0,0,0,0,0,11,0,21,0,0
121231,1,1,0,0,0,0,0,0,0,0,0,0
121232,1,1,0,0,0,0,0,0,0,0,0,0
121232,2,1,0,0,0,0,0,0,0,0,10,0
121233,1,1,17,17,17,17,17,17,17,17,17,17
121234,1,1,0,0,0,0,0,0,0,0,0,0
121234,2,1,0,0,0,0,0,0,0,0,0,0
121235,1,1,11,11,11,11,11,11,11,11,11,11
121236,0,1,0,0,0,0,0,0,0,0,0,0
121236,1,1,0,0,0,0,0,0,0,0,0,0
121237,1,1,0,0,0,0,0,0,0,0,0,0
121238,1,1,0,0,14,0,0,0,0,0,0,0
121238,2,1,0,0,0,0,0,0,0,0,0,0
121238,3,1,0,0,0,0,0,0,0,0,0,0
121238,4,1,0,0,0,0,0,0,0,0,0,0
121238,5,1,0,0,0,0,0,0,0,0,0,0
121240,1,1,0,0,0,0,0,0,0,0,0,0
121241,0,1,0,0,0,0,0,0,0,0,0,0
121241,1,1,0,0,0,0,0,0,0,0,0,0
121242,1,1,4,4,4,4,4,4,4,4,4,4
121243,0,1,0,0,0,0,0,0,0,0,0,0
121243,1,1,0,0,0,0,0,0,0,0,0,0
121244,0,1,19,19,19,19,19,19,19,19,19,19
121244,1,1,0,0,0,0,0,0,0,0,0,0
121245,1,1,1,1,1,1,1,1,1,1,1,1
121246,1,1,0,13,0,0,17,26,6,0,0,0
121247,0,1,26,16,47,10,18,14,24,14,17,22
121247,1,1,0,0,0,0,0,0,0,0,0,0
121248,0,1,4,4,4,4,4,4,4,4,4,4
121248,1,1,0,11,0,16,30,30,4,0,0,0
121249,1,1,0,0,0,0,0,0,0,0,0,0
121249,2,1,0,0,0,0,0,0,0,0,0,0
121250,1,1,0,0,0,0,0,0,0,0,0,0
121251,0,1,0,0,0,0,0,0,0,0,0,0
121251,1,1,0,0,0,0,0,0,0,0,0,0
121252,0,1,0,0,29,26,0,0,0,0,0,0
121252,1,1,0,0,0,0,0,0,0,0,0,0
121253,0,1,25,25,25,25,25,25,25,25,25,25
121253,1,1,0,0,0,0,0,0,0,15,0,0
121254,1,1,0,0,0,0,0,0,0,0,0,0
121254,2,1,21,21,21,21,21,21,21,21,21,21
121255,0,1,0,0,0,0,0,0,0,0,0,0
121255,1,1,0,0,0,0,0,0,0,0,0,0
121256,0,1,15,15,15,15,15,15,15,15,15,15
121256,1,1,0,0,0,0,0,0,0,0,0,0
121257,1,1,0,0,0,0,0,0,0,0,0,0
121258,1,1,7,7,7,7,7,7,7,7,7,7
121259,1,1,0,0,0,0,0,0,0,0,0,0
121261,0,1,0,0,0,0,0,0,0,0,0,0
121261,1,1,20,2,16,21,15,11,0,14,17,10
121262,1,1,0,0,0,0,0,0,0,0,0,0
121262,2,1,0,0,0,0,0,0,0,0,0,0
121263,1,1,0,0,0,0,0,0,0,0,0,0
121263,2,1,0,0,0,0,0,0,0,0,0,0
121264,1,1,0,0,0,0,0,0,0,0,0,0
121264,2,1,0,0,0,0,0,0,9,0,0,0
121265,1,1,12,12,12,12,12,12,12,12,12,12
121265,2,1,0,24,0,26,0,0,6,0,0,0
121265,3,1,0,11,0,0,0,0,0,0,0,0
121265,4,1,0,0,0,0,0,0,0,23,0,0
121265,5,1,0,0,0,0,0,0,0,0,0,0
121266,0,1,39,39,39,39,39,39,39,39,39,39
121266,1,1,0,25,0,26,0,0,0,0,0,0
121267,1,1,0,0,0,0,0,0,0,0,0,0
121268,1,1,0,0,0,0,0,0,0,0,0,0
121269,1,1,6,17,0,23,0,16,4,14,12,0
121269,2,1,0,0,0,31,0,0,24,0,0,0
121270,0,1,3,3,3,3,3,3,3,3,3,3
121270,1,1,19,0,0,0,0,0,0,0,0,0
121270,2,1,0,0,25,0,0,0,0,8,0,0
121271,0,1,31,0,0,0,0,0,0,0,0,0
121271,0,2,0,0,0,24,0,0,0,0,0,0
121271,1,1,19,5,10,25,7,4,19,16,11,6
121272,0,1,0,0,0,0,0,34,0,0,0,0
121272,1,1,0,0,0,0,0,23,0,0,0,0
121273,0,1,10,10,10,10,10,10,10,10,10,10
121273,1,1,0,0,0,0,8,0,0,0,0,0
121274,0,1,15,15,15,15,15,15,15,15,15,15
121274,1,1,0,0,0,0,0,0,0,0,0,0
121275,1,1,16,16,16,16,16,16,16,16,16,16
121275,2,1,14,14,14,14,14,14,14,14,14,14
121275,3,1,0,0,0,0,0,0,0,0,0,0
121276,1,1,0,0,0,0,0,0,0,0,0,0
121276,2,1,0,0,0,0,0,0,0,0,0,0
121276,3,1,0,0,0,0,0,0,0,0,0,0
121276,4,1,0,0,0,0,0,0,0,0,0,0
121277,0,1,0,0,0,0,0,0,0,0,0,0
121277,1,1,0,0,0,0,0,0,0,0,0,0
121278,1,1,21,21,21,21,21,21,21,21,21,21
121278,2,1,0,0,0,0,0,0,0,0,0,0
121278,3,1,0,0,0,0,0,0,0,0,0,0
121278,4,1,26,0,0,0,0,0,0,37,0,3
121279,1,1,0,0,0,17,0,0,0,0,0,0
121280,1,1,16,16,16,16,16,16,16,16,16,16
121284,1,1,0,0,0,29,0,0,0,0,0,0
121284,2,1,0,0,0,0,0,0,0,0,0,0
121286,1,1,0,0,0,0,0,0,0,0,0,0
121286,2,1,0,0,0,0,0,0,0,0,0,0
121287,0,1,0,30,0,0,0,0,0,0,36,23
121287,1,1,0,0,10,0,0,0,0,0,0,0
121288,0,1,0,0,0,0,0,0,0,0,0,0
121288,1,1,0,0,0,0,0,0,0,0,0,0
121288,2,1,0,0,0,0,0,0,0,0,0,0
121289,1,1,0,0,0,0,0,0,0,0,0,0
121289,2,1,0,0,0,0,0,0,0,0,0,0
121290,1,1,0,0,0,0,0,0,0,0,0,0
121290,2,1,0,0,0,0,0,0,0,0,0,0
121291,1,1,0,0,0,0,0,0,0,0,21,0
121292,0,1,0,0,0,0,0,0,13,0,0,0
121292,1,1,0,16,0,0,20,0,0,0,0,0
121293,0,1,0,0,0,0,0,0,0,26,0,0
121293,1,1,0,0,0,0,0,0,0,0,0,0
121294,1,1,27,27,27,27,27,27,27,27,27,27
121294,2,1,0,0,0,0,0,0,0,0,0,0
121294,3,1,0,10,0,0,0,0,0,0,17,0
121295,1,1,0,0,0,0,0,0,0,0,0,0
121295,2,1,0,0,0,0,0,0,0,0,0,0
121296,0,1,0,0,0,0,0,0,0,0,0,0
121296,1,1,0,0,0,0,0,0,0,0,0,0
121297,0,1,32,0,0,27,0,0,0,0,23,0
121297,1,1,0,0,0,13,0,0,0,0,0,0
121298,0,1,0,0,0,0,0,0,0,0,0,0
121298,1,1,0,0,0,0,0,0,0,0,14,0
121299,1,1,0,0,0,0,0,0,0,0,0,0
121299,2,1,0,0,0,0,0,0,0,0,0,0
121299,3,1,0,0,0,0,0,0,0,0,0,0
121299,4,1,0,0,0,0,0,0,0,0,0,0
121300,1,1,0,0,0,0,0,0,0,0,0,0
121301,1,1,26,26,26,26,26,26,26,26,26,26
121301,2,1,0,0,0,0,0,0,0,0,0,0
121301,3,1,0,0,0,0,0,0,0,0,0,0
121301,4,1,0,0,0,0,0,0,0,0,0,0
121302,1,1,0,0,0,0,0,0,0,0,0,0
121303,1,1,17,0,0,0,0,0,0,0,12,0
121303,2,1,0,0,0,0,0,0,0,0,0,26
121304,0,1,0,0,0,0,0,0,0,0,0,0
121304,1,1,0,0,0,0,0,0,7,0,0,0
121305,0,1,0,0,0,0,0,0,0,0,0,0
121305,1,1,0,0,0,0,0,0,0,0,0,0
121306,0,1,0,0,0,0,0,0,0,0,0,0
121306,1,1,27,0,0,0,27,0,20,16,0,0
121307,1,1,14,14,14,14,14,14,14,14,14,14
121308,1,1,32,0,26,0,0,0,0,0,0,0
121309,1,1,23,23,23,23,23,23,23,23,23,23
121310,1,1,0,0,0,0,0,0,0,0,0,0
121310,2,1,0,0,0,0,0,0,7,0,0,0
121311,1,1,13,13,13,13,13,13,13,13,13,13
121311,2,1,0,0,0,0,0,0,0,0,0,0
121312,1,1,0,0,0,0,0,0,0,0,0,0
121312,2,1,0,0,0,0,0,0,0,0,0,0
121313,1,1,3,3,3,3,3,3,3,3,3,3
121314,0,1,0,0,0,0,0,0,0,0,0,0
121314,1,1,0,0,0,0,0,0,0,0,0,0
121315,0,1,4,4,4,4,4,4,4,4,4,4
121315,1,1,0,0,0,0,0,0,0,0,0,0
121316,0,1,0,0,0,0,0,0,0,0,0,0
121316,1,1,31,6,19,0,0,0,0,31,0,10
121317,1,1,0,0,0,0,0,0,0,0,0,0
121317,2,1,0,16,0,0,0,0,0,0,0,0
121318,1,1,0,0,0,0,9,0,0,0,0,0
121318,2,1,0,0,0,0,0,0,0,0,0,0
121318,3,1,0,0,0,0,0,0,0,0,0,0
121319,1,1,0,0,0,0,0,0,19,0,0,0
121319,2,1,11,0,0,0,0,0,0,0,10,0
121320,1,1,0,0,0,0,0,0,0,0,0,0
121321,1,1,0,0,26,0,0,0,0,18,0,0
121322,1,1,0,0,0,0,0,0,0,0,0,0
121323,1,1,15,0,11,0,7,0,0,0,0,0
121323,2,1,0,0,0,0,0,0,0,0,0,0
121323,3,1,0,0,0,0,0,10,0,0,0,0
121323,4,1,0,0,0,0,0,0,0,0,0,0
121324,1,1,18,0,0,0,0,0,0,0,0,0
121324,2,1,0,0,0,0,0,0,0,0,0,0
121325,1,1,17,17,17,17,17,17,17,17,17,17
121326,1,1,0,0,0,0,0,0,0,0,0,0
121326,2,1,5,5,5,5,5,5,5,5,5,5
121326,3,1,0,0,0,0,0,0,0,0,0,0
121326,4,1,0,0,0,0,0,0,0,0,0,0
121326,5,1,0,0,0,0,0,0,0,0,0,0
121327,1,1,0,0,0,0,0,0,0,0,0,0
121327,2,1,0,0,0,0,0,0,0,0,0,0
121328,0,1,14,15,15,22,33,37,43,13,27,16
121328,1,1,0,0,0,0,0,26,0,0,0,0
121329,1,1,9,9,9,9,9,9,9,9,9,9
121330,1,1,0,0,0,0,0,0,0,0,0,0
121331,1,1,0,23,0,0,0,0,0,0,0,0
121331,2,1,0,0,0,0,0,0,0,7,0,0
121332,1,1,0,0,0,0,0,0,0,0,0,0
121332,2,1,0,0,0,0,0,0,0,0,0,0
121333,1,1,0,21,7,27,0,0,15,22,24,0
121334,1,1,21,21,21,21,21,21,21,21,21,21
121335,0,1,21,21,21,21,21,21,21,21,21,21
121335,1,1,0,0,0,7,21,0,0,0,2,0
121336,1,1,0,0,25,0,0,0,0,0,24,0
121337,1,1,12,12,12,12,12,12,12,12,12,12
121337,2,1,0,0,0,0,0,0,0,0,0,0
121338,0,1,9,9,9,9,9,9,9,9,9,9
121338,1,1,0,0,0,0,0,0,0,0,0,0
121338,2,1,0,0,0,0,0,0,0,0,0,0
121338,3,1,0,0,0,0,0,0,0,0,0,0
121339,1,1,0,0,0,0,0,0,0,0,0,0
121339,2,1,0,0,0,0,0,0,0,0,0,0
121340,1,1,21,21,21,21,21,21,21,21,21,21
121340,2,1,0,0,0,0,0,0,0,0,0,0
121341,1,1,16,16,16,16,16,16,16,16,16,16
121342,1,1,0,0,0,0,0,0,0,0,0,0
121342,2,1,0,0,0,0,0,0,0,0,0,0
121343,1,1,0,0,0,0,0,0,0,0,0,0
121343,2,1,0,0,0,0,0,0,0,0,0,0
121344,1,1,0,0,0,0,0,0,0,0,0,0
121344,2,1,0,0,0,0,0,18,0,0,0,0
121345,1,1,0,0,0,0,0,0,0,0,0,0
121346,1,1,23,17,18,0,0,26,0,12,6,20
121347,1,1,14,14,0,22,0,0,0,0,0,24
121348,1,1,29,0,19,0,10,24,0,0,7,13
121348,2,1,0,0,0,0,0,0,0,0,0,0
121349,1,1,0,0,0,0,0,0,0,0,0,0
121349,2,1,0,0,0,0,0,0,0,0,0,0
121350,1,1,11,11,11,11,11,11,11,11,11,11
121351,0,1,20,20,20,20,20,20,20,20,20,20
121351,1,1,0,0,0,0,0,0,0,0,0,0
121352,1,1,20,20,20,20,20,20,20,20,20,20
121352,2,1,0,0,0,0,0,0,0,5,0,0
121353,1,1,0,0,19,0,0,8,0,0,0,0
121353,2,1,17,0,0,0,0,0,0,0,0,0
121354,1,1,0,11,7,13,0,0,20,11,14,27
121355,1,1,0,0,0,0,0,0,0,0,0,0
121356,1,1,15,15,15,15,15,15,15,15,15,15
121357,0,1,0,0,0,25,9,0,0,0,0,0
121357,1,1,0,0,0,0,0,0,28,0,0,0
121358,1,1,0,0,0,0,0,0,0,0,0,0
121358,2,1,0,0,0,0,0,0,0,0,0,0
121359,0,1,0,0,0,0,0,0,0,0,0,0
121359,1,1,0,0,0,0,5,0,0,0,5,0
121360,0,1,0,0,0,0,0,0,0,0,0,0
121360,0,2,0,0,0,0,0,0,0,0,0,0
121360,1,1,0,0,0,0,0,0,0,0,0,0
121361,0,1,0,0,0,0,0,0,0,0,0,0
121361,1,1,0,0,0,0,0,0,0,0,0,0
121362,1,1,11,11,11,11,11,11,11,11,11,11
121363,0,1,0,0,0,0,0,0,0,0,0,0
121363,1,1,0,8,0,0,0,0,0,0,0,0
121364,0,1,0,40,0,0,0,0,0,0,0,14
121364,1,1,0,0,0,0,0,0,25,0,0,14
121365,0,1,11,0,0,10,0,0,4,0,0,0
121365,1,1,0,0,0,0,0,0,0,0,12,0
121366,1,1,0,0,0,0,0,0,0,0,4,0
121366,2,1,0,0,0,0,0,0,0,0,0,0
121367,1,1,0,21,21,0,29,22,32,6,0,17
121368,1,1,0,0,0,0,0,0,0,0,0,0
121368,2,1,0,0,0,0,0,0,0,0,16,0
121368,3,1,0,0,0,0,0,0,0,0,0,0
121369,1,1,0,0,0,0,0,0,0,0,0,0
121370,1,1,0,0,0,0,0,0,22,0,0,0
121370,2,1,0,0,0,0,0,0,0,0,0,0
121371,0,1,0,0,19,0,0,0,24,0,15,0
121371,1,1,0,0,0,28,0,0,0,15,0,0
121372,1,1,0,21,0,0,0,23,0,20,0,0
121373,1,1,23,23,23,23,23,23,23,23,23,23
121374,0,1,24,24,24,24,24,24,24,24,24,24
121374,1,1,0,0,0,0,0,0,0,0,0,0
121377,1,1,14,14,14,14,14,14,14,14,14,14
121377,2,1,0,0,0,0,0,0,0,0,0,0
121378,1,1,0,0,0,0,0,0,0,0,16,0
121378,2,1,0,0,0,2,0,0,0,0,0,0
121379,1,1,3,3,3,3,3,3,3,3,3,3
121380,1,1,22,13,27,19,13,22,15,17,21,12
121380,2,1,0,0,0,3,0,0,0,0,0,0
121380,3,1,0,0,0,0,0,0,0,0,31,0
121381,1,1,8,0,0,6,0,0,0,0,0,0
121381,2,1,0,0,0,0,0,36,0,0,0,0
121382,1,1,21,21,21,21,21,21,21,21,21,21
121383,1,1,0,0,0,0,0,0,0,0,0,0
121383,2,1,0,0,0,0,0,0,0,0,0,0
121384,1,1,0,0,0,0,0,0,0,0,0,0
121384,2,1,0,0,0,0,0,0,0,0,0,0
121385,1,1,30,30,30,30,30,30,30,30,30,30
121386,1,1,0,0,0,4,0,0,7,0,0,0
121386,2,1,0,0,0,0,0,0,0,0,0,0
121387,1,1,0,0,0,0,0,0,0,0,0,0
121387,2,1,0,13,0,10,0,0,37,0,16,0
121388,1,1,0,0,0,0,0,0,0,0,0,0
121388,2,1,17,17,17,17,17,17,17,17,17,17
121389,0,1,0,0,0,0,0,0,0,0,0,0
121389,1,1,0,0,0,0,0,0,16,0,0,0
121390,0,1,0,12,0,0,0,23,0,0,0,5
121390,1,1,0,0,0,0,0,0,0,0,13,0
121391,0,1,0,0,0,0,0,0,0,0,0,0
121391,1,1,0,0,0,0,7,0,0,0,18,0
121392,1,1,23,0,0,0,0,13,0,0,0,20
121392,2,1,0,0,0,0,0,0,0,0,0,0
121392,3,1,0,0,0,0,0,5,0,0,0,0
121393,1,1,0,0,0,0,0,0,0,0,0,0
121393,2,1,0,0,0,0,0,0,0,0,0,0
121394,1,1,27,13,22,7,0,24,12,5,18,7
121395,1,1,0,0,0,0,0,0,0,0,0,0
121396,0,1,0,0,0,0,0,0,0,0,0,0
121396,1,1,0,0,0,0,0,0,0,0,0,0
121397,1,1,27,27,27,27,27,27,27,27,27,27
121397,2,1,0,0,0,0,0,0,0,0,0,0
121398,1,1,0,0,0,0,0,0,0,0,0,0
121398,2,1,0,0,0,0,9,0,0,0,26,0
121400,0,1,0,0,0,0,0,0,0,0,0,38
121400,1,1,0,0,0,0,0,0,0,0,0,0
121401,0,1,0,0,0,0,0,0,0,0,0,0
121401,1,1,0,0,0,0,0,0,0,0,0,0
121402,0,1,2,2,2,2,2,2,2,2,2,2
121402,1,1,0,0,0,0,0,0,0,0,0,0
121403,1,1,28,28,28,28,28,28,28,28,28,28
121404,1,1,0,0,0,0,0,0,0,0,0,0