ST_CASE,VEH_NO,PER_NO,P1,P2,P3,P4,P5,P6,P7,P8,P9,P10
121404,2,1,0,0,0,0,0,0,0,0,0,0
121405,0,1,0,0,0,0,0,0,0,0,0,0
121405,1,1,0,0,0,0,0,0,0,0,0,0
121406,1,1,0,0,0,0,0,0,0,0,0,0
121407,1,1,0,0,0,5,0,0,0,5,0,15
121407,2,1,19,12,33,0,15,22,16,0,0,22
121407,3,1,0,0,0,0,0,0,0,0,12,0
121408,0,1,0,0,0,0,0,0,0,0,22,0
121408,1,1,0,0,0,0,0,0,0,0,0,0
121409,0,1,0,0,15,0,17,0,14,18,22,25
121409,1,1,36,9,5,0,22,0,18,13,30,0
121410,1,1,0,0,0,0,0,0,0,0,0,0
121410,2,1,30,0,0,0,10,4,0,14,0,0
121411,1,1,0,0,0,0,0,0,0,0,0,0
121411,2,1,0,0,0,0,0,0,0,0,0,0
121412,1,1,0,0,0,0,0,0,0,0,0,0
121412,2,1,0,0,0,0,0,0,0,0,0,0
121412,3,1,6,6,6,6,6,6,6,6,6,6
121413,1,1,0,0,0,0,0,0,0,0,0,0
121413,2,1,14,9,16,9,10,16,21,6,17,5
121414,1,1,0,0,0,0,0,0,0,0,0,0
121415,1,1,9,9,9,9,9,9,9,9,9,9
121415,2,1,0,0,0,0,0,0,0,0,0,0
121416,0,1,16,16,16,16,16,16,16,16,16,16
121416,1,1,0,0,0,0,0,0,0,0,0,0
121417,1,1,27,27,27,27,27,27,27,27,27,27
121417,2,1,0,0,0,0,0,0,0,0,0,0
121418,1,1,9,9,9,9,9,9,9,9,9,9
121418,2,1,0,0,0,0,0,0,0,0,0,0
121419,1,1,21,21,21,21,21,21,21,21,21,21
121419,2,1,0,0,0,0,0,0,0,0,0,0
121419,3,1,0,0,0,0,15,0,0,6,0,0
121420,1,1,13,13,13,13,13,13,13,13,13,13
121420,2,1,0,0,0,0,0,0,0,0,0,0
121421,1,1,22,0,7,0,0,0,0,0,8,0
121422,0,1,0,0,0,0,0,0,0,16,0,0
121422,0,2,7,7,7,7,7,7,7,7,7,7
121422,0,3,0,0,0,0,0,0,0,0,0,0
121422,1,1,0,0,0,0,0,0,0,0,0,0
121423,1,1,22,22,22,22,22,22,22,22,22,22
121424,1,1,0,0,0,0,0,0,0,0,15,0
121425,1,1,0,0,0,0,0,0,0,0,0,0
121425,2,1,0,0,0,0,0,0,0,15,0,0
121426,0,1,0,0,0,0,0,13,0,0,0,0
121426,1,1,0,0,0,0,0,0,0,0,0,0
121427,0,1,0,0,0,0,0,0,0,0,0,0
121427,1,1,0,0,0,0,0,0,0,0,0,0
121428,1,1,0,0,0,0,0,0,0,0,0,0
121429,1,1,0,0,0,0,0,0,0,0,0,0
121429,2,1,19,0,0,0,0,0,0,0,0,0
121429,3,1,0,0,0,0,0,0,0,18,0,0
121430,0,1,0,18,17,23,0,21,0,0,0,0
121430,1,1,28,0,0,0,0,16,0,0,0,0
121431,1,1,0,0,0,0,0,0,0,0,0,0
121432,1,1,16,16,16,16,16,16,16,16,16,16
121433,1,1,23,23,23,23,23,23,23,23,23,23
121433,2,1,0,0,0,0,0,0,0,0,0,0
121434,1,1,0,0,0,3,0,0,0,0,0,0
121435,1,1,0,0,0,0,0,0,0,0,0,0
121436,1,1,0,0,0,14,0,0,0,0,0,0
121436,2,1,0,0,0,0,0,0,0,0,0,0
121437,1,1,0,0,0,0,0,0,0,0,0,0
121437,2,1,6,0,0,0,0,0,0,0,0,0
121438,1,1,0,0,0,0,0,0,0,0,0,0
121438,2,1,0,0,0,0,0,0,0,0,0,0
121439,1,1,0,0,0,0,0,0,0,0,0,0
121440,1,1,0,0,0,0,0,0,0,0,0,0
121440,2,1,0,0,0,0,0,0,0,0,0,0
121442,1,1,19,19,19,19,19,19,19,19,19,19
121443,1,1,0,0,0,0,0,0,0,0,0,0
121443,2,1,0,0,0,0,0,0,0,0,0,0
121444,1,1,0,0,17,0,0,27,3,18,5,26
121444,2,1,10,10,10,10,10,10,10,10,10,10
121445,1,1,0,0,0,0,0,0,0,0,0,0
121446,1,1,46,46,46,46,46,46,46,46,46,46
121447,1,1,9,9,9,9,9,9,9,9,9,9
121448,1,1,0,0,0,0,0,0,0,0,0,0
121449,1,1,0,0,0,0,0,0,0,0,0,0
121449,2,1,0,0,11,0,17,0,11,0,0,0
121450,1,1,0,0,0,0,0,0,0,0,0,0
121450,2,1,0,0,0,0,0,0,0,0,0,0
121451,0,1,0,0,0,0,0,0,0,0,0,0
121451,1,1,0,0,0,0,0,0,0,0,0,0
121452,0,1,0,0,0,0,0,0,0,0,32,0
121452,1,1,0,0,0,0,0,0,0,0,0,0
121453,1,1,21,0,0,0,0,0,0,0,0,0
121454,1,1,0,0,0,0,0,0,0,0,0,0
121454,2,1,24,0,0,0,0,0,0,14,0,0
121455,1,1,0,0,0,0,0,0,0,0,0,0
121455,2,1,0,0,0,0,28,0,20,0,0,0
121456,0,1,0,0,0,0,0,0,0,0,0,0
121456,1,1,0,0,0,0,0,0,0,0,0,16
121456,2,1,0,0,0,0,0,0,0,0,0,0
121457,1,1,0,0,0,0,0,0,0,0,0,0
121457,2,1,0,0,0,0,0,0,0,0,0,0
121457,3,1,0,0,0,0,0,0,0,0,0,0
121457,4,1,0,0,0,0,0,0,0,0,0,0
121457,5,1,0,0,0,0,0,0,9,0,0,0
121457,6,1,0,0,0,0,0,0,0,0,0,0
121457,7,1,0,0,0,0,0,0,0,0,0,0
121457,8,1,0,0,0,0,0,0,0,0,0,0
121457,9,1,7,0,0,0,0,0,0,0,0,0
121457,10,1,0,0,0,0,0,0,0,0,0,0
121458,1,1,6,6,6,6,6,6,6,6,6,6
121458,2,1,0,7,0,0,0,0,0,0,0,0
121459,1,1,0,0,0,0,0,0,0,0,0,0
121460,0,1,0,0,0,26,0,0,33,8,0,0
121460,1,1,0,0,0,0,0,0,0,0,0,0
121461,1,1,0,13,0,0,0,11,0,11,0,0
121463,0,1,0,0,0,0,0,0,0,0,0,0
121463,1,1,0,0,15,0,0,0,0,0,0,0
121463,2,1,0,0,0,0,0,0,0,0,0,0
121464,0,1,0,0,0,0,0,0,0,0,0,0
121464,1,1,19,8,14,16,17,8,13,11,12,16
121465,1,1,0,0,0,0,0,0,0,0,0,0
121465,2,1,0,0,0,0,13,0,0,0,0,0
121466,1,1,0,0,0,0,0,0,0,0,0,0
121466,2,1,0,0,0,0,0,0,0,0,0,0
121466,3,1,0,0,0,0,0,0,0,0,0,0
121468,1,1,0,0,0,0,0,0,0,0,0,0
121469,1,1,0,0,0,0,0,0,0,0,0,0
121469,2,1,0,13,0,0,0,0,0,0,0,0
121470,0,1,0,0,0,0,0,0,0,0,0,0
121470,1,1,0,0,0,0,0,0,0,0,0,0
121471,0,1,14,14,14,14,14,14,14,14,14,14
121471,1,1,14,14,14,14,14,14,14,14,14,14
121472,0,1,0,0,0,0,0,0,0,0,0,0
121472,0,2,20,0,0,0,0,0,0,36,0,0
121472,1,1,0,0,0,0,0,0,0,0,0,0
121473,1,1,0,0,0,0,0,10,0,0,0,0
121473,2,1,0,0,0,15,0,0,0,10,0,0
121474,1,1,0,0,0,0,0,0,0,0,0,0
121474,2,1,10,10,10,10,10,10,10,10,10,10
121475,1,1,25,25,25,25,25,25,25,25,25,25
121475,2,1,0,0,0,0,0,0,0,0,0,0
121476,1,1,0,0,0,0,0,0,0,0,0,0
121476,2,1,16,16,16,16,16,16,16,16,16,16
121477,0,1,36,0,0,0,19,0,0,0,0,20
121477,1,1,0,0,0,20,0,0,0,0,0,0
121478,1,1,0,0,0,0,0,0,0,0,0,16
121478,2,1,0,0,0,0,0,0,0,0,0,0
121479,1,1,24,24,24,24,24,24,24,24,24,24
121479,2,1,24,24,24,24,24,24,24,24,24,24
121479,3,1,0,0,0,0,0,0,0,0,0,0
121480,1,1,7,0,0,8,0,0,26,4,0,32
121482,1,1,0,0,0,0,0,0,0,0,0,0
121482,2,1,0,0,0,0,11,0,0,0,0,0
121483,1,1,0,0,0,0,0,0,0,0,0,0
121483,2,1,0,0,0,0,13,0,0,0,0,0
121484,0,1,10,0,18,0,0,0,0,0,0,0
121484,1,1,0,0,0,0,0,37,0,0,0,0
121485,1,1,0,0,0,0,0,0,0,0,0,0
121486,1,1,14,19,15,18,18,17,13,22,15,14
121486,2,1,0,0,0,0,0,0,0,0,0,0
121487,1,1,0,0,0,0,0,0,0,0,0,0
121488,1,1,0,0,0,6,4,0,0,0,0,0
121489,1,1,24,24,24,24,24,24,24,24,24,24
121490,1,1,0,0,0,0,0,0,0,0,0,0
121490,2,1,0,0,0,9,0,0,0,0,0,0
121491,0,1,0,0,0,0,0,0,0,28,0,0
121491,1,1,0,0,0,0,24,0,19,0,0,0
121492,1,1,0,0,0,0,0,0,0,0,0,0
121492,2,1,0,0,0,0,15,0,0,0,0,0
121493,0,1,20,0,0,0,9,24,0,0,0,0
121493,1,1,0,0,0,0,0,0,0,0,0,0
121494,0,1,0,0,0,6,0,0,0,0,0,0
121494,1,1,0,0,0,0,0,0,0,0,0,0
121496,1,1,0,0,0,0,0,0,0,0,0,0
121496,2,1,0,0,0,0,0,0,0,0,0,0
121497,0,1,0,0,23,0,11,22,0,0,0,0
121497,1,1,0,0,0,27,0,0,0,0,0,0
121498,1,1,0,0,0,0,0,0,18,0,16,10
121499,1,1,0,0,0,0,0,0,0,0,0,0
121500,1,1,18,18,18,18,18,18,18,18,18,18
121501,1,1,6,15,9,42,21,9,21,17,26,7
121502,0,1,0,0,0,0,0,0,0,0,0,0
121502,1,1,0,0,9,0,13,12,0,12,7,9
121503,1,1,0,0,0,0,0,0,0,0,0,0
121504,0,1,0,0,0,0,0,0,0,0,0,0
121504,1,1,0,0,0,0,0,0,0,0,0,0
121506,1,1,0,0,0,0,0,0,0,0,0,0
121506,2,1,0,0,0,0,0,0,0,0,0,0
121506,3,1,0,0,0,0,0,0,0,0,0,0
121507,1,1,0,0,24,0,0,13,0,22,0,0
121507,2,1,0,0,0,0,0,0,0,0,0,0
121509,1,1,0,0,0,0,0,17,0,0,0,0
121509,2,1,0,0,0,0,0,0,0,0,0,0
121509,3,1,0,0,0,0,0,0,0,0,0,0
121510,0,1,15,0,23,0,0,0,0,0,0,0
121510,1,1,0,0,0,12,0,0,0,0,0,0
121511,1,1,12,0,0,7,10,0,0,0,0,0
121511,2,1,0,0,0,21,0,0,0,0,0,0
121513,1,1,0,0,0,0,0,12,9,0,0,0
121513,2,1,0,0,0,0,0,0,0,0,0,0
121514,0,1,0,0,0,0,0,0,0,0,0,0
121514,1,1,0,0,0,0,0,0,0,0,0,0
121515,1,1,0,0,0,0,0,0,0,0,0,0
121517,1,1,37,37,37,37,37,37,37,37,37,37
121518,0,1,39,39,39,39,39,39,39,39,39,39
121518,1,1,0,0,0,0,0,0,0,0,0,0
121519,1,1,0,6,23,0,0,0,28,0,0,0
121520,0,1,0,0,0,0,0,0,0,0,0,0
121520,1,1,0,0,0,0,0,0,0,0,0,0
121521,1,1,0,0,0,0,0,0,0,0,0,0
121521,2,1,0,0,0,0,0,0,0,0,0,0
121522,1,1,35,35,35,35,35,35,35,35,35,35
121523,1,1,0,0,0,0,0,0,0,0,0,0
121524,1,1,0,0,0,0,0,0,0,0,0,0
121524,2,1,0,0,0,0,0,0,0,0,0,0
121524,3,1,0,0,0,0,0,0,0,0,0,0
121526,0,1,0,0,0,0,0,0,0,0,0,0
121526,1,1,0,0,0,0,0,0,0,0,0,0
121526,2,1,9,0,0,0,0,0,0,0,0,0
121526,3,1,0,0,0,0,0,0,0,0,0,0
121527,1,1,0,0,0,21,0,0,0,0,0,0
121527,2,1,0,0,0,0,0,0,0,0,0,0
121528,1,1,0,0,0,0,0,0,0,0,0,8
121528,2,1,2,2,2,2,2,2,2,2,2,2
121529,1,1,16,15,9,6,15,22,6,16,10,14
121530,1,1,0,0,0,0,0,0,0,0,0,0
121530,2,1,0,0,0,0,0,0,0,0,0,0
121531,1,1,0,3,0,0,0,0,0,0,0,0
121531,2,1,0,0,0,0,0,0,0,0,0,0
121532,1,1,0,0,0,0,0,0,0,0,0,0
121533,1,1,10,10,10,10,10,10,10,10,10,10
121533,2,1,0,0,0,0,0,0,0,0,0,0
121535,1,1,0,0,0,0,24,0,0,0,0,0
121535,2,1,0,0,0,0,0,0,0,0,0,0
121536,1,1,12,0,0,0,26,8,0,0,0,0
121536,2,1,0,0,0,33,0,0,0,0,0,0
121537,1,1,0,0,10,0,0,10,0,0,0,0
121537,2,1,15,0,0,0,32,0,20,3,8,0
121538,1,1,0,0,0,0,0,0,0,0,0,0
121538,2,1,0,0,0,0,0,0,0,0,0,0
121539,0,1,0,0,0,0,0,0,0,0,0,0
121539,1,1,0,0,0,0,16,0,0,0,0,0
121541,1,1,0,0,0,0,0,0,0,0,0,0
121541,2,1,0,0,0,0,0,0,0,0,0,0
121542,1,1,0,7,0,0,0,0,0,9,0,0
121542,2,1,30,0,12,0,14,23,0,0,0,0
121542,3,1,0,0,0,0,5,0,0,0,0,0
121542,4,1,0,0,9,0,0,0,0,2,11,0
121542,5,1,0,0,0,0,0,0,0,0,0,0
121543,1,1,0,0,0,0,0,0,0,0,0,0
121543,2,1,23,0,10,0,0,0,0,0,0,0
121544,1,1,0,0,0,0,0,0,0,0,0,0
121544,2,1,0,0,0,0,0,0,0,0,0,0
121544,3,1,0,0,0,0,0,0,0,0,0,0
121545,1,1,0,0,0,0,0,0,0,0,0,0
121545,2,1,0,0,0,0,0,0,0,0,0,0
121546,1,1,0,22,0,0,14,0,0,0,11,0
121547,1,1,0,0,0,0,0,0,0,0,0,0
121547,2,1,0,0,0,0,0,0,0,0,0,0
121548,1,1,42,42,42,42,42,42,42,42,42,42
121548,2,1,0,0,0,0,0,0,0,0,0,0
121548,3,1,0,0,0,0,0,0,0,0,0,0
121549,0,1,3,3,3,3,3,3,3,3,3,3
121549,1,1,0,0,0,0,0,0,0,0,0,0
121550,0,1,18,18,18,18,18,18,18,18,18,18
121550,1,1,0,0,0,0,0,0,12,0,0,0
121551,1,1,0,0,0,0,0,0,0,0,0,0
121551,2,1,0,0,0,0,0,0,0,0,0,0
121552,0,1,0,0,0,0,0,0,0,0,0,0
121552,1,1,0,0,0,0,0,0,0,0,0,0
121553,1,1,0,0,0,0,0,0,33,0,0,13
121554,1,1,0,0,0,0,0,0,0,0,0,0
121554,2,1,0,10,0,0,0,0,11,0,0,0
121555,1,1,0,0,0,0,0,0,0,0,0,0
121557,0,1,19,19,19,19,19,19,19,19,19,19
121557,1,1,0,0,0,0,0,11,0,0,0,0
121558,1,1,21,21,21,21,21,21,21,21,21,21
121558,2,1,0,0,0,0,0,0,0,0,0,0
121559,0,1,22,22,22,22,22,22,22,22,22,22
121559,1,1,22,22,22,22,22,22,22,22,22,22
121560,1,1,0,13,0,0,0,0,0,0,0,0
121560,2,1,0,0,0,0,0,0,0,0,0,0
121561,1,1,33,33,33,33,33,33,33,33,33,33
121561,2,1,0,0,0,0,0,6,0,0,0,0
121562,1,1,28,28,28,28,28,28,28,28,28,28
121563,1,1,20,0,0,0,0,0,0,0,0,0
121564,1,1,0,0,0,0,0,0,0,0,0,0
121564,2,1,0,0,0,0,0,0,0,0,0,0
121565,1,1,0,0,0,0,0,0,22,0,0,0
121565,2,1,0,0,13,0,0,0,0,0,0,0
121566,1,1,0,0,0,0,0,0,0,0,0,0
121566,2,1,0,0,0,0,0,0,0,0,0,0
121567,1,1,0,0,0,0,0,0,0,0,0,0
121567,2,1,0,0,0,0,0,0,0,0,0,0
121568,1,1,0,0,0,20,0,4,0,26,0,0
121568,2,1,0,0,0,0,0,0,0,0,0,0
121569,1,1,0,0,0,0,0,0,0,0,0,0
121569,2,1,0,0,0,0,0,0,0,0,0,0
121570,0,1,0,0,0,0,0,0,0,0,0,0
121570,1,1,0,0,0,0,0,0,0,0,0,0
121571,1,1,0,0,0,0,0,0,0,0,0,0
121572,1,1,23,23,23,23,23,23,23,23,23,23
121573,1,1,0,0,0,0,0,0,0,0,0,0
121573,2,1,25,0,0,0,9,0,0,0,0,0
121574,1,1,0,0,0,0,0,0,0,0,0,0
121574,2,1,0,0,0,0,0,0,0,0,0,0
121575,1,1,29,29,29,29,29,29,29,29,29,29
121575,2,1,0,0,0,0,0,0,0,0,0,0
121576,0,1,0,0,0,0,0,0,0,0,0,0
121576,1,1,0,0,0,0,0,0,0,0,0,0
121577,1,1,0,27,0,0,0,0,0,0,24,23
121577,2,1,0,0,0,0,0,0,0,0,0,0
121578,1,1,25,25,25,25,25,25,25,25,25,25
121579,1,1,0,0,0,0,0,0,0,0,0,0
121580,1,1,15,15,15,15,15,15,15,15,15,15
121580,2,1,0,0,0,0,0,0,0,0,0,0
121580,3,1,0,0,0,0,0,0,10,0,0,0
121581,0,1,3,3,3,3,3,3,3,3,3,3
121581,0,2,26,33,15,18,29,29,16,18,27,25
121581,1,1,4,4,4,4,4,4,4,4,4,4
121582,1,1,0,0,0,0,0,0,0,0,0,0
121582,2,1,5,5,5,5,5,5,5,5,5,5
121583,1,1,0,0,0,0,0,0,0,0,0,0
121583,2,1,0,0,0,0,0,0,0,0,0,0
121584,1,1,16,16,16,16,16,16,16,16,16,16
121585,0,1,27,20,0,0,0,0,20,0,0,0
121585,1,1,0,0,0,15,0,0,0,0,0,0
121586,1,1,20,20,20,20,20,20,20,20,20,20
121587,1,1,0,0,0,0,0,26,0,11,0,0
121587,2,1,0,0,0,0,0,0,0,0,0,0
121588,1,1,0,0,19,12,0,14,0,0,0,0
121589,1,1,12,12,12,12,12,12,12,12,12,12
121590,1,1,0,0,0,0,0,0,0,0,0,0
121590,2,1,0,0,0,0,0,0,0,0,0,0
121591,1,1,0,0,0,0,0,0,0,0,0,0
121591,2,1,0,0,0,0,0,0,0,0,0,0
121592,1,1,11,8,13,9,17,20,15,24,11,10
121593,1,1,7,7,7,7,7,7,7,7,7,7
121593,2,1,16,0,0,19,0,0,0,0,0,0
121594,1,1,0,10,7,13,0,9,19,0,17,11
121595,1,1,0,0,0,0,0,0,0,0,0,0
121595,2,1,0,0,0,0,0,0,0,0,0,0
121596,0,1,0,0,0,0,0,0,0,29,0,0
121596,1,1,0,0,0,0,0,0,0,0,0,0
121596,2,1,18,19,0,0,0,0,0,0,0,0
121597,1,1,27,27,27,27,27,27,27,27,27,27
121597,2,1,20,13,0,0,25,16,0,0,0,0
121598,1,1,0,0,0,15,0,0,0,0,0,0
121598,2,1,0,0,0,0,0,0,0,0,0,0
121598,3,1,0,0,14,0,0,0,0,0,0,0
121599,0,1,34,0,0,0,0,0,0,23,36,21
121599,1,1,0,0,0,0,0,0,0,0,0,0
121599,2,1,0,0,0,0,0,0,0,0,0,0
121601,1,1,0,0,0,0,0,0,0,0,0,0
121601,2,1,0,0,0,0,0,0,0,0,0,0
121602,1,1,12,0,15,9,6,19,0,0,14,10
121602,2,1,0,0,23,0,0,0,0,0,0,0
121603,1,1,0,0,0,0,0,0,0,0,0,0
121604,0,1,0,0,0,0,0,0,0,0,0,0
121604,1,1,0,0,0,0,0,0,0,0,0,0
121605,1,1,17,17,17,17,17,17,17,17,17,17
121605,2,1,0,0,0,0,0,0,0,0,0,0
121607,0,1,0,0,0,0,0,17,0,0,14,0
121607,1,1,9,24,16,0,0,0,0,18,0,0
121607,2,1,0,0,0,0,0,0,0,0,0,0
121608,1,1,0,0,0,0,0,0,0,0,0,0
121609,1,1,26,26,26,26,26,26,26,26,26,26
121610,0,1,23,23,23,23,23,23,23,23,23,23
121610,1,1,0,0,0,0,0,0,0,0,0,0
121611,1,1,23,23,23,23,23,23,23,23,23,23
121612,1,1,0,0,0,0,0,0,0,0,0,0
121612,2,1,0,0,0,0,0,0,0,0,0,0
121613,0,1,0,0,0,0,0,0,0,0,0,0
121613,1,1,0,0,0,0,0,0,22,0,0,4
121614,1,1,0,0,0,0,0,0,0,0,0,0
121614,2,1,12,12,12,12,12,12,12,12,12,12
121615,0,1,0,0,0,0,0,22,0,0,27,0
121615,1,1,25,0,20,0,0,0,0,0,0,0
121616,1,1,0,0,0,0,0,0,0,0,0,0
121616,2,1,0,0,0,0,0,0,0,0,0,0
121617,0,1,13,0,23,12,10,0,0,20,0,0
121617,1,1,0,0,0,0,0,0,29,32,0,0
121618,1,1,0,0,0,0,0,0,0,0,0,0
121618,2,1,12,19,24,0,0,0,14,0,0,0
121619,0,1,0,0,0,0,0,0,0,0,0,0
121619,1,1,0,0,0,0,8,0,0,0,0,0
121620,1,1,0,0,0,0,0,0,0,0,0,0
121621,1,1,16,16,16,16,16,16,16,16,16,16
121622,1,1,0,0,0,0,15,6,17,20,0,9
121623,1,1,4,4,4,4,4,4,4,4,4,4
121624,0,1,0,12,13,0,0,0,0,0,0,0
121624,1,1,24,15,13,11,20,6,35,22,22,25
121625,0,1,19,19,19,19,19,19,19,19,19,19
121625,1,1,0,0,0,0,0,0,0,0,0,6
121626,1,1,0,0,0,0,0,0,0,0,0,0
121627,0,1,1,1,1,1,1,1,1,1,1,1
121627,0,2,0,0,0,0,0,0,0,0,0,0
121627,1,1,0,0,0,0,0,0,0,0,0,0
121628,1,1,16,16,16,16,16,16,16,16,16,16
121628,2,1,0,0,0,0,0,0,0,0,0,0
121629,1,1,0,0,0,0,0,0,0,0,0,0
121629,2,1,0,0,0,0,30,0,0,0,0,0
121629,3,1,21,0,0,0,0,38,0,0,0,0
121630,1,1,0,0,0,0,0,0,0,0,0,0
121630,2,1,0,0,16,0,0,0,0,0,0,10
121631,1,1,0,0,0,0,0,0,0,0,0,0
121633,1,1,12,12,12,12,12,12,12,12,12,12
121634,1,1,0,0,0,0,0,0,0,25,0,0
121635,0,1,21,0,0,33,0,10,0,0,0,0
121635,1,1,19,0,0,0,0,0,0,0,0,9
121636,1,1,9,9,9,9,9,9,9,9,9,9
121637,0,1,0,15,0,0,0,0,0,0,0,0
121637,1,1,15,15,15,15,15,15,15,15,15,15
121638,1,1,0,0,0,0,0,0,0,0,0,0
121639,1,1,0,0,0,0,0,0,0,0,0,0
121640,1,1,14,14,14,14,14,14,14,14,14,14
121640,2,1,21,21,21,21,21,21,21,21,21,21
121641,1,1,0,0,0,0,0,0,0,0,0,0
121641,2,1,0,0,0,0,0,0,0,0,0,0
121642,1,1,0,0,0,0,0,0,0,0,0,0
121642,2,1,0,0,0,0,0,0,0,0,0,0
121643,1,1,0,0,0,0,0,0,0,0,0,0
121644,1,1,0,0,0,0,0,0,0,0,0,0
121644,2,1,0,0,0,0,0,0,0,0,0,0
121645,0,1,0,31,0,0,0,0,0,27,0,14
121645,1,1,13,0,0,0,0,0,0,0,0,0
121646,1,1,13,13,13,13,13,13,13,13,13,13
121646,2,1,0,0,0,0,0,0,0,0,0,0
121647,1,1,21,21,21,21,21,21,21,21,21,21
121647,2,1,0,0,0,0,0,0,0,0,0,0
121648,1,1,33,33,33,33,33,33,33,33,33,33
121650,0,1,0,0,0,0,0,0,0,0,0,0
121650,1,1,0,0,0,0,0,0,0,0,0,0
121651,1,1,20,20,20,20,20,20,20,20,20,20
121652,1,1,24,24,24,24,24,24,24,24,24,24
121653,1,1,18,18,18,18,18,18,18,18,18,18
121654,0,1,27,27,27,27,27,27,27,27,27,27
121654,1,1,27,27,27,27,27,27,27,27,27,27
121655,0,1,24,24,24,24,24,24,24,24,24,24
121655,0,2,16,16,16,16,16,16,16,16,16,16
121655,1,1,0,0,0,0,0,0,0,0,0,0
121656,1,1,0,0,0,0,0,0,4,0,0,0
121656,2,1,24,0,0,9,0,0,0,0,0,0
121657,1,1,3,0,29,0,0,0,16,15,33,0
121658,1,1,0,0,0,0,0,0,0,0,0,0
121659,1,1,0,0,0,0,0,0,0,0,0,0
121660,1,1,0,0,0,0,0,0,0,0,0,0
121660,2,1,0,0,0,0,0,0,0,0,0,0
121661,1,1,0,0,0,0,0,0,0,0,0,0
121662,1,1,0,0,0,0,0,0,0,0,0,0
121662,2,1,0,0,0,0,0,0,0,12,14,0
121662,3,1,0,13,0,16,0,0,0,17,4,0
121662,4,1,0,0,0,0,0,0,0,13,5,0
121663,1,1,0,17,0,0,33,0,19,0,17,18
121664,1,1,0,0,0,0,0,0,0,0,0,0
121664,2,1,0,0,0,0,0,0,0,0,0,0
121665,1,1,0,0,0,0,0,0,16,0,0,0
121665,2,1,0,0,0,0,0,0,0,0,0,0
121666,1,1,0,0,0,0,0,0,0,0,0,0
121666,2,1,0,0,0,0,0,0,0,0,0,0
121667,1,1,0,11,0,0,0,0,0,0,0,0
121668,1,1,0,0,0,0,16,0,0,0,0,19
121669,1,1,0,0,0,0,0,0,4,7,0,0
121669,2,1,0,0,0,0,0,0,0,0,0,0
121670,0,1,0,0,0,0,0,44,0,0,0,0
121670,1,1,25,25,0,0,0,0,0,0,0,0
121671,1,1,0,13,0,0,0,0,0,0,0,0
121671,2,1,0,0,0,0,0,0,0,0,0,0
121672,1,1,0,0,0,0,0,0,0,0,0,0
121672,2,1,0,0,0,0,0,0,0,0,0,0
121673,1,1,6,0,0,0,0,0,0,0,0,0
121674,1,1,18,18,18,18,18,18,18,18,18,18
121674,2,1,0,0,0,0,0,0,0,0,0,0
121675,1,1,17,0,0,24,24,0,18,0,15,0
121675,2,1,0,0,0,0,0,0,0,0,0,0
121676,1,1,15,8,0,0,0,0,0,0,0,0
121677,1,1,0,0,0,0,0,0,0,0,0,0
121679,1,1,0,0,0,0,0,0,0,0,0,0
121680,1,1,0,17,0,0,0,0,0,0,0,0
121680,2,1,0,25,0,0,0,0,0,0,0,0
121680,3,1,0,0,0,0,0,0,0,0,0,0
121681,1,1,14,14,14,14,14,14,14,14,14,14
121681,2,1,0,0,0,0,0,0,0,0,0,0
121682,1,1,11,13,22,8,20,21,11,16,25,8
121683,0,1,0,0,0,0,0,17,0,0,0,25
121683,1,1,0,0,0,0,0,0,24,0,0,0
121684,0,1,0,0,0,0,0,0,0,0,0,0
121684,1,1,13,12,19,0,0,24,0,0,20,0
121685,1,1,19,19,19,19,19,19,19,19,19,19
121686,1,1,0,0,0,0,0,0,0,0,0,0
121686,2,1,39,0,0,0,0,0,0,0,0,17
121686,3,1,0,0,0,0,0,0,0,0,0,27
121687,1,1,0,23,0,26,0,0,0,0,0,0
121688,1,1,0,0,0,0,0,0,0,0,0,0
121688,2,1,0,0,0,0,0,0,0,0,0,0
121691,1,1,0,0,0,0,0,0,0,0,0,0
121692,1,1,25,25,25,25,25,25,25,25,25,25
121693,1,1,1,1,1,1,1,1,1,1,1,1
121694,1,1,17,17,17,17,17,17,17,17,17,17
121695,0,1,0,0,0,0,0,0,0,0,0,0
121695,1,1,0,0,0,0,0,0,0,0,0,0
121696,0,1,0,0,0,0,0,0,0,0,0,0
121696,1,1,0,0,0,0,0,0,0,0,0,0
121697,1,1,0,0,0,0,0,0,0,0,0,0
121697,2,1,0,0,0,0,0,0,0,0,0,0
121698,1,1,0,0,0,0,0,0,0,0,0,0
121698,2,1,0,0,0,0,0,0,0,0,0,0
121698,3,1,0,0,0,0,0,0,0,0,0,0
121699,1,1,0,0,0,0,0,0,0,0,0,0
121699,2,1,0,0,0,0,0,0,0,0,0,0
121700,0,1,0,0,0,0,0,0,0,0,19,0
121700,1,1,0,0,0,0,0,0,0,0,0,0
121702,1,1,0,0,0,0,0,0,0,0,7,0
121702,2,1,13,0,0,0,0,0,0,0,0,5
121703,1,1,0,0,0,0,0,0,0,0,0,0
121703,2,1,0,0,0,0,0,0,0,0,0,0