ST_CASE,VEH_NO,PER_NO,P1,P2,P3,P4,P5,P6,P7,P8,P9,P10
121704,1,1,0,0,0,0,0,0,0,0,0,0
121704,2,1,0,0,0,0,0,0,0,0,0,0
121705,0,1,0,0,0,0,0,0,0,0,0,0
121705,1,1,0,0,0,0,0,0,0,0,0,0
121705,3,1,0,0,0,0,0,0,0,0,0,0
121706,0,1,0,0,0,0,0,0,0,0,0,0
121706,1,1,14,0,0,19,21,18,0,0,0,0
121707,1,1,32,32,32,32,32,32,32,32,32,32
121707,2,1,0,0,0,0,0,0,0,0,0,0
121708,1,1,13,13,13,13,13,13,13,13,13,13
121708,2,1,0,0,0,0,0,0,0,0,0,0
121709,1,1,0,0,0,0,0,0,0,0,0,0
121709,2,1,0,0,0,0,0,0,0,0,0,0
121710,0,1,0,0,0,0,0,0,0,0,0,0
121710,1,1,0,0,0,0,0,0,0,0,0,0
121711,0,1,0,0,0,0,0,0,0,0,0,0
121711,2,1,0,0,0,0,0,0,0,0,0,0
121712,1,1,14,14,14,14,14,14,14,14,14,14
121712,2,1,0,0,0,0,0,0,0,0,0,0
121712,3,1,0,0,0,0,0,0,0,0,0,0
121713,1,1,0,0,0,0,0,0,0,0,0,0
121713,2,1,1,1,1,1,1,1,1,1,1,1
121714,1,1,5,5,5,5,5,5,5,5,5,5
121715,1,1,0,0,0,0,0,0,0,0,0,0
121716,1,1,0,0,0,0,0,0,0,0,0,0
121717,1,1,0,0,0,0,0,0,9,0,0,0
121717,2,1,21,0,0,23,0,0,0,0,0,0
121718,1,1,18,18,18,18,18,18,18,18,18,18
121718,2,1,0,0,0,0,0,0,0,0,0,0
121719,1,1,0,0,0,0,0,0,0,0,0,0
121719,2,1,0,29,0,0,0,0,0,0,0,0
121719,3,1,0,0,0,0,0,0,0,0,0,0
121720,1,1,15,0,5,0,0,0,0,0,14,0
121721,0,1,0,0,0,0,0,0,0,0,0,0
121721,1,1,0,0,0,0,0,0,0,0,0,0
121722,0,1,0,0,0,0,0,0,0,0,0,0
121722,1,1,0,0,0,0,0,0,0,0,0,0
121723,1,1,6,6,6,6,6,6,6,6,6,6
121724,1,1,0,0,0,0,0,0,0,0,0,0
121725,1,1,0,0,0,0,0,0,0,0,0,0
121725,2,1,0,0,0,17,0,0,0,0,0,0
121726,1,1,4,4,4,4,4,4,4,4,4,4
121726,2,1,0,0,0,0,0,0,0,0,0,0
121727,0,1,0,0,0,0,0,0,0,0,0,0
121727,1,1,0,0,0,0,0,0,0,0,0,0
121728,0,1,0,0,0,0,0,0,0,0,24,0
121728,1,1,0,15,8,0,0,0,0,0,0,0
121731,1,1,0,0,0,0,0,0,0,0,0,0
121731,2,1,0,0,0,0,0,0,0,0,0,0
121732,1,1,0,0,0,0,0,0,0,0,0,0
121732,2,1,0,0,0,0,0,0,0,0,0,0
121733,1,1,27,27,27,27,27,27,27,27,27,27
121733,2,1,0,0,0,0,0,0,0,0,0,0
121734,1,1,0,0,0,0,0,0,0,0,0,0
121735,1,1,32,21,0,10,16,21,0,0,0,23
121735,2,1,15,32,19,19,15,0,0,0,0,17
121737,1,1,3,3,3,3,3,3,3,3,3,3
121737,2,1,14,0,0,0,0,0,0,0,0,0
121738,1,1,5,18,17,8,8,14,7,15,12,12
121738,2,1,0,0,0,9,0,0,0,18,0,0
121738,3,1,0,0,0,0,0,0,0,0,0,0
121738,4,1,0,0,0,0,0,0,0,0,0,0
121739,1,1,0,0,0,0,0,0,0,0,0,0
121739,2,1,0,10,0,0,0,0,0,0,0,0
121739,3,1,0,0,0,0,0,0,0,0,0,0
121739,4,1,0,0,0,0,0,0,0,0,0,0
121740,1,1,0,28,0,0,0,0,0,0,0,12
121740,2,1,0,0,0,0,0,30,0,6,0,0
121741,1,1,0,0,0,0,0,0,0,24,0,0
121741,2,1,0,0,0,0,0,0,0,0,0,0
121741,3,1,0,0,0,0,0,0,0,0,0,0
121741,4,1,0,0,0,0,0,0,0,0,0,0
121742,1,1,0,0,0,0,0,0,0,0,0,0
121742,2,1,0,9,0,0,0,0,0,0,0,0
121742,3,1,0,0,0,0,0,0,0,0,0,0
121743,0,1,0,0,0,0,0,0,0,0,0,0
121743,1,1,0,0,0,23,0,0,0,0,25,20
121744,0,1,0,0,14,0,0,0,0,0,0,14
121744,1,1,0,16,0,0,0,0,0,0,0,0
121745,1,1,0,0,0,0,0,0,0,0,0,0
121746,1,1,0,0,0,0,0,0,0,0,0,0
121747,1,1,0,0,0,0,0,0,0,0,0,0
121747,2,1,0,0,0,0,0,0,0,0,0,0
121747,3,1,0,0,0,0,0,0,0,0,0,0
121748,0,1,0,0,0,0,0,0,0,0,0,0
121748,1,1,7,0,0,15,0,0,0,0,0,0
121749,1,1,0,0,0,0,0,0,0,0,0,0
121749,2,1,0,0,0,0,0,0,0,0,0,0
121750,1,1,0,0,20,0,0,2,6,0,0,0
121750,2,1,0,0,0,0,0,0,0,0,0,0
121751,1,1,0,0,0,0,0,0,0,0,0,0
121752,0,1,0,0,0,0,0,0,0,0,0,0
121752,1,1,0,0,0,0,0,0,0,0,0,0
121753,1,1,0,6,0,0,0,0,0,0,25,0
121753,2,1,0,0,0,0,0,0,10,0,0,0
121754,1,1,25,0,0,7,22,24,9,9,7,13
121755,0,1,0,0,16,0,0,0,0,0,30,0
121755,1,1,0,0,0,0,0,0,0,0,0,0
121756,1,1,0,0,0,0,10,0,0,0,0,13
121757,1,1,0,0,0,0,0,0,22,0,0,0
121757,2,1,0,0,0,0,0,0,0,0,0,0
121757,3,1,13,0,0,0,0,0,0,0,0,0
121757,4,1,0,0,0,0,0,0,0,0,0,0
121758,1,1,0,0,0,0,0,13,17,16,0,0
121758,2,1,0,20,0,0,0,0,0,0,0,0
121759,1,1,12,12,12,12,12,12,12,12,12,12
121759,2,1,0,0,0,0,0,0,0,0,0,0
121760,0,1,0,0,0,22,25,29,0,0,0,27
121760,1,1,0,0,0,0,0,0,0,0,15,0
121761,1,1,0,0,0,0,0,0,0,0,0,0
121762,1,1,0,0,0,0,0,0,0,0,0,0
121762,2,1,0,0,0,0,0,0,0,0,0,0
121763,1,1,16,16,16,16,16,16,16,16,16,16
121764,1,1,0,0,0,0,0,0,0,0,0,0
121765,1,1,0,0,0,0,0,0,0,0,0,0
121766,1,1,0,0,0,0,0,0,0,0,0,0
121766,2,1,0,0,7,28,0,16,0,0,0,0
121767,1,1,0,0,0,0,0,0,0,0,0,0
121767,2,1,0,0,0,0,0,0,0,0,0,0
121767,3,1,2,2,2,2,2,2,2,2,2,2
121767,4,1,0,0,0,0,0,0,0,0,0,0
121767,5,1,0,0,0,0,0,0,0,0,0,0
121768,1,1,0,0,0,0,0,0,0,0,0,0
121768,2,1,0,0,0,0,0,0,0,0,0,0
121770,1,1,0,0,0,0,0,0,0,0,0,0
121771,1,1,0,0,0,0,0,0,0,0,0,0
121772,1,1,0,0,0,0,0,0,0,0,0,0
121772,2,1,2,2,2,2,2,2,2,2,2,2
121772,3,1,0,0,0,0,0,0,0,0,0,0
121773,1,1,21,21,21,21,21,21,21,21,21,21
121773,2,1,0,0,0,0,0,0,0,0,0,0
121775,1,1,0,0,0,0,0,0,0,0,0,0
121775,2,1,0,0,0,0,0,0,0,0,0,0
121777,1,1,26,26,26,26,26,26,26,26,26,26
121778,0,1,0,0,0,0,0,0,0,0,0,0
121778,1,1,0,0,0,0,0,0,0,0,0,0
121779,1,1,0,0,0,0,0,0,0,0,0,0
121779,2,1,0,0,0,0,0,0,0,0,0,0
121780,1,1,0,0,0,0,0,0,0,0,0,0
121780,2,1,0,0,0,0,0,0,0,0,0,0
121780,3,1,0,0,0,0,0,0,0,0,0,0
121780,4,1,0,0,0,0,0,2,0,0,0,0
121781,1,1,0,0,0,0,0,0,0,0,0,0
121781,2,1,0,0,0,0,0,0,0,0,0,0
121782,0,1,0,0,0,0,0,0,0,0,0,0
121782,1,1,0,0,0,0,0,0,0,0,0,0
121783,0,1,0,0,0,0,0,0,0,0,0,0
121783,1,1,0,0,0,0,0,0,0,0,0,0
121784,1,1,0,23,21,0,13,17,28,11,27,34
121784,2,1,17,11,10,8,6,5,0,15,31,6
121785,1,1,0,0,0,0,0,0,0,0,0,0
121785,2,1,0,0,0,0,0,0,0,0,0,0
121786,1,1,0,0,0,0,0,0,0,0,0,0
121786,2,1,20,20,20,20,20,20,20,20,20,20
121787,1,1,0,16,4,3,0,17,12,17,10,8
121788,1,1,0,0,0,0,0,0,0,0,0,0
121788,2,1,0,0,0,0,0,0,0,0,0,0
121789,1,1,17,0,0,14,0,12,0,0,0,0
121790,0,1,0,0,0,0,0,0,0,0,0,0
121790,1,1,0,0,0,0,0,0,0,0,0,0
121791,0,1,0,0,0,0,0,0,0,0,0,0
121791,1,1,0,0,0,0,0,0,0,0,0,0
121792,2,1,0,0,0,0,0,0,20,0,21,0
121794,1,1,0,0,0,0,0,0,0,0,0,0
121794,2,1,0,0,0,0,0,0,0,0,0,0
121795,1,1,0,0,0,0,0,0,0,0,0,0
121796,1,2,0,0,0,0,0,0,0,0,0,0
121796,2,1,0,0,0,0,0,0,0,18,0,0
121797,1,1,0,0,0,0,0,0,0,0,0,0
121798,1,1,9,19,28,28,13,15,5,33,7,18
121799,0,1,0,20,0,0,10,0,29,0,0,15
121799,1,1,0,0,0,0,7,0,0,0,0,0
121800,1,1,0,0,0,0,0,0,0,0,0,0
121801,1,1,0,0,0,0,0,0,0,0,0,0
121802,1,1,0,0,0,0,0,0,0,0,0,0
121803,1,1,0,0,0,0,0,0,0,0,0,0
121804,1,1,0,0,0,0,0,0,0,0,0,0
121805,1,1,0,0,0,0,0,0,0,0,0,0
121805,2,1,0,0,0,0,0,0,0,0,0,0
121806,1,1,0,4,0,0,0,0,0,0,0,0
121807,1,1,16,16,16,16,16,16,16,16,16,16
121808,1,1,0,0,0,0,0,0,0,0,0,0
121809,1,1,0,0,0,0,0,0,0,0,0,0
121810,1,1,0,12,0,0,22,0,0,0,13,2
121810,2,1,0,0,0,0,0,0,0,0,0,0
121811,1,1,0,0,0,0,0,0,0,0,0,0
121812,0,1,0,0,0,0,0,0,0,0,0,0
121812,1,1,0,0,0,0,0,0,0,0,0,0
121813,1,1,6,6,6,6,6,6,6,6,6,6
121814,1,1,7,7,7,7,7,7,7,7,7,7
121815,1,1,0,0,20,0,0,0,0,0,0,0
121815,2,1,0,0,0,0,0,0,0,0,0,0
121816,1,1,22,22,22,22,22,22,22,22,22,22
121817,1,1,0,0,0,0,0,0,0,0,0,0
121817,2,1,0,0,0,0,0,0,0,0,0,0
121817,4,1,6,0,0,0,0,0,6,0,0,0
121818,1,1,0,0,0,0,0,0,0,0,0,0
121819,1,1,0,0,0,0,0,0,0,0,0,0
121819,2,1,0,0,0,0,0,0,0,0,0,0
121820,1,1,0,0,0,0,0,0,0,0,0,0
121820,2,1,0,0,0,0,0,0,0,0,0,0
121821,1,1,11,11,11,11,11,11,11,11,11,11
121821,2,1,6,6,6,6,6,6,6,6,6,6
121822,1,1,0,0,0,0,0,0,0,0,0,0
121823,1,1,0,0,0,0,0,0,0,0,0,0
121823,2,1,0,0,0,0,0,0,0,0,0,0
121825,1,1,0,0,0,0,0,0,0,0,0,0
121825,2,1,0,0,0,0,0,0,0,0,0,0
121826,1,1,0,0,0,0,0,0,0,0,0,0
121826,2,1,0,0,0,0,0,0,0,0,0,0
121827,1,1,11,11,11,11,11,11,11,11,11,11
121828,1,1,0,0,0,0,0,0,0,0,0,0
121829,1,1,0,0,0,0,0,0,0,0,0,0
121829,2,1,0,0,0,0,0,0,0,0,0,0
121830,1,1,0,0,0,0,0,0,0,0,0,0
121830,2,1,12,12,12,12,12,12,12,12,12,12
121831,1,1,0,0,0,12,0,0,0,0,0,0
121831,2,1,0,0,0,0,0,0,0,0,0,0
121832,1,1,0,0,0,0,0,0,0,0,0,0
121833,1,1,0,0,0,0,0,0,0,0,0,0
121833,2,1,0,0,0,0,0,0,0,0,0,0
121834,1,1,22,22,22,22,22,22,22,22,22,22
121835,0,1,29,29,29,29,29,29,29,29,29,29
121835,1,1,0,0,0,0,0,0,0,0,0,0
121836,0,1,0,0,0,0,0,0,0,0,0,0
121836,1,1,2,2,2,2,2,2,2,2,2,2
121837,1,1,0,0,0,0,0,0,0,0,0,0
121838,0,1,20,10,11,0,10,12,15,8,11,10
121838,1,1,0,0,0,0,0,11,0,0,0,0
121839,1,1,0,0,0,0,0,0,0,0,0,0
121839,2,1,0,0,0,0,0,0,0,0,0,0
121839,3,1,0,0,0,0,0,0,0,0,0,0
121840,1,1,7,20,0,10,0,0,0,13,0,0
121840,2,1,27,21,21,0,13,12,0,9,6,0
121841,1,1,18,0,0,0,14,0,0,0,0,0
121841,2,1,0,0,0,0,9,0,0,0,0,0
121842,0,1,9,25,0,0,0,34,12,0,16,15
121842,1,1,0,0,0,0,0,0,0,0,0,0
121843,1,1,0,0,0,0,0,0,0,0,0,0
121843,2,1,0,0,0,0,0,0,0,0,0,0
121844,1,1,0,0,0,0,0,0,0,0,0,0
121844,2,1,0,0,0,0,0,0,0,0,0,0
121846,1,1,0,0,29,0,0,0,0,0,0,0
121847,0,1,13,13,13,13,13,13,13,13,13,13
121847,1,1,0,0,0,0,0,0,0,0,0,0
121848,1,1,0,0,0,0,0,0,0,0,0,0
121849,0,1,21,21,21,21,21,21,21,21,21,21
121849,1,1,0,0,0,0,0,0,0,0,0,0
121850,1,1,27,27,27,27,27,27,27,27,27,27
121850,2,1,0,0,0,0,0,0,0,0,0,0
121851,1,1,0,0,0,0,0,0,0,0,0,0
121851,2,1,0,0,0,0,0,0,0,0,0,0
121852,0,1,0,0,0,0,0,0,0,0,0,0
121852,1,1,0,0,0,0,0,0,0,0,0,0
121853,1,1,0,0,0,0,0,0,0,0,0,0
121853,2,1,27,27,27,27,27,27,27,27,27,27
121854,1,1,21,21,21,21,21,21,21,21,21,21
121855,1,1,0,0,0,0,0,0,0,0,0,0
121855,2,1,0,0,0,0,0,0,0,0,0,0
121856,1,1,0,0,0,0,0,0,0,0,0,0
121856,2,1,0,0,0,0,0,0,0,0,0,0
121857,0,1,0,0,40,0,0,0,23,26,0,0
121857,1,1,0,0,0,0,32,0,0,0,0,0
121859,1,1,0,3,0,0,6,0,0,0,0,0
121859,2,1,0,0,0,0,0,0,0,0,0,0
121860,0,1,0,0,0,0,0,0,0,0,0,0
121860,1,1,0,0,0,0,0,0,0,0,0,0
121861,1,1,16,16,16,16,16,16,16,16,16,16
121862,1,1,0,0,0,0,0,0,0,0,0,0
121863,0,1,8,0,0,0,0,0,0,0,14,0
121863,1,1,0,0,0,30,0,0,0,0,0,0
121864,1,1,12,11,11,0,13,23,17,26,0,6
121864,2,1,0,0,0,24,0,0,0,0,0,26
121865,1,1,27,27,27,27,27,27,27,27,27,27
121866,1,1,0,0,0,0,0,0,0,0,0,0
121867,0,1,0,0,0,0,0,0,0,24,0,0
121867,1,1,0,0,0,0,0,0,0,0,0,0
121868,1,1,0,0,0,0,0,0,0,0,0,0
121868,2,1,0,0,0,0,0,0,0,0,0,0
121870,1,1,0,9,12,0,0,0,0,0,0,0
121870,2,1,0,0,0,0,0,0,0,9,0,0
121871,1,1,11,11,11,11,11,11,11,11,11,11
121872,0,1,0,0,0,0,0,0,0,0,0,0
121872,1,1,0,0,0,0,0,0,0,0,0,0
121873,1,1,16,16,16,16,16,16,16,16,16,16
121874,1,1,23,23,23,23,23,23,23,23,23,23
121874,2,1,3,3,3,3,3,3,3,3,3,3
121875,1,1,0,0,0,0,0,0,0,0,0,0
121876,1,1,9,9,9,9,9,9,9,9,9,9
121876,2,1,0,0,0,0,0,0,0,0,0,0
121877,1,1,0,0,0,0,0,0,0,0,0,0
121878,1,1,0,0,0,0,0,0,0,0,0,0
121879,1,1,0,0,0,0,0,0,0,0,0,0
121880,1,1,0,0,0,0,0,0,0,0,0,0
121880,2,1,0,0,0,0,0,0,0,0,0,0
121881,1,1,0,0,0,0,0,0,0,0,0,0
121882,1,1,0,0,0,0,0,0,0,0,0,0
121883,0,1,0,0,0,0,0,0,0,0,0,0
121883,1,1,18,0,0,0,0,0,0,0,0,20
121884,1,1,0,0,0,0,0,0,0,0,0,0
121884,2,1,0,0,0,0,0,0,0,0,0,0
121885,0,1,0,0,0,0,0,0,0,32,0,0
121885,1,1,0,0,0,0,0,0,0,0,0,0
121886,1,1,0,8,0,0,0,0,0,0,0,0
121886,2,1,0,0,0,0,0,0,0,0,0,0
121887,0,1,0,0,30,0,0,0,31,0,20,0
121887,1,1,0,27,0,9,17,22,25,0,5,0
121888,1,1,0,10,16,13,14,0,0,0,13,0
121889,1,1,19,19,19,19,19,19,19,19,19,19
121890,1,1,0,0,0,0,0,0,0,0,0,0
121890,2,1,0,0,0,0,0,0,0,0,0,0
121891,1,1,0,0,7,0,0,0,0,0,0,0
121891,2,1,0,13,0,0,27,5,0,0,0,0
121892,1,1,0,0,0,0,0,0,0,0,0,0
121892,2,1,0,0,0,0,0,0,0,0,0,0
121893,1,1,0,0,0,0,0,0,0,0,18,0
121893,2,1,0,0,0,0,0,0,0,0,0,0
121894,0,1,0,0,0,0,0,0,0,0,0,0
121894,1,1,0,26,15,12,21,15,14,0,20,23
121896,1,1,0,0,0,0,0,0,0,0,0,0
121897,0,1,10,0,0,0,0,0,0,0,7,0
121897,1,1,0,0,0,9,0,0,0,0,0,0
121898,1,1,0,0,0,0,0,0,0,0,0,0
121899,0,1,0,0,0,0,0,0,0,0,0,0
121899,1,1,0,0,0,0,0,0,0,0,0,0
121900,0,1,0,0,18,0,21,0,0,14,5,14
121900,1,1,0,0,0,19,0,0,14,0,0,0
121901,1,1,0,0,0,0,0,0,0,0,0,0
121901,2,1,0,0,0,0,0,0,0,0,0,0
121902,1,1,27,14,7,16,11,20,17,9,22,26
121902,2,1,0,0,0,0,0,0,0,0,0,0
121903,1,1,0,0,0,0,0,0,0,0,0,0
121903,2,1,0,0,0,0,0,0,0,0,0,0
121904,1,1,0,0,0,0,0,0,0,0,0,0
121904,2,1,0,0,0,0,0,0,0,0,0,0
121905,1,1,20,20,20,20,20,20,20,20,20,20
121906,1,1,0,30,17,0,0,0,0,0,0,0
121906,2,1,0,0,0,0,0,0,0,0,0,0
121908,1,1,0,0,0,0,0,0,0,0,0,0
121909,1,1,0,0,0,0,0,0,4,0,0,0
121909,2,1,0,0,0,0,0,0,0,0,0,0
121910,1,1,0,0,0,0,0,0,0,0,0,0
121911,1,1,0,0,0,0,0,0,0,0,0,0
121911,2,1,0,0,0,0,0,0,0,0,0,0
121911,3,1,0,0,0,0,0,0,0,0,0,0
121912,1,1,0,0,0,0,0,0,0,0,0,0
121913,0,1,0,0,13,27,0,0,0,0,0,0
121913,1,1,0,0,0,0,0,0,0,0,0,0
121914,0,1,0,0,0,0,0,0,0,0,9,0
121914,1,1,0,7,0,0,4,0,0,0,0,0
121915,1,1,0,0,0,0,0,0,0,15,0,0
121915,2,1,0,0,0,0,0,0,0,11,0,0
121916,1,1,0,0,0,0,0,0,0,0,0,0
121916,2,1,0,0,0,0,21,0,0,0,0,0
121917,1,1,0,0,0,0,0,0,0,0,0,0
121917,2,1,0,0,0,0,0,0,0,0,0,0
121918,1,1,10,10,10,10,10,10,10,10,10,10
121918,2,1,14,29,0,0,16,0,0,27,18,11
121919,1,1,36,36,36,36,36,36,36,36,36,36
121919,2,1,0,0,0,0,0,0,0,0,0,0
121920,1,1,0,0,0,0,0,0,0,0,0,0
121921,1,1,27,22,0,0,0,0,0,0,9,0
121922,1,1,2,2,2,2,2,2,2,2,2,2
121922,2,1,0,0,0,0,0,0,9,0,0,0
121922,3,1,0,0,0,0,0,0,0,0,0,0
121923,1,1,0,0,0,0,0,0,0,0,0,0
121923,2,1,0,0,0,0,0,16,0,12,0,0
121924,0,1,0,31,23,8,0,0,0,0,20,0
121924,1,1,0,0,0,0,29,0,0,0,0,0
121925,1,1,0,0,0,0,0,0,0,0,0,0
121925,2,1,0,0,24,0,0,0,0,0,0,0
121926,1,1,0,0,0,0,0,0,0,13,0,0
121926,2,1,10,0,10,0,0,23,36,0,0,0
121926,3,1,0,0,0,0,0,0,0,0,0,0
121927,0,1,0,0,0,0,0,0,0,0,0,0
121927,1,1,0,12,0,0,0,0,0,0,0,0
121928,1,1,22,22,22,22,22,22,22,22,22,22
121929,1,1,0,0,0,0,0,0,0,0,0,0
121930,1,1,0,0,0,0,0,0,0,0,0,0
121930,2,1,0,0,0,13,0,0,0,0,0,0
121931,1,1,11,11,11,11,11,11,11,11,11,11
121932,1,1,0,0,0,9,6,0,0,0,0,14
121932,2,1,0,0,0,0,0,0,0,0,0,0
121933,1,1,0,0,0,0,0,0,0,0,0,0
121933,2,1,0,0,0,0,0,0,0,0,16,0
121934,1,1,34,34,34,34,34,34,34,34,34,34
121934,2,1,19,8,17,6,15,16,8,20,10,23
121935,1,1,0,0,0,0,0,0,0,0,0,0
121935,2,1,0,0,0,0,0,0,0,0,0,0
121936,1,1,0,0,0,0,0,0,0,0,0,0
121937,1,1,7,6,2,6,10,15,9,24,21,6
121938,1,1,0,0,0,0,0,0,0,0,0,0
121939,1,1,0,0,0,0,0,0,0,0,12,0
121940,0,1,0,0,0,13,0,19,26,0,0,28
121940,1,1,0,0,0,0,0,0,18,0,0,0
121941,1,1,0,0,0,0,0,0,0,0,0,0
121941,2,1,0,0,0,0,0,0,0,0,0,0
121942,1,1,0,0,0,0,0,0,19,0,0,0
121942,2,1,0,0,0,0,0,0,0,0,0,0
121943,1,1,0,0,0,0,0,0,0,0,0,0
121943,2,1,0,0,0,0,0,0,0,0,0,0
121944,0,1,0,0,0,0,0,0,0,0,0,0
121944,1,1,0,27,0,0,29,0,0,23,0,0
121944,2,1,0,0,0,15,0,0,0,0,0,0
121945,0,1,0,7,0,0,19,0,0,22,0,50
121945,1,1,0,0,0,0,0,0,0,0,0,8
121946,1,1,0,0,0,0,0,0,0,0,0,0
121946,2,1,0,0,0,0,0,0,0,0,0,0
121947,1,1,0,0,0,0,0,0,0,0,0,0
121947,2,1,0,0,0,0,0,0,0,0,0,0
121948,0,1,13,13,13,13,13,13,13,13,13,13
121948,1,1,0,0,19,0,0,0,0,0,0,0
121949,1,1,18,18,18,18,18,18,18,18,18,18
121949,2,1,0,0,0,0,0,0,0,0,0,0
121950,1,1,11,11,11,11,11,11,11,11,11,11
121951,1,2,13,13,13,13,13,13,13,13,13,13
121952,0,1,0,0,0,0,0,0,0,0,0,0
121952,1,1,0,11,0,0,0,0,0,0,0,23
121953,1,1,34,34,34,34,34,34,34,34,34,34
121954,1,1,0,0,0,0,0,0,0,0,0,0
121955,0,1,17,17,17,17,17,17,17,17,17,17
121955,1,1,0,0,0,0,0,0,0,0,0,0
121955,2,1,7,0,0,19,14,0,0,0,0,0
121956,1,1,0,0,0,0,0,0,0,0,0,0
121957,1,1,0,0,0,0,0,0,0,0,0,0
121957,2,1,0,0,0,0,0,0,0,0,0,0
121958,1,1,0,0,0,0,0,0,0,0,0,0
121958,2,1,0,0,0,0,0,0,0,0,0,0
121958,3,1,0,0,0,0,0,0,0,0,0,0
121959,1,1,0,0,0,20,0,0,0,19,0,0
121959,2,1,20,20,20,20,20,20,20,20,20,20
121960,0,1,0,0,0,0,0,0,0,0,0,0
121960,1,1,0,0,0,0,0,0,0,0,0,0
121961,1,1,19,19,19,19,19,19,19,19,19,19
121961,2,1,0,0,0,0,0,0,0,0,0,0
121962,1,1,0,0,23,0,16,13,0,0,3,17
121962,2,1,13,13,13,13,13,13,13,13,13,13
121962,3,1,0,0,0,0,0,0,0,0,0,0
121963,1,1,0,0,0,0,0,0,0,0,0,0
121963,2,1,0,0,0,7,0,0,0,0,0,0
121964,0,1,0,0,0,0,0,0,0,0,0,0
121964,1,1,0,24,0,0,0,0,0,0,0,0
121965,1,1,28,28,28,28,28,28,28,28,28,28
121966,1,1,0,0,0,0,0,0,0,0,0,0
121967,1,1,6,6,6,6,6,6,6,6,6,6
121967,2,1,0,0,0,0,0,0,0,0,0,0
121969,0,1,0,0,0,0,0,0,0,0,0,0
121969,1,1,0,0,0,0,0,0,0,0,14,0
121970,1,1,23,15,10,7,3,13,22,22,19,0
121970,2,1,0,0,0,0,15,0,24,13,0,7
121971,1,1,0,0,0,0,0,0,0,0,0,0
121971,2,1,0,0,0,0,0,0,0,0,0,0
121974,1,1,9,9,9,9,9,9,9,9,9,9
121975,1,1,0,0,0,0,0,0,0,0,0,0
121976,0,1,0,0,0,0,0,0,0,0,0,0
121976,1,1,0,0,0,0,0,0,0,0,0,0
121977,1,1,18,18,18,18,18,18,18,18,18,18
121977,2,1,0,0,0,0,0,0,0,0,0,0
121978,1,1,0,0,0,0,0,0,0,16,0,0
121978,2,1,0,0,0,0,18,0,0,0,0,0
121979,1,1,11,11,11,11,11,11,11,11,11,11
121979,2,1,0,6,0,0,14,0,0,0,0,0
121980,1,1,0,23,0,0,0,23,9,8,23,17
121981,1,1,0,0,0,0,0,0,0,0,0,0
121981,2,1,0,0,0,0,0,0,0,0,0,0
121983,0,1,17,17,17,17,17,17,17,17,17,17
121983,1,1,0,0,21,12,9,0,0,0,18,0
121984,1,1,0,0,0,0,0,0,0,0,0,0
121984,2,1,0,0,0,0,0,0,0,0,0,0
121986,1,1,0,0,0,0,0,0,0,0,0,0
121986,2,1,0,0,0,0,0,0,0,0,0,0
121988,1,1,0,0,0,8,0,0,0,0,0,11
121989,0,1,0,0,0,0,0,5,0,0,0,0
121989,1,1,23,0,0,0,0,0,0,16,0,0
121990,1,1,0,0,0,0,0,0,0,0,0,0
121991,1,1,0,0,0,0,0,0,0,0,0,0
121991,2,1,0,0,0,0,0,0,0,0,0,0
121992,1,1,22,16,9,11,0,4,14,19,13,12
121992,2,1,12,12,12,12,12,12,12,12,12,12
121993,1,1,0,15,0,0,0,0,0,0,0,0
121994,1,1,21,21,21,21,21,21,21,21,21,21
121994,2,1,0,0,0,0,0,0,0,0,0,0
121995,0,1,0,0,0,29,18,34,0,0,0,0
121995,1,1,0,0,0,0,0,6,0,0,23,0
121995,2,1,0,0,0,0,15,0,0,0,0,0
121996,0,1,0,0,0,0,0,0,0,0,0,0
121996,1,1,0,0,5,0,0,0,0,0,0,15
121996,2,1,0,0,0,0,0,0,0,0,0,0
121997,1,1,17,0,0,0,0,0,0,0,0,0
121997,2,1,0,0,0,0,0,0,0,0,0,0
121998,1,1,0,0,0,0,0,0,0,0,0,0
121998,2,1,0,0,16,0,8,7,3,0,0,0
121999,1,1,0,0,0,0,0,0,0,0,0,0
122000,0,1,0,0,0,0,0,0,0,0,0,0
122000,0,2,0,0,0,0,0,0,0,0,0,0
122000,1,1,0,0,0,0,0,0,0,0,0,0
122001,1,1,18,18,18,18,18,18,18,18,18,18
122001,2,1,0,0,0,0,0,0,0,0,0,0
122001,3,1,0,0,0,0,0,0,0,0,0,0
122001,4,1,0,0,0,0,0,0,0,0,0,0
122001,5,1,0,0,0,0,0,0,0,0,0,0
122002,0,1,19,33,16,4,0,0,19,0,0,36
122002,1,1,12,35,22,8,21,15,17,8,11,14
122004,1,1,0,0,0,0,0,10,0,0,0,0
122005,0,1,29,29,29,29,29,29,29,29,29,29
122005,1,1,0,0,0,0,0,0,0,0,0,0
122005,2,1,0,0,0,15,25,0,0,18,0,12
122006,1,1,27,41,14,0,0,6,21,18,30,29
122007,1,1,0,0,0,0,0,0,0,0,0,0
122007,2,1,21,0,0,0,0,0,0,0,18,0
122007,3,1,0,0,0,0,0,0,0,0,0,0
122008,1,1,25,25,25,25,25,25,25,25,25,25
122009,1,1,0,0,0,0,0,0,0,0,0,0
122010,1,1,0,0,0,0,0,0,0,0,0,0
122011,1,1,3,3,3,3,3,3,3,3,3,3