ST_CASE,VEH_NO,PER_NO,P1,P2,P3,P4,P5,P6,P7,P8,P9,P10
122011,2,1,3,3,3,3,3,3,3,3,3,3
122012,1,1,0,0,0,5,0,0,0,0,0,0
122012,2,1,0,0,0,0,0,0,0,0,23,0
122013,1,1,14,14,14,14,14,14,14,14,14,14
122015,1,1,0,0,0,0,0,0,0,0,0,11
122016,1,1,10,0,19,0,0,31,0,8,8,0
122016,2,1,0,0,0,0,0,0,0,0,0,0
122017,1,1,0,0,0,0,0,0,0,0,0,0
122017,2,1,0,0,0,0,0,0,0,0,0,0
122017,3,1,0,0,0,0,0,0,0,0,0,0
122018,1,1,0,0,0,0,0,0,0,0,0,0
122018,2,1,0,0,0,0,0,0,0,0,0,0
122019,1,1,0,0,0,0,0,0,0,0,0,0
122019,2,1,0,0,0,0,0,0,15,0,0,0
122020,1,1,12,4,5,0,0,5,23,0,0,0
122021,0,1,0,0,0,0,0,0,0,0,0,0
122021,1,1,0,0,0,0,0,0,0,0,0,0
122022,1,1,0,0,0,0,0,0,0,0,0,0
122022,2,1,0,0,0,0,0,0,0,0,0,0
122023,1,1,26,26,26,26,26,26,26,26,26,26
122023,2,1,0,0,0,0,0,0,0,0,0,0
122024,1,1,0,0,0,0,0,0,0,0,0,0
122024,2,1,38,23,0,31,31,2,35,8,19,10
122025,0,1,0,0,0,0,7,0,0,16,0,12
122025,1,1,0,0,0,17,0,0,0,0,0,0
122026,1,1,12,12,12,12,12,12,12,12,12,12
122027,1,1,0,0,0,0,0,0,0,0,0,0
122028,0,1,0,0,0,0,0,6,0,0,0,0
122028,1,1,0,0,0,0,0,0,0,0,0,0
122028,2,1,0,0,0,0,0,0,0,0,0,0
122028,3,1,0,0,0,0,0,0,0,0,0,0
122029,0,1,0,0,0,0,0,0,0,0,0,0
122029,1,1,0,0,0,0,0,0,0,0,0,0
122030,0,1,0,0,0,0,0,0,0,0,0,0
122030,1,1,0,0,0,16,0,13,0,0,21,21
122031,1,1,3,3,3,3,3,3,3,3,3,3
122031,2,1,0,0,0,0,0,0,0,0,0,0
122032,0,1,18,0,0,51,5,27,0,0,34,0
122032,1,1,0,0,0,0,0,0,0,0,0,0
122033,1,1,0,0,44,12,0,0,0,26,12,0
122033,2,1,0,29,25,0,2,8,23,14,43,16
122036,1,1,0,0,0,0,0,0,0,0,0,0
122036,2,1,0,0,0,0,0,0,0,0,0,0
122037,0,1,0,0,0,0,0,0,0,0,0,0
122037,1,1,0,0,0,0,0,0,0,0,0,0
122037,2,1,0,0,18,0,15,3,0,7,27,16
122039,1,1,0,0,0,0,0,0,0,0,0,0
122039,2,1,0,0,0,0,0,0,0,0,0,0
122040,1,1,0,0,0,0,0,0,0,0,0,0
122041,1,1,0,0,0,15,16,0,0,15,0,0
122041,2,1,24,0,0,12,0,0,31,0,0,16
122041,3,1,0,0,0,0,0,0,0,0,0,0
122042,0,1,0,0,0,0,0,0,0,0,0,0
122042,1,1,0,0,0,0,0,0,0,0,0,0
122043,0,1,0,0,0,0,0,0,0,0,0,0
122043,1,1,0,0,0,0,0,0,0,0,0,0
122044,1,1,18,18,18,18,18,18,18,18,18,18
122045,1,1,0,0,0,0,0,0,0,0,0,0
122045,2,1,0,0,0,0,0,0,0,0,0,0
122046,1,1,0,0,0,0,0,0,0,0,0,0
122046,2,1,0,8,0,0,0,0,0,0,0,0
122047,1,1,0,0,0,0,0,0,0,0,0,0
122047,2,1,0,0,0,0,0,0,0,0,0,0
122048,1,1,5,0,0,0,0,0,0,0,0,0
122049,1,1,0,0,0,0,0,0,0,0,0,0
122050,0,1,19,19,19,19,19,19,19,19,19,19
122050,1,1,0,0,0,0,0,0,0,0,0,0
122052,0,1,0,0,0,0,0,0,11,0,24,0
122052,1,1,0,0,0,0,0,0,0,0,0,0
122053,1,1,0,23,0,0,0,0,0,0,0,17
122054,1,1,0,0,0,0,0,0,0,0,8,0
122055,1,1,0,0,0,0,0,0,0,0,0,0
122055,2,1,0,0,0,19,0,0,0,16,0,0
122056,1,1,0,33,0,0,0,0,0,0,0,0
122057,1,1,32,32,32,32,32,32,32,32,32,32
122057,2,1,0,0,0,0,0,0,0,0,0,0
122057,3,1,0,0,0,0,0,0,0,0,16,0
122058,1,1,21,0,14,23,0,0,9,14,0,15
122059,1,1,20,20,20,20,20,20,20,20,20,20
122060,1,1,9,0,0,0,0,0,0,0,0,0
122060,2,1,0,0,0,0,0,0,0,0,0,0
122061,0,1,22,22,22,22,22,22,22,22,22,22
122061,1,1,19,17,0,0,7,10,0,0,0,30
122062,1,1,0,0,0,13,7,11,0,0,14,5
122062,2,1,0,0,0,0,13,0,0,0,0,0
122063,0,1,0,0,0,0,23,0,0,0,0,0
122063,1,1,0,0,26,0,17,30,0,0,0,0
122064,1,1,23,23,23,23,23,23,23,23,23,23
122065,0,1,19,19,19,19,19,19,19,19,19,19
122065,1,1,0,0,0,0,31,0,0,0,22,0
122066,1,1,0,0,0,0,0,0,0,0,0,0
122066,2,1,0,0,0,0,0,0,0,0,0,0
122067,1,1,0,0,0,0,0,0,0,0,0,0
122067,2,1,0,12,0,0,0,0,0,9,0,0
122068,1,1,8,8,8,8,8,8,8,8,8,8
122069,1,1,0,0,0,0,0,7,0,0,0,0
122069,2,1,0,0,0,0,0,0,0,0,0,18
122070,1,1,15,15,15,15,15,15,15,15,15,15
122071,1,1,12,12,12,12,12,12,12,12,12,12
122073,1,1,18,0,0,0,0,0,0,0,0,0
122074,0,1,32,32,32,32,32,32,32,32,32,32
122074,1,1,11,0,0,0,0,0,0,0,29,0
122075,0,1,0,0,0,0,0,0,0,0,0,0
122075,1,1,0,0,0,0,0,0,0,0,0,0
122076,1,1,19,19,19,19,19,19,19,19,19,19
122077,0,1,0,0,0,0,0,0,0,0,0,0
122077,1,1,0,0,0,0,0,0,0,0,0,0
122079,1,1,0,0,0,0,0,0,0,0,0,0
122079,2,1,0,0,0,0,0,0,0,0,0,0
122080,1,1,0,0,0,0,0,0,0,0,0,0
122080,2,1,0,0,0,0,0,31,0,19,0,0
122081,0,1,0,0,0,0,0,0,0,0,0,0
122081,1,1,0,0,0,0,0,0,9,0,0,0
122081,2,1,2,0,0,0,0,0,16,0,0,0
122081,3,1,0,0,0,0,0,0,25,0,0,0
122082,1,1,14,14,14,14,14,14,14,14,14,14
122082,2,1,0,0,0,0,0,0,0,0,0,0
122082,3,1,0,0,0,0,0,0,0,0,0,0
122083,0,1,24,24,24,24,24,24,24,24,24,24
122083,1,1,0,0,0,0,0,0,0,0,0,0
122084,0,1,9,0,0,23,19,9,6,0,0,0
122084,1,1,0,0,0,0,0,14,0,0,0,0
122085,1,1,0,0,0,0,0,0,0,0,0,0
122085,2,1,0,0,0,0,0,0,0,0,0,0
122085,3,1,0,0,0,0,0,0,0,0,0,0
122085,4,1,16,0,0,0,0,0,0,0,0,0
122085,5,1,0,0,0,0,0,0,0,0,0,0
122087,0,1,0,0,0,0,0,0,0,0,0,20
122087,1,1,0,0,0,0,0,14,0,0,0,0
122088,1,1,0,0,0,0,0,0,0,0,0,0
122088,2,1,0,0,0,0,0,0,0,0,20,0
122089,0,1,32,0,0,26,24,4,0,0,10,0
122089,1,1,0,0,0,0,5,8,0,0,0,0
122090,0,1,15,0,17,0,0,7,17,0,0,0
122090,1,1,25,0,10,13,9,28,19,25,8,0
122091,1,1,0,0,0,0,12,0,19,0,0,0
122091,2,1,0,0,0,0,0,0,0,0,0,0
122092,1,1,0,0,0,0,0,19,0,0,0,0
122093,1,1,22,22,22,22,22,22,22,22,22,22
122094,1,1,0,0,0,0,0,0,0,0,0,0
122095,1,1,20,20,20,20,20,20,20,20,20,20
122096,0,1,26,26,26,26,26,26,26,26,26,26
122096,1,1,17,24,19,22,26,0,0,0,32,0
122097,1,1,0,0,0,0,0,0,0,0,0,0
122098,1,1,0,0,0,0,0,0,0,0,0,0
122098,2,1,0,0,0,0,0,0,0,0,0,0
122099,0,1,0,0,0,0,0,0,0,0,0,0
122099,1,1,0,0,0,0,0,0,0,0,0,0
122100,1,1,0,0,0,0,0,0,0,0,0,0
122102,1,1,36,36,36,36,36,36,36,36,36,36
122102,2,1,0,0,14,0,0,0,0,0,0,0
122103,1,1,0,0,0,0,0,0,0,0,0,0
122103,2,1,0,0,0,0,0,0,0,0,0,0
122104,1,1,17,17,17,17,17,17,17,17,17,17
122105,0,1,0,0,0,0,0,0,0,0,0,0
122105,1,1,0,0,0,0,0,18,0,0,0,0
122106,1,1,0,0,0,0,0,0,0,0,0,0
122106,2,1,0,0,0,0,0,0,0,0,0,0
122107,1,1,15,15,15,15,15,15,15,15,15,15
122108,0,1,1,1,1,1,1,1,1,1,1,1
122108,1,1,17,17,17,17,17,17,17,17,17,17
122109,1,1,0,0,0,0,0,0,0,0,0,0
122109,2,1,0,0,0,0,0,0,0,0,0,0
122110,1,1,0,0,0,0,0,0,0,0,0,0
122110,2,1,0,0,0,0,0,0,0,0,0,0
122111,0,1,0,0,0,0,0,0,0,0,0,0
122111,1,1,0,6,0,0,0,5,22,0,0,23
122112,0,1,0,0,0,0,0,0,0,0,0,23
122112,0,2,19,0,0,0,0,0,0,36,0,0
122112,1,1,0,0,0,0,0,0,0,0,0,0
122113,0,1,26,0,0,17,20,0,25,0,23,22
122113,1,1,0,0,0,0,0,0,0,0,0,0
122114,1,1,0,0,0,0,0,0,0,0,0,0
122114,2,1,13,0,0,0,0,16,0,0,0,0
122115,1,1,29,29,29,29,29,29,29,29,29,29
122115,2,1,0,0,0,0,0,0,0,0,0,0
122116,0,1,0,0,0,0,0,0,0,0,0,0
122116,1,1,0,0,0,0,0,0,0,0,0,0
122117,1,1,0,0,0,0,0,0,0,0,0,0
122117,2,1,0,0,0,0,0,0,0,0,0,0
122118,1,1,0,0,0,0,0,0,0,0,0,0
122118,2,1,0,0,0,0,0,0,14,0,0,0
122119,1,1,26,20,0,34,0,0,9,0,15,0
122120,1,1,0,0,0,0,0,0,0,0,0,0
122120,2,1,0,0,0,0,0,0,0,0,0,0
122121,1,1,0,0,29,0,10,0,8,25,20,0
122122,1,1,0,0,7,0,31,0,32,0,0,16
122123,0,1,20,24,0,49,0,0,0,13,0,0
122123,0,2,21,35,0,18,0,0,12,0,0,0
122123,1,1,0,0,0,0,0,0,0,0,0,0
122124,0,1,0,0,0,13,0,11,0,0,0,0
122124,1,1,0,0,0,0,0,0,0,0,0,0
122125,1,1,0,0,0,0,0,0,0,0,0,0
122125,2,1,0,0,0,0,0,0,0,0,0,0
122126,0,1,5,25,8,0,0,0,0,0,0,28
122126,1,1,0,0,0,0,0,0,0,0,0,0
122127,1,1,0,0,0,0,0,0,0,0,0,0
122127,2,1,0,0,0,0,0,0,0,0,0,0
122128,1,1,0,0,0,0,0,0,0,0,0,0
122128,2,1,9,9,9,9,9,9,9,9,9,9
122128,3,1,3,3,3,3,3,3,3,3,3,3
122129,1,1,0,0,0,18,0,0,0,0,0,0
122129,2,1,0,0,0,0,0,0,0,0,0,0
122131,1,1,18,18,18,18,18,18,18,18,18,18
122131,2,1,0,0,0,0,0,0,0,0,0,0
122132,1,1,0,0,0,0,0,0,7,0,0,0
122132,2,1,0,0,0,0,19,0,32,0,0,0
122133,1,1,0,0,0,0,0,0,0,0,0,0
122133,2,1,0,0,0,0,0,11,8,0,0,0
122134,1,1,1,1,1,1,1,1,1,1,1,1
122136,0,1,0,24,27,0,0,0,0,0,0,0
122136,1,1,0,30,0,0,0,0,0,0,0,0
122137,0,1,0,0,15,0,0,0,38,0,19,0
122137,1,1,8,0,0,0,0,0,0,0,0,0
122138,1,1,0,0,0,0,0,0,0,0,0,0
122139,1,1,0,0,0,0,0,0,0,0,0,0
122139,2,1,0,0,0,0,0,0,0,0,0,0
122140,1,1,36,8,0,6,15,21,16,0,10,5
122141,1,1,0,0,0,0,0,0,0,0,0,0
122141,2,1,0,0,0,0,0,0,0,0,0,0
122142,1,1,0,0,0,0,0,0,0,43,0,0
122142,2,1,0,0,0,0,0,0,0,0,0,0
122143,1,1,0,0,0,0,0,0,0,0,0,0
122143,2,1,0,0,0,14,0,0,0,0,0,0
122144,0,1,0,0,0,0,0,0,0,0,0,0
122144,1,1,0,0,0,0,0,0,0,0,0,0
122145,0,1,32,8,0,0,0,0,0,0,0,0
122145,1,1,0,0,0,0,0,0,0,0,0,0
122146,1,1,29,29,29,29,29,29,29,29,29,29
122146,2,1,0,0,0,0,0,0,0,0,0,0
122147,0,1,32,16,17,27,24,31,8,8,19,7
122147,1,1,0,0,24,0,0,0,0,9,0,0
122148,0,1,0,0,0,0,0,0,0,0,0,0
122148,1,1,0,19,0,0,0,5,0,0,0,0
122149,1,1,0,0,7,0,0,0,0,0,0,0
122152,1,1,0,0,0,0,0,0,0,0,0,0
122152,2,1,0,0,0,0,0,0,0,0,0,0
122153,1,1,0,0,0,0,9,0,0,0,0,0
122155,1,1,15,4,0,11,13,21,7,8,9,22
122155,2,1,0,0,0,0,0,0,0,0,0,0
122156,1,1,0,0,0,0,0,15,0,0,0,25
122157,1,1,10,5,15,28,25,22,18,21,25,31
122157,2,1,0,16,0,0,0,0,0,0,0,0
122158,1,1,0,0,0,0,0,0,0,0,14,0
122158,2,1,0,0,0,0,0,0,0,0,0,0
122159,1,1,0,25,0,15,0,0,0,11,0,0
122159,2,1,0,14,0,0,0,0,0,0,0,0
122160,1,1,12,12,12,12,12,12,12,12,12,12
122160,2,1,0,0,0,0,0,0,0,0,0,0
122161,1,1,11,0,18,0,0,19,19,29,21,26
122162,1,1,25,25,25,25,25,25,25,25,25,25
122162,2,1,0,0,0,0,20,0,0,0,0,0
122163,1,1,26,26,26,26,26,26,26,26,26,26
122164,1,1,0,0,0,0,0,0,0,0,0,0
122164,2,1,0,0,0,0,0,0,0,0,0,0
122164,3,1,0,0,0,0,0,0,0,0,0,0
122165,1,1,0,0,0,0,0,0,0,0,0,0
122165,2,1,0,0,0,0,0,0,16,0,0,0
122165,3,1,0,0,0,0,0,0,0,0,0,0
122166,0,1,0,0,0,0,0,0,0,0,0,0
122166,1,1,0,0,0,0,0,0,0,0,0,0
122167,1,1,0,0,0,0,0,0,0,0,0,0
122167,2,1,0,0,0,0,0,0,0,0,0,0
122168,1,1,16,16,16,16,16,16,16,16,16,16
122168,2,1,0,18,0,0,0,0,0,0,0,0
122169,1,1,2,2,2,2,2,2,2,2,2,2
122170,1,1,0,0,0,0,0,0,0,0,0,0
122171,1,1,0,0,0,0,0,0,0,0,0,0
122171,2,1,0,0,0,0,0,0,0,0,0,0
122171,3,1,0,0,0,0,0,0,0,0,0,0
122172,1,1,0,0,0,0,0,0,0,0,0,0
122172,2,1,0,0,0,0,0,0,0,0,0,0
122173,1,1,0,0,0,10,0,0,0,0,0,0
122174,0,1,11,11,11,11,11,11,11,11,11,11
122174,1,1,0,0,0,0,0,0,0,0,0,0
122175,1,1,0,0,0,0,0,0,0,0,0,0
122175,2,1,0,0,0,0,0,0,0,0,0,0
122178,0,1,19,19,19,19,19,19,19,19,19,19
122178,1,1,0,0,0,0,0,0,0,0,0,0
122179,1,1,0,0,0,0,0,0,0,0,0,0
122179,2,1,0,0,0,0,0,0,0,0,0,0
122179,3,1,0,0,0,0,0,0,0,0,0,0
122181,1,1,0,0,0,0,0,0,0,0,0,0
122181,2,1,1,1,1,1,1,1,1,1,1,1
122182,1,1,0,0,0,0,0,0,0,6,0,0
122182,2,1,0,0,0,11,0,0,0,10,0,0
122183,1,1,6,6,6,6,6,6,6,6,6,6
122184,0,1,23,23,23,23,23,23,23,23,23,23
122184,1,1,0,0,0,14,0,0,0,0,0,0
122185,1,1,0,0,0,0,0,0,0,0,0,0
122185,2,1,0,0,0,0,0,0,0,0,0,0
122186,1,1,0,9,9,0,28,36,16,0,9,2
122187,1,1,3,22,15,10,4,0,14,14,18,5
122187,2,1,0,0,0,0,0,0,0,0,19,0
122188,1,1,0,6,0,0,0,0,0,0,0,0
122188,2,1,0,0,0,0,0,0,11,0,0,0
122189,1,1,0,0,0,0,0,0,0,0,0,0
122189,2,1,0,0,2,0,0,0,0,0,0,0
122190,1,1,0,0,31,0,27,19,0,0,5,0
122191,1,1,0,0,0,0,0,0,0,0,0,0
122191,2,1,0,0,0,0,0,7,0,0,0,0
122192,1,1,0,0,17,0,0,0,0,4,0,11
122192,2,1,14,0,0,0,0,0,0,0,0,0
122193,0,1,0,0,0,0,0,0,0,0,0,0
122193,1,1,0,0,0,0,0,0,0,0,0,8
122194,1,1,0,24,0,0,0,12,0,0,0,0
122195,0,1,0,0,0,0,33,0,0,0,0,9
122195,1,1,0,0,0,0,0,0,0,0,0,0
122196,0,1,0,0,0,0,0,0,0,0,0,0
122196,1,1,0,0,0,0,0,0,0,0,0,0
122197,1,1,0,0,0,0,0,0,0,0,0,0
122197,2,1,9,10,0,0,0,0,0,13,0,0
122198,1,1,0,0,0,0,0,0,0,0,0,0
122199,0,1,14,14,14,14,14,14,14,14,14,14
122199,1,1,0,0,0,0,0,0,0,0,0,0
122200,1,1,0,0,0,0,0,0,0,0,0,0
122201,0,1,0,0,0,0,0,0,0,0,0,0
122201,1,1,0,0,0,0,0,0,0,0,0,0
122202,1,1,18,18,18,18,18,18,18,18,18,18
122202,2,1,0,0,0,0,0,0,0,0,0,0
122203,0,1,0,0,0,0,0,0,0,0,0,0
122203,1,1,26,0,0,0,0,0,0,0,0,0
122204,0,1,0,0,0,0,0,0,0,0,0,0
122204,1,1,0,0,0,0,0,0,0,0,0,0
122205,1,1,11,11,11,11,11,11,11,11,11,11
122206,0,1,0,0,23,36,0,0,0,0,23,0
122206,0,2,16,0,0,0,0,0,0,0,0,16
122206,1,1,19,0,0,0,0,0,0,0,0,0
122207,0,1,0,0,0,12,0,0,33,0,7,0
122207,1,1,0,0,0,0,0,0,0,0,0,0
122208,0,1,19,28,0,0,0,32,0,30,0,0
122208,1,1,0,0,0,35,11,0,6,0,8,28
122209,1,1,0,0,0,0,0,0,0,0,0,0
122211,1,1,14,14,14,14,14,14,14,14,14,14
122211,2,1,0,0,0,0,0,0,0,0,0,0
122212,1,1,0,0,0,0,0,0,0,0,0,17
122212,2,1,0,0,0,0,0,0,0,0,0,0
122213,1,1,0,0,0,0,0,0,0,0,0,0
122213,2,1,0,0,0,0,0,0,0,13,0,0
122214,1,1,0,0,0,0,0,0,0,0,0,0
122214,2,1,0,0,0,0,0,0,0,0,0,0
122214,3,1,0,0,0,0,0,0,0,0,0,0
122215,1,1,9,9,9,9,9,9,9,9,9,9
122216,1,1,5,5,5,5,5,5,5,5,5,5
122217,1,1,18,18,18,18,18,18,18,18,18,18
122218,0,1,0,0,0,0,0,0,0,0,0,0
122218,1,1,15,15,15,15,15,15,15,15,15,15
122219,1,1,22,22,22,22,22,22,22,22,22,22
122219,2,1,0,0,0,0,0,0,0,0,0,0
122220,1,1,0,19,0,0,0,0,0,0,0,0
122220,2,1,0,0,0,0,0,0,0,0,0,0
122221,0,1,0,0,0,0,0,0,0,0,0,0
122221,1,1,0,0,0,0,0,0,0,0,0,0
122222,1,1,0,0,0,0,0,0,0,0,0,0
122222,2,1,0,0,0,0,0,0,0,0,0,0
122223,0,1,0,0,0,0,0,0,0,0,0,0
122223,1,1,0,0,17,17,0,0,6,19,15,0
122224,1,1,0,10,0,13,0,14,18,0,0,0
122225,1,1,17,17,17,17,17,17,17,17,17,17
122225,2,1,7,7,7,7,7,7,7,7,7,7
122226,1,1,14,14,14,14,14,14,14,14,14,14
122227,1,1,16,16,16,16,16,16,16,16,16,16
122228,1,1,23,23,23,23,23,23,23,23,23,23
122229,1,1,0,0,0,0,0,0,0,0,0,0
122230,1,1,0,0,0,0,0,0,0,0,0,0
122230,2,1,23,0,0,0,0,0,0,0,0,0
122231,0,1,0,0,0,0,0,0,0,0,0,0
122231,1,1,0,0,28,0,0,0,0,0,0,0
122232,0,1,0,0,0,0,0,0,0,0,0,0
122232,1,1,15,15,15,15,15,15,15,15,15,15
122233,1,1,0,0,0,0,0,0,0,0,0,0
122233,2,1,0,0,0,0,0,0,0,0,0,0
122234,0,1,0,0,0,0,0,0,0,0,0,0
122234,1,1,0,0,0,0,0,0,0,9,0,0
122235,1,1,0,0,0,0,0,0,0,0,0,0
122235,2,1,0,0,0,0,0,0,0,0,0,0
122236,1,1,0,0,0,0,0,0,0,0,0,0
122236,2,1,0,0,0,0,0,0,0,0,0,0
122236,3,1,0,0,0,0,0,0,0,0,0,0
122238,1,1,0,0,0,0,0,0,0,0,0,0
122238,2,1,0,0,0,0,0,0,0,0,0,0
122239,1,1,19,19,19,19,19,19,19,19,19,19
122240,1,1,0,0,0,0,0,0,0,0,0,0
122240,2,1,0,0,0,0,0,0,0,0,0,0
122240,3,1,0,0,0,0,0,0,0,0,0,0
122241,1,1,0,0,0,0,0,0,15,0,0,19
122241,2,1,0,0,0,0,0,0,0,0,0,0
122241,3,1,0,0,0,0,0,0,0,0,0,0
122242,1,1,0,0,0,0,0,0,0,0,0,0
122243,1,1,0,0,0,0,0,0,0,0,0,0
122243,2,1,0,0,0,0,0,0,0,0,0,0
122243,3,1,0,0,0,0,0,0,0,0,0,0
122244,0,1,0,0,0,0,0,0,0,0,0,0
122244,1,1,0,0,0,0,0,0,0,0,0,0
122245,1,1,23,23,23,23,23,23,23,23,23,23
122245,2,1,0,0,0,0,0,0,0,0,0,0
122246,0,1,0,0,0,21,0,0,0,0,0,0
122246,1,1,0,0,0,0,0,0,0,0,21,0
122249,1,1,0,0,0,0,0,0,0,0,0,0
122250,1,1,0,0,0,0,0,0,0,0,15,0
122250,2,1,0,0,0,0,0,0,0,0,0,0
122251,1,1,16,21,19,10,17,14,24,0,0,8
122251,2,1,0,0,0,0,0,0,0,0,0,0
122252,1,1,15,15,15,15,15,15,15,15,15,15
122253,1,1,0,0,0,0,0,0,0,0,0,0
122253,2,1,0,0,0,0,0,0,0,0,0,0
122254,1,1,0,0,0,0,0,0,0,0,0,0
122255,1,1,0,0,0,0,0,0,10,0,0,0
122256,1,1,14,14,14,14,14,14,14,14,14,14
122257,1,1,0,0,0,0,0,0,0,0,0,0
122257,2,1,0,0,0,0,0,0,0,0,0,0
122258,1,1,11,11,11,11,11,11,11,11,11,11
122259,0,1,13,21,0,8,13,30,13,14,20,12
122259,1,1,0,14,27,0,0,0,0,3,0,0
122260,1,1,0,0,0,0,0,0,0,0,0,0
122260,2,1,32,0,0,0,0,0,0,0,0,0
122260,3,1,0,0,0,0,0,0,0,0,0,0
122261,1,1,18,0,0,22,0,0,0,0,0,26
122262,1,1,17,17,17,17,17,17,17,17,17,17
122263,1,1,19,14,16,0,17,38,20,23,29,13
122264,0,1,0,0,0,0,0,0,0,0,0,0
122264,1,1,0,0,0,0,0,0,0,0,0,0
122265,1,1,0,12,0,13,0,19,12,11,0,9
122266,0,1,0,0,0,0,0,0,0,0,0,0
122266,1,1,0,0,0,0,0,0,0,0,0,0
122266,2,1,0,0,0,0,0,0,0,23,0,0
122267,1,1,0,0,0,0,0,13,0,0,10,0
122268,0,1,0,0,0,0,0,0,0,0,0,0
122268,1,1,0,0,0,0,0,0,0,0,0,0
122269,1,1,0,0,0,36,3,0,0,0,0,0
122270,0,1,0,0,0,0,0,0,0,0,0,0
122270,1,1,0,0,0,0,0,0,0,15,0,0
122270,2,1,0,0,0,0,0,0,0,0,0,0
122271,1,1,0,0,0,0,0,0,0,0,0,0
122272,1,1,5,5,5,5,5,5,5,5,5,5
122272,2,1,0,0,0,0,0,0,0,0,0,0
122273,0,1,0,0,0,0,0,28,26,0,0,0
122273,1,1,29,29,29,29,29,29,29,29,29,29
122275,1,1,0,0,0,0,0,0,0,0,0,0
122275,2,1,0,0,0,0,0,0,0,0,0,0
122276,1,1,0,0,0,0,0,0,0,0,0,0
122276,2,1,0,0,0,0,0,0,0,0,0,0
122277,0,1,0,0,0,0,0,0,0,0,0,0
122277,1,1,0,0,0,0,0,0,11,0,0,0
122278,1,1,2,2,2,2,2,2,2,2,2,2
122278,2,1,0,0,0,0,0,0,0,0,0,3
122279,0,1,0,0,0,43,0,0,0,0,0,0
122279,1,1,0,0,0,0,0,0,0,0,0,0
122280,1,1,0,0,0,16,0,0,0,28,0,0
122280,2,1,0,0,0,0,0,0,0,0,0,0
122281,0,1,18,0,0,0,0,0,0,3,0,0
122281,1,1,0,0,0,26,11,27,21,0,1,0
122282,1,1,0,0,0,0,0,0,0,0,0,0
122282,2,1,0,0,0,0,0,0,0,0,0,0
122283,1,1,0,0,0,0,0,16,0,0,0,0
122283,2,1,0,0,0,0,0,0,0,0,0,0
122284,1,1,22,22,22,22,22,22,22,22,22,22
122284,2,1,0,0,0,0,0,0,0,0,0,0
122285,1,1,11,10,25,7,18,0,16,17,5,38
122285,2,1,0,0,0,0,0,0,0,0,0,0
122286,0,1,0,0,0,9,0,0,0,0,0,0
122286,1,1,0,0,0,0,0,0,0,0,0,0
122287,1,1,18,18,18,18,18,18,18,18,18,18
122287,2,1,15,15,15,15,15,15,15,15,15,15
122288,1,1,0,6,13,0,21,0,0,18,15,24
122289,1,1,14,14,14,14,14,14,14,14,14,14
122290,1,1,0,0,0,0,0,0,0,0,0,0
122291,0,1,0,0,0,0,0,0,0,0,0,0
122291,1,1,22,22,22,22,22,22,22,22,22,22
122292,0,1,0,0,0,0,0,0,0,0,0,0
122292,1,1,7,7,7,7,7,7,7,7,7,7
122293,0,1,0,0,0,0,0,0,0,0,0,0
122293,3,1,0,0,0,0,0,0,0,0,0,0
122293,4,1,0,0,0,0,0,0,0,0,0,0
122295,0,1,0,0,0,23,18,53,6,0,0,21
122295,1,1,0,0,19,0,15,23,8,0,6,13
122296,0,1,0,0,0,0,0,0,0,0,0,0
122296,1,1,0,0,0,0,0,0,0,0,0,0
122297,1,1,0,0,0,0,0,0,0,0,0,0
122297,2,1,0,0,0,0,0,0,0,0,0,0
122298,1,1,0,0,0,0,13,0,0,17,0,0
122298,2,1,0,0,0,0,5,0,0,0,0,0
122299,1,1,9,0,0,22,0,0,0,0,15,0
122299,2,1,0,12,0,0,0,0,0,0,0,0
122299,3,1,0,19,0,0,3,0,0,0,0,11
122300,0,1,0,0,0,0,0,0,0,0,0,0
122300,1,1,0,0,0,0,0,0,0,12,0,0
122301,1,1,21,21,21,21,21,21,21,21,21,21
122302,1,1,0,0,0,0,0,0,0,0,15,0
122302,2,1,0,0,15,0,0,0,0,0,0,0
122303,1,1,0,0,0,0,0,0,0,0,0,0
122303,2,1,0,0,0,0,0,0,0,0,0,0
122304,1,1,0,0,0,0,0,0,0,0,0,0
122304,2,1,0,0,0,0,0,0,0,0,0,21
122306,1,1,0,0,0,0,0,0,0,0,25,0
122307,1,1,0,0,0,0,0,0,0,0,0,21
122308,0,1,0,0,0,0,30,0,0,32,9,0
122308,1,1,0,0,0,0,0,0,0,0,0,0
122309,0,1,0,29,0,14,0,0,37,0,0,0
122309,1,1,0,0,0,0,0,0,0,0,0,0
122310,1,1,0,29,20,0,0,0,0,0,5,0
122310,2,1,13,0,21,0,0,0,0,0,0,0
122311,0,1,0,0,0,0,0,0,0,0,14,0
122311,1,1,0,0,0,0,0,0,0,0,0,0
122312,0,1,31,0,0,28,0,0,0,0,22,13
122312,1,1,0,0,5,0,0,0,0,10,0,0
122313,0,1,0,24,34,0,27,8,0,0,26,29
122313,1,1,0,21,17,0,0,0,0,0,0,15
122314,1,1,0,0,0,11,0,0,0,0,0,0
122314,2,1,0,0,0,0,10,0,0,0,0,0
122315,1,1,0,0,0,0,0,0,0,0,0,0