ST_CASE,VEH_NO,PER_NO,P1,P2,P3,P4,P5,P6,P7,P8,P9,P10
122315,2,1,0,0,0,0,0,0,0,0,0,0
122316,0,1,0,0,0,11,0,0,21,0,0,0
122316,1,1,0,0,0,0,0,0,0,0,0,8
122317,0,1,0,0,0,0,0,21,0,3,0,12
122317,1,1,0,20,6,0,0,19,0,21,13,0
122318,1,1,24,24,24,24,24,24,24,24,24,24
122318,2,1,0,0,0,0,0,0,0,0,0,0
122318,3,1,0,0,0,0,0,0,0,0,0,0
122319,0,1,0,0,0,0,0,0,0,0,0,0
122319,1,1,0,0,0,11,0,0,0,0,0,0
122319,2,1,0,0,0,0,0,0,0,0,0,0
122320,1,1,0,0,0,0,0,0,0,0,0,0
122322,1,1,0,0,0,0,0,0,0,0,0,0
122322,2,1,0,0,0,0,0,0,0,0,0,0
122323,1,1,0,0,0,0,0,0,0,0,5,16
122323,2,1,0,0,18,13,0,0,0,0,0,0
122324,0,1,0,0,34,0,0,0,0,0,0,0
122324,0,2,0,0,0,0,0,0,0,0,0,0
122324,1,1,0,0,0,0,0,0,0,0,0,0
122325,1,1,4,4,4,4,4,4,4,4,4,4
122326,1,1,0,0,0,0,23,0,0,0,0,12
122326,2,1,16,0,0,0,0,0,0,0,0,0
122327,0,1,0,0,0,0,0,0,0,0,0,0
122327,1,1,0,0,0,15,0,0,9,9,18,26
122328,0,1,0,0,0,0,0,0,0,0,0,0
122328,1,1,7,0,0,0,0,0,0,0,0,0
122329,1,1,0,0,0,0,0,0,0,0,0,0
122329,2,1,0,0,0,0,0,0,15,15,0,27
122329,3,1,0,0,0,0,0,0,0,0,0,0
122330,0,1,0,19,26,0,0,0,0,10,0,0
122330,1,1,0,30,0,0,0,0,0,0,0,0
122331,1,1,0,0,0,0,0,0,0,0,0,0
122331,2,1,0,0,0,0,0,0,0,0,0,0
122333,0,1,0,0,0,0,0,0,16,0,0,0
122333,1,1,0,0,0,0,0,0,0,0,0,0
122334,0,1,2,2,2,2,2,2,2,2,2,2
122334,1,1,0,16,0,10,0,28,0,0,0,0
122334,2,1,0,0,0,0,0,0,0,0,3,0
122335,1,1,0,0,0,0,0,0,0,0,0,0
122335,2,1,0,0,0,0,0,0,0,0,8,0
122336,1,1,7,7,7,7,7,7,7,7,7,7
122336,2,1,0,0,0,0,0,0,0,0,0,0
122337,1,1,0,0,0,0,0,0,0,0,0,0
122337,2,1,0,0,0,0,0,14,0,0,0,0
122337,3,1,0,0,0,0,0,0,0,0,0,0
122338,1,1,0,0,0,0,0,0,0,0,0,0
122339,1,1,0,0,0,0,0,0,0,0,0,0
122339,2,1,0,0,0,0,0,0,0,0,0,0
122340,1,1,0,0,0,0,0,0,0,0,0,0
122340,2,1,0,0,0,0,0,0,0,0,0,0
122341,0,1,0,0,0,0,0,0,0,0,0,0
122341,1,1,0,0,0,0,0,0,0,0,0,0
122342,0,1,0,26,0,0,0,0,20,0,0,0
122342,1,1,0,0,0,0,0,0,0,0,0,0
122343,1,1,15,0,0,15,0,0,0,0,0,0
122344,1,1,20,22,0,0,0,21,12,11,31,0
122345,1,1,23,0,0,0,0,0,0,0,0,0
122345,2,1,6,9,6,10,14,7,0,9,0,8
122346,1,1,17,17,17,17,17,17,17,17,17,17
122347,1,1,0,0,0,0,0,0,0,0,0,0
122349,1,1,2,2,2,2,2,2,2,2,2,2
122350,1,1,0,0,0,0,0,0,0,0,0,0
122350,2,1,0,0,0,0,0,0,24,0,0,0
122351,0,1,0,0,0,0,0,0,0,0,0,0
122351,1,1,0,0,0,26,0,0,0,0,22,0
122352,1,1,0,0,0,0,0,0,0,0,0,0
122352,2,1,0,0,0,0,0,0,0,0,0,0
122353,1,1,8,13,0,0,0,0,0,0,0,0
122353,2,1,0,0,0,0,0,0,0,0,0,0
122353,3,1,0,0,0,0,0,0,0,0,0,0
122354,1,1,0,0,0,0,0,0,0,0,0,0
122354,2,1,0,0,0,0,0,0,0,0,0,0
122355,0,1,33,25,39,20,42,4,16,27,16,26
122355,1,1,0,0,0,0,0,0,0,0,0,0
122357,1,1,18,18,18,18,18,18,18,18,18,18
122357,2,1,18,18,0,24,0,19,12,18,0,0
122358,1,1,0,0,0,0,0,0,0,0,0,0
122358,2,1,0,0,0,0,0,0,0,0,0,0
122359,1,1,13,13,13,13,13,13,13,13,13,13
122360,0,1,0,0,0,0,0,0,0,11,15,0
122360,1,1,0,0,0,0,0,0,0,0,47,0
122361,1,1,15,15,15,15,15,15,15,15,15,15
122361,2,1,0,0,0,0,0,0,0,0,0,0
122362,1,1,0,0,0,0,0,0,0,0,0,0
122362,2,1,0,0,0,0,0,0,0,0,0,0
122362,3,1,0,0,0,0,0,0,0,0,0,0
122363,1,1,0,0,0,0,0,0,0,0,0,0
122363,2,1,0,0,0,0,0,0,0,0,0,0
122364,1,1,0,0,0,0,0,0,0,25,0,0
122365,0,1,20,20,20,20,20,20,20,20,20,20
122365,1,1,0,16,0,0,0,0,0,0,18,0
122366,1,1,25,25,25,25,25,25,25,25,25,25
122367,1,1,0,0,0,0,0,0,0,0,0,0
122367,2,1,0,0,0,0,0,0,0,0,0,0
122368,0,1,0,5,0,0,0,0,0,0,0,0
122368,1,1,0,0,0,0,0,0,0,9,0,0
122369,1,1,0,0,0,0,0,0,13,0,0,0
122370,1,1,0,0,0,0,0,0,0,0,0,0
122370,2,1,0,0,0,0,0,0,0,0,0,0
122371,0,1,0,0,0,0,0,0,0,0,0,0
122371,1,1,0,0,0,0,0,0,0,0,0,0
122372,0,1,0,0,25,18,0,2,0,0,28,0
122372,1,1,0,0,0,0,0,0,0,0,0,0
122372,2,1,0,0,0,0,0,0,0,0,0,0
122373,1,1,0,0,0,0,0,21,0,28,0,0
122374,1,1,0,0,9,0,0,0,0,0,0,14
122375,1,1,0,0,0,0,0,0,0,0,0,0
122375,2,1,0,0,0,0,0,0,0,0,0,0
122376,0,1,12,0,14,0,18,0,0,0,5,0
122376,1,1,0,0,18,0,0,0,0,0,23,0
122376,2,1,0,0,6,0,0,0,0,0,14,0
122377,1,1,0,0,0,0,0,0,0,0,0,0
122377,2,1,0,0,0,0,0,0,0,0,0,0
122377,3,1,0,0,0,0,0,0,0,0,0,0
122377,4,1,0,0,0,0,0,0,0,0,0,0
122378,1,1,37,37,37,37,37,37,37,37,37,37
122378,2,1,0,0,0,0,0,0,0,0,0,0
122379,0,1,15,16,0,9,0,0,0,0,0,0
122379,1,1,17,0,0,0,0,0,0,0,0,0
122379,2,1,0,0,0,0,0,0,0,0,0,0
122380,1,1,20,20,20,20,20,20,20,20,20,20
122381,1,1,0,0,0,0,10,0,0,0,26,0
122381,2,1,0,0,22,0,0,0,0,0,0,0
122381,3,1,0,9,0,0,0,0,0,0,0,0
122382,0,1,22,22,22,22,22,22,22,22,22,22
122382,1,1,0,0,0,0,0,0,0,0,0,0
122383,1,1,0,0,0,0,0,0,17,0,0,0
122383,2,1,0,0,0,0,0,0,0,0,0,0
122384,1,1,0,0,0,0,0,0,0,0,0,0
122385,1,1,0,17,0,0,0,0,0,0,0,0
122385,3,1,0,0,0,0,0,0,0,0,0,0
122386,1,3,0,0,0,0,9,0,0,0,7,0
122387,1,1,0,12,0,0,0,0,0,0,0,0
122387,2,1,0,0,0,0,0,0,0,0,0,0
122388,1,1,10,10,10,10,10,10,10,10,10,10
122388,2,1,0,0,0,0,0,0,0,0,0,0
122389,1,1,0,0,0,0,0,0,0,0,0,0
122389,2,1,0,0,0,0,0,0,0,0,0,0
122390,0,1,0,0,0,0,0,0,0,0,0,0
122390,1,1,0,0,0,0,0,0,0,0,0,0
122391,1,1,0,0,0,0,0,0,0,0,0,0
122392,1,1,0,0,0,0,0,0,0,0,0,0
122392,2,1,6,6,6,6,6,6,6,6,6,6
122392,3,1,10,0,10,0,11,8,0,0,0,0
122393,0,1,25,25,25,25,25,25,25,25,25,25
122393,1,1,0,0,0,0,0,0,0,0,0,0
122394,1,1,8,8,8,8,8,8,8,8,8,8
122394,2,1,0,0,0,0,0,0,0,0,0,0
122395,1,1,21,21,21,21,21,21,21,21,21,21
122396,1,1,12,12,12,12,12,12,12,12,12,12
122396,2,1,0,0,0,0,0,0,0,0,0,0
122397,1,1,0,0,0,0,0,0,0,0,0,0
122397,2,1,0,0,0,0,0,0,0,0,0,0
122399,0,1,21,0,0,0,0,0,36,0,0,0
122399,1,1,0,10,0,0,0,19,0,0,0,0
122400,1,1,0,0,0,0,0,0,0,0,0,0
122400,2,1,0,14,12,0,0,0,0,0,0,0
122401,0,1,23,0,25,13,23,15,23,19,0,14
122401,1,1,0,0,0,0,0,0,0,0,0,0
122402,1,1,3,11,0,0,0,23,17,0,0,0
122403,0,1,46,0,0,0,22,0,0,0,13,0
122403,1,1,0,0,0,0,0,0,0,0,0,0
122404,1,1,0,0,0,0,0,0,0,0,0,0
122404,2,1,0,0,0,10,0,0,0,0,0,0
122405,1,1,0,0,0,0,0,0,0,0,0,0
122406,1,1,0,0,0,0,0,0,0,0,0,0
122406,2,1,0,0,0,0,0,0,0,0,0,0
122407,1,1,24,24,24,24,24,24,24,24,24,24
122408,0,1,0,0,0,0,0,0,0,0,15,0
122408,1,1,0,0,0,0,9,0,0,0,0,0
122409,0,1,0,0,0,22,0,0,0,14,12,0
122409,1,1,0,0,0,0,0,0,0,0,0,0
122410,1,1,0,0,0,0,0,0,0,0,0,0
122411,1,1,17,17,17,17,17,17,17,17,17,17
122412,1,1,0,0,0,0,0,16,0,0,0,0
122413,1,1,11,11,11,11,11,11,11,11,11,11
122414,1,1,0,0,0,0,0,0,0,0,0,0
122414,2,1,0,0,0,0,0,0,0,0,0,0
122415,1,1,0,0,0,0,0,0,0,0,0,0
122415,2,1,0,0,0,0,0,0,0,0,0,0
122415,3,1,0,0,0,0,0,0,0,0,0,0
122416,0,1,0,0,0,0,0,0,0,0,0,0
122416,1,1,0,0,0,0,0,0,0,0,0,0
122416,2,1,0,0,0,0,0,0,0,0,0,0
122416,3,1,0,0,0,0,0,3,0,0,0,0
122417,1,1,0,0,0,0,0,0,0,39,0,0
122418,1,1,0,0,0,0,0,0,0,8,0,0
122418,2,1,0,0,0,0,0,0,0,0,0,0
122419,1,1,0,0,0,0,0,0,0,0,0,0
122419,2,1,0,0,0,0,0,0,0,0,0,0
122420,0,1,0,0,0,0,0,0,0,0,0,0
122420,1,1,0,0,0,0,0,0,0,0,0,0
122421,1,1,32,19,4,0,0,16,0,0,0,0
122421,2,1,0,0,0,0,0,0,0,0,0,0
122422,1,1,0,0,0,0,0,37,0,28,0,0
122422,2,1,0,20,0,0,9,0,0,0,0,0
122423,0,1,0,0,0,0,10,0,0,0,0,0
122423,1,1,4,0,4,0,11,18,2,0,11,0
122423,2,1,0,0,0,0,0,0,0,0,0,0
122424,1,1,0,0,5,0,0,0,0,0,0,0
122424,2,1,0,0,0,0,0,0,0,0,0,0
122425,0,1,35,35,35,35,35,35,35,35,35,35
122425,1,1,0,15,0,23,0,0,0,0,0,12
122426,1,1,0,0,0,0,0,0,0,0,0,0
122426,2,1,0,0,0,0,0,0,0,0,0,0
122427,1,1,0,0,0,0,0,0,0,0,0,42
122428,1,1,0,0,0,0,0,0,0,0,0,0
122429,1,1,11,14,14,5,9,18,18,13,27,15
122430,0,1,4,4,4,4,4,4,4,4,4,4
122430,1,1,0,0,0,0,0,0,0,0,0,0
122431,0,1,0,40,0,33,0,0,0,0,0,0
122431,1,1,0,0,0,0,0,0,0,0,21,18
122432,1,1,0,0,0,0,0,0,0,0,0,0
122432,2,1,5,9,0,0,10,0,0,15,0,5
122433,0,1,0,0,0,0,0,0,0,0,0,0
122433,1,1,0,0,0,0,0,0,0,0,0,0
122434,1,1,3,3,3,3,3,3,3,3,3,3
122434,2,1,0,0,0,0,0,0,0,0,0,0
122434,3,1,8,8,8,8,8,8,8,8,8,8
122435,1,1,40,40,40,40,40,40,40,40,40,40
122437,0,1,22,16,14,28,28,23,0,27,17,16
122437,1,1,0,0,0,0,0,0,0,0,0,0
122439,1,1,0,0,0,0,0,0,0,0,0,0
122439,2,1,0,0,0,0,0,0,0,0,0,0
122440,0,1,0,0,0,0,0,0,0,0,0,0
122440,1,1,0,0,0,14,0,0,0,0,0,0
122441,1,1,0,0,0,0,0,0,0,8,0,0
122441,2,1,0,0,0,0,0,0,0,0,0,0
122442,1,1,22,22,22,22,22,22,22,22,22,22
122443,1,1,0,0,0,0,0,0,0,0,0,0
122443,2,1,0,0,0,0,0,0,0,0,0,0
122443,3,1,0,14,0,0,0,0,0,0,0,0
122444,0,1,1,1,1,1,1,1,1,1,1,1
122444,1,1,0,0,12,8,0,0,0,19,0,0
122445,1,1,0,0,0,0,0,0,0,0,0,0
122447,1,1,0,0,0,0,0,0,0,0,0,0
122447,2,1,0,0,0,0,0,0,0,0,0,0
122448,0,1,0,0,0,0,0,0,0,0,0,0
122448,0,2,0,0,0,0,0,0,0,0,0,0
122448,0,3,10,0,0,0,0,0,0,0,0,0
122448,2,1,30,16,15,22,16,0,0,14,0,0
122449,1,1,0,0,0,0,16,0,0,0,0,0
122449,2,1,19,19,19,19,19,19,19,19,19,19
122450,1,1,0,0,0,0,0,0,0,0,0,0
122450,2,1,0,0,0,0,23,0,0,13,0,0
122451,0,1,27,27,27,27,27,27,27,27,27,27
122451,1,1,0,0,0,0,0,0,0,0,0,0
122452,1,1,0,6,19,16,0,9,0,0,11,15
122453,1,1,9,9,9,9,9,9,9,9,9,9
122454,1,1,0,0,0,0,0,0,0,0,0,0
122454,2,1,0,0,0,0,0,0,0,0,0,0
122454,3,1,0,0,0,0,0,0,0,0,0,0
122455,1,1,0,13,0,0,0,0,0,0,7,0
122455,2,1,0,0,0,0,0,0,0,0,0,0
122456,1,1,0,0,0,0,0,17,0,0,0,0
122457,1,1,0,0,0,0,0,0,0,0,0,0
122457,2,1,0,0,0,0,0,0,0,0,0,0
122459,1,1,0,0,0,0,0,0,0,0,0,0
122459,2,1,0,0,0,0,0,0,0,0,0,14
122460,1,1,18,18,18,18,18,18,18,18,18,18
122461,0,1,0,0,0,0,0,8,17,0,0,0
122461,1,1,0,0,0,0,0,0,0,0,0,0
122462,1,1,0,0,0,0,0,0,0,0,0,0
122462,2,1,0,0,0,0,0,0,0,0,0,0
122463,1,1,0,0,0,0,0,0,0,0,0,0
122464,1,1,22,28,19,15,12,13,22,8,0,9
122464,2,1,14,0,8,17,0,0,13,0,0,6
122464,3,1,0,0,0,0,0,0,0,0,0,0
122465,1,1,0,0,0,0,0,0,0,0,0,0
122466,1,1,0,0,0,0,0,0,0,0,0,0
122467,1,1,0,0,0,0,0,0,0,0,0,16
122467,2,1,0,0,0,0,0,0,0,0,0,0
122467,3,1,0,0,0,17,0,0,0,0,0,0
122468,0,1,2,2,2,2,2,2,2,2,2,2
122468,1,1,0,0,0,0,0,0,0,0,0,0
122469,0,1,21,21,21,21,21,21,21,21,21,21
122469,1,1,0,0,0,0,0,0,0,0,0,0
122470,1,1,0,0,0,0,0,0,0,0,0,0
122470,2,1,0,0,0,0,0,0,0,0,24,0
122470,3,1,0,0,0,0,0,0,0,0,0,0
122470,4,1,0,0,0,0,0,0,0,0,0,0
122471,0,1,0,22,0,0,12,0,0,0,25,0
122471,1,1,0,0,6,0,0,0,0,0,0,0
122472,1,1,17,17,17,17,17,17,17,17,17,17
122473,0,1,0,0,0,0,0,0,0,0,0,0
122473,1,1,23,0,0,10,14,29,0,0,14,0
122474,1,1,0,0,0,0,0,0,0,0,0,0
122474,2,1,0,0,0,0,0,16,0,0,0,0
122475,0,1,17,17,17,17,17,17,17,17,17,17
122475,1,1,0,0,0,0,0,0,0,0,0,0
122476,1,1,0,0,0,0,0,0,0,0,0,0
122476,2,1,0,0,0,0,0,0,0,0,0,0
122477,1,1,12,0,0,0,0,0,21,25,0,0
122479,1,1,0,0,0,0,0,0,0,0,0,0
122480,1,1,12,4,8,5,18,22,11,4,9,23
122480,2,1,0,0,0,0,0,0,7,0,0,0
122481,1,1,21,21,21,21,21,21,21,21,21,21
122482,1,1,5,5,5,5,5,5,5,5,5,5
122483,1,1,25,25,25,25,25,25,25,25,25,25
122483,2,1,0,0,0,0,0,0,0,1,0,0
122484,1,1,21,21,21,21,21,21,21,21,21,21
122484,2,1,7,0,0,0,0,0,0,12,0,0
122485,1,1,4,4,4,4,4,4,4,4,4,4
122486,1,1,0,0,0,0,0,0,0,0,0,0
122486,2,1,0,0,0,0,0,0,0,0,0,0
122487,0,1,15,15,15,15,15,15,15,15,15,15
122487,1,1,0,0,0,0,0,0,0,0,0,0
122487,2,1,0,0,0,0,0,0,0,0,0,0
122488,1,1,0,0,0,0,0,0,0,0,0,0
122488,2,1,0,34,0,0,0,0,0,24,0,0
122489,1,1,0,0,0,0,0,0,0,0,0,0
122489,2,1,0,0,0,0,0,0,0,0,0,0
122490,1,1,0,0,0,0,0,0,0,0,0,0
122490,2,1,0,0,0,0,0,0,0,0,0,0
122491,0,1,0,0,0,0,0,0,0,0,0,0
122491,1,1,0,0,0,0,0,0,0,0,0,0
122492,1,1,0,0,0,0,0,0,0,0,0,0
122492,2,1,0,0,0,0,0,0,0,0,0,0
122493,0,1,1,1,1,1,1,1,1,1,1,1
122493,1,1,0,0,0,0,0,0,0,0,0,0
122494,0,1,36,36,36,36,36,36,36,36,36,36
122494,1,1,0,10,13,0,16,0,0,0,0,23
122495,1,1,0,0,0,0,0,0,0,0,0,0
122496,1,1,3,3,3,3,3,3,3,3,3,3
122496,2,1,0,0,0,0,0,0,0,0,0,0
122497,1,1,0,0,0,0,0,0,0,0,0,0
122497,2,1,0,0,0,0,0,0,0,0,0,0
122497,3,1,0,0,0,0,0,0,0,0,0,0
122498,1,1,12,0,0,4,0,0,0,47,0,0
122498,2,1,0,0,0,0,0,0,0,0,0,0
122499,1,1,6,6,6,6,6,6,6,6,6,6
122499,2,1,0,4,3,0,0,20,0,5,0,0
122500,1,1,0,0,0,0,0,0,0,0,0,0
122500,2,1,0,0,0,0,0,0,0,0,0,0
122500,3,1,0,0,0,0,0,0,0,0,3,0
122501,0,1,0,36,0,27,0,0,0,0,0,0
122501,1,1,0,0,0,0,0,0,0,0,0,0
122502,0,1,0,0,0,0,0,22,0,0,4,0
122502,1,1,19,24,0,0,16,0,0,25,23,0
122503,1,1,0,0,0,0,0,0,0,0,0,0
122503,2,1,0,0,0,0,0,0,0,0,0,0
122504,0,1,0,0,0,0,0,0,0,0,0,0
122504,1,1,0,0,0,5,0,0,0,0,0,0
122506,1,1,0,0,0,0,0,0,0,0,0,0
122507,1,1,0,0,14,0,7,8,36,0,0,0
122508,0,1,0,0,0,0,0,0,0,0,0,0
122508,1,1,0,0,0,0,0,0,0,0,0,0
122509,1,1,0,0,0,0,18,0,0,0,0,11
122509,2,1,0,0,0,0,0,0,0,0,0,0
122509,3,1,2,2,2,2,2,2,2,2,2,2
122510,1,1,19,19,19,19,19,19,19,19,19,19
122510,2,1,0,0,0,0,3,0,17,0,0,0
122511,1,1,0,0,42,0,0,0,0,0,0,0
122511,2,1,0,0,0,0,0,0,0,0,0,9
122512,1,1,0,0,0,0,0,0,0,0,0,0
122512,2,1,7,0,0,0,0,0,0,0,0,0
122513,1,1,0,0,0,0,0,0,0,0,0,0
122513,2,1,0,0,0,0,0,0,0,0,0,0
122513,3,1,0,0,0,0,0,22,0,0,0,0
122513,4,1,0,0,0,0,0,0,0,0,0,0
122514,1,1,0,0,0,0,0,0,0,0,0,0
122514,2,1,0,0,0,0,0,0,0,0,0,0
122515,1,1,0,0,0,0,0,0,0,0,0,0
122515,2,1,0,0,0,0,0,0,0,0,0,0
122516,0,1,0,10,26,0,0,0,30,21,0,0
122516,1,1,0,0,0,0,0,0,0,0,0,0
122517,0,1,0,0,0,0,0,24,0,16,0,0
122517,1,1,0,0,0,0,0,0,0,0,0,0
122518,1,1,0,0,0,0,0,0,0,0,0,0
122518,2,1,0,0,0,0,0,0,0,0,0,0
122519,0,1,13,23,27,27,13,9,19,27,27,28
122519,1,1,0,0,0,0,0,33,0,0,0,0
122520,0,1,34,34,34,34,34,34,34,34,34,34
122520,1,1,0,0,0,0,0,0,0,0,0,0
122521,1,1,2,2,2,2,2,2,2,2,2,2
122521,2,1,0,0,0,0,0,0,0,0,0,0
122522,1,1,0,0,0,0,0,0,0,0,21,24
122523,1,1,15,15,15,15,15,15,15,15,15,15
122523,2,1,0,21,23,0,0,0,0,3,16,0
122524,1,1,15,15,15,15,15,15,15,15,15,15
122525,1,1,2,2,2,2,2,2,2,2,2,2
122525,2,1,0,0,0,0,0,0,0,0,22,0
122526,1,1,0,0,0,0,17,0,0,0,0,0
122526,2,1,0,0,0,0,0,0,0,12,35,11
122527,1,1,0,0,0,0,0,16,0,0,0,0
122528,1,1,21,21,21,21,21,21,21,21,21,21
122528,2,1,0,0,10,0,0,0,10,1,0,7
122529,1,1,0,0,0,0,0,0,0,0,0,0
122529,2,1,0,0,0,0,0,17,15,0,0,0
122530,0,1,3,3,3,3,3,3,3,3,3,3
122530,1,1,0,0,0,0,0,0,0,0,0,0
122531,1,1,0,19,0,0,0,0,0,0,0,20
122531,2,1,0,0,0,0,0,0,0,0,0,0
122532,0,1,0,0,0,0,0,0,0,0,0,0
122532,1,1,0,0,0,0,0,0,0,0,0,0
122533,0,1,0,0,0,0,0,0,0,0,0,0
122533,1,1,0,0,0,0,0,0,0,0,0,0
122534,0,1,20,20,20,20,20,20,20,20,20,20
122534,1,1,0,0,0,0,0,0,0,0,0,0
122535,1,1,20,20,20,20,20,20,20,20,20,20
122536,1,1,0,0,0,0,0,0,0,0,0,0
122536,2,1,0,0,0,0,0,0,0,0,0,0
122536,3,1,0,0,0,0,0,0,0,0,0,0
122536,4,1,0,0,0,0,0,0,0,0,0,0
122537,1,1,0,0,0,19,0,0,0,0,0,0
122538,0,1,0,0,0,0,0,0,0,0,0,0
122538,1,1,0,0,0,0,0,0,0,0,0,0
122539,1,1,0,0,0,0,0,0,0,0,0,0
122539,2,1,15,0,20,0,0,0,0,0,0,0
122539,3,1,0,0,0,0,13,13,0,0,0,0
122540,1,1,0,0,0,0,0,0,0,0,0,0
122541,1,1,0,0,0,0,0,0,0,0,0,0
122541,2,1,0,0,0,0,0,0,0,0,0,0
122542,1,1,8,8,8,8,8,8,8,8,8,8
122543,1,1,0,0,0,0,0,0,0,0,0,0
122543,2,1,0,0,0,0,0,0,0,0,0,0
122544,1,1,0,0,0,0,0,0,0,0,0,0
122544,2,1,0,0,0,0,0,0,0,0,0,0
122545,1,1,0,0,0,0,0,0,0,0,0,0
122546,1,1,27,27,27,27,27,27,27,27,27,27
122546,2,1,0,0,0,0,0,0,10,0,0,0
122547,1,1,0,12,0,14,0,22,0,0,0,0
122547,2,1,0,0,0,0,0,0,0,22,0,0
122548,1,1,28,0,0,0,0,12,0,0,0,0
122549,0,1,0,0,0,0,0,0,0,0,0,0
122549,1,1,0,0,0,0,0,0,0,0,0,5
122550,1,1,0,0,0,0,0,0,0,0,0,0
122550,2,1,0,0,0,18,0,0,0,0,0,0
122550,3,1,0,0,0,0,0,0,0,0,0,0
122551,1,1,0,0,0,0,0,0,0,0,0,0
122551,2,1,0,0,0,0,0,0,0,0,0,0
122552,1,1,0,0,0,0,0,0,0,0,0,0
122553,0,1,1,1,1,1,1,1,1,1,1,1
122553,1,1,0,0,0,0,0,0,0,0,0,0
122553,2,1,0,0,0,0,0,0,0,0,0,0
122554,1,1,0,0,0,0,0,0,0,0,0,0
122555,1,1,0,20,34,0,0,0,0,0,0,0
122556,1,1,16,13,0,0,11,9,17,19,16,14
122556,2,1,0,0,0,0,0,0,0,0,0,0
122557,1,1,17,17,17,17,17,17,17,17,17,17
122558,0,1,0,0,0,0,5,0,0,0,0,0
122558,1,1,0,0,0,0,0,0,0,0,0,0
122559,1,1,0,0,6,12,0,0,0,0,0,35
122559,2,1,0,0,0,0,0,11,6,0,0,11
122560,0,1,0,0,0,0,0,0,0,0,0,0
122560,1,1,0,0,0,16,0,0,0,0,0,0
122561,0,1,0,0,0,0,0,0,0,0,0,0
122561,1,1,0,0,0,0,0,24,0,0,20,0
122562,1,1,0,0,0,0,0,0,0,0,0,0
122562,2,1,0,0,0,0,0,0,0,0,0,0
122562,3,1,0,0,0,0,0,0,0,0,0,0
122563,1,1,13,13,0,0,0,0,9,7,7,15
122564,1,1,0,0,0,0,0,0,0,23,0,0
122566,1,1,0,0,0,0,0,0,0,22,0,15
122566,2,1,0,0,0,0,0,12,0,0,0,0
122567,0,1,22,22,22,22,22,22,22,22,22,22
122567,1,1,13,0,8,12,15,14,3,23,0,14
122568,1,1,9,25,33,7,23,12,11,27,15,14
122569,1,1,20,20,20,20,20,20,20,20,20,20
122570,0,1,26,7,0,0,0,0,0,0,0,0
122570,1,1,12,0,0,0,0,0,0,0,0,0
122572,0,1,0,0,0,0,0,0,0,0,0,0
122572,1,1,4,7,3,0,0,0,0,0,0,6
122572,2,1,0,0,0,0,0,0,14,0,0,0
122572,3,1,0,5,0,0,0,28,0,0,0,10
122573,1,1,0,0,0,0,0,0,0,0,0,0
122573,2,1,0,0,0,0,14,0,0,0,34,0
122574,1,1,16,16,16,16,16,16,16,16,16,16
122575,1,1,0,0,0,0,0,0,0,0,0,0
122575,2,1,0,0,0,0,0,0,0,0,0,0
122575,3,1,0,0,0,0,0,0,0,0,0,0
122575,4,1,0,0,0,0,0,0,0,0,0,0
122576,1,1,16,0,0,0,21,0,0,0,0,25
122576,2,1,0,0,0,0,0,0,0,0,0,0
122577,0,1,16,16,16,16,16,16,16,16,16,16
122577,1,1,0,0,0,0,0,0,0,0,0,0
122578,0,1,0,0,0,15,31,0,52,0,34,0
122578,1,1,0,0,0,0,0,0,0,0,0,0
122579,1,1,0,0,0,0,18,2,0,0,0,0
122579,2,1,0,0,0,0,0,0,0,0,0,0
122580,1,1,8,0,44,16,0,0,0,12,24,0
122581,1,1,5,5,5,5,5,5,5,5,5,5
122582,0,1,38,38,38,38,38,38,38,38,38,38
122582,1,1,0,0,0,0,0,0,0,0,0,0
122583,1,1,15,15,15,15,15,15,15,15,15,15
122584,1,1,27,0,0,14,0,0,0,0,0,0
122585,1,1,0,0,0,0,0,0,0,0,0,0
122585,2,1,0,0,0,0,0,0,0,0,0,0
122586,0,1,0,0,0,0,0,0,0,0,0,0
122586,1,1,0,0,0,0,0,0,18,0,0,17
122587,0,1,0,0,0,0,0,0,0,0,0,0
122587,1,1,0,17,0,0,0,0,0,0,25,0
122588,1,1,6,21,0,0,0,0,0,0,33,15
122588,2,1,0,0,0,0,0,0,0,0,0,0
122589,1,1,0,0,0,0,0,0,0,0,0,0
122589,2,1,0,0,0,0,0,0,0,0,0,0
122589,3,1,0,0,0,0,0,0,0,0,0,0
122590,1,1,0,0,0,0,0,0,0,0,0,0
122590,2,1,0,0,0,0,0,0,0,0,0,0
122591,1,1,0,0,0,0,0,17,0,0,0,0
122591,2,1,0,0,0,0,0,0,0,0,0,0
122592,0,1,0,0,0,35,47,0,0,0,0,0
122592,1,1,0,0,0,0,0,0,0,0,0,0
122593,1,1,21,21,21,21,21,21,21,21,21,21
122593,2,1,0,0,0,0,0,0,0,0,0,0
122594,1,1,0,0,0,0,0,0,0,0,0,0
122595,1,1,0,0,0,0,0,0,0,0,0,0
122597,1,1,0,0,0,0,0,0,0,0,0,0
122597,2,1,0,19,0,4,15,9,0,0,12,0
122598,1,1,17,17,17,17,17,17,17,17,17,17
122598,2,1,0,0,0,0,0,0,4,0,0,0
122599,1,1,0,0,0,0,0,0,0,0,0,0
122599,2,1,0,0,0,0,0,0,0,0,0,0
122600,1,1,29,29,29,29,29,29,29,29,29,29
122600,2,1,0,0,0,0,0,0,0,0,0,0