ST_CASE,VEH_NO,PER_NO,P1,P2,P3,P4,P5,P6,P7,P8,P9,P10
130147,1,1,0,0,0,0,0,0,13,0,39,0
130148,0,1,0,0,0,0,0,0,0,0,0,0
130148,1,1,0,0,7,0,0,0,0,0,0,0
130149,1,1,0,0,0,0,0,0,0,0,0,0
130149,2,1,0,0,0,0,0,0,0,0,0,0
130150,1,1,0,0,0,0,17,0,0,0,0,27
130151,1,1,0,0,0,0,0,0,0,0,0,0
130151,2,1,0,0,0,0,0,0,0,0,0,0
130151,3,1,0,0,0,0,0,0,0,0,0,0
130152,1,1,15,0,0,0,0,0,0,0,17,0
130152,2,1,0,0,0,0,0,0,0,0,0,0
130153,0,1,30,0,0,0,0,0,0,20,0,0
130153,1,1,0,0,4,0,0,0,0,0,0,0
130154,0,1,69,0,0,0,0,0,0,0,0,0
130154,1,1,0,0,0,0,0,0,0,0,0,0
130155,1,1,26,29,21,8,20,9,29,9,33,0
130155,2,1,0,0,0,0,0,0,0,0,0,0
130156,0,1,0,0,0,0,0,0,0,0,0,0
130156,1,1,0,0,0,6,0,0,0,0,0,0
130157,1,1,0,0,0,0,0,0,0,0,0,0
130157,2,1,0,0,0,0,0,0,0,0,0,0
130158,1,1,0,0,0,0,0,0,0,0,0,0
130158,2,1,0,0,0,0,0,0,0,0,0,0
130159,0,1,0,0,0,0,0,9,0,0,0,23
130159,1,1,0,0,0,3,0,0,10,0,0,14
130160,1,1,19,20,17,20,9,3,0,2,25,9
130161,1,1,0,0,0,0,0,0,0,0,0,0
130161,2,1,0,0,0,0,0,0,0,0,0,0
130161,3,1,0,0,0,0,0,0,0,0,0,0
130162,1,1,0,0,25,0,0,0,0,0,0,0
130162,2,1,0,0,0,0,0,0,0,0,0,0
130163,1,1,0,0,0,0,0,0,0,0,0,0
130163,2,1,0,0,0,0,0,0,0,0,0,0
130164,1,1,0,0,0,0,21,0,28,0,0,0
130165,0,1,33,33,33,33,33,33,33,33,33,33
130165,1,1,0,0,0,0,0,0,0,0,0,0
130166,1,1,21,21,21,21,21,21,21,21,21,21
130166,2,1,0,0,0,0,0,0,0,0,0,0
130167,0,1,18,9,39,22,36,24,13,19,7,9
130167,1,1,18,0,0,17,0,33,0,0,0,0
130168,1,1,0,0,0,0,0,0,0,0,0,0
130168,2,1,0,0,21,30,0,0,0,0,0,0
130169,0,1,0,0,0,0,0,0,0,0,0,0
130169,0,2,0,0,0,0,0,0,0,0,0,0
130169,0,3,0,0,0,0,0,0,0,0,0,0
130169,1,1,0,0,0,0,0,0,0,0,0,0
130170,1,1,0,0,0,0,0,0,0,0,0,0
130170,2,1,10,10,10,10,10,10,10,10,10,10
130171,0,1,27,27,27,27,27,27,27,27,27,27
130171,1,1,12,6,9,23,14,0,13,9,24,0
130172,1,1,0,0,0,0,9,0,21,11,0,6
130172,2,1,0,0,0,0,0,0,0,0,0,0
130173,0,1,0,0,0,0,0,0,0,0,0,0
130173,1,1,0,0,0,0,0,0,0,0,0,0
130174,1,1,16,16,16,16,16,16,16,16,16,16
130174,2,1,0,0,0,0,0,0,0,0,0,0
130174,3,1,0,0,0,0,17,0,0,0,0,0
130175,0,1,0,0,0,0,0,0,0,0,0,0
130175,1,1,0,0,0,0,0,0,0,0,0,0
130176,1,1,0,0,0,0,0,0,0,0,0,0
130176,2,1,0,0,0,0,0,0,0,0,0,0
130177,1,1,25,25,25,25,25,25,25,25,25,25
130178,1,1,0,0,33,0,10,0,0,0,0,0
130178,2,1,0,0,0,0,0,0,0,0,0,0
130179,0,1,0,0,0,0,0,0,0,0,0,0
130179,1,1,3,3,3,3,3,3,3,3,3,3
130180,1,1,0,0,0,24,20,0,5,0,18,0
130182,1,1,0,0,0,0,0,0,0,0,0,0
130183,1,1,0,0,0,0,0,0,0,0,0,0
130183,2,1,12,0,0,0,0,0,0,0,0,0
130184,0,1,18,18,18,18,18,18,18,18,18,18
130184,1,1,0,0,0,0,0,0,0,0,10,0
130184,2,1,0,0,0,0,0,0,0,0,0,0
130185,1,1,10,0,12,0,10,0,5,0,0,0
130185,2,1,33,0,0,0,0,19,0,0,0,0
130186,1,1,0,0,0,0,0,0,0,0,0,0
130186,2,1,0,0,0,0,0,0,0,0,0,0
130187,0,1,0,0,0,0,0,0,0,0,7,0
130187,1,1,0,0,0,0,0,0,0,0,0,0
130188,1,1,23,23,23,23,23,23,23,23,23,23
130189,1,1,0,0,0,0,0,0,0,0,0,0
130189,2,1,0,11,0,0,0,11,0,0,0,0
130190,0,1,0,19,0,0,0,0,0,0,0,0
130190,1,1,0,0,0,0,0,0,0,0,0,0
130191,0,1,0,0,0,0,0,0,0,0,0,0
130191,1,1,0,0,0,0,0,0,0,0,0,0
130192,1,1,12,12,12,12,12,12,12,12,12,12
130193,1,1,6,6,6,6,6,6,6,6,6,6
130193,2,1,0,0,0,0,0,0,0,0,0,0
130194,0,1,22,23,33,0,0,0,0,0,0,0
130194,1,1,17,17,17,17,17,17,17,17,17,17
130194,2,1,0,0,0,0,0,0,0,0,0,0
130194,4,1,0,0,0,0,0,0,0,0,0,0
130195,1,1,23,0,0,0,0,0,0,0,0,0
130195,2,1,19,19,19,19,19,19,19,19,19,19
130196,0,1,15,11,22,28,10,0,6,13,4,14
130196,1,1,0,0,23,0,0,0,0,0,0,0
130196,2,1,0,0,0,0,0,0,0,0,0,0
130196,3,1,0,0,0,0,0,16,0,0,0,0
130196,4,1,0,0,0,0,0,0,0,0,0,0
130196,5,1,0,0,0,0,0,0,0,0,0,0
130196,6,1,0,0,0,0,0,0,0,0,0,0
130197,1,1,22,22,22,22,22,22,22,22,22,22
130198,0,1,0,0,0,0,0,0,0,0,0,0
130198,1,1,0,0,0,0,0,0,0,0,0,0
130199,1,1,0,0,0,0,0,22,0,0,0,0
130200,1,1,18,20,27,15,14,16,15,16,11,20
130201,1,1,0,0,0,0,0,0,0,0,0,0
130202,1,1,10,10,10,10,10,10,10,10,10,10
130203,1,1,0,0,0,0,0,0,0,0,0,0
130204,1,1,0,0,0,0,0,0,0,0,0,0
130205,1,1,0,0,0,0,0,0,0,0,0,0
130205,2,1,0,0,0,0,0,0,0,0,0,0
130206,0,1,0,0,0,0,0,0,0,0,0,0
130206,1,1,0,0,0,0,0,0,0,0,0,0
130207,0,1,41,0,18,13,19,10,0,20,15,10
130208,1,1,0,0,0,0,0,0,0,0,0,0
130209,1,1,0,0,0,0,0,0,0,0,0,0
130210,1,1,0,0,0,0,0,0,0,0,0,0
130210,2,1,18,18,18,18,18,18,18,18,18,18
130211,1,1,0,0,0,0,0,8,0,0,21,0
130212,1,1,0,0,0,0,0,0,0,0,0,0
130212,2,1,0,0,0,10,0,0,7,0,0,0
130213,1,1,0,0,0,0,0,0,0,0,0,0
130214,1,1,0,0,0,0,0,0,0,0,0,0
130215,1,1,6,6,6,6,6,6,6,6,6,6
130216,1,1,0,18,0,0,15,13,0,5,17,32
130217,1,1,0,0,0,0,0,0,0,0,0,0
130217,2,1,0,0,0,0,0,0,0,0,0,0
130218,0,1,0,0,0,0,0,0,0,0,0,0
130218,0,2,0,0,0,0,0,0,0,0,0,0
130218,1,1,0,0,0,0,17,0,0,0,0,12
130219,1,1,0,0,0,0,0,0,0,0,0,0
130219,2,1,0,0,0,0,0,0,0,0,0,25
130220,0,1,0,0,0,0,0,0,0,0,0,0
130220,1,1,0,0,0,0,0,0,0,0,0,0
130221,1,1,0,0,0,0,0,0,0,0,0,0
130222,1,1,0,0,0,0,0,0,0,0,0,0
130222,2,1,0,0,0,0,0,0,0,0,0,0
130223,1,1,0,0,23,0,25,0,0,23,0,0
130224,0,1,11,0,17,0,0,6,21,0,0,0
130224,1,1,0,0,0,0,0,0,0,0,0,0
130225,1,1,0,0,0,0,0,0,0,0,0,0
130226,1,1,0,0,0,0,0,0,0,0,0,0
130227,1,1,21,21,21,21,21,21,21,21,21,21
130228,1,1,0,0,0,0,0,0,0,0,0,0
130228,2,1,0,0,0,0,0,0,0,0,0,0
130229,1,1,0,0,0,0,0,0,0,0,0,0
130230,1,1,10,26,41,30,14,16,26,17,4,19
130230,2,1,0,12,0,0,0,0,0,0,0,0
130231,1,1,0,0,0,0,0,0,0,0,0,0
130231,2,1,0,0,0,0,0,0,0,0,0,0
130232,1,1,0,0,0,0,0,0,0,0,0,0
130233,1,1,0,0,0,0,0,0,0,0,0,0
130233,2,1,0,0,0,0,0,0,0,0,0,0
130234,1,1,0,38,0,0,0,0,21,0,0,0
130234,2,1,0,0,0,0,0,0,0,0,0,0
130234,3,1,0,0,0,0,0,0,0,0,0,0
130236,1,1,19,19,19,19,19,19,19,19,19,19
130237,0,1,15,0,0,0,0,0,0,17,0,0
130237,1,1,0,0,0,0,0,0,0,0,0,0
130238,1,1,0,0,0,0,0,0,0,0,0,0
130238,2,1,0,0,0,0,0,0,0,0,0,0
130239,1,1,11,11,11,11,11,11,11,11,11,11
130240,1,1,0,0,0,0,0,0,0,0,0,0
130242,1,1,0,0,0,0,0,0,0,0,0,0
130243,1,1,16,0,8,0,0,0,0,0,0,0
130244,1,1,0,0,0,0,0,0,0,0,0,0
130245,1,1,0,0,0,0,0,0,0,0,0,0
130245,2,1,0,0,0,0,0,0,0,0,0,0
130246,1,1,23,0,29,0,0,0,0,0,0,0
130247,1,1,0,0,0,0,0,0,0,0,0,0
130248,0,1,0,0,0,0,0,0,0,0,0,0
130248,1,1,0,0,0,0,0,0,0,0,0,0
130249,1,1,0,0,0,0,0,0,0,0,0,0
130250,1,1,0,0,0,0,0,0,0,0,0,0
130250,2,1,0,0,0,0,0,0,0,0,0,0
130251,1,1,0,0,0,0,0,0,0,0,0,0
130252,1,1,0,0,0,0,0,0,0,0,0,0
130252,2,1,0,0,0,0,0,0,0,0,0,0
130253,1,1,0,0,0,0,0,0,15,0,0,0
130253,2,1,0,0,0,0,0,0,0,0,0,0
130254,1,1,0,0,0,0,0,0,0,0,0,0
130254,2,1,0,0,0,0,0,0,0,0,0,0
130255,0,1,0,0,0,0,0,0,0,0,0,0
130255,1,1,11,0,0,0,0,20,0,0,0,23
130256,1,1,0,0,0,0,0,0,0,0,0,0
130256,2,1,0,0,0,0,0,0,0,0,0,8
130257,1,1,0,0,0,0,0,0,0,0,0,0
130257,2,1,0,0,0,0,0,0,0,0,0,0
130258,1,1,0,0,0,0,0,0,0,0,0,0
130259,0,1,0,38,23,20,0,0,0,33,24,0
130259,1,1,0,0,0,0,0,0,0,0,0,0
130260,1,1,28,28,28,28,28,28,28,28,28,28
130261,1,1,0,0,0,0,0,0,0,0,0,0
130261,2,1,0,12,0,0,0,0,0,0,0,0
130261,3,1,0,0,0,0,0,0,0,0,0,0
130262,1,1,21,21,21,21,21,21,21,21,21,21
130262,2,1,15,0,0,0,0,0,0,0,0,0
130263,1,1,0,0,0,0,0,0,0,0,0,0
130264,1,1,0,0,0,0,0,0,0,0,0,0
130264,2,1,11,11,11,11,11,11,11,11,11,11
130265,1,1,0,0,0,0,0,0,0,0,0,0
130265,2,1,0,0,0,0,0,0,0,0,0,0
130266,1,1,12,12,12,12,12,12,12,12,12,12
130267,1,1,8,8,8,8,8,8,8,8,8,8
130268,0,1,0,0,0,0,0,0,0,0,0,0
130268,1,1,0,0,0,0,0,0,0,0,0,0
130269,1,1,0,0,0,0,0,0,0,23,0,12
130270,1,1,0,0,0,0,0,0,0,0,0,0
130270,2,1,0,0,0,0,0,0,0,0,0,0
130271,1,1,0,0,0,0,0,0,0,0,0,0
130271,2,1,0,0,0,0,0,0,0,0,0,0
130272,1,1,0,0,0,0,0,0,0,0,0,0
130272,2,1,0,0,0,0,0,0,0,0,0,0
130273,1,1,0,0,0,0,0,0,31,5,0,0
130273,2,1,10,0,0,0,0,0,0,0,0,0
130274,1,1,1,1,1,1,1,1,1,1,1,1
130274,2,1,0,0,0,0,0,0,0,0,0,0
130274,3,1,0,0,0,0,0,0,0,0,0,0
130275,0,1,0,0,0,0,0,0,0,0,0,0
130275,1,1,0,0,0,12,0,0,0,0,0,0
130276,1,1,0,0,0,0,0,0,0,0,0,0
130277,1,1,25,25,25,25,25,25,25,25,25,25
130277,2,1,0,0,0,0,0,0,0,0,0,0
130278,1,1,0,0,0,0,0,0,0,0,0,0
130278,2,1,1,1,1,1,1,1,1,1,1,1
130279,0,1,0,0,0,0,0,0,0,0,0,0
130279,1,1,0,0,0,8,0,0,0,0,10,0
130279,2,1,0,0,0,0,0,0,0,0,0,0
130280,1,1,0,0,8,0,0,0,0,0,0,0
130281,1,1,0,0,0,0,0,0,0,0,0,0
130282,1,1,0,0,0,0,0,0,17,0,18,0
130283,1,1,0,0,0,0,0,0,0,0,0,0
130283,2,1,0,0,0,0,0,0,0,0,0,0
130283,3,1,0,0,0,0,0,0,0,0,0,0
130284,1,1,0,0,0,0,0,0,0,0,0,0
130284,2,1,0,0,0,0,15,0,0,0,0,0
130285,1,1,0,0,0,0,0,0,0,0,0,0
130286,1,1,11,11,11,11,11,11,11,11,11,11
130286,2,1,0,0,0,0,0,15,0,20,0,0
130287,1,1,15,15,15,15,15,15,15,15,15,15
130288,0,1,0,0,26,0,0,0,0,0,0,0
130288,1,1,0,0,0,0,0,0,0,0,0,0
130289,1,1,0,0,0,0,0,0,0,0,0,0
130289,2,1,0,0,0,0,0,0,0,0,0,0
130290,1,1,0,0,0,0,0,0,0,0,0,0
130291,0,1,0,17,0,0,6,0,0,0,0,0
130291,1,1,11,0,0,0,0,0,0,0,17,19
130292,1,1,0,0,0,0,0,0,0,0,0,0
130292,2,1,0,0,0,0,0,0,0,0,0,0
130293,1,1,25,25,25,25,25,25,25,25,25,25
130293,2,1,0,0,0,0,0,0,0,19,0,17
130294,1,1,0,0,0,0,0,0,0,0,0,0
130294,2,1,0,0,0,0,0,0,0,0,0,0
130295,1,1,0,0,0,28,0,0,0,0,0,0
130295,2,1,0,0,0,0,0,0,0,0,0,0
130295,3,1,0,0,0,0,0,0,0,0,12,0
130296,1,1,11,11,11,11,11,11,11,11,11,11
130297,1,1,15,15,15,15,15,15,15,15,15,15
130298,1,1,0,0,0,0,0,0,0,0,0,0
130298,2,1,0,0,0,0,0,0,0,0,0,0
130299,1,1,0,0,0,0,0,0,0,0,0,0
130300,1,1,0,0,0,0,0,0,0,0,0,0
130300,2,1,0,0,0,0,0,0,0,0,0,0
130301,1,1,0,0,0,0,0,0,0,0,0,0
130302,1,1,4,4,4,4,4,4,4,4,4,4
130303,1,1,0,0,0,0,0,0,0,0,0,0
130303,2,1,0,0,0,0,0,0,0,0,0,0
130304,0,1,0,0,0,0,0,0,0,0,0,0
130304,1,1,0,0,0,0,0,0,0,0,0,0
130305,1,1,0,0,0,0,0,0,0,0,0,0
130306,1,1,13,13,13,13,13,13,13,13,13,13
130307,1,1,0,0,0,0,0,0,0,0,0,0
130308,1,1,30,30,30,30,30,30,30,30,30,30
130309,1,1,30,0,13,18,0,0,0,0,0,26
130309,2,1,0,0,0,0,0,0,0,0,0,0
130310,1,1,0,0,0,0,0,0,0,0,0,0
130311,1,1,0,0,0,0,0,0,0,0,0,0
130311,2,1,0,0,0,0,0,0,0,0,0,0
130311,3,1,0,0,0,0,20,0,0,0,0,0
130312,1,1,0,0,0,0,4,0,0,0,0,0
130313,1,1,0,0,0,0,0,25,0,0,0,0
130314,0,1,0,0,0,0,0,0,0,0,0,0
130314,1,1,0,0,0,0,0,0,0,0,0,0
130315,1,1,16,16,16,16,16,16,16,16,16,16
130315,2,1,0,13,0,0,0,0,0,0,0,0
130316,1,1,30,30,30,30,30,30,30,30,30,30
130316,2,1,0,0,0,0,0,0,0,0,0,0
130317,1,1,0,0,0,0,0,0,0,0,0,0
130317,2,1,0,0,0,14,0,0,0,0,0,0
130318,1,1,0,0,0,0,0,7,0,0,0,9
130318,2,1,0,0,0,0,0,0,0,0,24,0
130319,1,1,0,0,0,0,0,0,0,0,0,0
130320,1,1,0,0,0,0,15,0,0,0,0,0
130321,1,1,0,0,0,0,0,0,0,0,0,0
130322,0,1,0,0,0,0,0,0,0,0,0,0
130322,1,1,0,0,39,0,7,0,0,0,7,0
130323,1,1,28,0,0,0,0,0,0,0,0,0
130323,2,1,1,1,1,1,1,1,1,1,1,1
130324,1,1,0,0,0,0,0,0,0,0,0,0
130324,2,1,0,0,0,0,0,0,0,0,0,0
130325,1,1,27,27,27,27,27,27,27,27,27,27
130325,2,1,0,0,0,0,0,0,0,0,0,0
130326,1,1,22,22,22,22,22,22,22,22,22,22
130327,1,1,16,16,16,16,16,16,16,16,16,16
130328,1,1,17,18,16,22,9,33,20,15,24,17
130328,2,1,0,0,0,0,0,0,0,0,0,0
130329,1,1,0,0,0,0,0,0,0,0,0,0
130330,1,1,0,0,0,0,0,0,0,0,0,0
130331,0,1,19,10,0,8,0,0,0,28,0,0
130331,1,1,0,0,0,0,0,0,0,0,0,0
130332,1,1,0,0,0,0,0,0,0,0,0,0
130332,2,1,0,0,0,0,0,0,0,0,0,0
130333,1,1,0,0,0,0,0,0,12,0,20,0
130334,1,1,11,11,11,11,11,11,11,11,11,11
130334,2,1,0,0,0,0,0,0,0,0,0,0
130335,1,1,0,29,0,0,0,0,0,0,15,0
130336,1,1,0,0,0,0,0,0,0,0,0,0
130336,2,1,0,0,0,0,0,0,0,0,0,0
130336,3,1,0,0,0,0,27,0,0,0,0,0
130336,4,1,0,0,0,0,0,0,0,0,0,0
130337,1,1,0,0,0,0,0,0,0,0,0,0
130337,2,1,0,0,0,0,0,0,0,0,0,0
130338,1,1,28,28,28,28,28,28,28,28,28,28
130338,2,1,0,0,0,0,0,0,0,0,0,0
130339,0,1,12,0,0,0,0,0,0,0,0,0
130339,1,1,0,0,0,0,0,0,0,0,0,0
130339,2,1,0,0,0,0,0,0,0,0,0,23
130339,3,1,0,0,0,0,0,0,0,0,0,0
130339,4,1,0,0,0,0,0,0,0,0,0,13
130340,1,1,0,0,0,0,0,0,0,0,0,0
130340,2,1,0,0,0,0,0,0,0,0,0,0
130341,1,1,0,0,0,0,0,0,0,0,0,0
130342,1,1,0,0,0,0,0,0,0,0,0,0
130342,2,1,0,0,0,0,0,0,0,0,0,0
130343,1,1,10,10,10,10,10,10,10,10,10,10
130343,2,1,0,0,0,0,0,0,0,0,0,0
130344,1,1,0,0,0,0,0,0,0,0,0,0
130344,2,1,0,0,0,0,0,0,0,0,0,0
130345,0,1,0,0,0,0,0,0,0,0,0,0
130345,1,1,0,0,0,0,0,0,0,0,0,0
130346,1,1,0,0,0,0,16,0,0,0,0,0
130346,2,1,0,0,0,0,0,0,0,0,0,0
130347,1,1,0,0,0,37,0,0,0,0,0,0
130347,2,1,0,0,0,0,0,0,0,0,0,0
130348,1,1,0,0,0,0,0,0,0,0,0,0
130349,1,1,0,0,0,0,0,0,0,0,0,16
130350,1,1,35,0,0,0,0,0,0,0,0,0
130350,2,1,0,0,0,0,0,0,0,0,0,0
130351,0,1,0,0,0,0,0,0,0,0,0,0
130351,1,1,0,0,0,0,0,0,0,0,0,0
130351,2,1,0,0,0,0,0,0,0,0,0,0
130352,1,1,0,0,25,0,0,0,0,0,0,0
130352,2,1,0,0,0,0,0,0,0,0,0,0
130353,1,1,0,0,0,0,0,0,0,0,0,0
130354,1,1,0,0,0,0,0,0,0,0,0,0
130355,0,1,0,0,0,0,0,0,0,0,0,0
130355,1,1,0,0,0,0,0,0,0,0,0,0
130356,1,1,0,0,0,0,22,12,0,0,0,0
130357,1,1,0,0,0,0,0,0,42,0,0,0
130357,2,1,0,0,0,0,0,0,0,0,0,0
130358,0,1,0,0,0,0,0,0,0,0,0,0
130358,1,1,0,0,0,0,0,0,0,0,0,0
130359,1,1,0,0,0,0,0,0,0,0,21,0
130360,1,1,0,0,0,0,0,0,0,0,0,0
130361,1,1,0,16,0,0,0,0,0,0,0,0
130361,2,1,0,0,0,0,0,0,0,0,0,0
130362,1,1,0,0,0,16,0,0,0,0,0,0
130362,2,1,0,0,0,0,0,0,0,0,0,0
130363,1,1,0,0,0,0,0,0,0,0,0,0
130363,2,1,0,0,0,0,0,0,0,0,0,0
130364,1,1,16,16,16,16,16,16,16,16,16,16
130364,2,1,0,0,0,0,0,0,0,0,0,0
130366,1,1,0,0,0,0,0,0,0,0,0,0
130366,2,1,0,0,0,0,0,0,0,0,0,8
130367,1,1,39,39,39,39,39,39,39,39,39,39
130368,1,1,5,0,5,23,7,13,12,0,20,12
130369,1,1,0,0,0,0,0,0,0,0,0,0
130369,2,1,0,0,0,0,0,0,0,0,0,0
130370,0,1,0,0,0,0,0,0,0,0,0,0
130370,1,1,32,20,0,5,21,15,15,0,0,14
130370,2,1,0,0,0,11,0,0,0,17,0,0
130371,1,1,0,0,27,0,0,0,0,0,0,0
130371,2,1,0,0,0,0,0,0,0,0,0,0
130372,1,1,0,0,0,0,0,0,0,0,0,0
130373,0,1,0,0,0,0,0,0,0,0,0,0
130373,1,1,0,0,0,0,0,0,0,0,0,0
130373,2,1,0,0,0,0,0,0,0,0,0,0
130374,1,1,0,0,0,0,0,0,0,0,0,0
130374,2,1,0,0,0,0,0,7,0,0,0,0
130374,3,1,0,0,0,0,0,0,0,0,0,0
130375,1,1,0,0,0,0,0,0,0,0,0,0
130375,2,1,0,0,0,0,10,0,0,0,0,0
130376,1,1,0,0,0,0,0,0,0,0,0,0
130376,2,1,0,0,0,0,0,0,0,0,0,0
130378,0,1,0,0,0,0,0,0,0,0,0,37
130378,1,1,0,0,0,0,0,0,0,0,0,0
130379,1,1,0,0,0,0,0,0,0,0,0,0
130379,2,1,0,0,0,0,0,0,0,0,0,0
130380,1,1,0,0,0,0,19,0,0,0,0,0
130381,1,1,0,0,0,0,0,0,0,0,21,0
130382,0,1,0,6,0,0,0,32,20,0,0,0
130382,1,1,12,13,22,0,0,8,5,0,20,0
130383,0,1,0,0,0,0,22,13,0,4,0,15
130383,0,2,0,27,0,19,24,0,0,0,9,0
130383,0,3,0,0,0,0,0,0,25,0,0,0
130383,1,1,0,0,0,0,0,0,0,0,0,0
130384,1,1,0,0,0,0,0,0,0,0,0,0
130386,0,1,0,0,0,10,47,0,0,12,0,0
130386,1,1,0,0,0,0,0,0,0,0,0,0
130387,1,1,14,11,0,0,10,0,0,0,0,0
130388,1,1,0,0,0,0,0,0,0,0,0,0
130388,2,1,0,13,0,8,0,0,10,0,0,0
130389,0,1,0,0,0,0,0,0,0,0,0,0
130389,1,1,0,0,0,0,0,0,0,0,0,0
130390,1,1,0,0,6,0,0,0,0,0,0,39
130391,1,1,0,0,0,0,0,0,0,0,0,0
130392,1,1,4,4,4,4,4,4,4,4,4,4
130392,2,1,0,0,0,0,0,0,0,0,0,0
130393,1,1,0,0,0,0,0,0,0,0,0,0
130393,2,1,0,0,0,0,0,0,0,0,0,0
130395,1,1,0,0,0,0,0,0,14,0,0,0
130397,1,1,6,6,6,6,6,6,6,6,6,6
130398,1,1,0,0,0,0,0,0,0,0,0,0
130398,2,1,0,0,0,0,0,0,0,0,0,0
130399,0,1,0,0,0,0,0,16,0,0,0,0
130399,1,1,0,0,0,0,0,0,0,0,0,0
130401,1,1,0,0,0,0,16,0,0,0,0,0
130401,2,1,0,0,0,0,0,0,15,0,0,0
130402,0,1,0,0,30,25,0,11,0,0,0,16
130402,1,1,21,11,0,0,11,0,11,0,18,0
130403,1,1,11,11,11,11,11,11,11,11,11,11
130403,2,1,0,0,0,0,0,0,0,0,0,0
130404,1,1,0,0,0,0,0,0,0,0,0,0
130404,2,1,0,0,10,0,0,0,0,0,0,0
130405,1,1,0,0,0,0,0,0,0,0,0,0
130406,1,1,9,0,0,0,0,0,0,0,0,0
130406,2,1,27,19,22,7,33,0,13,0,0,0
130407,0,1,0,0,29,0,55,0,0,0,0,0
130407,1,1,0,0,0,0,0,0,0,0,0,0
130408,1,1,0,0,0,0,0,0,0,0,0,0
130408,2,1,0,0,0,0,0,0,0,0,0,0
130409,1,1,27,27,27,27,27,27,27,27,27,27
130409,2,1,0,0,0,0,0,0,0,0,0,0
130410,1,1,0,0,0,0,0,0,0,0,0,0
130410,2,1,3,3,3,3,3,3,3,3,3,3
130411,0,1,0,0,0,0,0,0,0,0,0,0
130411,1,1,0,0,0,0,0,0,0,0,0,0
130412,1,1,0,0,0,0,0,0,0,0,0,0
130413,1,1,20,20,20,20,20,20,20,20,20,20
130414,0,1,0,21,0,0,0,0,0,0,0,21
130414,2,1,0,0,0,0,0,0,0,0,0,0
130415,1,1,0,0,0,0,0,0,0,0,0,0
130415,2,1,0,0,0,0,0,0,0,0,0,0
130415,3,1,0,0,0,0,8,0,0,0,0,0
130416,0,1,13,39,9,8,38,8,4,35,35,0
130416,1,1,0,0,0,9,0,0,6,0,0,0
130417,1,1,15,5,0,0,0,0,0,0,18,0
130418,1,1,0,0,0,0,0,0,0,0,0,0
130418,2,1,0,0,0,0,0,0,0,0,0,0
130419,1,1,0,0,0,0,0,0,0,0,0,0
130420,0,1,0,0,0,0,0,0,13,0,27,0
130420,1,1,7,11,0,0,0,0,0,0,0,0
130421,0,1,29,29,29,29,29,29,29,29,29,29
130421,1,1,0,0,0,0,0,0,0,0,0,0
130422,1,1,0,0,0,0,0,0,0,0,0,0
130422,2,1,0,0,0,0,0,0,0,0,0,0
130423,1,1,0,0,0,0,0,0,0,0,0,0
130423,2,1,0,18,0,0,0,0,0,0,0,0
130423,3,1,0,0,0,0,0,0,0,0,0,0
130424,1,1,20,20,20,20,20,20,20,20,20,20
130425,1,1,11,11,11,11,11,11,11,11,11,11
130426,1,1,0,0,0,0,0,0,0,0,0,0
130426,2,1,0,0,0,0,0,0,0,0,0,0
130427,1,1,0,0,0,0,0,0,0,0,0,0
130428,1,1,17,17,17,17,17,17,17,17,17,17
130428,2,1,0,0,0,0,0,0,0,0,0,23
130429,1,1,22,22,22,22,22,22,22,22,22,22
130430,1,1,0,0,0,0,0,0,0,0,0,0
130430,2,1,0,0,0,0,0,28,0,0,0,0
130431,1,1,0,0,0,0,16,0,0,0,9,22
130431,2,1,0,0,0,0,0,0,0,0,0,0
130433,1,1,0,0,0,0,0,0,0,0,0,0
130433,2,1,0,0,0,0,0,0,0,0,0,0
130434,1,1,0,0,0,0,0,0,0,0,0,0
130434,2,1,0,0,0,0,0,0,0,0,0,53
130435,1,1,32,32,32,32,32,32,32,32,32,32
130436,1,1,0,0,0,0,0,0,0,0,0,0
130437,1,1,24,24,24,24,24,24,24,24,24,24
130438,1,1,13,13,13,13,13,13,13,13,13,13
130439,1,1,0,0,0,0,18,0,0,0,0,0
130440,1,1,18,18,18,18,18,18,18,18,18,18
130440,2,1,0,0,0,0,0,0,0,0,0,0
130441,1,1,0,0,0,26,0,0,0,0,0,0
130442,0,1,0,0,0,0,0,0,0,0,0,0
130442,1,1,23,0,0,16,0,15,8,0,0,19
130442,2,1,31,0,0,0,0,0,0,0,0,0
130442,3,1,23,0,0,0,0,11,14,0,0,0
130443,1,1,0,5,12,0,21,0,0,13,0,7
130444,1,1,0,0,0,0,0,0,0,0,0,0
130444,2,1,0,0,0,0,0,0,0,0,0,0
130445,0,1,0,0,0,0,0,0,0,0,0,0
130445,1,1,0,0,0,18,0,0,0,0,0,0
130445,2,1,0,0,0,0,0,0,0,0,0,0
130446,1,1,0,0,0,0,0,0,0,0,0,0
130446,2,1,0,0,0,0,0,0,0,0,0,0
130447,1,1,0,0,0,0,0,0,0,0,0,0
130447,2,1,0,0,0,0,0,0,0,0,0,0
130448,0,1,29,5,17,30,13,5,0,39,0,34
130448,0,2,0,6,0,0,0,0,0,0,0,0
130448,1,1,0,0,0,0,0,0,0,0,0,0
130449,0,1,3,3,3,3,3,3,3,3,3,3
130449,1,1,0,0,0,0,0,0,0,0,0,0
130449,2,1,0,0,16,0,0,0,0,16,12,0
130450,1,1,0,0,0,0,0,0,0,0,0,0