ST_CASE,VEH_NO,PER_NO,P1,P2,P3,P4,P5,P6,P7,P8,P9,P10
130452,1,1,0,9,0,0,0,0,0,7,0,0
130452,2,1,0,0,0,0,0,0,0,0,0,0
130453,1,1,0,0,0,0,0,0,0,0,0,0
130454,1,1,0,0,0,0,0,0,0,0,0,0
130455,1,1,0,0,0,8,0,11,34,0,0,0
130455,2,1,16,0,0,0,0,0,0,0,0,0
130456,1,1,0,0,0,0,0,0,0,10,0,0
130456,2,1,0,0,0,0,0,0,0,0,0,0
130456,3,1,0,0,0,0,0,0,0,0,0,6
130457,0,1,0,0,0,0,0,0,0,14,0,0
130457,1,1,0,0,0,0,5,0,0,0,0,0
130458,1,1,0,0,0,0,0,0,0,0,0,0
130459,1,1,0,0,0,0,0,0,0,0,0,0
130460,1,1,0,0,0,0,0,0,0,0,0,0
130461,1,1,0,0,0,0,0,0,0,0,0,0
130462,1,1,27,27,27,27,27,27,27,27,27,27
130463,1,1,22,22,22,22,22,22,22,22,22,22
130463,2,1,7,0,0,0,0,0,0,0,0,0
130464,1,1,0,0,0,0,0,0,0,0,0,28
130464,2,1,0,0,0,0,6,0,0,0,0,0
130465,1,1,0,0,0,0,0,0,0,0,0,0
130465,2,1,0,0,0,0,10,0,14,0,0,0
130465,3,1,0,0,0,0,0,0,0,0,0,0
130465,4,1,16,0,0,0,0,0,0,0,0,0
130466,1,1,16,16,16,16,16,16,16,16,16,16
130467,1,1,0,0,0,0,0,0,0,0,0,0
130467,2,1,0,0,0,0,0,0,0,0,0,0
130468,1,1,40,40,40,40,40,40,40,40,40,40
130469,1,1,0,0,0,0,0,0,0,0,0,0
130470,1,1,0,0,0,7,0,0,0,0,0,0
130471,1,1,0,0,0,0,0,0,0,0,0,0
130471,2,1,0,0,0,0,0,0,0,0,0,0
130472,0,1,0,0,0,14,33,0,0,0,0,0
130472,1,1,0,0,0,0,0,0,0,0,25,0
130473,1,1,0,0,0,0,0,0,0,0,0,0
130474,0,1,0,0,0,0,0,0,0,0,0,0
130474,1,1,4,16,25,19,12,11,20,17,8,17
130475,1,1,0,18,0,0,0,0,0,0,0,0
130476,1,1,15,15,15,15,15,15,15,15,15,15
130477,1,1,0,0,0,0,0,0,0,0,0,0
130477,2,1,0,0,0,0,0,0,0,0,0,0
130477,3,1,0,0,0,0,0,0,0,0,0,0
130477,4,1,0,0,0,0,0,0,0,12,0,0
130478,1,1,7,7,7,7,7,7,7,7,7,7
130479,1,1,0,0,0,0,0,0,0,0,0,0
130480,1,1,0,0,0,0,0,0,0,0,0,0
130480,2,1,0,0,0,0,0,0,0,0,0,0
130480,3,1,0,0,0,0,0,0,0,0,0,0
130480,4,1,0,0,0,0,0,0,0,0,0,0
130480,5,1,0,0,0,0,0,0,0,0,0,19
130481,1,1,0,0,0,0,0,0,0,0,0,0
130481,2,1,0,22,9,16,0,0,9,11,0,0
130481,3,1,23,4,0,0,0,39,0,0,0,0
130482,1,1,0,0,0,8,0,0,0,0,0,0
130482,2,1,0,14,0,0,0,0,0,0,0,0
130484,1,1,0,0,0,0,8,0,0,0,0,0
130484,2,1,0,0,0,0,0,0,0,0,0,8
130485,1,1,0,0,0,0,0,0,0,0,0,0
130486,1,1,0,0,0,0,0,0,0,0,0,0
130487,1,1,0,0,0,0,0,0,0,0,0,0
130488,1,1,0,0,14,0,0,0,0,0,0,0
130489,1,1,0,0,0,0,0,0,0,0,0,0
130490,1,1,21,0,0,0,0,0,14,0,0,0
130490,2,1,0,0,0,0,0,0,0,13,0,0
130491,1,1,0,0,0,0,0,0,0,0,15,0
130491,2,1,0,0,0,0,0,0,0,0,0,0
130492,1,1,0,0,0,0,0,0,0,0,0,0
130492,2,1,0,0,0,0,0,0,0,0,0,0
130492,3,1,0,0,0,0,0,0,0,26,0,0
130493,1,1,14,14,14,14,14,14,14,14,14,14
130494,1,1,0,0,0,0,0,0,0,0,2,0
130494,2,1,0,0,0,0,0,0,0,0,0,0
130495,1,1,0,0,0,0,0,0,0,0,0,0
130495,2,1,0,0,0,0,0,0,0,0,0,0
130496,1,1,0,0,0,0,0,0,0,0,0,0
130497,1,1,0,0,0,0,0,0,0,0,0,0
130497,2,1,0,0,0,0,0,0,0,0,0,0
130498,0,1,0,0,0,0,0,0,0,0,0,0
130498,1,1,0,0,0,0,0,0,0,0,0,0
130499,1,1,21,21,21,21,21,21,21,21,21,21
130500,1,1,0,0,0,0,0,0,0,0,0,0
130501,1,1,0,0,0,0,0,0,0,0,0,0
130501,2,1,0,0,0,0,0,0,0,0,0,0
130502,1,1,0,0,0,0,0,0,0,0,0,0
130502,2,1,0,0,0,0,0,0,0,0,0,0
130502,3,1,0,0,0,0,0,0,0,0,0,0
130503,1,1,0,0,0,0,0,0,0,0,0,0
130504,1,1,13,13,13,13,13,13,13,13,13,13
130505,1,1,0,0,0,0,0,0,0,0,0,0
130505,2,1,0,0,0,0,0,0,0,0,0,0
130505,3,1,0,0,0,0,0,0,0,0,0,0
130506,1,1,0,0,0,0,0,0,0,0,0,0
130506,2,1,0,0,0,0,0,0,0,22,0,0
130507,1,1,0,16,0,0,4,0,13,0,0,0
130508,1,1,22,22,22,22,22,22,22,22,22,22
130509,0,1,28,28,28,28,28,28,28,28,28,28
130509,1,1,0,0,18,0,6,0,10,0,0,0
130510,1,1,0,0,0,0,0,0,0,0,0,0
130510,2,1,0,0,0,0,0,0,0,0,0,0
130511,1,1,0,0,0,0,0,0,0,0,0,0
130511,2,1,0,0,0,0,0,0,0,0,0,0
130512,1,1,0,0,0,0,0,0,0,0,0,0
130512,2,1,0,0,0,0,0,0,0,0,0,0
130513,1,1,27,27,27,27,27,27,27,27,27,27
130513,2,1,0,0,0,0,0,0,0,0,6,0
130514,1,1,0,0,0,0,0,0,0,0,0,0
130514,2,1,0,0,0,0,0,0,0,0,0,0
130515,1,1,0,0,9,0,0,0,0,0,0,0
130516,1,1,0,0,0,0,0,0,0,0,0,0
130516,2,1,0,0,0,0,0,0,0,0,0,0
130517,1,1,0,0,0,0,0,0,0,0,0,0
130518,0,1,0,7,16,11,7,8,23,23,14,28
130518,1,1,0,0,0,0,0,0,0,0,0,0
130518,2,1,0,0,0,0,0,0,0,0,0,0
130518,3,1,0,0,0,0,0,0,0,0,0,0
130519,1,1,0,0,0,0,0,0,0,0,0,0
130519,2,1,0,0,0,0,0,0,0,0,0,0
130520,1,1,0,0,0,0,0,0,0,0,0,0
130520,2,1,0,0,0,0,0,0,0,0,0,0
130521,0,1,36,0,12,0,0,0,0,0,0,0
130521,1,1,0,0,0,0,0,0,0,0,0,0
130522,1,1,0,0,0,0,0,0,0,0,0,0
130522,2,1,0,0,0,0,0,0,0,11,0,0
130522,3,1,0,0,0,0,0,0,0,0,8,0
130523,1,1,0,0,0,0,0,0,0,0,0,0
130523,2,1,0,0,0,0,0,0,0,0,0,0
130523,3,1,0,0,0,0,0,0,0,0,0,0
130523,4,1,0,0,5,0,0,0,0,0,0,0
130524,1,1,22,22,22,22,22,22,22,22,22,22
130525,1,1,24,24,24,24,24,24,24,24,24,24
130525,2,1,5,0,0,9,0,0,0,0,0,0
130526,1,1,38,38,38,38,38,38,38,38,38,38
130527,1,1,0,0,0,0,0,0,0,0,0,0
130527,2,1,0,0,0,0,0,0,0,0,0,0
130527,3,1,0,0,0,0,0,0,0,0,0,0
130528,1,1,0,0,0,0,0,0,0,0,0,0
130529,1,1,0,0,0,0,0,0,0,0,0,0
130530,1,1,9,25,12,8,24,21,32,18,10,24
130530,2,1,0,0,0,0,0,0,0,0,0,0
130531,1,1,0,0,0,0,0,0,0,0,0,0
130531,2,1,0,0,0,0,0,0,0,0,0,0
130532,1,1,0,0,0,0,4,0,0,16,0,0
130532,2,1,0,0,0,0,0,0,0,22,0,0
130532,3,1,10,0,0,0,0,0,0,0,0,0
130532,4,1,0,17,0,0,0,0,0,0,0,0
130533,1,1,27,27,27,27,27,27,27,27,27,27
130534,1,1,0,0,0,0,0,0,0,0,0,0
130534,2,1,0,0,0,0,0,0,0,0,0,0
130535,0,1,0,0,0,18,24,0,0,0,0,0
130535,1,1,21,0,0,0,0,0,0,0,0,0
130535,2,1,0,0,0,0,0,0,0,0,0,0
130535,3,1,0,0,0,0,0,0,15,0,0,0
130536,0,1,0,0,0,0,0,0,32,0,0,0
130537,1,1,19,26,29,17,18,30,8,13,3,8
130538,0,1,0,0,0,0,0,0,0,0,0,0
130538,1,1,0,0,0,0,0,0,14,0,0,0
130539,1,1,0,0,0,0,0,0,0,0,0,0
130539,2,1,0,0,0,0,0,0,0,0,0,0
130539,3,1,0,0,0,0,0,0,0,0,0,0
130540,1,1,0,0,0,0,24,22,7,0,0,0
130541,1,1,1,1,1,1,1,1,1,1,1,1
130542,1,1,0,0,0,0,0,0,0,0,0,0
130542,2,1,0,0,0,0,0,0,0,0,0,0
130543,1,1,24,24,24,24,24,24,24,24,24,24
130544,1,1,0,19,0,0,0,0,12,0,0,9
130545,1,1,0,0,0,0,0,0,0,0,0,0
130546,1,1,5,5,5,5,5,5,5,5,5,5
130546,2,1,0,0,0,0,0,0,0,0,0,0
130547,0,1,0,0,0,0,0,0,0,0,0,0
130547,1,1,0,0,0,0,0,0,0,0,0,0
130548,1,1,0,0,0,0,0,0,0,0,0,0
130548,2,1,0,0,0,0,0,0,21,0,0,0
130549,1,1,8,0,0,0,0,0,0,0,0,14
130550,1,1,0,0,0,0,0,0,0,0,0,0
130550,2,1,40,40,40,40,40,40,40,40,40,40
130550,3,1,4,4,4,4,4,4,4,4,4,4
130551,1,1,0,13,0,0,0,0,0,0,0,0
130552,1,1,0,0,0,0,0,0,11,0,0,0
130552,2,1,0,0,0,0,0,0,7,0,0,0
130552,3,1,0,0,0,0,0,0,0,0,0,0
130553,1,1,0,0,0,15,0,0,0,0,0,0
130553,2,1,0,0,0,0,0,0,0,0,0,0
130554,1,1,0,32,0,0,0,0,0,0,0,0
130555,1,1,0,0,0,0,0,0,0,0,0,0
130555,2,1,0,0,0,0,0,0,0,9,0,0
130556,1,1,0,0,0,0,0,0,0,0,0,0
130556,2,1,0,0,0,18,0,0,0,11,9,0
130557,1,1,13,9,12,11,2,13,14,6,30,32
130558,1,1,0,0,0,0,0,0,0,0,0,0
130559,1,1,0,0,0,0,0,0,0,0,0,0
130560,1,1,0,0,0,0,0,0,0,0,0,0
130561,1,1,0,24,0,0,0,0,0,0,0,0
130561,2,1,0,0,0,0,0,0,0,0,0,20
130562,0,1,0,0,0,0,0,0,0,0,25,0
130562,1,1,0,4,26,0,0,0,0,0,0,0
130562,2,1,0,0,0,21,0,0,22,0,0,0
130563,1,1,0,0,7,0,0,0,0,0,0,0
130564,1,1,0,0,0,0,0,0,0,0,0,0
130565,0,1,0,0,0,0,0,0,23,0,0,0
130565,1,1,0,0,0,0,22,10,27,10,0,14
130566,0,1,0,0,0,0,0,0,0,0,0,0
130566,1,1,0,0,0,0,0,0,0,0,0,0
130567,1,1,0,0,0,0,0,0,0,0,0,0
130567,2,1,15,15,15,15,15,15,15,15,15,15
130568,1,1,0,0,0,0,0,0,0,0,0,0
130568,2,1,0,0,0,0,0,0,0,0,0,0
130569,1,1,0,0,0,0,0,0,0,0,28,0
130569,2,1,0,0,0,0,0,0,0,0,0,10
130570,1,1,0,0,0,0,0,0,0,0,0,0
130570,2,1,0,0,0,0,0,0,0,0,0,0
130571,1,1,0,0,0,0,0,0,0,0,0,0
130571,2,1,0,0,0,0,0,0,0,0,0,0
130571,3,1,0,0,0,0,0,0,29,0,0,0
130572,1,1,0,0,0,0,0,0,0,0,0,0
130572,2,1,0,0,0,0,0,0,0,0,0,0
130573,0,1,32,32,32,32,32,32,32,32,32,32
130573,1,1,5,5,5,5,5,5,5,5,5,5
130574,0,1,11,12,16,24,0,20,16,12,18,6
130574,1,1,0,0,0,0,0,0,0,0,0,0
130575,1,1,0,0,0,0,0,0,0,0,10,0
130576,1,1,11,18,24,38,0,13,31,10,14,11
130577,0,1,0,0,0,0,0,0,0,0,0,0
130577,1,1,0,0,6,0,0,0,0,0,0,0
130578,1,1,9,0,0,0,0,0,0,0,26,0
130579,1,1,0,0,0,0,0,0,0,0,0,0
130580,1,1,0,0,0,0,0,0,0,0,0,0
130580,2,1,0,0,0,0,0,0,0,0,0,0
130581,1,1,0,0,0,2,0,0,0,0,0,0
130582,1,1,0,0,0,0,0,0,0,0,0,0
130583,1,1,0,0,0,0,0,0,0,0,0,0
130583,2,1,0,0,0,0,0,0,0,0,0,0
130584,1,1,17,0,0,0,0,14,0,0,0,0
130585,1,1,0,0,0,0,0,0,0,0,0,0
130586,1,1,0,0,0,0,0,0,0,0,0,0
130586,2,1,0,0,0,0,0,0,0,0,0,0
130587,1,1,0,18,29,0,0,6,17,17,0,6
130588,1,1,0,0,0,0,0,18,12,19,0,0
130588,2,1,0,0,0,0,0,0,0,0,0,0
130589,1,1,5,10,0,12,31,0,0,0,0,0
130590,1,1,0,0,0,0,0,0,0,0,0,0
130591,0,1,0,4,0,0,0,0,43,4,0,0
130591,0,2,0,0,0,21,29,0,0,0,23,0
130591,1,1,17,17,17,17,17,17,17,17,17,17
130592,0,1,0,0,0,0,0,0,0,0,0,0
130592,1,1,0,0,0,21,0,0,0,0,0,0
130593,1,1,0,0,0,0,0,0,0,0,0,0
130593,2,1,6,0,0,0,0,0,0,0,0,0
130594,0,1,61,40,0,0,0,0,25,0,11,0
130594,1,1,0,0,0,0,0,0,0,0,0,0
130595,1,1,23,18,38,25,17,17,14,22,22,26
130596,1,1,0,0,0,0,0,0,0,0,0,0
130596,2,1,0,0,0,0,0,0,0,0,0,0
130597,1,1,0,0,0,0,0,0,0,0,0,0
130597,2,1,0,0,15,0,0,0,0,0,0,19
130598,1,1,0,0,0,0,13,0,0,0,0,0
130599,1,1,21,19,6,10,13,25,26,0,21,12
130600,1,1,0,0,0,0,0,0,22,0,17,0
130601,1,1,0,0,0,0,0,0,0,0,0,0
130601,2,1,0,0,0,0,0,0,0,0,0,0
130602,1,1,0,0,0,0,0,0,0,0,0,0
130602,2,1,0,0,0,0,0,0,0,0,0,0
130603,1,1,11,26,25,24,22,16,15,8,23,0
130604,1,1,0,0,0,0,0,0,0,0,0,0
130605,1,1,0,22,15,31,25,0,0,0,0,0
130606,0,1,15,17,32,38,14,14,48,24,11,0
130606,1,1,0,0,0,0,0,0,0,0,0,0
130607,1,1,3,0,0,14,6,0,0,0,9,0
130607,2,1,0,0,6,0,9,0,18,0,0,0
130608,1,1,11,11,11,11,11,11,11,11,11,11
130609,1,1,0,14,0,0,0,0,0,0,0,0
130609,2,1,0,0,0,0,0,0,39,0,0,0
130610,1,1,0,16,0,0,0,0,0,0,0,0
130611,0,1,27,0,0,0,0,0,0,22,0,0
130611,1,1,24,12,31,10,43,11,16,0,7,26
130612,1,1,0,0,0,0,0,0,0,0,0,30
130612,2,1,0,0,0,0,0,0,0,0,0,0
130613,1,1,0,0,0,0,0,0,0,0,0,0
130615,1,1,15,0,0,0,0,14,0,0,0,0
130615,2,1,0,0,0,0,0,0,5,0,0,0
130616,0,1,0,0,0,0,0,0,0,0,0,0
130617,1,1,0,0,0,0,0,0,0,0,0,0
130617,2,1,6,6,6,6,6,6,6,6,6,6
130618,1,1,0,0,0,0,0,0,0,0,0,0
130618,2,1,0,0,0,0,0,0,0,0,0,0
130619,1,1,14,0,0,0,0,0,0,0,0,0
130619,2,1,0,0,0,0,0,0,0,0,0,0
130620,1,1,0,0,0,0,15,0,0,0,0,13
130620,2,1,0,0,10,0,0,0,0,0,0,0
130621,1,1,21,46,21,13,36,36,19,14,32,14
130622,1,1,0,0,0,0,0,0,0,0,0,0
130622,2,1,0,0,0,0,0,0,0,0,0,0
130623,0,1,0,0,0,0,0,0,0,0,0,0
130623,1,1,0,0,0,0,0,0,0,0,0,0
130625,1,1,0,0,0,0,0,8,23,0,0,0
130626,1,1,0,0,0,0,0,0,0,0,0,0
130626,2,1,0,0,0,0,0,0,0,0,0,0
130627,1,1,0,0,0,0,0,0,0,0,0,0
130627,2,1,0,0,0,0,0,0,0,0,0,0
130628,1,1,0,0,0,0,0,0,0,0,0,0
130628,2,1,0,0,0,0,0,0,0,0,0,0
130629,1,1,0,0,0,0,0,0,0,0,0,0
130629,2,1,0,0,0,0,0,0,0,0,0,0
130630,1,1,0,0,0,0,0,0,0,0,0,0
130630,2,1,0,0,0,0,0,0,0,0,0,0
130631,1,1,22,22,22,22,22,22,22,22,22,22
130632,1,1,0,0,0,0,0,0,0,0,0,0
130632,2,1,0,0,0,0,0,0,0,0,0,0
130633,1,1,0,0,0,26,0,0,0,0,0,0
130633,2,1,0,0,0,0,8,0,0,0,0,0
130634,1,1,0,0,0,0,0,0,0,0,0,0
130634,2,1,0,0,0,0,0,0,0,0,0,0
130635,1,1,0,0,0,0,0,0,0,0,0,0
130635,2,1,0,0,0,0,0,0,0,0,0,0
130635,3,1,0,0,0,0,0,0,0,0,0,0
130636,1,1,0,0,0,0,0,0,0,24,0,0
130637,1,1,18,18,18,18,18,18,18,18,18,18
130638,1,1,0,0,0,0,0,0,0,0,0,0
130638,2,1,0,0,0,0,0,0,0,0,0,0
130639,1,1,0,15,0,0,0,0,30,0,0,0
130640,1,1,0,0,0,0,0,0,0,0,0,0
130641,1,1,0,19,0,17,0,0,12,23,0,0
130641,2,1,0,7,10,0,0,0,0,16,26,14
130642,1,1,0,0,0,0,0,0,0,0,0,0
130643,1,1,21,21,21,21,21,21,21,21,21,21
130643,2,1,0,0,0,0,0,0,0,0,0,0
130643,3,1,0,0,0,0,0,0,0,0,0,0
130644,1,1,7,19,12,13,16,8,11,18,0,6
130645,1,1,0,0,0,0,0,0,0,0,0,0
130645,2,1,0,0,0,0,0,0,0,0,0,0
130646,0,1,0,0,0,9,0,0,0,0,0,0
130646,1,1,0,0,0,0,0,0,0,0,0,0
130647,1,1,0,0,0,0,0,0,0,0,0,0
130648,1,1,0,0,0,25,0,0,0,0,0,0
130649,1,1,0,0,0,0,9,0,0,0,0,0
130650,1,1,0,0,0,0,0,0,0,0,0,35
130650,2,1,9,0,0,0,0,26,0,0,0,0
130651,1,1,0,0,0,23,17,5,0,0,0,0
130651,2,1,0,0,0,0,0,0,0,0,0,0
130651,3,1,0,0,0,0,0,7,0,0,0,0
130652,1,1,0,0,0,0,0,0,0,0,6,0
130653,1,1,0,0,0,0,0,0,0,0,0,0
130653,2,1,0,0,0,0,0,0,0,0,0,0
130654,1,1,0,4,0,0,0,18,0,0,0,10
130654,2,1,19,0,6,0,0,31,0,0,0,0
130655,1,1,0,7,18,17,0,5,0,0,11,0
130655,2,1,0,0,0,0,16,0,0,24,0,0
130656,1,1,0,0,0,0,0,0,0,0,37,0
130656,2,1,0,0,0,0,0,0,0,0,15,0
130657,0,1,0,21,0,0,0,0,0,0,0,0
130657,1,1,0,0,0,0,0,0,0,0,0,0
130658,1,1,0,0,0,0,0,0,0,0,0,0
130658,2,1,0,0,0,0,0,0,0,0,0,0
130659,0,1,0,19,0,0,18,0,25,0,14,0
130659,1,1,0,0,0,0,0,0,0,0,0,0
130659,2,1,21,25,5,0,25,0,0,0,8,23
130660,1,1,0,0,0,0,0,0,0,12,0,0
130661,0,1,0,0,0,14,0,15,16,0,0,0
130661,1,1,0,29,0,0,0,0,0,0,0,0
130662,1,1,0,25,14,0,9,0,0,0,0,0
130663,1,1,0,0,0,0,0,0,0,0,0,0
130663,2,1,0,0,0,0,0,0,0,0,0,0
130664,1,1,0,0,0,0,0,0,0,0,0,0
130664,2,1,0,0,0,0,0,0,0,13,0,0
130665,1,1,0,0,0,0,0,0,0,0,0,0
130666,1,1,0,0,0,16,0,0,0,19,2,17
130667,0,1,0,0,0,0,0,0,0,0,0,0
130667,1,1,0,18,0,0,0,0,0,0,0,0
130668,1,1,0,0,0,0,0,0,0,0,0,0
130668,2,1,0,0,21,18,25,11,12,17,9,34
130668,3,1,0,0,0,0,0,0,0,0,0,0
130669,0,1,0,0,0,32,0,0,0,0,0,0
130669,1,1,0,0,0,0,0,0,0,0,0,0
130670,1,1,0,0,0,0,0,0,0,0,0,0
130671,1,1,0,0,0,0,0,0,0,0,13,0
130671,2,1,0,0,11,0,0,0,6,0,0,0
130672,1,1,16,16,16,16,16,16,16,16,16,16
130673,1,1,0,0,0,5,0,0,0,0,0,0
130674,1,1,0,0,0,0,12,0,0,25,0,0
130675,1,1,6,6,6,6,6,6,6,6,6,6
130676,1,1,0,0,0,0,0,0,0,0,0,0
130676,2,1,0,0,0,0,0,0,0,0,0,0
130676,3,1,0,0,0,0,0,0,0,0,0,0
130677,1,1,0,0,0,0,0,0,0,0,0,0
130677,2,1,0,0,0,0,10,0,0,0,0,0
130678,1,1,0,0,0,0,22,8,20,0,0,0
130679,1,1,0,0,0,0,0,0,0,0,0,0
130679,2,1,0,0,0,0,0,0,0,0,0,0
130680,1,1,0,0,0,0,0,0,0,10,0,0
130680,2,1,0,0,0,0,13,0,0,0,0,0
130681,1,1,22,14,13,17,40,14,39,23,15,13
130682,1,1,18,20,20,16,21,8,25,9,19,11
130683,1,1,0,0,8,0,0,0,0,0,0,28
130684,1,1,0,0,0,25,0,0,0,0,0,0
130684,2,1,0,0,0,0,0,0,0,0,0,0
130685,1,1,0,0,0,24,0,0,0,0,14,0
130686,1,1,0,0,0,0,14,0,0,0,0,0
130686,2,1,0,0,0,0,0,0,0,0,0,0
130687,1,1,13,0,18,0,0,0,0,13,0,0
130688,1,1,0,0,0,0,0,0,0,8,0,0
130689,1,1,22,29,15,0,14,7,17,0,15,0
130690,1,1,0,9,0,0,0,0,0,17,0,0
130691,1,1,0,0,0,0,0,0,0,0,0,0
130691,2,1,0,12,10,0,0,0,0,2,0,0
130692,1,1,0,27,0,0,0,0,0,12,23,0
130692,2,1,0,0,0,0,0,0,0,0,0,0
130693,1,1,0,0,0,0,0,0,0,0,0,0
130693,2,1,0,0,0,0,0,0,0,0,0,0
130694,1,1,0,0,0,0,0,0,0,0,0,0
130694,2,1,0,0,0,15,0,0,0,0,0,0
130695,1,1,0,8,0,0,7,0,6,0,0,0
130695,2,1,0,11,0,0,20,3,0,23,0,0
130696,1,1,0,0,0,0,0,0,0,0,0,0
130696,2,1,0,0,0,0,0,0,0,0,0,0
130697,1,1,0,0,0,0,0,0,0,0,0,0
130698,1,1,17,17,17,17,17,17,17,17,17,17
130699,1,1,0,0,0,0,0,0,16,0,10,0
130699,2,1,0,0,0,0,0,0,0,0,0,0
130700,1,1,0,0,0,0,0,0,0,0,0,0
130700,2,1,0,0,0,0,0,0,0,0,0,0
130701,1,1,0,0,0,0,0,0,0,0,0,0
130701,2,1,0,0,0,0,0,0,0,0,0,0
130702,1,1,11,0,0,0,30,0,0,20,0,0
130703,1,1,0,20,0,0,0,0,0,0,0,0
130704,1,1,0,0,0,0,0,0,0,0,0,0
130705,1,1,0,0,0,0,0,0,0,0,0,0
130705,2,1,0,0,0,0,0,0,0,0,0,0
130706,1,1,0,0,0,0,0,0,0,0,0,0
130707,1,1,0,0,0,0,0,0,0,0,0,10
130708,0,1,12,12,12,12,12,12,12,12,12,12
130708,1,1,19,0,0,13,0,0,0,18,0,0
130709,1,1,17,17,17,17,17,17,17,17,17,17
130709,2,1,0,0,0,0,0,18,0,0,0,0
130710,1,1,0,0,0,0,0,0,0,0,0,0
130710,2,1,0,0,0,3,15,0,21,0,0,0
130711,1,1,0,0,0,0,0,0,0,0,0,0
130712,1,1,0,28,0,0,14,0,0,0,0,0
130713,1,1,17,17,17,17,17,17,17,17,17,17
130714,1,1,0,0,0,20,0,0,0,0,0,0
130715,1,1,17,17,17,17,17,17,17,17,17,17
130716,1,1,0,0,0,0,0,0,0,0,0,0
130716,2,1,0,0,0,0,0,0,0,0,0,0
130717,1,1,0,0,0,0,0,0,0,0,0,0
130718,1,1,14,14,14,14,14,14,14,14,14,14
130719,1,1,0,0,0,0,6,0,0,0,0,0
130719,2,1,0,0,0,0,0,0,0,0,0,0
130720,1,1,0,0,0,0,0,0,0,0,0,0
130721,1,1,0,0,0,0,0,0,0,0,0,0
130722,1,1,0,0,0,0,0,0,0,0,0,0
130722,2,1,8,0,17,0,0,0,0,4,0,11
130723,1,1,0,0,0,0,5,0,0,3,0,4
130724,1,1,0,0,0,0,0,0,11,0,0,0
130725,1,1,0,0,0,0,0,0,0,0,0,0
130725,2,1,0,8,0,0,0,0,0,0,0,0
130726,1,1,0,0,0,0,0,0,0,0,0,0
130727,1,1,9,0,0,0,0,0,0,0,0,0
130728,1,1,37,37,37,37,37,37,37,37,37,37
130729,1,1,0,0,0,0,0,0,0,0,0,0
130730,1,1,0,0,0,0,12,0,0,0,0,0
130731,1,1,0,0,0,0,0,0,0,0,0,0
130731,2,1,0,0,0,0,0,0,0,0,0,0
130731,3,1,0,0,0,0,0,0,0,0,0,0
130731,4,1,0,0,0,0,0,0,0,0,0,0
130732,1,1,0,0,0,0,0,0,0,0,0,0
130732,2,1,0,0,0,0,0,0,0,0,0,0
130732,3,1,0,0,0,0,0,0,0,0,0,0
130733,1,1,8,17,29,13,24,8,16,22,17,9
130734,1,1,0,0,0,0,0,0,0,0,0,0
130734,3,1,0,0,0,0,0,0,0,0,0,0
130735,1,1,50,24,22,9,25,45,0,18,25,12
130735,2,1,0,0,0,0,0,0,0,0,0,0
130736,1,1,0,0,0,0,0,0,0,0,0,0
130737,1,1,0,0,0,0,0,0,0,0,0,0
130737,2,1,0,0,0,0,11,0,0,0,0,15
130738,1,1,0,0,0,24,0,0,0,24,0,0
130739,0,1,0,0,0,0,0,0,0,0,0,0
130739,1,1,0,0,0,0,0,6,13,0,0,0
130740,0,1,0,0,0,0,0,0,0,0,0,0
130740,1,1,0,0,13,13,20,11,31,0,17,10
130741,1,1,0,15,0,0,0,11,17,0,5,0
130742,1,1,0,0,0,0,0,0,0,0,17,0
130742,2,1,0,0,0,0,0,0,0,0,0,0
130743,1,1,0,0,0,0,0,0,0,0,0,0
130744,1,1,18,18,18,18,18,18,18,18,18,18
130744,2,1,0,0,0,0,0,0,0,0,0,0
130746,1,1,19,0,0,0,0,0,0,0,0,0
130746,2,1,0,0,0,0,0,10,0,0,0,0
130747,1,1,0,0,0,0,0,0,0,0,0,0
130747,2,1,0,0,0,0,0,0,0,0,0,0
130748,1,1,23,34,7,9,33,18,12,18,4,33
130749,0,1,0,0,0,0,0,0,0,0,0,0
130749,1,1,0,0,0,0,0,9,0,0,0,0
130750,1,1,26,26,26,26,26,26,26,26,26,26
130751,1,1,13,10,9,24,27,9,19,6,9,14
130752,1,1,24,24,24,24,24,24,24,24,24,24
130753,1,1,19,19,19,19,19,19,19,19,19,19
130754,1,1,0,0,0,0,0,0,0,0,0,0
130754,2,1,18,0,0,0,0,0,0,0,0,12
130755,0,1,0,0,0,0,0,0,0,0,0,0
130755,1,1,0,0,0,0,0,0,0,0,0,0
130756,1,1,3,3,3,3,3,3,3,3,3,3
130756,2,1,0,0,0,21,0,0,0,0,0,0
130757,1,1,0,18,0,22,0,22,0,0,0,0
130758,1,1,0,0,0,0,0,0,0,0,0,0
130758,2,1,0,0,0,0,0,0,0,0,0,0
130758,3,1,0,0,0,0,0,0,0,0,0,0
130759,1,1,7,7,7,7,7,7,7,7,7,7
130760,1,1,14,14,14,14,14,14,14,14,14,14
130761,1,1,0,0,0,0,0,9,15,0,11,0
130761,2,1,0,0,0,0,0,0,0,0,0,0
130762,1,1,2,0,0,7,0,0,0,0,0,22
130763,1,1,0,0,0,0,0,0,0,0,0,0
130763,2,1,0,0,0,0,0,0,0,0,0,0
130763,4,1,0,0,0,0,0,0,0,0,0,0
130764,1,1,0,0,0,0,0,0,0,0,0,0
130765,0,1,0,0,0,0,0,0,0,0,0,0
130765,1,1,0,0,0,0,0,0,0,0,0,0
130766,1,1,36,36,36,36,36,36,36,36,36,36