ST_CASE,VEH_NO,PER_NO,P1,P2,P3,P4,P5,P6,P7,P8,P9,P10
131065,2,1,0,0,0,0,0,0,0,0,0,0
131065,3,1,0,0,0,0,0,0,2,0,0,0
131065,4,1,0,0,0,0,0,0,0,0,0,0
131065,5,1,0,0,17,0,0,0,0,0,0,0
131065,6,1,0,0,0,0,0,0,0,10,0,0
131065,7,1,15,0,0,0,0,0,0,0,15,0
131066,0,1,0,0,0,10,0,0,0,0,0,18
131066,1,1,0,0,0,0,0,0,0,0,0,0
131067,1,1,0,0,12,0,0,0,0,15,0,0
131069,1,1,0,0,0,0,0,0,0,0,0,0
131070,0,1,0,0,0,0,0,0,11,0,0,0
131070,1,1,0,0,0,0,0,0,0,0,0,0
131071,1,1,0,0,0,0,0,0,0,0,0,0
131072,1,1,0,0,0,0,0,0,0,0,0,0
131072,2,1,0,0,0,0,0,0,0,0,0,0
131073,1,1,24,24,24,24,24,24,24,24,24,24
131074,1,1,11,11,11,11,11,11,11,11,11,11
131076,1,1,0,0,0,0,0,0,0,0,0,0
131076,2,1,0,0,0,0,0,0,0,0,0,0
131077,0,1,0,0,0,0,0,0,0,0,0,0
131077,1,1,0,0,0,0,0,0,0,0,0,0
131077,2,1,0,17,13,0,0,0,0,0,0,0
131078,1,1,0,0,0,0,0,0,0,0,12,0
131079,1,1,0,0,0,0,0,0,0,0,0,0
131079,2,1,0,0,0,0,0,0,0,0,0,0
131080,1,1,0,0,0,0,0,24,0,0,0,0
131080,2,1,0,0,0,0,0,0,0,0,0,0
131080,3,1,0,0,0,0,0,0,0,0,0,0
131080,4,1,0,0,0,0,0,0,0,0,0,0
131081,1,1,0,0,0,0,0,0,0,0,0,0
131083,1,1,0,0,0,0,0,0,0,0,0,0
131084,1,1,0,0,0,0,0,0,0,0,0,0
131084,2,1,0,0,0,0,0,0,0,0,0,0
131084,3,1,0,0,0,0,0,0,0,0,0,0
131084,4,1,0,0,0,0,0,0,0,0,0,0
131085,1,1,0,0,0,0,0,0,0,0,0,0
131086,1,1,0,0,0,0,0,0,0,0,0,0
131087,0,1,0,0,0,0,0,0,0,0,0,0
131087,1,1,6,0,0,0,0,0,0,0,0,0
131088,1,1,0,0,0,0,0,0,0,0,0,0
131088,2,1,0,0,0,0,0,0,12,0,0,0
131088,3,1,0,0,0,0,0,0,0,0,0,0
131089,0,1,36,0,0,0,0,0,0,0,0,0
131089,0,2,13,0,0,15,24,0,0,0,0,0
131089,1,1,0,0,0,0,0,0,0,0,0,0
131090,1,1,0,0,0,0,0,0,0,0,0,0
131090,2,1,0,0,0,0,0,0,0,0,0,0
131091,1,1,24,24,24,24,24,24,24,24,24,24
131091,2,1,0,0,0,0,0,0,0,0,0,0
131091,3,1,22,0,0,0,0,0,15,30,0,0
131092,1,1,0,0,0,0,0,0,0,0,0,0
131092,2,1,0,0,0,0,0,0,0,0,0,0
131093,1,1,24,0,0,0,0,0,0,0,0,0
131093,2,1,0,0,0,0,0,0,0,0,0,0
131094,1,1,0,16,0,0,0,0,0,0,11,10
131094,2,1,0,0,0,0,0,0,0,0,0,0
131095,1,1,0,10,0,0,0,0,0,0,0,0
131095,2,1,0,0,0,0,0,0,0,0,0,0
131096,1,1,27,27,27,27,27,27,27,27,27,27
131097,1,1,0,0,0,0,0,0,0,0,0,0
131097,2,1,0,0,0,0,0,0,0,0,0,0
131098,1,1,0,20,38,0,0,0,29,0,0,0
131099,0,1,0,0,0,0,0,0,11,0,16,0
131099,1,1,0,14,0,3,0,0,0,0,0,0
131100,1,1,11,11,11,11,11,11,11,11,11,11
131101,1,1,0,0,0,0,0,0,0,0,0,0
131102,0,1,0,0,0,0,0,0,0,0,0,0
131102,1,1,0,0,0,0,0,0,0,0,0,0
131103,1,1,0,0,0,0,0,0,0,0,0,0
131104,1,1,22,22,22,22,22,22,22,22,22,22
131105,1,1,0,0,0,0,0,0,0,0,0,0
131105,2,1,0,0,0,0,21,0,0,0,0,0
131106,1,1,0,0,0,0,0,0,0,0,0,0
131106,2,1,0,0,0,0,0,0,0,0,0,0
131107,1,1,0,0,0,0,0,0,0,0,0,0
131107,2,1,0,0,0,0,0,0,0,0,0,0
131108,1,1,0,0,0,0,0,0,0,0,0,0
131109,0,1,0,0,0,0,0,0,0,0,0,0
131109,1,1,0,0,0,0,0,12,0,0,0,0
131110,1,1,0,0,0,0,0,0,0,0,0,0
131111,1,1,3,3,3,3,3,3,3,3,3,3
131113,1,1,0,0,0,0,0,0,0,0,0,0
131113,2,1,0,0,0,0,0,0,0,0,0,0
131114,0,1,0,0,0,0,0,0,0,0,0,0
131114,1,1,0,0,0,0,0,0,0,0,0,0
131115,1,1,0,0,0,0,0,0,0,0,0,0
131115,2,1,0,0,0,0,0,0,0,0,0,0
131116,1,1,0,0,0,0,0,0,0,0,0,0
131116,2,1,0,0,0,0,0,0,0,0,0,0
131117,1,1,0,0,0,0,0,0,0,0,0,0
131118,0,1,0,20,0,11,0,0,0,0,0,0
131118,1,1,0,0,17,0,0,19,0,0,0,0
131119,1,1,21,21,21,21,21,21,21,21,21,21
131120,1,1,9,9,9,9,9,9,9,9,9,9
131120,2,1,0,0,0,0,0,0,0,0,0,0
131121,1,1,0,16,0,0,0,9,0,0,0,0
131122,1,1,0,18,0,0,0,0,0,0,0,0
131122,2,1,0,0,0,0,0,0,0,0,0,0
131123,1,1,0,0,0,0,0,0,0,0,0,0
131124,1,1,0,0,0,0,0,0,0,0,0,0
131125,0,1,0,0,0,0,0,0,0,0,0,0
131125,1,1,0,0,0,0,0,0,0,0,0,0
131125,2,1,0,5,9,0,0,0,0,0,0,0
131126,1,1,0,0,0,0,0,0,0,22,0,0
131127,1,1,2,2,2,2,2,2,2,2,2,2
131128,1,1,4,4,4,4,4,4,4,4,4,4
131129,1,1,0,0,0,0,0,0,0,0,0,0
131129,2,1,0,0,0,0,0,0,0,0,0,0
131130,1,1,15,15,15,15,15,15,15,15,15,15
131130,2,1,0,0,0,0,0,0,0,0,0,0
131131,1,1,9,9,9,9,9,9,9,9,9,9
131131,2,1,0,0,0,0,0,0,0,0,0,0
131132,1,1,11,11,11,11,11,11,11,11,11,11
131133,1,1,0,0,13,0,17,0,0,0,0,0
131133,2,1,0,0,0,0,0,7,0,0,0,8
131133,3,1,0,0,39,0,0,0,0,0,7,5
131134,1,1,0,0,0,0,0,0,0,0,0,0
131135,1,1,0,0,0,0,0,0,0,0,0,0
131136,0,1,0,0,0,0,0,0,0,0,0,0
131136,1,1,0,0,0,0,0,0,0,0,0,0
131137,1,1,0,0,0,0,0,0,0,0,0,0
131138,0,1,15,15,15,15,15,15,15,15,15,15
131138,1,1,0,0,0,0,0,0,0,0,0,0
131139,1,1,15,15,15,15,15,15,15,15,15,15
131139,2,1,0,0,0,0,0,0,0,0,0,0
131140,1,1,0,0,0,0,0,0,0,0,0,0
131140,2,1,0,0,0,0,0,0,0,0,0,0
131141,1,1,0,0,0,0,0,0,0,0,0,0
131141,2,1,0,0,0,0,0,0,0,0,0,0
131142,0,1,0,0,0,0,0,0,0,0,0,0
131142,1,1,0,0,0,0,0,0,0,0,0,0
131142,2,1,20,0,0,11,0,0,6,19,0,12
131143,1,1,33,0,0,0,0,0,0,0,0,0
131143,2,1,0,0,0,0,0,0,0,0,0,0
131144,0,1,6,6,6,6,6,6,6,6,6,6
131144,1,1,0,0,0,0,0,0,0,0,0,7
131145,1,1,15,15,15,15,15,15,15,15,15,15
131146,1,1,0,0,0,0,31,16,0,0,0,0
131146,2,1,0,21,20,21,16,11,5,15,2,13
131147,1,1,0,0,0,0,0,0,0,0,18,0
131149,1,1,8,8,8,8,8,8,8,8,8,8
131150,1,1,0,0,0,0,0,8,0,23,0,0
131151,1,1,0,0,0,0,0,0,0,0,0,0
131151,2,1,0,0,0,0,0,0,0,0,0,0
131152,1,1,9,9,11,20,2,29,37,7,38,10
131153,0,1,0,0,0,0,0,0,0,0,0,0
131153,1,1,12,10,0,26,28,0,0,0,0,15
131154,1,1,0,0,0,0,0,0,0,0,0,0
131154,2,1,0,0,0,0,0,0,0,0,3,0
131156,1,1,0,0,0,0,0,0,0,0,0,10
131156,2,1,0,0,0,0,0,0,0,0,0,0
131157,1,1,0,0,0,0,0,0,0,0,0,0
131158,0,1,0,0,0,0,0,0,0,0,0,0
131158,1,1,0,0,0,0,0,0,0,0,0,0
131159,1,1,22,22,22,22,22,22,22,22,22,22
131160,1,1,0,0,0,0,0,0,0,0,0,0
131160,2,1,0,0,0,0,0,0,0,0,0,0
131161,0,1,0,0,0,20,4,0,32,0,0,23
131161,1,1,0,0,0,0,0,0,0,0,0,0
131162,1,1,5,5,5,5,5,5,5,5,5,5
131163,1,1,0,0,0,0,0,0,0,0,0,0
131163,2,1,0,0,0,0,0,0,0,0,0,0
131164,0,1,13,13,13,13,13,13,13,13,13,13
131164,2,1,0,0,0,0,0,0,0,0,0,23
131165,1,1,0,0,28,0,0,0,0,0,0,0
131165,2,1,0,0,0,0,0,0,0,0,0,0
131166,0,1,0,0,0,0,12,0,0,0,0,0
131166,1,1,0,0,0,0,0,0,0,0,0,0
131167,1,1,0,0,0,0,0,0,0,0,0,0
131167,2,1,0,0,17,0,0,0,0,0,0,0
131168,1,1,21,0,0,0,0,24,0,0,0,0
131169,1,1,0,0,0,0,0,0,0,0,0,0
131170,0,1,0,0,0,0,0,0,0,0,0,0
131170,1,1,0,0,0,0,17,0,0,0,0,0
131170,2,1,0,0,0,0,0,0,0,0,0,0
131171,1,1,2,2,2,2,2,2,2,2,2,2
131172,1,1,0,0,0,0,0,0,0,0,0,0
131172,2,1,0,0,0,0,0,0,27,0,0,0
131173,1,1,16,0,17,31,37,14,18,9,7,15
131173,2,1,0,0,0,0,0,0,0,0,0,0
131174,1,1,0,0,0,13,0,0,0,0,0,0
131174,2,1,20,0,0,0,0,0,0,0,0,0
131175,0,1,0,0,0,0,0,0,0,0,0,0
131175,1,1,0,0,0,0,0,0,0,0,0,0
131176,1,1,0,0,0,0,20,0,0,0,0,0
131176,2,1,0,0,0,0,0,0,0,0,0,0
131177,0,1,0,0,0,0,0,0,0,0,0,0
131177,1,1,0,0,0,0,0,0,0,0,0,0
131178,1,1,0,0,0,0,0,0,0,0,0,0
131178,2,1,0,0,0,0,0,0,0,0,0,0
131179,0,1,0,0,0,0,0,0,0,0,0,0
131179,1,1,9,9,9,9,9,9,9,9,9,9
131179,2,1,0,0,0,0,0,0,0,0,0,0
131180,1,1,0,0,0,0,0,0,0,0,0,0
131182,1,1,0,0,0,0,0,0,0,0,0,0
131183,1,1,0,0,0,0,0,0,0,0,0,0
131183,2,1,0,0,0,0,0,0,0,0,0,0
131185,0,1,25,25,25,25,25,25,25,25,25,25
131185,1,1,28,0,5,0,0,0,0,21,17,17
131186,1,1,13,17,31,32,21,4,16,24,0,16
131186,2,1,0,8,18,12,13,19,7,3,19,14
131187,1,1,0,0,0,0,0,0,0,0,0,13
131187,2,1,0,0,0,0,0,0,0,0,0,0
131188,1,1,0,0,0,0,0,0,0,0,0,0
131188,2,1,1,1,1,1,1,1,1,1,1,1
131189,1,1,0,0,0,0,0,0,0,0,0,0
131189,2,1,18,18,18,18,18,18,18,18,18,18
131191,1,1,0,0,0,0,0,0,0,0,0,0
131191,2,1,0,0,0,9,0,0,0,0,0,0
131192,0,1,0,0,0,0,0,0,13,0,0,0
131192,1,1,22,24,17,17,11,0,27,0,9,11
131193,0,1,0,0,0,0,31,0,0,0,0,0
131193,1,1,0,0,0,0,0,0,0,0,0,0
131193,2,1,6,11,12,15,0,18,0,0,8,0
131193,3,1,10,3,22,0,8,12,0,12,0,10
131194,1,1,7,0,12,0,0,13,0,17,0,9
131196,1,1,0,0,0,0,0,0,15,0,0,0
131197,1,1,0,0,0,0,0,10,0,0,0,5
131198,1,1,0,0,0,0,0,0,0,0,0,0
131198,2,1,0,0,0,0,0,0,0,0,0,0
131199,1,1,12,0,0,0,20,0,0,0,0,36
131202,1,1,0,0,0,0,0,0,0,0,0,0
131202,2,1,0,0,0,0,0,0,0,0,0,0
131205,1,1,0,0,0,0,0,0,0,0,0,0
131205,2,1,0,0,0,0,0,0,0,0,0,0
131205,3,1,0,0,0,14,29,0,24,0,0,0
131206,0,1,0,0,0,0,0,0,0,0,0,0
131206,1,1,0,0,0,0,0,0,0,0,0,0
131208,1,1,28,28,28,28,28,28,28,28,28,28
131209,0,1,0,0,0,0,0,0,0,0,0,0
131209,1,1,0,0,0,0,0,0,0,0,0,0
131210,1,1,0,0,0,0,0,0,0,0,36,0
131210,2,1,0,0,0,0,0,0,0,0,0,0
131211,1,1,0,0,0,0,0,0,14,0,0,0
131211,2,1,0,0,0,0,0,0,0,0,0,0
131212,1,1,27,27,27,27,27,27,27,27,27,27
131212,2,1,27,27,27,27,27,27,27,27,27,27
131212,3,1,0,20,0,0,0,0,0,17,0,0
131213,0,1,7,23,42,0,0,0,0,15,0,11
131213,1,1,0,13,0,15,0,0,0,0,0,0
131214,1,1,0,0,0,0,0,0,0,0,0,0
131215,1,1,0,0,0,0,19,0,0,0,0,0
131216,1,1,0,0,0,0,0,0,0,0,0,0
131216,2,1,3,0,26,22,0,23,24,21,11,22
131216,3,1,0,0,0,0,0,0,0,0,0,0
131217,1,1,0,0,11,0,9,0,0,14,0,0
131218,1,1,22,22,22,22,22,22,22,22,22,22
131218,2,1,0,0,0,0,0,0,0,0,0,0
131219,1,1,32,32,32,32,32,32,32,32,32,32
131220,1,1,0,0,0,0,0,0,0,25,0,0
131221,1,1,0,0,0,0,0,0,0,0,0,0
131221,2,1,0,0,0,0,0,0,0,0,0,0
131223,0,1,23,9,29,18,42,31,20,11,40,16
131223,1,1,0,0,37,0,0,0,0,0,0,0
131225,1,1,0,6,0,0,0,0,0,0,29,0
131226,0,1,0,0,0,23,0,23,21,0,0,0
131226,1,1,0,0,0,0,0,0,0,0,0,0
131227,1,1,39,20,26,0,17,9,27,18,30,15
131228,1,1,0,0,0,0,0,0,0,0,0,0
131228,2,1,0,18,14,0,0,0,0,0,0,0
131229,0,1,0,0,16,0,25,0,34,0,0,0
131229,1,1,0,0,0,0,0,0,0,0,0,0
131230,1,1,0,0,0,0,0,0,17,0,10,0
131230,2,1,0,27,0,0,0,0,0,0,0,14
131231,1,1,0,0,14,0,0,0,0,0,0,0
131232,0,1,0,0,0,0,0,0,37,0,0,0
131232,1,1,0,0,0,0,0,0,0,0,0,0
131234,0,1,27,27,27,27,27,27,27,27,27,27
131234,1,1,0,0,0,0,0,0,0,0,0,0
131235,1,1,0,0,0,0,0,0,0,0,0,0
131235,2,1,0,0,0,0,0,0,0,0,0,0
131236,1,1,0,0,0,0,0,0,0,0,0,0
131236,2,1,0,0,0,0,0,0,0,0,0,0
131237,1,1,24,24,24,24,24,24,24,24,24,24
131237,2,1,23,0,0,0,0,0,0,0,0,0
131237,3,1,0,0,0,0,0,0,0,0,0,0
131238,1,1,33,33,33,33,33,33,33,33,33,33
131239,1,1,0,0,0,0,0,0,29,0,33,0
131240,1,1,0,24,0,0,17,0,15,0,26,0
131241,0,1,0,33,0,0,0,0,18,0,0,28
131241,1,1,0,7,0,0,0,0,0,0,0,0
131242,1,1,0,0,0,0,0,0,0,0,0,0
131242,2,1,0,0,0,0,0,0,0,0,0,0
131243,1,1,0,0,0,0,0,0,0,0,0,0
131243,2,1,0,0,0,0,0,0,0,0,0,0
131244,1,1,0,0,0,0,0,0,0,0,0,0
131244,2,1,0,0,0,0,0,0,0,0,0,0
131245,1,1,0,0,0,0,0,0,0,0,0,0
131245,2,1,0,0,0,0,0,0,0,0,0,0
131246,1,1,0,18,0,0,0,0,0,0,0,0
131246,2,1,0,0,0,0,0,0,0,15,0,0
131247,0,1,0,0,0,0,0,0,0,0,0,0
131247,1,1,0,0,0,0,0,0,0,0,0,0
131248,1,1,0,0,0,0,0,0,0,0,0,0
131249,1,1,0,0,0,0,0,0,0,0,0,0
131250,1,1,0,0,0,0,0,0,0,0,0,0
131250,2,1,0,0,0,0,0,0,0,0,0,0
131251,1,1,0,0,0,0,0,0,0,0,0,0
131251,2,1,0,0,0,0,0,0,0,0,0,0
131252,1,1,24,24,24,24,24,24,24,24,24,24
131253,0,1,11,27,0,16,18,13,17,13,0,38
131253,1,1,0,0,0,0,0,8,0,0,0,0
131254,0,1,0,0,0,0,0,0,0,0,0,0
131254,1,1,0,0,0,0,0,0,25,24,0,0
131255,1,1,0,0,0,0,0,0,0,0,0,0
131255,2,1,0,0,0,0,0,0,0,0,0,0
131255,3,1,0,0,0,0,0,0,0,0,0,0
131256,1,1,0,0,0,0,0,0,0,0,0,0
131256,2,1,0,0,0,0,0,0,0,0,0,0
131258,1,1,1,1,1,1,1,1,1,1,1,1
131259,1,1,11,11,11,11,11,11,11,11,11,11
131260,0,1,0,0,0,0,0,0,0,0,0,0
131260,1,1,0,0,0,0,0,0,0,0,0,0
131261,1,1,0,0,0,0,0,0,0,0,0,0
131261,2,1,9,0,0,0,0,0,0,0,0,0
131262,0,1,6,20,23,41,18,10,31,6,18,18
131262,1,1,0,0,0,0,0,20,0,0,0,0
131263,1,1,0,0,0,0,0,0,0,0,0,0
131264,1,1,0,0,0,0,0,0,0,0,0,0
131264,2,1,0,0,0,0,0,0,0,0,0,0
131265,1,1,0,0,0,0,0,0,0,0,0,0
131265,2,1,0,0,0,0,0,0,0,0,0,0
131266,0,1,0,0,0,0,0,0,0,0,0,0
131266,1,1,0,0,0,0,0,0,0,0,0,0
131266,2,1,0,0,0,0,0,0,0,0,0,0
131267,0,1,0,0,0,0,0,0,0,0,0,0
131267,1,1,0,0,0,0,0,0,0,0,0,0
131268,1,1,0,0,31,17,0,0,18,0,11,0
131269,0,1,15,0,0,0,0,0,0,0,17,20
131269,1,1,0,9,0,0,0,0,0,0,0,0
131270,1,1,0,0,0,0,0,0,0,0,0,0
131270,2,1,1,1,1,1,1,1,1,1,1,1
131272,1,1,0,0,0,0,0,0,0,0,0,0
131273,0,1,0,41,0,0,20,0,0,13,0,0
131273,1,1,0,0,0,0,0,0,0,0,0,0
131274,1,1,0,0,0,0,0,0,0,0,0,0
131275,1,1,0,0,0,0,0,0,0,0,0,0
131276,1,1,16,15,22,24,19,8,15,23,0,35
131276,2,1,0,0,0,0,0,0,0,0,0,0
131276,3,1,0,0,0,0,0,0,0,0,0,0
131277,1,1,0,0,0,0,0,0,0,33,0,0
131277,2,1,0,0,0,0,0,0,0,0,0,0
131278,0,1,13,29,0,46,21,10,0,24,26,46
131278,1,1,0,0,0,0,0,0,0,0,0,0
131280,1,1,0,0,0,0,0,0,0,0,0,0
131280,2,1,0,0,0,0,0,0,0,0,7,0
131281,1,1,0,0,0,0,0,0,0,0,0,0
131282,1,1,0,0,0,0,0,0,0,0,0,0
131282,2,1,0,0,0,0,0,0,0,0,0,0
131282,3,1,0,0,0,0,0,6,0,0,0,0
131283,1,1,0,0,0,0,0,0,0,0,0,12
131283,2,1,0,0,0,0,0,0,0,0,0,0
131284,1,1,0,0,0,0,0,0,0,0,0,0
131285,1,1,0,0,0,0,0,0,0,0,0,0
131285,2,1,0,0,0,0,0,0,0,0,0,0
131286,1,1,0,0,0,0,0,0,0,0,0,0
131286,2,1,0,0,0,0,0,0,0,0,5,0
131287,0,1,0,0,0,0,0,0,0,0,0,0
131287,1,1,0,0,0,0,0,0,7,0,0,0
131288,1,1,0,0,0,0,0,0,0,0,0,0
131289,1,1,12,12,12,12,12,12,12,12,12,12
131290,1,1,0,0,0,0,0,0,0,0,0,0
131291,1,1,6,6,6,6,6,6,6,6,6,6
131292,0,1,0,0,0,0,0,0,0,0,0,0
131292,1,1,0,0,0,0,0,0,0,0,0,0
131293,1,1,0,0,0,0,0,0,0,0,0,0
131293,2,1,0,0,0,0,0,0,0,0,0,0
131294,1,1,13,13,13,13,13,13,13,13,13,13
131294,2,1,0,0,0,0,0,0,0,0,0,0
131295,0,1,0,0,0,0,0,0,0,0,8,0
131295,1,1,0,0,0,0,0,0,0,0,0,0
131296,1,1,0,0,39,11,0,0,0,0,0,0
131296,2,1,0,0,0,0,0,0,0,0,0,0
131296,3,1,0,0,0,0,0,0,0,0,0,0
131297,1,1,0,0,0,0,0,0,0,0,0,0
131297,2,1,0,0,0,0,0,0,0,0,0,0
131298,1,1,0,0,0,0,0,0,0,0,8,0
131299,1,1,0,0,0,0,17,0,0,0,0,0
131299,2,1,0,0,0,0,0,0,0,0,0,10
131299,3,1,0,0,0,0,0,0,0,0,0,13
131300,0,1,0,0,0,0,0,0,0,0,0,0
131300,1,1,0,0,0,0,0,0,0,0,0,0
131301,1,1,0,0,0,0,0,0,0,0,0,0
131301,2,1,0,0,0,0,0,0,0,0,0,0
131302,0,1,0,0,20,0,0,6,0,0,0,47
131302,1,1,0,9,0,0,0,0,0,0,0,0
131303,1,1,0,0,0,0,0,0,0,0,0,0
131303,2,1,23,0,0,0,0,0,0,0,0,0
131304,1,1,30,0,0,0,0,8,0,0,0,0
131304,2,1,0,0,0,0,0,0,0,0,0,3
131304,3,1,0,0,0,0,0,0,0,0,0,0
131305,1,1,0,0,0,0,0,0,0,0,0,0
131305,2,1,0,0,0,0,0,0,0,0,0,0
131306,0,1,31,31,31,31,31,31,31,31,31,31
131306,1,1,11,0,19,0,10,14,11,21,24,14
131307,1,1,13,0,0,0,0,0,0,0,0,0
131308,1,1,0,0,0,0,0,0,0,0,0,0
131308,2,1,0,0,0,0,0,0,0,0,0,0
131309,0,1,0,0,0,0,0,22,0,0,0,0
131309,1,1,0,0,0,0,0,0,0,0,0,0
131310,1,1,0,0,0,0,0,0,0,0,0,0
131310,2,1,0,0,0,0,0,0,0,0,0,0
131310,3,1,0,0,0,0,0,0,0,0,0,0
131312,1,1,22,22,22,22,22,22,22,22,22,22
131312,2,1,0,0,0,0,0,0,0,0,0,0
131313,1,1,0,0,0,0,0,0,0,0,0,0
131313,2,1,0,0,0,0,0,0,0,0,0,0
131314,1,1,0,0,0,0,0,0,0,0,0,0
131314,2,1,0,0,0,0,0,11,0,0,13,0
131315,1,1,0,0,0,0,0,0,0,0,0,0
131316,1,1,0,0,0,0,0,0,5,0,0,0
131317,1,1,0,0,0,0,0,0,15,0,0,0
131317,2,1,0,0,0,0,0,0,0,0,0,0
131318,1,1,0,0,0,0,0,0,0,0,0,0
131319,1,1,0,0,0,0,0,0,0,0,0,0
131319,2,1,0,0,0,0,0,0,0,0,0,0
131319,3,1,17,0,19,19,13,16,13,28,11,5
131319,4,1,0,0,0,0,0,0,0,0,0,0
131320,0,1,0,0,0,0,0,0,0,0,0,0
131320,1,1,10,0,0,0,0,0,0,0,0,0
131321,1,1,0,0,0,0,0,0,0,0,0,0
131321,2,1,0,0,0,0,0,0,0,0,0,0
131322,1,1,0,0,0,0,0,0,0,0,0,0
131323,1,1,0,21,0,0,0,0,0,0,0,0
131323,2,1,0,0,0,0,0,0,0,0,0,0
131324,0,1,0,0,0,0,22,0,0,33,0,0
131324,1,1,0,0,0,0,0,0,0,0,0,0
131325,1,1,21,21,21,21,21,21,21,21,21,21
131326,1,1,0,0,0,0,0,0,0,0,0,0
131326,2,1,0,0,0,0,0,0,0,0,0,0
131328,0,1,0,0,0,0,0,0,0,0,0,0
131328,1,1,0,0,0,21,0,0,0,13,0,0
131329,1,1,0,0,0,0,0,0,0,0,0,0
131330,1,1,22,22,22,22,22,22,22,22,22,22
131330,2,1,1,1,1,1,1,1,1,1,1,1
131331,1,1,0,0,15,0,0,16,16,5,0,0
131332,1,1,0,0,39,38,11,6,6,26,25,18
131333,0,1,0,0,0,32,0,0,0,11,0,0
131333,1,1,0,0,0,0,0,0,0,0,0,0
131334,1,1,16,7,13,4,0,0,21,27,11,13
131334,2,1,0,0,0,0,0,0,0,0,0,0
131335,1,1,14,0,0,0,0,0,0,0,0,0
131335,2,1,0,0,25,0,0,0,0,0,0,0
131335,3,1,0,0,0,0,0,0,0,0,0,0
131335,4,1,0,0,0,0,0,0,0,0,0,0
131336,1,1,0,0,0,0,0,0,0,0,0,24
131336,2,1,0,0,0,0,0,0,0,0,0,0
131337,1,1,0,0,0,0,26,0,9,0,0,0
131337,2,1,0,0,0,0,0,0,0,0,0,0
131337,3,1,0,0,0,0,0,0,0,0,0,0
131338,1,1,0,0,0,0,0,0,0,0,0,0
131339,1,1,0,17,0,0,0,0,0,0,0,0
131339,2,1,0,0,0,0,0,0,0,0,0,0
131340,1,1,21,36,3,13,9,8,24,13,20,16
131340,2,1,0,0,0,0,0,0,0,0,0,0
131341,1,1,17,17,17,17,17,17,17,17,17,17
131341,2,1,0,0,0,10,0,0,0,0,0,0
131342,1,1,17,17,17,17,17,17,17,17,17,17
131342,2,1,0,10,0,0,0,0,0,0,0,0
131343,1,1,0,0,0,0,0,0,0,0,0,0
131344,1,1,0,0,0,0,0,0,0,0,0,0
131344,2,1,0,0,0,0,0,0,0,0,0,0
131345,1,1,0,0,0,0,0,0,0,12,0,0
131347,1,1,0,0,0,0,0,0,0,0,0,0
131347,2,1,5,0,0,0,0,0,0,0,0,0
131347,3,1,0,0,0,0,0,0,0,0,0,0
131347,4,1,0,0,0,0,0,0,6,0,0,0
131347,5,1,0,0,0,0,0,0,0,0,0,0
131348,1,1,0,17,0,0,0,0,0,0,0,0
131348,2,1,0,0,14,0,0,0,0,0,0,0
131351,1,1,0,0,0,0,0,0,0,0,0,0
131352,0,1,23,0,0,0,0,0,0,0,0,0
131352,1,1,0,0,0,0,0,19,0,0,0,0
131353,1,1,0,0,0,0,0,0,0,0,0,0
131353,2,1,0,0,0,0,0,0,0,0,0,0
131354,1,1,30,22,20,18,17,17,13,10,0,28
131355,1,1,0,0,0,0,0,0,0,0,0,0
131355,2,1,0,0,0,0,0,0,0,0,0,10
131356,1,1,0,0,0,11,0,0,0,0,0,0
131356,2,1,0,0,0,0,28,0,0,0,16,0
131357,1,1,0,0,0,0,0,0,0,0,0,0
131357,2,1,0,0,0,0,0,0,0,0,0,0
131359,1,1,19,19,19,19,19,19,19,19,19,19
131360,1,1,1,1,1,1,1,1,1,1,1,1
131361,1,1,0,0,0,0,0,0,0,0,0,0
131362,1,1,29,29,29,29,29,29,29,29,29,29
131363,1,1,20,20,20,20,20,20,20,20,20,20
131364,1,1,28,10,0,1,0,12,0,0,0,7
131364,2,1,20,0,0,0,0,0,0,0,0,0
131365,1,1,8,8,8,8,8,8,8,8,8,8
131365,2,1,0,0,0,0,0,0,0,0,0,0
131365,3,1,0,0,0,22,0,0,10,0,14,0
131365,4,1,0,0,0,0,0,0,0,0,0,0
131366,1,1,0,0,0,0,0,0,0,0,0,0
131366,2,1,0,0,0,0,0,0,0,0,0,0
131367,1,1,0,0,0,0,31,0,0,0,0,0
131367,2,1,0,0,0,0,0,0,0,0,0,0
131367,3,1,0,0,0,0,0,0,0,0,0,0
131368,1,1,10,0,0,0,0,0,0,0,0,0
131368,2,1,0,0,0,0,0,0,0,0,0,0
131369,1,1,0,0,0,0,0,0,0,0,0,0
131369,2,1,0,0,0,0,0,0,0,0,0,0
131370,1,1,18,18,18,18,18,18,18,18,18,18
131370,2,1,0,0,0,0,0,0,0,0,0,0
131370,3,1,0,0,0,0,0,0,0,0,23,0
131372,1,1,5,12,20,24,19,6,16,7,7,17
131372,2,1,0,0,0,0,0,0,4,8,0,0
131373,1,1,0,0,0,0,0,8,0,0,0,0
131373,2,1,0,12,0,0,0,0,43,0,0,0
131374,1,1,0,0,0,0,0,0,0,16,0,0
131375,1,1,32,32,32,32,32,32,32,32,32,32
131375,2,1,0,0,0,0,0,0,0,0,0,0
131377,1,1,0,0,0,0,0,0,0,0,0,0
131377,2,1,0,0,0,0,0,0,0,0,0,0
131378,1,1,0,0,0,0,0,0,0,0,0,0
131378,2,1,0,0,0,0,0,0,0,0,0,0
131378,3,1,0,0,0,0,0,0,0,0,0,0
131378,4,1,0,0,0,0,0,0,0,0,0,0