ST_CASE,VEH_NO,PER_NO,P1,P2,P3,P4,P5,P6,P7,P8,P9,P10
131379,1,1,0,0,0,0,0,0,0,0,0,0
131379,2,1,0,0,0,0,0,0,0,0,0,0
131380,1,1,0,0,0,0,0,0,0,0,0,0
131381,1,1,0,0,0,0,0,0,0,0,0,0
131381,2,1,0,0,0,0,0,0,0,0,0,0
131382,1,1,0,0,0,0,0,0,0,0,0,0
131382,2,1,0,0,0,0,0,0,0,0,0,0
131383,1,1,17,0,0,0,0,0,0,0,0,0
131383,2,1,0,0,0,0,0,0,0,0,0,0
131384,1,1,0,0,0,0,0,0,0,0,0,0
131384,2,1,0,0,0,0,0,0,0,0,0,21
131385,1,1,0,0,0,0,7,0,0,0,0,0
131386,1,1,0,0,0,0,0,0,0,0,0,0
131386,2,1,0,0,0,0,0,0,0,0,0,0
131387,0,1,0,0,0,0,0,0,0,0,0,0
131387,1,1,0,0,0,15,0,0,0,0,0,0
131388,1,1,0,0,0,0,9,0,0,0,15,0
131388,2,1,0,0,0,0,0,0,0,0,0,0
131389,0,1,0,0,0,0,0,0,0,0,0,0
131389,1,1,0,0,0,0,0,0,0,42,0,0
131390,1,1,0,0,0,0,0,9,0,25,0,0
131391,1,2,27,6,19,21,12,12,16,16,4,0
131392,1,1,0,0,0,0,0,0,0,0,0,19
131392,2,1,0,0,0,0,0,0,0,0,0,0
131393,1,1,0,0,0,0,0,0,0,0,0,0
131394,0,1,0,0,0,0,0,0,0,0,0,0
131395,1,1,0,0,0,0,0,0,0,0,0,0
131395,2,1,0,0,0,0,0,0,0,0,0,0
131396,1,1,0,0,27,0,0,11,0,0,0,0
131397,1,1,21,21,21,21,21,21,21,21,21,21
131398,1,1,0,0,0,0,0,0,0,0,0,0
131399,1,1,0,0,0,0,0,0,0,0,0,0
131399,2,1,0,0,0,0,0,0,0,0,0,0
131399,3,1,0,0,11,3,0,0,0,0,0,0
131399,4,1,0,0,0,0,0,0,0,0,0,0
131400,0,1,0,0,0,0,0,0,0,0,0,0
131400,1,1,0,0,0,0,0,0,0,0,0,0
131401,1,1,0,14,0,0,0,0,0,0,0,0
131402,1,1,17,17,17,17,17,17,17,17,17,17
131404,0,1,11,33,21,33,19,5,6,14,15,56
131404,1,1,0,0,0,0,0,0,0,27,0,0
131405,0,1,0,0,3,0,0,0,0,0,0,0
131405,1,1,0,0,0,0,0,0,0,0,0,0
131406,0,1,0,0,24,0,0,0,0,0,0,0
131406,1,1,0,0,0,0,0,0,0,0,0,0
131407,1,1,0,0,0,0,0,0,0,0,0,0
131407,2,1,0,0,0,0,0,0,0,0,0,0
131408,0,1,0,0,0,0,0,0,0,0,0,0
131408,1,1,0,0,0,0,0,0,0,0,0,0
131408,2,1,0,0,0,0,0,0,0,0,0,0
131409,1,1,0,0,0,0,0,0,0,0,0,0
131409,2,1,0,0,0,0,0,0,0,0,0,0
131410,1,1,0,0,0,0,0,0,0,0,0,0
131411,1,1,22,22,22,22,22,22,22,22,22,22
131412,1,1,0,0,0,0,0,0,0,0,0,0
131412,2,1,0,0,0,0,0,0,0,0,0,0
131413,0,1,0,0,0,0,0,8,0,0,0,0
131413,1,1,0,0,0,0,0,0,0,0,0,0
131414,1,1,12,12,12,12,12,12,12,12,12,12
131414,2,1,0,0,0,0,0,0,0,0,0,0
131414,3,1,0,0,17,0,12,0,0,0,0,0
131414,4,1,0,0,0,0,0,0,0,0,0,0
131415,1,1,31,0,13,30,13,5,32,18,20,11
131415,2,1,0,0,0,0,0,0,0,0,0,0
131416,1,1,0,7,0,0,0,0,0,0,0,0
131416,2,1,0,0,0,0,0,0,0,0,0,0
131417,1,1,0,0,0,0,0,0,0,0,0,0
131417,2,1,0,0,0,0,0,0,0,0,0,0
131418,1,1,0,0,0,0,0,0,0,0,0,0
131419,1,1,0,0,0,0,0,0,0,0,0,0
131419,2,1,0,0,0,0,0,0,0,0,0,0
131420,1,1,0,33,15,0,0,0,0,0,21,0
131421,1,1,0,16,0,0,0,0,0,0,37,0
131421,2,1,0,0,0,0,0,0,0,0,0,0
131422,1,1,0,0,0,0,0,0,0,0,0,0
131422,2,1,0,0,0,0,0,0,0,0,0,0
131422,3,1,0,0,0,0,0,0,0,0,0,0
131422,4,1,0,0,0,0,0,0,0,0,0,0
131422,5,1,0,0,0,0,24,0,0,0,0,0
131423,1,1,20,20,20,20,20,20,20,20,20,20
131424,0,1,24,24,24,24,24,24,24,24,24,24
131424,1,1,0,0,0,0,0,0,0,0,0,0
131424,2,1,0,0,0,9,0,0,0,0,0,0
131425,1,1,0,0,0,0,0,0,0,0,0,0
131426,1,1,0,0,0,0,0,33,0,0,0,0
131426,2,1,0,0,0,0,0,0,0,0,0,0
131427,1,1,0,0,0,0,0,0,0,0,0,32
131428,1,1,0,0,0,0,0,0,0,0,0,0
131428,2,1,0,0,0,5,0,0,7,0,0,0
131428,3,1,9,0,0,0,0,0,0,0,0,0
131429,1,1,0,0,0,0,0,0,0,0,0,0
131430,1,1,0,0,0,0,0,0,0,0,0,0
131431,1,1,0,0,0,0,0,0,0,0,0,0
131432,1,1,15,15,15,15,15,15,15,15,15,15
131432,2,1,0,0,0,13,11,29,18,27,12,13
131433,1,1,10,17,15,22,17,16,5,15,20,21
131434,1,1,18,0,0,0,15,0,0,0,0,0
131434,2,1,0,0,0,0,0,0,0,0,0,0
131435,1,1,16,26,14,21,19,14,14,21,11,6
131436,0,1,0,0,0,0,0,0,0,0,0,0
131436,1,1,0,0,0,0,0,2,0,0,0,0
131436,2,1,0,0,0,0,17,0,0,0,0,0
131437,1,1,13,13,13,13,13,13,13,13,13,13
131437,2,1,0,0,0,0,0,0,0,0,0,0
131440,1,1,0,0,0,0,0,0,0,0,0,0
131441,1,1,0,0,0,0,0,16,0,0,0,0
131442,1,1,0,0,0,0,0,23,0,0,0,0
131443,1,1,24,9,16,0,22,0,13,0,12,14
131444,1,1,0,0,0,0,0,0,0,0,0,0
131445,1,1,20,20,20,20,20,20,20,20,20,20
131446,1,1,0,0,0,0,0,0,0,0,0,0
131446,2,1,0,0,0,0,0,0,0,0,0,0
131447,1,1,6,0,25,0,0,0,0,0,0,0
131447,2,1,0,0,0,0,0,0,0,0,0,0
131448,1,2,0,0,8,0,0,0,0,0,0,0
131448,2,1,0,0,0,0,0,0,0,0,0,0
131449,0,1,0,0,0,0,0,0,0,0,0,0
131449,1,1,0,0,0,0,0,0,0,0,0,0
131450,1,3,0,0,0,0,0,0,0,0,0,0
131451,1,1,0,0,0,0,0,0,0,0,0,0
131451,2,1,0,0,0,0,0,0,0,0,0,0
131451,3,1,0,0,0,0,0,0,0,0,0,0
131451,4,1,0,0,0,0,0,0,0,0,0,0
131451,5,1,0,0,0,0,0,0,0,0,0,0
131452,1,1,0,0,0,0,0,0,0,0,0,0
131452,2,1,0,0,0,0,0,0,0,0,0,0
131453,1,1,0,0,0,0,0,0,0,0,0,0
131454,0,1,0,0,0,0,0,0,0,0,0,0
131454,1,1,0,13,0,0,0,0,17,0,0,0
131455,0,1,7,0,27,0,0,0,24,0,0,0
131455,1,1,0,0,0,0,0,0,0,0,0,0
131457,1,1,0,0,0,0,0,0,0,0,0,0
131457,2,1,8,0,0,0,0,35,0,0,0,0
131458,1,1,0,0,0,0,0,0,0,0,0,0
131459,1,1,0,0,0,0,0,0,0,0,0,0
131459,2,1,0,0,0,30,0,0,0,0,0,0
131459,3,1,0,0,0,0,0,0,0,0,0,0
131460,1,1,17,17,17,17,17,17,17,17,17,17
131461,1,1,8,0,0,0,0,0,0,0,0,0
131461,2,1,0,0,0,0,0,0,0,0,0,0
131461,3,1,0,0,0,0,0,0,0,0,0,0
131462,1,1,4,0,0,5,0,0,18,0,0,0
131462,2,1,0,0,0,0,0,0,0,0,0,0
131463,1,1,17,17,17,17,17,17,17,17,17,17
131463,2,1,0,0,0,0,0,0,10,0,0,0
131464,1,1,25,25,25,25,25,25,25,25,25,25
131465,1,1,0,0,0,0,0,0,0,0,0,0
131466,0,1,0,0,0,0,12,0,0,0,15,0
131466,2,1,0,0,19,18,0,0,0,0,0,0
131466,3,1,0,0,0,0,0,0,0,0,0,14
131467,1,1,0,0,0,0,0,0,0,0,0,0
131468,0,1,23,22,16,30,0,4,29,12,7,20
131468,1,1,0,0,0,0,0,0,0,0,0,0
131469,0,1,0,0,0,31,7,0,0,0,0,0
131469,1,1,0,0,0,0,0,0,0,0,0,0
131470,1,1,30,30,30,30,30,30,30,30,30,30
131471,1,1,0,0,0,0,0,0,0,0,0,0
131471,2,1,0,0,0,0,0,0,0,0,10,0
131472,0,1,0,0,0,0,13,0,0,0,0,0
131472,1,1,0,0,0,0,0,0,0,0,0,0
131473,1,1,13,27,18,19,10,8,10,61,18,18
131474,0,1,0,0,0,0,0,0,0,0,0,0
131474,1,1,20,14,16,10,11,0,22,0,13,22
131475,1,1,0,0,0,0,0,0,0,0,0,0
131475,2,1,0,0,0,0,0,0,0,0,0,0
131475,3,1,0,33,0,0,0,0,0,0,0,0
131475,4,1,0,0,0,0,0,0,4,0,0,0
131476,1,1,0,0,0,0,0,0,0,0,0,0
131476,2,1,0,0,0,0,0,0,0,0,0,0
131477,0,1,0,0,0,0,0,0,0,0,0,0
131477,1,1,0,0,0,0,0,0,0,0,0,0
131478,1,1,0,0,0,0,0,0,0,0,0,0
131478,2,1,0,0,0,0,0,0,0,0,0,0
131478,3,1,0,9,0,0,0,0,0,0,0,0
131479,0,1,0,0,0,0,0,0,0,0,0,0
131479,0,2,0,0,0,0,0,0,0,0,0,0
131479,1,1,0,0,0,0,0,0,0,0,19,0
131480,1,1,0,0,0,13,0,0,0,0,0,18
131481,0,1,0,0,0,19,0,0,0,8,0,0
131481,1,1,12,0,0,0,0,0,0,0,0,0
131482,1,1,26,15,26,17,24,13,32,0,10,41
131482,2,1,0,0,0,0,0,0,0,0,19,0
131483,0,1,0,0,0,0,0,0,0,0,0,0
131483,1,1,0,0,31,0,0,0,0,0,0,0
131484,1,1,6,6,6,6,6,6,6,6,6,6
131485,0,1,0,0,0,0,0,0,0,0,15,0
131485,1,1,0,0,0,0,0,0,0,0,0,0
131485,2,1,0,0,18,30,0,0,0,0,0,0
131486,1,1,0,0,0,20,0,0,0,0,0,0
131486,2,1,0,0,0,0,0,0,0,0,0,0
131487,0,1,0,0,0,0,0,0,21,0,0,30
131487,1,1,0,0,0,0,19,0,0,0,0,0
131488,1,1,0,0,10,0,0,0,0,0,0,0
131488,2,1,0,0,0,0,0,0,0,0,0,0
131489,1,1,18,18,18,18,18,18,18,18,18,18
131490,1,1,11,11,11,11,11,11,11,11,11,11
131491,1,1,24,24,24,24,24,24,24,24,24,24
131491,2,1,0,0,0,2,13,0,9,0,0,0
131492,1,1,0,0,0,0,0,0,0,0,0,14
131493,0,1,0,0,0,0,0,0,0,0,0,0
131493,1,1,0,0,0,0,0,0,0,0,0,0
131494,1,1,0,0,0,0,0,0,0,0,0,0
131495,1,1,0,0,0,0,0,0,0,0,0,0
131495,2,1,0,0,0,0,0,0,0,0,0,0
131497,1,1,0,0,0,0,0,0,0,0,0,0
131498,1,1,0,0,0,0,11,0,0,0,0,0
131499,0,1,0,0,0,0,0,0,0,0,0,0
131499,1,1,0,13,22,8,24,11,0,21,0,0
131499,2,1,0,0,0,0,0,0,0,0,0,0
131500,1,1,0,0,0,0,0,0,0,0,0,0
131500,2,1,0,0,0,0,0,0,0,0,0,0
131501,1,1,20,0,0,20,0,0,19,0,0,0
131502,1,1,0,0,0,0,0,0,0,0,0,0
131503,0,1,0,0,0,0,0,0,0,0,0,0
131503,1,1,0,0,0,0,0,0,0,0,0,0
131504,1,1,0,0,0,0,0,0,0,0,9,0
131504,2,1,0,0,18,12,28,0,0,0,19,0
131505,1,1,13,13,13,13,13,13,13,13,13,13
131506,1,1,0,0,0,0,0,0,0,0,0,0
131506,2,1,0,0,0,0,0,0,0,0,0,0
131507,1,1,0,0,0,0,0,0,0,0,0,0
131507,2,1,0,0,0,0,0,0,0,0,0,0
131508,1,1,0,0,0,0,0,0,0,0,0,0
131509,0,1,0,0,0,4,0,0,0,0,0,0
131509,1,1,0,0,0,0,0,0,0,0,0,0
131510,0,1,0,0,0,0,0,0,0,0,0,0
131510,1,1,15,0,14,23,29,0,41,4,14,13
131511,0,1,0,0,0,0,0,0,0,0,0,0
131511,1,1,0,0,16,0,0,0,0,0,0,0
131512,1,1,0,0,0,0,0,0,0,0,0,0
131512,2,1,0,0,0,0,0,0,0,0,0,0
131513,1,1,30,30,30,30,30,30,30,30,30,30
131514,0,1,45,0,0,0,0,0,0,0,28,0
131514,1,1,0,0,0,0,18,0,0,8,0,0
131515,1,2,0,17,0,22,0,0,7,0,0,0
131516,0,1,0,0,0,0,0,0,0,0,0,0
131516,1,1,0,0,0,0,0,0,0,0,0,0
131517,0,1,6,6,6,6,6,6,6,6,6,6
131517,1,1,0,0,0,0,0,14,0,0,0,0
131518,1,1,40,40,40,40,40,40,40,40,40,40
131519,1,1,12,17,23,18,18,26,7,29,14,2
131520,1,1,0,0,0,0,0,0,0,0,0,10
131520,2,1,0,0,0,0,0,0,0,0,0,0
131521,0,1,0,0,0,0,0,0,0,0,0,0
131521,1,1,0,5,0,24,0,0,0,0,9,0
131522,1,1,0,0,0,0,0,0,13,0,0,0
131522,2,1,0,0,0,0,0,0,0,0,0,0
131523,0,1,0,0,0,44,0,0,0,0,0,0
131523,1,1,0,0,0,0,0,0,0,0,0,19
131524,1,1,0,0,0,0,0,0,0,0,0,0
131524,2,1,0,0,0,0,0,0,0,0,0,0
131525,1,1,0,0,0,2,0,0,11,0,0,29
131526,0,1,11,0,25,0,0,20,0,0,0,0
131526,1,1,0,0,0,0,0,0,0,0,0,0
131527,1,1,23,14,22,18,15,10,10,21,24,0
131527,2,1,0,0,0,0,0,0,0,0,0,0
131528,1,1,0,0,0,0,0,0,0,0,0,0
131529,1,1,0,0,0,0,0,0,0,0,0,0
131529,2,1,0,0,0,0,0,0,0,0,0,0
131530,1,1,0,0,0,24,25,0,0,0,20,0
131531,1,1,0,0,0,23,0,21,0,0,0,0
131532,0,1,16,13,0,20,29,13,16,26,55,27
131532,1,1,0,0,0,0,0,0,0,0,0,0
131532,2,1,0,0,0,0,11,0,0,0,0,0
131533,1,1,42,17,20,32,23,20,28,17,31,35
131534,0,1,0,0,0,0,0,0,0,0,0,0
131534,1,1,0,0,0,0,0,0,0,0,0,0
131535,0,1,0,0,0,0,0,0,0,0,33,0
131535,1,1,0,0,0,0,0,0,22,0,0,0
131536,0,1,0,0,0,0,28,0,0,0,0,0
131536,1,1,0,0,0,0,0,0,0,0,0,0
131537,0,1,0,0,0,0,0,0,0,0,0,0
131537,1,1,15,12,27,32,37,9,7,18,12,18
131538,0,1,0,0,0,0,0,0,0,0,0,0
131538,1,1,0,0,0,0,0,0,0,0,0,0
131539,1,1,0,0,0,0,0,0,0,0,0,0
131540,0,1,0,0,0,24,0,0,0,24,0,0
131540,1,1,0,22,0,0,0,0,0,0,0,0
131541,0,1,0,0,24,0,26,0,0,0,0,0
131541,1,1,0,0,0,0,0,0,0,0,0,30
131542,1,1,0,0,0,0,0,0,0,0,0,0
131542,2,1,0,0,0,0,0,0,0,0,0,0
131542,4,1,0,0,0,0,0,0,0,0,0,0
131542,5,1,0,0,0,0,0,0,0,0,0,0
131543,0,1,2,2,2,2,2,2,2,2,2,2
131543,1,1,0,18,0,0,11,0,0,33,26,0
131543,2,1,0,0,11,0,0,0,0,0,0,0
131543,3,1,0,0,19,0,0,0,0,0,0,0
131543,4,1,25,0,0,0,0,0,0,4,14,0
131544,0,1,0,0,0,0,0,0,0,0,0,0
131544,1,1,0,0,0,0,0,0,0,0,0,0
131544,2,1,0,0,0,0,0,0,0,0,0,0
131545,0,1,0,0,0,0,21,0,29,0,0,0
131545,1,1,0,12,0,12,0,0,0,0,0,0
131546,0,1,0,0,0,0,13,19,0,24,8,0
131546,1,1,0,0,0,0,0,0,0,0,0,0
131547,1,1,0,0,0,0,0,0,0,0,0,0
131548,1,1,0,0,0,0,0,0,16,25,0,0
131548,2,1,0,0,11,0,0,0,0,0,15,0
131549,1,1,16,16,16,16,16,16,16,16,16,16
131550,0,1,0,0,0,0,0,0,0,36,0,0
131550,1,1,11,0,26,4,4,13,0,18,16,0
131551,1,1,0,0,0,0,0,30,0,0,0,0
131551,2,1,0,0,0,0,0,0,0,0,0,0
131552,1,1,0,0,0,0,0,0,0,0,0,0
131552,2,1,0,0,0,0,0,0,0,0,0,0
131553,1,1,0,11,0,0,0,0,0,0,4,0
131553,2,1,0,0,0,0,0,0,0,0,0,7
131555,1,1,0,0,0,0,0,0,0,0,0,0
131556,1,1,0,0,0,0,0,0,0,0,0,0
131556,2,1,0,0,0,0,0,0,0,0,0,0
131557,0,1,22,0,0,0,0,0,16,0,7,0
131557,1,1,30,0,0,0,0,38,0,0,26,0
131558,1,1,0,0,0,0,0,0,0,0,0,0
131559,1,1,0,0,0,0,0,0,0,0,0,0
131559,2,1,30,0,0,0,0,0,0,0,0,0
131560,1,1,27,27,27,27,27,27,27,27,27,27
131560,2,1,0,0,0,0,11,0,0,0,0,0
131561,0,1,10,10,10,10,10,10,10,10,10,10
131561,1,1,0,0,0,0,0,0,0,0,0,0
131562,1,1,32,32,32,32,32,32,32,32,32,32
131562,2,1,8,0,0,0,7,0,0,0,0,0
131563,1,1,0,0,0,0,0,0,0,0,0,0
131564,1,1,0,0,0,0,0,0,0,0,0,0
131565,1,1,0,0,0,0,0,0,0,0,0,0
131565,2,1,0,0,0,0,0,0,0,0,0,0
131566,1,1,0,0,0,0,0,0,0,0,0,0
131566,2,1,0,0,0,0,0,0,0,0,0,0
131567,1,1,30,30,30,30,30,30,30,30,30,30
131568,0,1,0,0,0,0,0,0,0,0,12,0
131568,1,1,0,30,0,0,0,0,0,0,0,0
131569,0,1,14,0,17,0,0,18,0,0,15,9
131569,2,1,0,0,0,0,0,0,0,0,0,0
131570,1,1,0,0,0,0,0,0,0,0,0,0
131571,1,1,0,0,0,0,0,0,0,0,0,0
131571,2,1,0,25,0,0,0,0,0,0,0,0
131572,1,1,0,21,0,0,0,0,0,0,0,0
131572,2,1,0,0,0,0,0,0,0,0,0,0
131573,1,1,0,0,0,0,0,0,0,0,0,0
131573,2,1,0,0,0,0,0,0,0,0,0,0
131574,1,1,6,6,6,6,6,6,6,6,6,6
131576,1,1,0,0,0,0,0,24,0,0,0,0
131576,2,1,0,24,0,0,0,0,0,0,0,0
131577,0,1,22,22,22,22,22,22,22,22,22,22
131577,1,1,0,0,0,0,0,0,0,0,0,0
131579,1,1,0,0,0,0,0,0,0,0,0,0
131580,0,1,0,0,0,0,0,0,0,0,0,0
131580,1,1,0,0,0,0,0,0,0,0,0,0
131581,1,1,0,0,0,0,0,0,0,0,0,0
131582,1,1,10,0,0,0,0,0,0,0,0,0
131582,2,1,0,0,0,0,0,0,0,0,0,0
131583,0,1,0,0,0,0,0,0,0,23,0,29
131583,1,1,0,0,3,0,13,0,12,6,15,8
131583,2,1,16,0,0,0,0,0,0,0,20,0
131584,1,1,0,0,0,0,0,0,0,0,0,0
131585,1,1,0,0,0,0,0,0,0,0,0,0
131586,1,1,0,0,0,0,0,0,0,0,0,0
131587,1,1,0,0,0,0,0,0,0,0,0,0
131588,1,1,0,7,0,0,0,0,0,0,0,0
131588,2,1,11,0,0,0,0,0,0,0,9,0
150001,1,1,0,0,0,0,0,0,0,0,0,0
150001,2,1,0,0,0,0,0,0,0,0,0,0
150002,0,1,0,0,0,0,0,0,0,0,0,0
150002,1,1,0,0,0,0,0,0,0,0,0,0
150003,0,1,2,2,2,2,2,2,2,2,2,2
150003,1,1,0,0,0,0,0,0,0,0,0,0
150004,0,1,0,0,0,17,0,0,0,0,0,0
150004,0,2,0,0,0,0,0,0,0,0,0,0
150004,1,1,12,12,12,12,12,12,12,12,12,12
150005,1,1,2,2,2,2,2,2,2,2,2,2
150005,2,1,2,2,2,2,2,2,2,2,2,2
150006,1,1,0,0,0,0,0,5,0,0,0,0
150006,2,1,0,0,0,0,0,0,0,0,0,0
150007,0,1,0,0,0,0,0,0,0,0,0,0
150007,1,1,5,0,10,13,0,0,0,0,0,0
150008,0,1,0,0,0,0,0,0,0,0,0,0
150008,1,1,12,0,13,8,19,0,0,0,13,15
150009,1,1,0,0,0,0,0,13,0,0,0,0
150009,2,1,0,0,0,0,0,0,0,0,0,0
150010,0,1,29,29,29,29,29,29,29,29,29,29
150010,1,1,0,9,21,30,27,0,16,0,13,29
150011,1,1,15,15,15,15,15,15,15,15,15,15
150011,2,1,0,0,0,0,0,0,0,0,0,0
150012,1,1,11,11,11,11,11,11,11,11,11,11
150012,2,1,0,0,0,13,0,0,0,0,0,0
150013,1,1,0,0,0,0,0,0,0,0,0,0
150013,2,1,0,0,13,0,0,0,0,0,3,0
150014,1,1,0,0,0,0,0,0,0,0,0,0
150014,2,1,0,0,0,0,0,0,0,0,0,0
150014,3,1,0,7,0,0,0,0,0,0,8,0
150015,0,1,2,2,2,2,2,2,2,2,2,2
150015,1,1,7,19,0,0,0,0,0,18,21,18
150016,0,1,0,0,0,0,0,0,0,0,0,0
150016,1,1,0,0,0,0,0,0,0,0,0,0
150017,1,1,7,7,7,7,7,7,7,7,7,7
150018,1,1,1,1,1,1,1,1,1,1,1,1
150019,1,1,0,0,0,0,0,0,0,0,0,0
150019,2,1,0,0,0,0,0,0,0,0,0,0
150019,3,1,12,7,0,0,0,0,0,0,0,0
150019,4,1,0,0,2,0,0,12,6,11,0,0
150020,1,1,26,26,26,26,26,26,26,26,26,26
150021,1,1,18,18,18,18,18,18,18,18,18,18
150022,0,1,0,0,0,0,0,0,0,0,0,0
150022,1,1,0,0,0,0,0,0,0,0,0,0
150022,2,1,0,0,0,0,0,0,0,9,0,0
150023,1,1,23,23,23,23,23,23,23,23,23,23
150023,2,1,0,0,0,0,0,0,0,0,0,0
150024,1,1,0,0,0,0,0,0,0,0,0,0
150024,2,1,0,6,0,0,0,0,13,0,0,0
150025,1,1,0,0,0,0,0,0,0,0,0,0
150026,0,1,0,0,0,0,0,0,0,0,0,0
150026,1,1,5,0,0,0,0,0,21,30,0,17
150027,1,1,0,0,0,0,0,0,0,0,0,0
150027,2,1,0,0,0,0,0,0,0,0,0,0
150028,1,1,14,14,14,14,14,14,14,14,14,14
150028,2,1,0,0,0,0,0,0,0,0,0,0
150029,1,1,0,0,0,0,0,0,0,0,0,0
150029,2,1,0,0,0,0,0,0,0,0,0,0
150030,1,1,4,4,4,4,4,4,4,4,4,4
150032,1,1,0,0,0,0,0,0,0,0,0,0
150033,1,1,0,0,0,0,0,0,0,0,0,0
150033,2,1,21,20,0,0,27,4,0,0,16,0
150034,0,1,0,0,0,0,0,0,0,0,0,0
150034,1,1,0,0,0,0,0,0,0,0,0,0
150035,0,1,0,0,0,0,0,0,0,0,0,0
150035,1,1,0,0,17,0,12,0,0,0,0,0
150036,1,1,0,0,0,0,0,0,0,0,0,0
150037,1,1,0,0,0,0,0,0,0,0,0,0
150038,1,1,0,0,0,0,0,0,0,0,0,0
150039,0,1,21,21,21,21,21,21,21,21,21,21
150039,1,1,0,0,0,0,0,0,0,0,0,0
150040,1,1,0,0,0,0,0,0,0,0,0,0
150041,0,1,0,0,0,0,0,0,0,0,0,0
150041,1,1,0,0,0,0,0,0,0,0,0,0
150042,1,1,0,0,0,0,0,0,0,0,0,0
150042,2,1,0,0,0,0,0,0,0,0,0,0
150043,1,1,16,16,16,16,16,16,16,16,16,16
150044,1,1,13,20,9,11,0,16,11,7,20,10
150044,2,1,0,0,0,0,0,0,0,0,0,0
150045,1,1,22,22,22,22,22,22,22,22,22,22
150046,1,1,18,18,18,18,18,18,18,18,18,18
150047,1,1,1,1,1,1,1,1,1,1,1,1
150048,0,1,0,0,0,11,0,0,0,0,0,0
150048,1,1,0,0,9,0,0,0,0,0,0,17
150050,1,1,0,0,0,37,0,0,0,0,0,0
150050,2,1,18,0,0,0,0,0,0,0,0,8
150051,1,1,0,0,0,0,0,0,0,0,0,0
150052,1,1,19,19,19,19,19,19,19,19,19,19
150053,0,1,0,0,0,0,0,0,0,0,0,0
150053,1,1,20,15,19,0,21,0,0,0,0,0
150053,3,1,0,0,0,0,0,0,12,0,0,0
150054,1,1,0,18,0,0,0,0,0,0,0,0
150054,2,1,0,0,0,0,0,0,0,0,0,0
150055,0,1,0,0,0,0,0,0,0,0,0,0
150055,1,1,0,0,0,0,0,0,0,0,0,0
150056,0,1,0,0,0,0,0,0,0,0,0,0
150056,1,1,0,16,0,0,15,14,0,0,3,0
150057,1,1,18,18,18,18,18,18,18,18,18,18
150058,1,1,0,0,0,0,0,0,0,0,0,0
150059,1,1,0,0,0,0,0,0,0,0,0,0
150059,2,1,10,16,0,0,0,9,0,0,0,0
150060,1,1,0,0,0,0,0,0,0,0,0,0
150061,1,1,28,28,28,28,28,28,28,28,28,28
150062,0,1,16,0,0,0,0,0,0,0,0,0
150062,1,1,5,0,0,0,0,0,0,0,0,0
150063,1,1,0,0,0,0,0,0,0,0,0,0
150064,0,1,0,0,0,0,0,0,0,0,0,0
150064,1,1,0,0,23,0,0,0,0,0,0,0
150065,0,1,0,0,0,0,0,0,0,0,0,0
150065,1,1,0,0,0,0,0,0,0,0,0,0
150066,0,1,0,0,0,0,0,0,0,0,0,0
150066,1,1,0,13,0,0,0,0,0,0,0,0
150067,1,1,9,9,9,9,9,9,9,9,9,9
150068,0,1,0,0,0,0,0,0,0,0,0,0
150068,1,1,20,20,20,20,20,20,20,20,20,20
150069,1,1,0,0,0,0,0,0,0,0,14,0
150069,2,1,0,0,0,0,0,0,0,0,0,0
150070,0,1,0,0,0,0,0,0,0,0,0,0
150070,1,1,0,0,0,0,0,0,0,0,0,0
150071,1,1,0,0,0,0,0,0,0,0,0,0
150071,2,1,0,0,0,0,0,0,0,0,0,0
150072,1,1,0,0,0,0,0,0,0,0,0,0
150073,1,1,0,0,0,0,0,0,0,0,0,0
150073,2,1,0,0,0,0,0,0,0,0,0,0
150074,1,1,0,0,0,0,0,0,0,0,0,0
150074,2,1,0,0,0,0,0,0,0,0,0,0
150075,1,1,0,0,0,0,0,0,0,0,0,0
150075,2,1,0,0,0,15,28,13,0,0,0,0
150076,0,1,6,6,6,6,6,6,6,6,6,6
150076,1,1,8,8,8,8,8,8,8,8,8,8
150077,1,1,9,0,35,0,0,0,13,0,0,16
150077,2,1,0,32,31,15,0,20,0,0,18,23
150078,1,1,16,16,16,16,16,16,16,16,16,16
150078,2,1,0,0,0,0,0,0,0,0,0,0
150079,1,1,0,0,0,0,0,0,0,0,0,0
150080,1,1,0,0,0,0,0,0,0,0,0,0
150081,0,1,30,30,30,30,30,30,30,30,30,30
150081,1,1,2,2,2,2,2,2,2,2,2,2
150082,1,1,0,0,0,0,0,0,0,0,0,0
150083,1,1,13,13,13,13,13,13,13,13,13,13
150083,2,1,0,0,0,0,0,0,0,0,0,0
160001,1,1,0,0,0,0,0,0,0,0,0,0
160001,2,1,0,0,0,0,0,0,0,0,0,0
160002,1,1,0,0,0,0,0,0,0,0,0,0
160002,2,1,0,0,0,0,27,0,0,0,0,0
160003,1,1,0,0,0,0,0,0,0,0,0,0
160003,2,1,0,0,0,0,0,0,0,0,0,0
160003,3,1,0,0,18,0,0,0,0,0,0,0
160004,1,1,0,0,0,0,0,0,0,0,0,0
160004,2,1,12,40,0,0,0,0,0,0,0,0
160005,1,1,0,0,0,0,0,0,0,0,0,0
160005,2,1,0,0,0,9,0,0,0,0,0,0
160006,1,1,0,0,0,0,0,0,0,0,0,0
160006,2,1,0,0,0,0,0,0,0,0,0,0
160007,1,1,5,5,5,5,5,5,5,5,5,5
160008,1,1,0,0,0,0,0,0,0,0,0,0