ST_CASE,VEH_NO,PER_NO,P1,P2,P3,P4,P5,P6,P7,P8,P9,P10
170125,1,1,1,1,1,1,1,1,1,1,1,1
170125,2,1,0,0,0,0,0,0,0,0,0,0
170126,1,1,0,20,0,0,0,0,15,0,0,0
170126,2,1,0,0,0,0,25,0,0,0,0,0
170126,3,1,0,0,0,0,0,0,0,0,0,0
170126,4,1,0,0,0,0,0,0,0,0,0,0
170126,5,1,0,0,0,0,0,0,0,0,0,0
170127,1,1,0,0,0,0,0,0,0,0,0,0
170129,1,1,16,16,16,16,16,16,16,16,16,16
170130,0,1,26,30,11,21,5,25,21,7,29,23
170130,1,1,0,0,0,0,28,32,27,0,17,0
170131,1,1,12,12,12,12,12,12,12,12,12,12
170133,1,1,2,0,7,0,0,9,0,0,0,0
170134,1,1,0,0,0,0,0,0,0,0,0,0
170135,1,1,0,0,0,0,0,0,0,0,0,0
170136,1,1,0,26,0,0,0,0,0,5,4,0
170136,2,1,0,0,0,0,17,0,0,0,14,0
170137,1,1,0,9,0,31,20,12,18,0,29,14
170138,1,1,0,0,0,0,0,0,0,0,0,0
170138,2,1,0,0,0,0,0,0,0,0,0,0
170139,1,1,12,0,30,27,0,7,17,0,0,14
170140,1,1,0,0,0,0,0,0,0,0,0,0
170141,1,1,12,12,12,12,12,12,12,12,12,12
170141,2,1,0,0,0,0,0,0,0,0,0,0
170142,1,1,0,0,0,0,18,0,0,0,0,0
170143,0,1,23,0,2,39,0,15,0,0,21,0
170143,1,1,0,0,0,0,0,0,0,0,0,0
170144,1,1,15,0,13,25,0,23,13,15,0,0
170145,1,1,6,6,6,6,6,6,6,6,6,6
170146,1,1,0,0,0,0,0,14,0,0,9,0
170146,2,1,0,0,0,0,0,0,0,0,0,0
170146,3,1,0,0,0,0,0,0,0,0,0,0
170147,0,1,0,0,0,0,0,0,0,0,0,0
170147,1,1,0,0,0,0,0,0,0,0,0,0
170148,1,1,15,15,15,15,15,15,15,15,15,15
170149,1,1,0,0,0,0,0,0,0,0,0,0
170150,1,1,0,0,0,0,0,0,0,17,0,0
170150,2,1,0,0,0,0,0,0,0,0,0,0
170151,1,1,0,0,0,0,0,0,0,0,0,0
170151,2,1,29,0,0,23,16,10,19,0,0,0
170151,3,1,0,0,0,0,0,0,0,0,11,0
170152,1,1,15,10,10,13,7,7,5,8,20,11
170153,1,1,17,17,17,17,17,17,17,17,17,17
170153,2,1,0,0,0,0,0,0,0,0,0,0
170154,0,1,5,0,0,0,0,0,0,0,25,26
170154,1,1,0,14,0,0,0,0,0,8,0,0
170155,1,1,0,0,0,0,0,0,0,0,0,0
170155,2,1,0,0,0,0,0,0,0,0,0,0
170156,0,1,0,0,0,0,0,0,14,0,41,0
170156,1,1,0,0,0,0,0,0,0,0,0,0
170157,1,1,0,0,0,0,0,0,0,0,0,0
170158,1,1,11,8,0,13,14,0,0,0,10,0
170159,1,1,0,0,0,0,0,0,0,0,0,0
170160,1,1,0,0,0,0,0,0,0,0,0,0
170160,2,1,0,0,0,0,0,0,0,0,0,0
170161,0,1,0,0,0,0,0,0,0,0,0,0
170161,1,1,0,0,0,0,0,0,0,0,0,0
170162,1,1,4,0,0,11,0,0,0,0,0,10
170163,1,1,16,16,16,16,16,16,16,16,16,16
170164,1,1,20,20,20,20,20,20,20,20,20,20
170164,2,1,0,0,0,0,22,33,0,0,23,0
170165,1,1,0,0,0,0,0,0,0,0,0,0
170166,1,1,10,10,10,10,10,10,10,10,10,10
170166,2,1,0,0,0,0,0,0,0,0,0,0
170167,1,1,0,0,0,0,0,0,0,0,0,0
170167,2,1,0,0,0,0,0,0,0,0,0,0
170168,1,1,16,16,16,16,16,16,16,16,16,16
170168,2,1,0,0,0,0,0,0,0,0,0,0
170168,3,1,0,0,0,0,0,0,0,0,0,0
170169,1,1,6,6,6,6,6,6,6,6,6,6
170169,2,1,0,0,0,0,0,0,0,0,0,0
170170,1,1,1,1,1,1,1,1,1,1,1,1
170170,2,1,0,0,0,0,0,0,0,0,0,0
170171,0,1,4,0,27,0,0,0,14,16,0,0
170171,1,1,0,0,0,0,0,0,0,0,0,17
170172,1,1,15,19,38,14,0,14,0,0,12,0
170172,2,1,0,12,6,6,0,0,7,0,8,8
170172,3,1,0,0,0,0,16,0,0,0,0,0
170173,1,1,0,21,17,18,0,0,0,0,18,0
170174,1,1,0,0,0,0,0,0,0,0,0,0
170175,1,1,0,0,0,0,0,0,0,0,0,0
170176,1,1,0,0,0,0,0,0,0,0,0,0
170176,2,1,0,0,0,0,0,0,0,0,0,0
170176,3,1,0,0,0,0,0,0,0,0,0,0
170177,1,1,15,15,15,15,15,15,15,15,15,15
170178,1,1,0,0,0,0,10,0,0,0,0,6
170178,2,1,0,0,0,0,0,0,12,0,0,0
170179,0,1,0,0,0,0,0,0,0,0,0,0
170179,1,1,0,0,0,0,0,0,0,0,0,0
170180,0,1,0,0,0,0,0,0,0,0,0,0
170180,1,1,0,0,0,0,0,0,10,0,0,0
170181,1,1,0,0,0,0,0,0,0,0,0,25
170181,2,1,0,0,0,0,0,0,0,0,0,0
170182,1,1,0,0,0,0,0,0,0,0,0,0
170182,2,1,0,0,12,0,0,0,0,0,25,0
170183,1,1,7,7,7,7,7,7,7,7,7,7
170184,1,1,21,21,21,21,21,21,21,21,21,21
170185,0,1,0,0,0,0,0,0,0,0,0,0
170185,1,1,2,29,0,0,0,13,0,0,21,0
170185,2,1,0,0,0,40,0,0,0,0,0,0
170185,3,1,0,0,0,0,0,0,0,0,0,0
170185,4,1,0,0,0,0,0,0,0,0,0,0
170186,1,1,0,0,0,0,0,0,0,0,0,0
170186,2,1,0,0,0,0,0,0,0,0,0,0
170186,3,1,0,0,0,0,0,0,0,0,0,0
170187,0,1,0,0,0,0,0,28,0,20,12,6
170187,1,1,0,0,8,10,0,11,0,0,0,0
170187,2,1,0,10,0,0,0,0,0,0,0,0
170188,1,1,0,0,0,0,0,0,0,0,0,0
170189,1,1,0,0,0,0,0,0,0,0,0,0
170189,2,1,0,0,0,0,0,0,0,0,0,0
170191,1,1,23,23,23,23,23,23,23,23,23,23
170192,0,1,0,28,12,0,16,14,0,32,0,20
170192,1,1,0,0,0,0,0,0,0,0,0,0
170193,1,1,0,0,0,18,0,0,0,0,0,0
170193,2,1,0,0,0,0,0,0,0,0,0,0
170194,1,1,0,0,0,0,0,0,0,23,0,0
170195,1,1,0,0,0,0,0,0,0,0,0,0
170195,2,1,0,0,0,0,0,0,0,0,0,0
170197,1,1,7,7,7,7,7,7,7,7,7,7
170198,1,1,0,0,0,0,0,0,0,0,0,0
170199,1,1,6,0,8,0,0,0,0,0,0,7
170199,2,1,0,0,16,0,0,0,23,18,0,14
170200,1,1,0,0,0,0,0,0,0,0,0,0
170201,0,1,0,0,0,0,0,0,0,0,0,0
170201,1,1,0,0,0,0,0,0,0,0,0,0
170202,1,1,36,36,36,36,36,36,36,36,36,36
170203,1,1,0,0,13,0,0,0,0,15,11,0
170203,2,1,0,0,0,0,0,16,0,0,29,0
170204,1,1,12,0,0,0,22,0,0,0,0,0
170204,2,1,0,0,0,0,0,13,0,0,0,0
170205,0,1,25,6,28,41,7,45,25,18,20,16
170205,1,1,0,0,0,8,0,0,12,0,0,4
170206,1,1,0,0,0,0,0,0,0,0,0,0
170207,1,1,0,0,0,0,0,0,15,0,0,0
170207,2,1,0,0,0,0,0,0,0,0,0,0
170208,1,1,0,0,0,0,0,0,0,0,0,0
170208,2,1,0,0,0,0,0,0,0,0,0,0
170209,1,1,0,0,0,0,0,0,0,0,0,0
170210,1,1,0,0,5,0,11,11,0,0,0,18
170210,2,1,0,0,0,0,0,0,0,0,0,0
170210,3,1,0,0,0,0,0,0,0,20,0,32
170211,0,1,0,0,0,0,0,15,0,0,0,0
170211,1,1,0,0,0,0,0,0,0,0,18,0
170212,1,1,23,15,7,12,17,14,0,10,8,15
170213,1,1,19,19,19,19,19,19,19,19,19,19
170215,1,1,1,1,1,1,1,1,1,1,1,1
170216,1,1,0,0,0,0,0,0,0,0,0,0
170217,1,1,17,15,0,15,0,12,12,17,16,0
170217,2,1,0,0,0,0,0,0,0,0,0,0
170218,1,1,29,0,23,0,0,0,0,0,12,0
170218,2,1,28,10,0,11,12,5,0,0,11,0
170219,1,1,0,0,0,0,0,0,0,0,0,16
170219,2,1,0,0,0,0,0,0,0,20,0,7
170220,1,1,17,0,20,0,25,0,21,25,0,0
170221,0,1,0,0,0,0,0,0,0,0,0,0
170221,1,1,0,0,0,0,0,0,0,0,0,0
170222,0,1,0,0,0,12,0,0,12,15,0,5
170222,1,1,24,0,24,13,12,8,0,26,11,0
170223,0,1,0,0,0,0,0,19,0,9,0,23
170223,1,1,12,0,22,0,14,21,40,9,11,0
170224,1,1,3,8,7,11,14,12,9,17,5,15
170224,2,1,0,0,0,0,0,0,0,0,0,0
170225,1,1,0,0,0,0,0,0,0,0,0,0
170225,2,1,0,0,0,0,0,0,0,0,0,0
170225,3,1,0,0,0,0,0,0,0,0,0,0
170226,1,1,0,0,0,0,0,0,0,0,0,0
170227,1,1,0,30,0,0,23,0,17,4,9,27
170227,2,1,0,0,0,0,0,0,0,0,0,0
170228,1,1,0,0,0,0,0,0,0,0,0,0
170229,1,1,0,9,8,14,0,0,0,10,0,0
170230,0,1,0,0,24,0,0,17,0,0,23,20
170230,1,1,0,0,0,0,0,0,18,0,0,0
170231,1,1,0,0,0,0,0,0,0,0,0,0
170231,2,1,0,0,0,0,0,0,0,0,0,0
170232,1,1,12,12,12,12,12,12,12,12,12,12
170233,1,1,0,0,0,0,0,0,0,0,0,0
170234,1,1,0,0,11,0,18,0,0,0,0,0
170235,1,1,15,0,16,0,0,24,19,0,0,0
170236,1,1,30,18,18,0,14,0,0,0,22,15
170236,2,1,0,0,0,0,0,0,0,0,0,0
170237,1,1,0,0,0,0,0,0,0,18,11,0
170237,2,1,0,0,0,0,0,0,0,0,0,0
170237,3,1,0,0,0,0,0,0,0,0,0,0
170238,1,1,0,0,0,0,0,0,0,0,0,0
170238,2,1,0,0,0,23,0,0,0,0,0,0
170239,1,1,15,0,0,0,22,0,0,0,0,0
170239,2,1,0,0,14,0,15,0,5,22,0,0
170240,1,1,0,0,0,0,0,0,0,0,0,0
170241,1,1,0,0,0,0,0,0,0,0,0,0
170241,2,1,0,0,0,0,0,0,0,0,0,0
170242,1,1,0,0,0,0,32,0,0,0,0,20
170243,1,1,0,11,0,0,0,0,0,0,0,0
170244,1,1,0,0,0,0,0,0,0,0,0,0
170245,1,1,0,0,0,0,0,0,0,0,0,0
170246,1,1,16,16,16,16,16,16,16,16,16,16
170247,0,1,0,0,3,0,0,4,13,44,0,19
170247,1,1,0,0,0,0,0,0,0,10,0,0
170248,1,1,0,19,11,0,0,0,0,0,0,17
170248,2,1,0,0,0,0,0,0,0,0,0,0
170248,3,1,0,0,0,0,0,0,0,0,0,0
170249,1,1,0,0,0,0,0,0,0,0,0,0
170250,1,1,0,0,0,0,0,0,20,0,0,0
170251,1,1,0,6,0,14,0,0,0,0,15,0
170252,1,1,28,28,28,28,28,28,28,28,28,28
170253,0,1,21,21,21,21,21,21,21,21,21,21
170253,0,2,20,20,20,20,20,20,20,20,20,20
170253,1,1,0,0,15,0,24,0,0,0,0,0
170254,1,1,0,0,0,0,32,0,0,0,0,0
170254,2,1,0,0,0,0,0,0,0,0,0,0
170255,1,1,27,27,27,27,27,27,27,27,27,27
170256,0,1,0,22,0,0,15,0,0,0,0,0
170256,1,1,22,6,20,0,12,0,0,6,27,0
170257,1,1,0,0,0,0,0,0,0,0,0,0
170257,2,1,0,0,0,0,0,0,0,0,0,0
170258,1,1,0,0,0,0,0,0,0,4,0,36
170259,1,1,0,0,0,0,0,0,0,0,0,0
170259,2,1,0,15,0,0,0,0,0,15,0,0
170260,1,1,7,0,6,5,0,11,26,0,8,3
170261,1,1,0,0,0,0,0,0,0,0,0,0
170261,2,1,0,3,0,0,0,0,0,13,0,0
170262,1,1,17,17,17,17,17,17,17,17,17,17
170262,2,1,0,0,0,0,0,0,0,0,0,0
170263,1,1,34,34,34,34,34,34,34,34,34,34
170264,1,1,0,0,0,0,0,0,0,0,0,0
170265,1,1,0,9,0,0,0,0,0,0,0,18
170265,2,1,0,0,0,0,0,0,0,0,0,0
170266,1,1,28,28,28,28,28,28,28,28,28,28
170267,1,1,0,0,6,0,0,0,31,32,0,0
170268,0,1,23,23,23,23,23,23,23,23,23,23
170268,1,1,0,0,10,11,0,9,0,0,11,20
170268,2,1,0,0,0,0,0,0,0,0,18,0
170269,1,1,0,0,0,0,0,0,0,0,0,0
170269,2,1,0,0,0,0,0,0,0,0,0,0
170270,1,1,14,14,14,14,14,14,14,14,14,14
170271,1,1,0,0,0,0,0,0,0,0,0,0
170271,2,1,0,0,0,0,12,0,0,0,0,0
170271,3,1,0,0,0,0,0,0,0,13,0,0
170272,0,1,0,0,0,0,0,0,0,0,0,0
170272,1,1,0,0,0,0,0,0,0,0,0,0
170273,1,1,8,0,0,7,0,0,0,0,0,0
170274,1,1,0,0,0,0,0,0,0,0,0,0
170274,2,1,0,0,0,0,0,0,0,0,0,0
170275,1,1,0,0,0,0,0,0,0,0,0,0
170275,2,1,0,0,0,0,0,0,0,0,0,0
170276,0,1,8,0,25,0,0,13,24,0,0,0
170276,1,1,0,0,0,0,0,0,0,0,0,0
170277,1,1,0,0,0,37,0,0,0,0,0,9
170278,1,1,12,0,0,0,0,0,0,0,0,0
170278,2,1,0,0,0,0,0,0,0,0,0,0
170279,1,1,0,0,0,0,0,0,0,0,0,0
170280,0,1,0,0,0,0,0,26,0,15,0,28
170280,1,1,0,0,0,0,0,0,0,0,0,0
170281,1,1,0,6,0,17,0,0,0,0,0,0
170281,2,1,0,0,0,0,22,0,0,23,0,7
170282,1,1,0,20,0,0,0,0,13,0,0,12
170283,1,1,0,35,0,0,0,0,0,0,0,0
170284,1,1,0,0,7,0,59,0,0,15,0,0
170284,2,1,0,0,0,0,0,0,0,0,0,0
170285,1,1,0,0,0,0,0,0,0,0,0,0
170285,2,1,0,0,0,0,0,0,0,0,0,0
170286,1,1,10,10,10,10,10,10,10,10,10,10
170286,2,1,0,0,0,0,0,0,0,0,8,0
170287,1,1,0,4,0,18,0,10,0,0,35,9
170287,2,1,0,0,0,0,0,0,0,0,0,0
170288,1,1,0,0,0,0,0,0,0,0,0,0
170288,2,1,0,0,0,0,0,0,0,0,0,0
170289,1,1,9,9,9,9,9,9,9,9,9,9
170290,1,1,24,24,24,24,24,24,24,24,24,24
170291,1,1,0,0,0,0,0,0,0,0,0,0
170291,2,1,0,0,0,0,0,0,0,0,0,0
170291,3,1,0,0,0,0,0,0,0,0,0,0
170292,1,1,14,10,30,25,0,7,0,0,0,5
170293,1,1,0,0,0,0,0,0,0,0,0,0
170294,1,1,0,0,0,0,0,0,0,0,0,0
170294,2,1,0,0,0,0,0,0,0,0,0,0
170296,1,1,4,0,0,0,0,0,0,0,0,0
170297,1,1,16,23,6,21,13,15,16,27,10,40
170298,1,1,0,30,24,0,0,10,3,0,17,31
170299,1,1,0,0,0,0,0,0,0,0,0,0
170299,2,1,0,0,0,0,0,0,16,0,0,0
170300,0,1,0,0,0,0,0,0,0,0,0,0
170300,1,1,26,26,26,26,26,26,26,26,26,26
170301,1,1,0,16,24,0,25,18,0,0,0,27
170302,1,1,11,11,11,11,11,11,11,11,11,11
170303,0,1,0,0,0,0,0,0,0,0,0,0
170303,1,1,0,0,16,0,0,8,0,22,0,0
170304,1,1,0,0,0,0,0,7,0,9,4,0
170305,0,1,0,0,0,0,0,0,0,0,0,0
170305,1,1,31,0,15,12,20,24,0,16,12,37
170306,1,1,1,1,1,1,1,1,1,1,1,1
170307,1,1,0,0,0,0,0,0,0,0,0,0
170308,0,1,0,0,0,0,0,18,0,0,28,0
170308,1,1,0,0,0,0,0,0,41,0,0,0
170309,1,1,0,0,0,0,0,0,0,0,0,0
170310,1,1,11,0,15,3,8,7,0,0,6,0
170310,2,1,0,0,34,0,0,0,0,15,35,11
170311,1,1,43,43,43,43,43,43,43,43,43,43
170312,1,1,0,0,38,0,0,0,0,0,22,0
170312,2,1,0,0,0,0,0,0,0,0,0,0
170313,1,1,0,0,0,0,0,0,0,0,0,0
170313,2,1,0,0,0,0,0,0,0,0,0,0
170314,1,1,0,0,0,0,0,0,0,7,0,0
170314,2,1,0,0,0,0,0,0,0,0,0,0
170315,0,1,0,0,0,0,0,0,0,0,19,0
170315,1,1,0,0,0,0,15,0,0,0,17,0
170316,1,1,0,0,0,0,0,0,0,0,0,0
170316,2,1,0,0,0,0,0,0,0,0,0,0
170317,1,1,0,0,0,0,0,0,0,0,0,0
170318,1,1,16,16,16,16,16,16,16,16,16,16
170319,1,1,13,0,23,0,13,0,16,25,0,0
170319,2,1,40,0,12,0,0,26,10,29,0,0
170320,1,1,0,0,0,0,0,0,0,0,0,0
170320,2,1,0,0,0,0,0,0,0,0,0,0
170321,1,1,0,0,9,0,0,23,0,0,0,0
170322,1,1,0,22,0,0,11,0,0,0,0,0
170323,1,1,0,0,0,0,0,0,0,0,0,0
170323,2,1,0,18,0,0,0,0,0,0,0,19
170324,1,1,0,0,0,0,0,0,0,0,0,0
170325,1,1,0,0,0,0,0,0,0,0,0,0
170325,2,1,0,0,0,0,0,0,0,0,0,0
170326,1,1,11,11,11,11,11,11,11,11,11,11
170327,0,1,0,0,0,0,0,0,0,0,0,0
170327,1,1,0,0,0,0,0,0,0,0,0,0
170328,1,1,0,11,0,0,0,0,0,0,0,0
170329,0,1,3,3,3,3,3,3,3,3,3,3
170329,0,2,0,0,0,0,0,0,0,0,0,0
170329,1,1,0,0,0,0,0,0,0,0,0,0
170330,1,1,22,22,22,22,22,22,22,22,22,22
170330,2,1,0,0,0,0,0,0,0,0,0,0
170331,1,1,19,19,19,19,19,19,19,19,19,19
170331,2,1,0,12,0,0,0,0,0,0,0,0
170332,1,1,10,10,10,10,10,10,10,10,10,10
170332,2,1,0,0,0,0,0,0,0,0,0,0
170333,1,1,0,0,26,0,0,0,0,0,0,16
170334,1,1,4,0,0,18,0,24,0,0,0,0
170335,0,1,22,0,0,13,0,10,0,0,21,23
170335,1,1,0,5,0,28,0,0,21,0,0,11
170336,0,1,11,0,0,24,0,0,24,0,0,10
170336,1,1,0,17,0,0,0,0,0,0,0,0
170337,1,1,0,0,0,0,0,0,0,0,0,0
170337,2,1,0,0,0,0,0,0,0,0,0,0
170338,0,1,0,0,0,0,0,0,0,0,0,0
170338,1,1,0,0,0,0,0,0,0,0,0,0
170339,1,1,0,0,0,0,0,0,0,0,0,0
170339,2,1,0,0,18,0,0,0,0,0,0,0
170340,1,1,0,0,0,0,0,0,0,0,12,14
170340,2,1,0,6,12,29,0,0,35,0,0,0
170341,1,1,0,0,0,0,0,0,0,0,0,0
170341,2,1,0,0,0,0,0,0,0,0,0,0
170342,1,1,29,29,29,29,29,29,29,29,29,29
170342,2,1,0,0,0,0,0,0,0,0,0,0
170342,3,1,0,0,0,0,0,0,0,0,0,0
170343,1,1,0,0,5,0,0,0,0,0,16,0
170343,2,1,11,0,0,0,10,0,0,0,0,0
170343,3,1,0,0,0,0,0,0,0,0,4,0
170344,0,1,0,0,0,0,0,0,0,0,0,0
170344,1,1,0,0,0,0,0,0,0,0,0,0
170345,1,1,0,0,0,0,0,0,0,0,0,0
170345,2,1,0,0,0,0,0,0,0,0,0,0
170346,0,1,12,0,0,9,22,27,0,0,33,9
170346,1,1,12,0,0,0,0,0,0,0,0,0
170347,1,1,18,18,18,18,18,18,18,18,18,18
170348,1,1,0,0,0,0,0,0,0,0,0,0
170349,1,1,0,0,0,0,0,0,0,0,0,0
170349,2,1,0,0,0,0,0,0,0,0,0,0
170349,3,1,0,0,0,0,0,0,29,0,0,0
170350,1,1,18,18,18,18,18,18,18,18,18,18
170350,2,1,1,1,1,1,1,1,1,1,1,1
170351,1,1,0,0,10,0,0,0,0,0,0,0
170352,0,1,10,15,21,0,0,0,0,0,0,14
170353,1,1,4,4,4,4,4,4,4,4,4,4
170354,1,1,0,0,0,0,0,0,0,0,0,0
170354,2,1,0,0,0,0,0,0,0,0,0,0
170355,1,1,1,1,1,1,1,1,1,1,1,1
170355,2,1,0,0,8,0,0,0,0,0,18,0
170356,1,1,9,0,0,0,0,0,37,0,0,0
170357,1,1,28,0,0,0,0,29,0,0,26,32
170358,1,1,0,0,0,0,0,0,0,21,0,0
170358,2,1,0,0,0,0,0,0,0,0,0,0
170359,1,1,0,0,0,0,0,0,0,0,0,0
170360,1,1,0,0,0,0,0,0,0,0,0,0
170360,2,1,0,0,0,0,0,0,0,0,0,0
170361,1,1,0,0,0,0,0,0,0,0,0,0
170362,1,1,12,0,0,0,0,0,0,20,0,18
170362,2,1,0,0,0,0,0,0,0,0,0,0
170363,1,1,0,5,0,0,0,16,0,0,28,0
170364,1,1,0,0,0,0,0,0,0,0,0,0
170364,2,1,0,0,0,0,0,0,0,0,0,0
170365,1,1,15,15,15,15,15,15,15,15,15,15
170366,1,1,0,17,0,20,0,19,23,0,0,0
170367,1,1,25,25,25,25,25,25,25,25,25,25
170368,1,1,12,0,0,8,0,12,10,0,0,0
170369,1,1,0,0,0,28,0,0,0,0,6,0
170369,2,1,2,0,0,0,0,0,0,0,0,0
170370,1,1,0,0,0,0,0,0,0,0,0,0
170370,2,1,0,0,0,0,0,0,0,0,0,0
170371,1,1,31,31,31,31,31,31,31,31,31,31
170372,1,1,0,8,0,0,0,0,0,0,0,0
170372,2,1,0,0,0,0,0,12,0,0,0,0
170373,1,1,0,0,0,4,0,0,0,22,18,0
170374,1,1,0,0,0,0,0,0,0,0,0,0
170375,1,1,18,12,0,0,0,0,0,0,0,0
170376,1,1,0,0,0,0,0,0,0,0,0,0
170376,2,1,0,0,0,0,0,0,0,0,0,0
170377,0,1,0,13,0,0,0,0,13,0,0,0
170377,1,1,0,0,0,0,27,0,10,3,27,0
170378,1,1,6,6,6,6,6,6,6,6,6,6
170378,2,1,0,0,0,0,0,0,0,0,0,0
170379,1,1,18,18,18,18,18,18,18,18,18,18
170380,1,1,0,0,0,0,0,0,13,0,0,9
170380,2,1,0,0,0,0,0,0,0,0,0,0
170381,1,1,0,0,0,0,0,0,0,0,0,0
170381,2,1,0,0,0,0,0,0,0,0,0,0
170382,1,1,22,0,0,0,0,0,0,0,0,0
170382,2,1,0,0,0,0,0,0,0,0,0,0
170383,1,1,0,0,0,0,0,0,0,0,0,0
170383,2,1,0,0,0,0,0,0,0,0,0,0
170384,1,1,25,0,32,0,0,7,0,6,0,9
170385,1,1,0,10,0,0,0,0,0,0,0,0
170385,2,1,0,0,0,0,0,0,0,0,0,0
170386,0,1,0,5,0,0,0,26,0,21,0,0
170386,1,1,0,0,17,0,0,0,21,0,0,0
170387,1,1,0,0,0,0,0,0,0,0,0,0
170388,0,1,0,0,0,0,0,0,0,22,6,9
170388,1,1,0,0,0,0,0,0,0,0,0,0
170389,1,1,0,0,0,0,0,0,0,0,0,0
170389,2,1,0,0,0,0,0,0,0,0,0,0
170390,1,1,4,4,4,4,4,4,4,4,4,4
170390,2,1,0,0,0,22,11,0,0,0,0,0
170391,1,1,0,0,0,0,0,0,0,0,0,0
170392,1,1,23,10,8,23,17,8,39,15,19,18
170393,1,1,33,0,7,19,26,0,0,5,21,0
170394,1,1,0,0,11,0,0,0,0,0,0,0
170394,2,1,0,0,0,0,0,0,0,0,0,0
170395,1,1,0,0,0,0,0,0,0,0,0,0
170396,1,1,0,0,0,0,0,0,0,0,0,0
170396,2,1,0,0,0,0,0,0,0,0,0,0
170397,1,1,18,18,18,18,18,18,18,18,18,18
170399,1,1,0,0,0,0,0,0,0,0,0,0
170399,2,1,0,0,0,0,0,0,0,0,0,0
170401,1,1,0,8,0,3,21,0,18,0,0,25
170402,0,1,19,0,0,0,0,0,0,0,0,0
170402,1,1,16,0,0,0,23,0,0,0,0,0
170403,1,1,0,0,0,0,0,0,0,0,0,0
170403,2,1,0,0,0,0,0,0,0,0,0,0
170403,3,1,0,0,0,0,0,0,0,0,0,0
170403,4,1,0,0,0,0,0,0,0,0,0,0
170403,5,1,0,0,0,0,28,0,0,0,0,0
170403,6,1,0,0,0,0,0,0,0,0,0,0
170404,1,1,0,0,0,0,0,0,0,0,0,0
170404,2,1,0,22,0,0,0,0,0,0,0,0
170404,3,1,0,0,0,0,0,0,0,0,0,0
170405,1,1,0,0,0,13,12,25,0,9,0,0
170406,1,1,4,4,4,4,4,4,4,4,4,4
170406,2,1,0,0,0,4,0,10,18,4,0,0
170406,3,1,0,0,0,0,0,0,0,0,0,0
170407,0,1,12,12,40,32,22,16,21,7,14,26
170407,1,1,0,0,0,0,0,0,0,0,0,0
170409,1,1,0,0,0,0,0,0,0,0,0,0
170409,2,1,0,0,0,0,0,0,0,0,0,0
170410,1,1,14,10,0,0,11,33,0,5,0,0
170410,2,1,0,0,0,2,0,0,0,7,7,0
170411,1,1,0,0,0,0,0,0,0,0,0,0
170411,2,1,0,0,0,0,0,0,0,0,0,0
170412,1,1,8,8,8,8,8,8,8,8,8,8
170412,2,1,0,0,0,0,0,17,0,0,0,0
170413,1,1,0,0,0,0,0,0,0,0,0,0
170414,0,1,0,0,0,23,13,0,0,0,0,0
170414,1,1,0,0,0,0,22,2,0,0,0,0
170415,1,1,14,14,14,14,14,14,14,14,14,14
170416,1,1,0,0,0,0,0,0,0,0,0,0
170417,1,1,14,14,14,14,14,14,14,14,14,14
170418,0,1,0,0,0,0,0,0,0,0,0,0
170418,1,1,0,12,0,0,0,0,0,0,14,0
170419,1,1,0,0,0,0,0,0,0,0,0,0
170419,2,1,0,0,19,0,0,0,0,0,0,0
170420,1,1,0,0,0,0,0,0,0,0,0,0
170421,1,1,7,17,23,0,0,13,0,0,23,0
170421,2,1,0,0,0,0,0,0,0,0,0,0
170422,1,1,0,0,0,0,3,22,0,0,0,0
170422,2,1,0,0,0,0,0,0,0,3,0,0
170423,1,1,0,0,0,0,0,0,0,9,17,0
170423,2,1,0,0,0,36,0,0,0,0,0,0
170424,0,1,0,0,0,0,0,0,0,0,0,0
170424,1,1,0,0,0,0,0,0,0,0,0,0
170425,0,1,0,0,0,0,0,0,0,0,0,0
170425,1,1,0,0,0,8,0,0,6,0,0,0
170426,1,1,0,0,0,0,0,0,0,0,0,0
170426,2,1,0,0,0,0,0,0,0,0,0,0
170427,1,1,23,24,0,0,0,0,15,0,15,0
170428,1,1,0,0,0,0,0,0,0,0,0,0
170428,2,1,0,0,0,0,0,0,0,0,0,0
170429,1,1,0,0,20,16,18,16,12,0,43,25
170429,2,1,0,23,0,0,0,3,0,0,10,0
170430,0,1,0,0,0,0,0,0,0,0,0,0
170430,1,1,0,0,0,0,0,0,0,0,0,0
170431,1,1,0,0,0,0,0,0,0,0,0,0
170431,2,1,0,0,0,0,0,0,0,0,0,0
170432,0,1,30,11,47,21,28,42,6,0,21,0
170432,1,1,17,0,0,24,0,0,22,22,22,0
170433,1,1,19,19,19,19,19,19,19,19,19,19
170434,1,1,17,17,17,17,17,17,17,17,17,17
170435,0,1,27,27,27,27,27,27,27,27,27,27
170435,1,1,0,0,0,0,0,0,0,0,0,0
170436,0,1,0,31,0,0,0,22,0,0,21,0
170436,1,1,0,0,0,0,0,0,0,0,0,0
170437,0,1,16,16,16,16,16,16,16,16,16,16
170437,1,1,19,19,19,19,19,19,19,19,19,19
170438,1,1,0,0,0,0,0,0,0,0,0,0