ST_CASE,VEH_NO,PER_NO,P1,P2,P3,P4,P5,P6,P7,P8,P9,P10
170438,2,1,0,0,0,0,0,0,0,0,0,0
170439,1,1,0,0,0,34,0,25,0,0,19,0
170440,1,1,2,0,0,0,0,0,0,0,0,0
170440,3,1,20,0,0,38,0,0,0,0,0,0
170442,0,1,0,0,0,0,0,0,0,0,0,0
170442,1,1,27,19,8,28,0,0,15,0,0,14
170443,1,1,0,0,0,0,0,0,0,20,0,0
170443,2,1,0,0,0,0,0,0,0,0,0,0
170444,1,1,0,0,0,0,0,0,0,0,0,0
170444,2,1,31,0,0,0,0,0,0,0,0,0
170444,3,1,0,0,0,0,0,0,0,0,0,0
170444,4,1,0,0,0,0,0,0,0,0,0,0
170445,1,1,9,9,9,9,9,9,9,9,9,9
170446,1,1,0,0,0,0,0,0,0,0,0,0
170447,1,1,0,0,0,0,0,0,0,0,0,0
170447,2,1,0,0,0,0,0,0,0,0,0,0
170448,1,1,0,0,0,0,0,0,0,0,0,0
170448,2,1,0,0,0,0,0,0,19,0,0,0
170449,1,1,0,0,0,0,0,0,0,0,0,0
170449,2,1,0,0,0,11,11,13,0,0,0,0
170450,0,1,0,17,0,0,0,0,0,0,0,0
170450,1,1,0,22,0,0,0,16,0,0,0,0
170450,2,1,0,0,0,0,0,0,0,0,0,0
170451,1,1,20,11,0,0,28,16,0,9,22,26
170452,1,1,0,0,0,0,0,0,0,0,0,0
170453,1,1,26,26,26,26,26,26,26,26,26,26
170454,1,1,0,26,0,4,0,0,0,0,0,0
170455,1,1,22,22,22,22,22,22,22,22,22,22
170456,0,1,4,4,4,4,4,4,4,4,4,4
170456,0,2,0,6,23,0,29,0,27,23,0,0
170456,0,3,0,0,21,0,12,0,27,33,0,0
170456,1,1,11,11,11,11,11,11,11,11,11,11
170457,1,1,0,16,0,0,0,0,0,0,0,0
170457,2,1,0,0,0,0,0,0,0,0,0,0
170458,1,1,0,0,0,0,0,0,0,0,0,0
170458,2,1,0,0,0,0,0,0,0,0,0,0
170459,1,1,12,40,24,42,31,15,8,25,6,3
170460,1,1,0,0,0,0,0,0,0,0,0,0
170460,2,1,0,0,0,0,0,0,0,0,0,0
170460,3,1,0,0,0,0,0,0,0,0,0,0
170461,1,1,0,0,0,0,0,0,0,0,0,0
170461,2,1,0,0,0,0,0,0,0,0,0,0
170462,1,1,22,22,22,22,22,22,22,22,22,22
170463,1,1,0,33,0,18,23,12,13,7,25,0
170464,1,1,0,0,0,8,0,0,0,0,0,9
170464,2,1,0,0,0,0,0,0,0,0,0,0
170465,1,1,0,0,0,0,0,0,0,0,0,0
170465,2,1,0,0,0,0,0,0,0,0,0,0
170466,0,1,0,0,0,0,0,0,0,0,0,0
170466,1,1,0,0,0,0,0,0,0,0,0,0
170467,1,1,0,0,0,0,0,21,14,0,0,0
170467,2,1,0,0,23,0,0,42,0,0,0,0
170467,3,1,0,0,13,0,0,0,0,0,0,0
170468,1,1,22,22,22,22,22,22,22,22,22,22
170468,2,1,0,0,0,0,0,0,0,22,0,0
170469,0,1,0,0,0,0,0,0,0,0,0,0
170469,1,1,31,0,0,0,0,0,0,0,0,0
170470,1,1,0,0,0,0,0,0,0,0,0,0
170470,2,1,0,0,12,0,0,0,0,0,0,0
170471,1,1,0,27,0,26,0,11,23,15,0,0
170472,1,1,0,0,0,0,0,0,0,0,0,0
170472,2,1,0,0,0,0,0,0,0,0,0,0
170472,3,1,0,0,0,0,0,0,0,0,0,0
170473,1,1,6,6,6,6,6,6,6,6,6,6
170474,1,1,13,13,13,13,13,13,13,13,13,13
170474,2,1,0,0,0,0,0,7,0,0,0,0
170475,1,1,0,0,0,0,0,0,0,0,0,0
170475,2,1,26,26,26,26,26,26,26,26,26,26
170477,0,1,0,0,0,0,0,0,0,0,0,0
170477,1,1,0,0,0,0,0,0,0,0,0,0
170478,1,1,0,0,0,0,0,0,0,0,0,0
170478,2,1,0,0,0,0,0,0,0,0,0,0
170478,3,1,0,0,0,0,0,0,0,0,0,0
170479,1,1,0,0,0,0,0,0,0,0,0,0
170479,2,1,0,0,0,0,0,0,0,0,0,0
170480,1,1,0,0,15,0,0,0,3,28,9,0
170480,2,1,0,0,3,0,0,0,0,0,0,0
170481,1,1,16,0,20,0,0,25,0,0,0,0
170481,2,1,0,0,0,0,0,0,0,0,0,0
170483,0,1,0,0,9,0,0,25,22,0,20,0
170483,1,1,0,18,0,0,0,0,0,0,0,26
170483,2,1,0,6,0,0,0,25,12,0,33,0
170484,0,1,13,4,15,0,17,0,0,0,0,0
170484,1,1,0,0,0,0,10,0,0,0,7,0
170485,1,1,0,0,0,0,0,18,0,0,0,0
170485,2,1,0,0,0,0,0,0,0,0,0,0
170486,0,1,20,0,0,18,0,0,0,25,0,0
170486,1,1,0,0,0,0,0,0,0,0,0,0
170487,1,1,0,0,0,0,0,8,0,0,0,0
170488,1,1,0,0,0,0,0,0,0,0,0,0
170488,2,1,21,0,22,16,11,0,11,0,0,0
170489,0,1,0,0,0,0,0,0,7,0,0,0
170489,1,1,18,28,14,8,18,0,20,2,22,17
170490,1,1,28,0,0,3,0,0,14,0,30,0
170491,1,1,0,0,0,0,0,0,0,0,0,0
170491,2,1,13,13,13,13,13,13,13,13,13,13
170492,1,1,0,0,0,0,0,0,0,0,0,0
170493,1,1,0,0,0,0,0,0,0,0,0,0
170493,2,1,10,16,21,0,14,4,7,5,0,13
170494,1,1,0,0,5,12,0,0,33,0,0,0
170495,0,1,32,32,32,32,32,32,32,32,32,32
170495,1,1,0,0,0,0,0,0,0,0,0,0
170496,1,1,0,0,0,0,0,0,0,0,35,0
170496,2,1,0,0,0,0,0,0,0,0,0,0
170497,1,1,18,18,18,18,18,18,18,18,18,18
170498,0,1,0,0,0,0,0,0,0,0,0,0
170498,1,1,0,0,0,0,0,0,0,0,0,0
170499,1,1,0,0,0,9,0,0,0,0,0,0
170500,0,1,3,3,3,3,3,3,3,3,3,3
170500,1,1,0,0,0,0,0,0,0,0,0,0
170501,1,1,0,0,3,0,0,14,0,23,0,0
170501,2,1,0,0,0,0,0,15,0,0,0,0
170501,3,1,0,0,0,0,0,0,0,0,0,0
170501,4,1,0,0,0,0,0,0,0,0,0,0
170502,1,1,9,9,9,9,9,9,9,9,9,9
170502,2,1,11,11,11,11,11,11,11,11,11,11
170503,1,1,0,0,15,0,0,0,0,0,21,0
170503,2,1,0,0,0,0,0,0,0,0,0,0
170504,1,1,0,0,0,0,0,0,0,0,0,0
170504,2,1,0,0,0,0,0,0,0,0,0,0
170505,1,1,0,0,0,0,0,0,0,0,0,0
170505,2,1,0,0,0,0,0,0,0,0,0,0
170505,3,1,0,0,0,0,0,0,0,0,0,0
170506,1,1,0,0,0,0,0,8,28,0,7,0
170507,1,1,0,16,0,0,0,17,24,15,0,14
170508,1,1,0,0,11,12,10,0,12,10,22,14
170509,1,1,0,0,0,0,0,0,0,0,0,0
170509,2,1,0,0,0,0,0,0,0,0,0,0
170510,1,1,19,23,18,0,9,20,19,10,17,37
170510,2,1,0,0,0,4,21,0,0,0,0,0
170510,3,1,0,0,0,0,0,15,0,0,0,0
170510,4,1,0,0,0,0,0,0,0,0,0,0
170510,5,1,0,0,0,0,0,0,0,0,0,0
170510,6,1,0,0,0,0,0,0,0,0,0,0
170510,7,1,0,0,20,0,0,0,0,0,0,0
170510,8,1,0,0,0,0,0,0,0,0,0,0
170511,1,1,15,0,14,22,20,0,22,0,0,0
170512,1,1,0,0,0,0,0,0,0,0,0,0
170512,2,1,0,0,0,0,0,0,0,0,0,0
170513,1,1,0,22,0,0,6,0,19,24,22,0
170514,1,1,0,0,18,0,0,0,0,0,20,0
170515,0,1,20,18,0,0,0,7,0,0,0,0
170515,1,1,0,30,0,18,5,19,0,0,18,0
170516,1,1,0,0,0,0,0,0,0,0,0,24
170517,1,1,0,0,0,0,35,0,16,16,0,0
170518,1,1,14,4,0,0,0,22,0,0,0,0
170518,2,1,0,0,0,0,29,0,0,11,0,0
170519,0,1,28,28,28,28,28,28,28,28,28,28
170519,1,1,0,0,30,0,13,0,0,0,23,30
170520,0,1,0,0,0,0,0,0,0,0,0,0
170520,1,1,0,0,0,0,0,0,0,0,0,0
170521,1,1,0,0,12,36,14,0,0,0,7,10
170522,0,1,0,0,0,0,0,0,0,0,0,0
170522,1,1,20,15,22,6,41,18,0,18,0,15
170524,1,1,0,0,0,0,0,0,0,0,0,0
170525,1,1,0,0,0,0,0,0,0,0,0,0
170525,2,1,0,0,0,0,0,0,0,0,0,0
170526,1,1,0,0,0,0,0,0,0,0,0,0
170527,1,1,32,0,17,0,14,0,10,2,0,13
170527,2,1,0,14,0,0,0,0,22,0,0,0
170528,1,1,0,0,0,0,0,0,0,0,0,0
170528,2,1,0,0,0,0,0,0,0,0,0,0
170529,1,1,0,0,0,0,0,0,0,0,0,0
170529,2,1,3,3,3,3,3,3,3,3,3,3
170530,1,1,0,0,0,0,0,0,0,0,0,0
170531,1,1,1,1,1,1,1,1,1,1,1,1
170532,1,1,15,15,15,15,15,15,15,15,15,15
170533,1,1,2,2,2,2,2,2,2,2,2,2
170534,1,1,0,0,0,0,0,0,0,0,0,0
170534,2,1,0,0,0,0,0,0,0,0,0,0
170534,3,1,0,0,0,0,0,0,0,0,0,0
170535,1,1,0,0,0,0,0,0,0,0,0,0
170535,2,1,0,0,0,0,0,0,0,0,0,0
170536,0,1,2,2,2,2,2,2,2,2,2,2
170536,1,1,0,0,0,0,0,0,0,0,0,0
170537,1,1,0,23,0,0,0,0,0,0,0,0
170537,2,1,0,0,0,0,0,0,0,0,0,0
170537,3,1,0,0,0,0,0,0,0,0,0,0
170537,4,1,16,0,0,0,0,14,0,0,17,0
170538,1,1,0,0,0,0,0,0,0,0,0,0
170538,2,1,0,0,0,0,0,0,0,0,0,0
170539,0,1,0,3,0,0,34,0,35,0,15,0
170539,0,2,0,21,0,0,0,0,0,9,0,0
170539,1,1,0,0,31,0,17,2,0,0,19,0
170540,1,1,0,0,0,0,0,0,0,0,0,0
170540,2,1,0,0,0,0,0,0,0,0,0,0
170541,1,1,0,0,0,0,0,0,0,13,0,0
170542,1,1,0,0,0,0,0,0,0,23,0,0
170542,2,1,0,0,0,0,0,0,0,0,0,0
170542,3,1,0,0,0,0,0,0,0,0,0,0
170542,4,1,0,0,0,0,0,0,0,0,0,0
170542,5,1,0,0,0,0,0,0,0,0,0,0
170543,0,1,0,22,0,28,0,14,0,0,0,0
170543,1,1,0,0,20,0,0,27,11,11,10,18
170544,0,1,0,0,11,4,0,8,0,16,15,0
170544,1,1,0,0,0,0,0,0,0,0,0,0
170545,1,1,12,0,0,6,0,0,0,0,0,0
170545,2,1,0,0,0,0,0,0,0,0,0,0
170546,0,1,0,8,34,0,0,0,0,0,0,26
170546,1,1,0,0,0,0,0,0,38,0,0,0
170547,0,1,15,15,15,15,15,15,15,15,15,15
170547,1,1,0,0,0,0,0,0,0,0,0,0
170547,2,1,0,0,0,0,0,0,0,0,0,0
170548,0,1,0,0,0,0,0,0,0,0,0,0
170548,0,2,0,0,0,0,0,0,0,0,0,0
170548,1,1,0,0,0,0,0,0,0,0,0,0
170549,1,1,0,0,0,0,0,0,0,0,0,26
170550,1,1,0,0,0,0,0,14,0,11,0,0
170551,1,1,0,0,0,0,0,0,0,0,0,27
170551,2,1,0,0,0,0,10,0,0,0,0,0
170552,1,1,0,0,0,13,14,0,22,0,38,0
170553,1,1,16,0,0,0,0,0,0,0,4,0
170554,1,1,14,0,0,10,0,10,0,23,0,8
170554,2,1,17,0,0,17,0,9,0,0,0,11
170554,3,1,0,0,0,0,0,0,0,0,11,0
170555,0,1,0,0,15,0,0,0,0,0,0,29
170555,1,1,0,0,0,0,12,0,0,0,0,0
170556,1,1,0,24,0,23,0,19,0,0,0,11
170556,2,1,0,0,0,0,0,0,0,0,0,0
170557,0,1,0,0,0,9,4,0,0,17,0,0
170557,1,1,0,0,0,0,0,0,0,0,0,0
170558,1,1,0,0,0,7,0,0,0,0,0,0
170558,2,1,0,7,0,0,0,0,0,0,0,0
170559,0,1,0,0,0,0,0,0,0,0,0,0
170559,1,1,0,0,0,0,0,0,0,0,0,0
170559,2,1,0,0,0,0,0,0,0,0,0,0
170560,0,1,25,45,0,0,0,0,31,0,0,0
170560,1,1,34,0,0,0,0,0,18,0,0,0
170561,0,1,0,0,0,0,0,0,10,0,0,0
170561,1,1,0,0,0,0,0,0,0,0,0,0
170562,1,1,31,21,0,0,0,12,0,19,0,0
170562,2,1,24,8,0,0,3,21,0,0,15,16
170563,1,1,0,0,0,0,0,0,0,0,0,0
170563,2,1,0,0,0,0,0,0,0,0,0,0
170564,0,1,0,0,0,0,0,0,0,0,0,0
170564,1,1,0,0,0,0,0,0,0,0,0,0
170565,1,1,0,0,0,0,0,0,0,0,10,0
170566,1,1,0,0,0,0,0,0,0,0,0,0
170567,1,1,0,0,0,0,18,0,0,0,0,18
170568,1,1,0,0,0,0,0,0,0,0,0,0
170568,2,1,0,0,0,0,0,0,0,0,0,0
170568,3,1,0,0,0,0,0,0,0,0,0,0
170569,1,1,0,0,0,0,0,0,0,0,0,0
170570,0,1,0,0,0,36,0,15,0,0,36,0
170570,1,1,0,0,13,0,0,0,0,0,16,0
170571,1,1,19,10,0,20,26,0,15,0,15,0
170571,2,1,0,0,0,0,0,0,0,0,0,0
170571,3,1,0,0,0,0,0,0,0,0,0,0
170572,0,1,0,0,0,0,0,0,0,0,0,0
170572,1,1,4,0,0,14,0,0,0,0,0,0
170573,1,1,0,0,0,0,0,0,0,0,0,0
170573,2,1,11,5,0,20,0,13,0,0,4,0
170574,1,1,33,19,9,0,0,0,0,15,0,0
170574,2,1,0,0,0,0,0,19,16,0,0,12
170575,1,1,0,0,0,0,0,0,0,0,0,0
170575,2,1,0,0,0,0,0,0,0,0,0,2
170576,1,1,0,0,0,0,0,0,0,0,0,0
170577,1,1,16,16,16,16,16,16,16,16,16,16
170577,2,1,0,18,0,0,0,8,0,0,0,0
170578,1,1,11,0,8,16,14,32,31,0,5,10
170579,1,1,0,0,0,0,0,0,0,0,0,0
170579,2,1,0,0,0,0,0,0,0,0,0,0
170580,0,1,29,0,0,0,0,0,0,0,0,0
170580,1,1,0,0,0,0,0,0,0,0,0,0
170581,1,1,0,14,19,0,0,8,19,0,0,12
170582,1,1,0,0,0,0,0,0,0,0,0,0
170583,1,1,0,0,0,0,0,0,0,0,0,0
170584,1,1,0,0,0,0,0,0,0,0,0,0
170585,1,1,17,17,17,17,17,17,17,17,17,17
170586,1,1,0,0,0,0,0,0,0,0,0,0
170586,2,1,0,0,0,0,0,0,0,0,0,0
170587,0,1,0,0,0,0,0,0,2,0,0,0
170587,1,1,0,0,0,0,0,0,0,0,0,0
170588,1,1,20,20,20,20,20,20,20,20,20,20
170589,1,1,0,0,0,0,0,0,0,0,0,0
170589,2,1,0,0,0,0,0,0,0,0,0,0
170590,1,1,17,8,0,4,9,41,19,0,0,21
170590,2,1,0,0,0,0,0,0,0,0,0,0
170591,1,1,0,0,0,0,0,0,0,0,0,0
170591,2,1,0,0,0,0,0,0,0,0,0,0
170592,1,1,0,0,0,0,0,0,0,0,0,0
170592,2,1,0,0,0,0,14,0,0,0,0,0
170593,1,1,7,7,7,7,7,7,7,7,7,7
170594,0,1,29,29,29,29,29,29,29,29,29,29
170594,1,1,0,0,0,0,0,0,0,0,0,19
170595,1,1,0,0,0,0,0,0,0,0,0,0
170596,1,1,0,0,0,0,0,0,0,0,0,0
170598,1,1,0,0,0,0,0,0,0,0,0,0
170599,1,1,0,0,0,0,0,0,0,0,0,0
170600,1,1,9,9,9,9,9,9,9,9,9,9
170601,1,1,0,0,0,0,0,0,0,0,0,0
170602,0,1,0,0,42,16,13,0,0,41,0,0
170602,1,1,0,0,0,0,0,17,0,0,0,0
170603,1,1,0,0,0,0,0,0,0,0,10,0
170604,0,1,0,0,0,0,0,0,0,0,0,0
170604,1,1,0,0,0,0,0,0,0,0,0,0
170605,0,1,0,0,0,0,0,0,0,0,0,0
170605,1,1,2,2,2,2,2,2,2,2,2,2
170606,1,1,9,4,0,27,0,14,18,7,2,16
170607,1,1,18,18,18,18,18,18,18,18,18,18
170608,1,1,0,0,0,0,0,0,0,0,0,0
170608,2,1,0,0,0,0,0,0,0,0,0,0
170609,0,1,0,0,0,0,0,0,0,0,0,0
170609,1,1,0,0,0,0,0,0,0,0,0,0
170610,1,1,4,12,21,13,26,17,9,32,20,15
170610,2,1,36,0,11,0,16,0,15,20,21,0
170611,1,1,0,0,0,9,0,0,0,0,0,0
170611,2,1,0,0,0,0,0,8,0,0,0,0
170612,0,1,2,2,2,2,2,2,2,2,2,2
170612,1,1,0,0,0,0,0,0,0,0,0,0
170613,1,1,0,0,3,11,0,0,0,0,0,0
170613,2,1,0,0,0,0,0,0,0,0,0,0
170614,1,1,15,15,15,15,15,15,15,15,15,15
170614,2,1,0,0,0,0,2,0,0,0,0,0
170615,1,1,0,0,0,0,0,0,0,0,0,0
170615,2,1,0,0,0,0,0,0,0,0,0,0
170616,1,1,0,0,0,11,0,0,0,14,0,0
170617,0,1,15,13,5,8,10,45,46,7,4,15
170617,1,1,0,13,0,0,0,0,15,0,0,0
170618,1,1,0,0,0,0,0,0,0,0,0,0
170619,1,1,0,0,0,0,0,0,0,0,0,0
170619,2,1,0,0,0,0,0,0,0,0,0,0
170619,3,1,0,0,0,0,0,0,0,0,0,0
170619,4,1,0,0,0,0,0,0,0,0,0,0
170619,5,1,0,0,0,0,0,0,0,0,0,0
170620,1,1,0,0,0,15,0,0,0,0,0,0
170621,0,1,0,0,0,0,0,0,0,0,0,0
170621,0,2,0,0,19,0,17,12,16,0,0,0
170621,1,1,0,0,3,16,22,5,24,7,16,0
170622,1,1,3,3,3,3,3,3,3,3,3,3
170622,2,1,0,0,0,0,0,0,0,0,0,0
170623,1,1,0,0,0,0,0,0,0,0,0,0
170623,2,1,0,0,0,0,0,0,0,0,0,0
170624,1,1,0,0,0,0,0,0,0,0,0,0
170625,1,1,0,0,0,0,0,0,0,0,0,0
170625,2,1,0,0,0,0,0,0,0,0,0,0
170626,1,1,0,0,0,0,0,0,0,0,0,0
170627,1,1,19,0,0,0,0,26,0,0,0,6
170628,1,1,0,0,0,0,0,0,0,0,0,22
170628,2,1,0,0,0,0,0,0,0,0,0,0
170629,0,1,12,0,0,21,11,26,16,0,0,0
170629,1,1,0,0,0,10,0,33,0,24,0,0
170630,1,1,0,0,0,0,0,0,0,0,0,0
170631,1,1,13,13,13,13,13,13,13,13,13,13
170632,1,1,0,0,0,0,27,0,0,0,0,0
170632,2,1,39,0,26,27,0,18,0,14,1,25
170633,1,1,0,0,23,0,0,36,0,19,14,4
170634,1,1,32,0,0,0,0,0,0,0,0,0
170635,1,1,0,0,0,4,0,0,0,7,0,0
170635,2,1,0,0,0,0,0,0,0,0,0,0
170636,1,1,26,26,26,26,26,26,26,26,26,26
170637,1,1,12,12,12,12,12,12,12,12,12,12
170638,0,1,22,0,0,0,0,0,23,0,0,0
170638,1,1,0,0,0,0,0,0,0,0,0,0
170638,2,1,0,0,0,0,0,0,0,0,0,0
170639,1,1,0,0,0,0,0,0,29,9,30,0
170640,1,1,0,0,0,0,0,0,0,0,0,0
170640,2,1,0,0,0,0,0,0,0,0,0,0
170641,1,1,0,0,0,0,0,0,0,0,0,0
170642,1,1,0,0,0,0,0,0,0,0,0,0
170642,2,1,0,0,0,0,0,0,0,0,0,0
170643,1,1,0,0,0,0,0,0,0,0,0,0
170643,2,1,0,0,0,0,0,0,0,0,0,0
170645,1,1,0,0,0,0,0,0,0,0,0,0
170646,1,1,23,23,23,23,23,23,23,23,23,23
170647,1,1,14,14,14,14,14,14,14,14,14,14
170649,1,1,0,0,0,0,0,0,0,0,0,0
170650,1,1,0,0,0,0,0,0,0,0,0,0
170651,1,1,0,28,0,0,0,0,0,0,0,0
170652,1,1,0,0,0,0,0,0,0,0,0,0
170652,2,1,0,0,0,0,0,0,0,0,0,0
170653,1,1,0,0,0,0,0,0,0,0,0,0
170653,2,1,0,0,0,0,0,0,0,0,0,0
170654,0,1,32,32,32,32,32,32,32,32,32,32
170654,1,1,0,0,0,0,0,0,0,0,0,0
170655,1,1,0,0,0,0,0,0,0,0,0,0
170655,2,1,0,0,0,0,0,0,0,0,0,0
170655,3,1,0,0,0,0,0,0,0,0,0,0
170655,4,1,0,0,0,0,0,0,0,0,0,0
170655,5,1,0,0,0,0,0,0,0,0,0,0
170656,1,1,13,13,13,13,13,13,13,13,13,13
170657,1,1,0,0,0,0,0,0,0,0,0,0
170657,2,1,0,0,0,0,0,0,0,0,0,0
170658,0,1,0,0,0,0,0,0,0,0,0,0
170658,1,1,0,0,0,0,0,0,0,0,0,0
170659,0,1,0,0,0,0,0,0,0,0,0,0
170659,1,1,13,0,17,0,33,22,30,0,0,0
170660,1,1,0,9,0,0,9,0,0,0,0,0
170661,1,1,0,0,0,0,0,0,0,0,0,0
170662,1,1,37,37,37,37,37,37,37,37,37,37
170663,1,1,0,0,0,0,0,0,0,0,0,0
170663,2,1,0,0,0,0,0,0,0,0,0,0
170664,1,1,0,0,0,0,0,0,0,0,0,0
170665,0,1,0,27,0,0,0,0,0,0,0,0
170665,1,1,0,0,0,0,0,0,0,0,0,0
170666,1,1,2,2,2,2,2,2,2,2,2,2
170667,1,1,0,0,0,0,0,0,0,0,0,0
170668,1,1,19,19,19,19,19,19,19,19,19,19
170669,1,1,0,0,30,0,0,0,5,0,24,0
170670,0,1,0,0,0,0,0,0,0,0,0,0
170670,1,1,0,0,0,0,0,0,0,0,0,0
170671,1,1,19,5,7,34,0,16,0,12,0,10
170671,2,1,14,10,0,23,0,18,18,9,0,16
170672,1,1,14,16,15,19,10,12,19,26,18,7
170672,2,1,0,21,0,0,11,13,14,8,0,0
170672,3,1,0,0,0,0,0,0,0,0,0,0
170673,0,1,0,0,0,0,0,0,0,0,0,0
170673,1,1,0,0,0,0,0,0,0,0,0,0
170674,1,1,0,0,0,0,0,0,0,0,0,0
170675,1,1,0,0,0,0,0,0,0,0,0,0
170676,1,1,0,0,0,0,0,0,0,0,0,0
170676,2,1,0,0,0,0,0,0,0,0,0,0
170676,3,1,0,0,0,0,0,0,0,0,0,0
170677,0,1,0,19,0,0,29,0,0,0,26,11
170677,0,2,0,0,0,0,0,0,0,0,0,0
170677,1,1,0,0,0,0,0,0,0,0,0,0
170677,2,1,0,0,0,0,0,0,0,0,0,0
170678,1,1,6,12,0,13,15,0,0,0,8,9
170679,1,1,23,23,23,23,23,23,23,23,23,23
170680,0,1,20,20,20,20,20,20,20,20,20,20
170680,1,1,0,0,0,0,0,0,0,0,0,0
170681,0,1,24,24,24,24,24,24,24,24,24,24
170681,1,1,0,0,0,0,0,0,0,0,0,0
170682,1,1,0,0,0,0,0,0,0,0,0,0
170682,2,1,0,0,0,0,0,0,0,0,0,0
170682,3,1,0,0,0,0,0,0,0,0,0,0
170682,4,1,0,0,0,0,0,0,0,0,0,0
170682,5,1,0,0,0,0,0,0,0,0,0,0
170683,0,1,0,0,0,0,0,0,0,0,0,0
170683,1,1,0,0,0,0,0,0,0,0,0,0
170684,1,1,0,0,0,0,0,0,0,0,0,0
170685,1,1,0,19,0,0,0,0,0,5,0,0
170685,2,1,0,0,0,0,0,0,0,0,0,0
170685,3,1,0,0,0,0,0,0,0,0,0,0
170686,0,1,22,22,22,22,22,22,22,22,22,22
170686,1,1,0,0,0,0,0,0,0,0,0,0
170687,0,1,19,19,19,19,19,19,19,19,19,19
170687,1,1,0,0,0,0,0,0,0,0,0,0
170688,1,1,10,10,10,10,10,10,10,10,10,10
170688,2,1,0,0,0,28,25,16,0,13,14,0
170689,1,1,21,21,21,21,21,21,21,21,21,21
170690,1,1,0,0,0,0,0,0,0,0,0,0
170690,2,1,0,0,0,0,0,0,0,0,0,0
170690,3,1,0,0,0,0,0,0,0,0,0,0
170691,1,1,0,0,14,7,0,22,11,23,0,21
170692,1,1,0,0,0,0,0,0,0,0,23,0
170693,1,1,15,15,15,15,15,15,15,15,15,15
170694,1,1,13,13,13,13,13,13,13,13,13,13
170695,1,1,13,13,13,13,13,13,13,13,13,13
170696,1,1,0,0,31,27,12,0,0,0,0,0
170696,2,1,0,0,0,31,0,22,0,0,18,0
170697,1,1,0,0,0,0,0,0,0,0,0,0
170697,2,1,0,0,0,0,0,0,0,0,0,0
170698,1,1,18,19,0,20,0,0,0,14,0,27
170699,1,1,17,17,17,17,17,17,17,17,17,17
170700,1,1,21,21,21,21,21,21,21,21,21,21
170701,1,1,0,0,0,0,0,0,0,0,0,0
170702,1,1,17,17,17,17,17,17,17,17,17,17
170703,1,1,12,12,12,12,12,12,12,12,12,12
170703,2,1,0,0,0,0,0,0,0,0,0,0
170704,1,1,26,26,26,26,26,26,26,26,26,26
170704,2,1,0,0,0,0,0,0,0,0,0,0
170705,0,1,3,3,3,3,3,3,3,3,3,3
170705,1,1,0,0,0,0,0,0,0,0,0,0
170706,1,1,0,0,0,0,0,0,0,0,0,0
170706,2,1,0,0,0,0,0,0,0,0,0,0
170707,1,1,17,17,17,17,17,17,17,17,17,17
170707,2,1,0,20,0,0,5,34,0,0,7,0
170708,1,1,0,0,0,0,0,0,0,0,0,0
170709,1,1,13,13,13,13,13,13,13,13,13,13
170710,1,1,12,12,12,12,12,12,12,12,12,12
170711,1,1,0,0,0,0,0,0,0,0,0,0
170711,2,1,0,0,0,0,0,0,5,0,0,0
170712,1,1,13,13,13,13,13,13,13,13,13,13
170712,2,1,0,0,0,0,0,0,0,0,0,0
170713,1,1,0,0,0,0,0,0,0,0,0,0
170713,2,1,0,0,0,0,0,0,0,0,29,0
170714,1,1,26,26,26,26,26,26,26,26,26,26
170715,0,1,0,0,0,0,0,0,0,0,0,0
170715,1,1,0,0,0,0,0,0,0,0,0,0
170716,0,1,0,0,0,0,0,0,0,0,0,0
170716,1,1,0,0,0,0,0,0,0,0,0,0
170717,1,1,0,0,0,0,0,0,0,0,0,0
170717,2,1,0,0,0,0,0,0,0,0,0,0
170718,1,1,0,0,0,0,0,0,0,0,0,0
170719,1,1,19,19,19,19,19,19,19,19,19,19
170720,1,1,18,18,18,18,18,18,18,18,18,18
170721,1,1,13,13,13,13,13,13,13,13,13,13
170721,2,1,0,0,0,0,0,0,0,0,0,0
170722,1,1,15,15,15,15,15,15,15,15,15,15
170723,1,1,28,28,28,28,28,28,28,28,28,28
170724,1,1,0,0,0,0,0,0,0,0,0,0
170725,1,1,0,0,0,0,0,0,0,0,0,0
170725,2,1,0,0,0,0,0,0,0,0,0,0
170726,1,1,0,0,0,0,0,0,0,0,0,0
170727,1,1,0,0,0,0,0,0,0,0,0,0
170728,1,1,0,21,0,0,0,0,0,0,0,0
170729,1,1,15,0,3,22,15,33,0,29,0,0
170730,0,1,0,23,15,24,32,15,16,0,0,13
170730,1,1,0,12,0,0,0,0,0,0,0,0
170731,1,1,0,0,0,0,0,0,0,0,0,0
170731,2,1,0,0,0,0,0,0,0,0,0,0
170732,1,1,0,13,0,0,0,0,0,0,0,0
170733,1,1,30,30,30,30,30,30,30,30,30,30
170733,2,1,0,0,0,0,0,0,0,0,0,0
170734,1,1,0,0,10,0,0,10,0,0,0,0
170734,2,1,0,0,0,0,0,0,0,0,0,0
170735,1,1,23,23,23,23,23,23,23,23,23,23
170736,1,1,0,0,0,0,0,0,0,0,0,0
170737,1,1,0,0,0,0,0,0,0,0,0,0