ST_CASE,VEH_NO,PER_NO,P1,P2,P3,P4,P5,P6,P7,P8,P9,P10
170737,2,1,0,0,0,0,0,0,0,0,0,0
170738,1,1,10,10,10,10,10,10,10,10,10,10
170739,1,1,0,0,11,0,0,26,26,0,19,0
170740,1,4,0,16,26,0,0,0,14,0,0,19
170741,1,1,7,7,7,7,7,7,7,7,7,7
170741,2,1,0,0,7,0,0,13,0,0,0,15
170743,0,1,0,0,0,12,0,0,0,0,0,15
170743,1,1,0,10,0,0,0,0,0,0,0,0
170744,0,1,9,16,0,0,0,0,0,0,0,0
170744,1,1,0,0,0,13,13,0,0,16,9,8
170745,0,1,0,0,0,0,0,0,0,0,0,0
170745,1,1,0,0,0,0,0,0,0,6,0,0
170746,1,1,9,9,9,9,9,9,9,9,9,9
170746,2,1,0,0,0,0,0,0,0,0,0,0
170747,1,1,6,4,8,14,4,15,9,22,23,0
170748,1,1,19,19,19,19,19,19,19,19,19,19
170748,2,1,0,0,0,0,0,0,0,0,0,0
170749,1,1,17,10,0,0,0,0,14,0,0,0
170750,1,1,19,19,19,19,19,19,19,19,19,19
170751,1,1,0,0,0,0,0,0,0,0,0,0
170751,2,1,6,5,6,0,7,0,13,3,0,0
170752,0,1,0,0,0,0,24,0,0,0,0,0
170752,1,1,0,0,0,0,0,0,0,0,0,0
170753,0,1,17,0,14,0,42,0,14,0,0,0
170753,1,1,0,14,0,0,0,0,0,11,0,0
170754,1,1,12,31,13,14,16,0,14,0,0,0
170754,2,1,0,0,0,25,0,0,0,0,0,0
170754,3,1,0,0,0,0,0,0,11,0,0,14
170755,1,1,17,0,0,0,11,12,23,11,0,0
170756,1,1,20,13,23,14,7,11,24,12,28,24
170757,1,1,22,0,0,0,12,25,0,0,21,0
170757,2,1,0,0,0,0,0,0,0,0,0,0
170757,3,1,0,0,0,0,0,0,0,0,0,0
170757,4,1,0,0,0,0,0,0,0,0,0,0
170758,1,1,0,0,0,0,0,0,0,0,0,0
170759,1,1,22,22,22,22,22,22,22,22,22,22
170760,1,1,0,0,0,0,0,0,0,0,0,0
170761,1,1,0,0,40,14,16,0,0,20,0,0
170761,2,1,0,0,0,0,0,0,0,0,0,0
170762,1,1,0,0,0,0,0,0,0,0,0,0
170762,2,1,0,0,0,0,0,0,0,0,0,0
170763,1,1,11,0,0,0,0,0,0,0,0,15
170763,2,1,0,0,0,0,0,0,0,0,0,0
170764,1,1,15,15,15,15,15,15,15,15,15,15
170765,1,1,0,0,0,0,0,0,0,0,0,0
170766,1,1,18,18,18,18,18,18,18,18,18,18
170767,1,1,7,7,7,7,7,7,7,7,7,7
170767,2,1,11,11,11,11,11,11,11,11,11,11
170768,1,1,0,0,0,0,0,0,0,0,0,0
170769,1,1,5,5,5,5,5,5,5,5,5,5
170769,2,1,0,0,0,0,0,0,22,0,0,0
170770,1,2,13,0,32,19,30,13,28,9,9,17
170771,1,1,0,0,0,0,0,0,0,0,0,0
170771,2,1,0,0,0,0,0,0,0,0,0,0
170772,1,1,8,0,13,12,0,0,13,22,0,0
170773,1,1,24,24,24,24,24,24,24,24,24,24
170774,1,1,0,0,0,0,0,0,0,0,0,0
170775,1,1,0,0,0,0,14,0,10,0,0,0
170775,2,1,0,0,0,0,0,0,0,0,0,0
170776,1,1,0,21,0,23,0,0,0,0,0,0
170776,2,1,0,0,0,12,22,0,0,0,0,0
170777,0,1,38,0,0,0,0,30,0,0,31,0
170777,1,1,0,0,13,11,6,26,0,20,18,0
170778,0,1,0,0,0,0,0,0,0,0,0,0
170778,1,1,0,0,0,0,0,0,0,0,0,0
170779,1,1,18,18,18,18,18,18,18,18,18,18
170780,1,1,0,0,0,0,0,0,0,0,0,0
170780,2,1,0,0,0,0,0,0,0,0,0,0
170781,1,1,27,8,4,8,10,7,14,14,12,18
170782,1,1,0,0,0,0,0,0,0,0,0,0
170782,2,1,0,0,0,0,0,0,0,16,0,0
170783,1,1,0,0,0,0,0,0,0,0,0,0
170783,2,1,0,0,0,0,0,0,0,0,0,0
170784,0,1,21,18,0,15,0,14,0,0,0,17
170784,1,1,19,22,31,9,26,7,13,33,8,9
170785,0,1,0,5,18,0,18,26,0,7,0,0
170785,1,1,0,0,0,0,0,0,0,0,0,0
170786,1,1,20,20,20,20,20,20,20,20,20,20
170787,1,1,0,0,0,0,13,0,0,0,0,0
170787,2,1,0,0,0,0,0,0,0,0,0,0
170788,1,1,20,20,20,20,20,20,20,20,20,20
170788,2,1,0,0,0,0,0,0,0,0,0,0
170788,3,1,0,0,0,0,0,0,0,0,0,0
170789,0,1,0,0,0,0,0,0,0,0,0,0
170789,1,1,0,0,0,0,0,0,0,0,0,0
170790,1,1,1,1,1,1,1,1,1,1,1,1
170791,1,1,0,0,0,0,0,0,0,0,0,0
170791,2,1,0,0,0,0,0,0,0,0,0,0
170792,0,1,16,17,0,0,31,0,40,0,0,0
170792,1,1,0,0,0,10,0,11,0,0,0,0
170793,1,1,17,17,17,17,17,17,17,17,17,17
170794,1,1,17,13,7,0,34,15,18,20,26,4
170795,1,1,16,23,31,16,0,0,20,11,13,20
170795,2,1,5,5,5,5,5,5,5,5,5,5
170797,1,1,0,0,0,0,0,0,0,0,0,0
170797,2,1,0,0,0,0,0,0,0,0,0,0
170797,3,1,0,0,0,0,0,0,0,0,0,0
170798,1,1,23,23,23,23,23,23,23,23,23,23
170799,1,1,0,0,0,0,0,0,0,0,0,0
170799,2,1,9,0,0,0,0,0,0,0,0,0
170800,1,1,0,0,0,0,0,0,0,0,0,0
170801,0,1,0,8,0,0,0,0,0,0,0,0
170801,1,1,0,16,0,0,3,0,0,0,0,16
170802,1,1,0,0,0,0,0,0,0,0,0,0
170803,1,1,0,0,0,13,0,17,0,0,18,12
170804,1,1,0,0,0,0,0,0,0,0,0,13
170804,2,1,0,0,0,0,0,0,0,0,0,0
170804,3,1,0,0,0,0,0,0,0,0,0,0
170805,1,1,19,19,19,19,19,19,19,19,19,19
170806,1,1,18,0,13,0,0,10,0,7,19,23
170806,2,1,0,0,0,0,0,0,0,0,0,0
170807,1,1,0,0,0,0,0,0,0,0,0,0
170808,1,1,0,5,15,22,0,19,18,0,0,0
170808,2,1,0,0,0,13,0,0,0,20,0,0
170809,1,1,0,0,0,0,0,0,0,0,0,0
170809,2,1,0,0,0,0,0,0,0,11,0,0
170809,3,1,0,0,0,8,0,0,0,0,0,0
170810,1,1,34,34,34,34,34,34,34,34,34,34
170811,1,1,32,32,32,32,32,32,32,32,32,32
170812,0,1,11,0,34,22,0,13,5,5,0,25
170812,1,1,0,0,0,0,0,0,0,0,0,0
170813,1,1,0,0,0,0,0,8,18,0,20,0
170813,2,1,0,0,10,0,0,0,0,0,0,0
170814,1,1,0,0,0,0,0,0,0,0,0,0
170814,2,1,0,0,0,0,0,0,0,0,0,0
170814,3,1,0,0,0,0,0,0,0,0,0,0
170815,0,1,0,0,0,0,0,16,0,0,16,0
170815,1,1,0,0,0,0,0,0,0,0,0,0
170816,0,1,0,0,0,0,0,0,0,0,0,0
170816,1,1,0,0,0,0,29,0,0,4,0,0
170817,1,1,0,0,13,0,0,0,0,7,0,0
170817,2,1,0,0,0,0,0,0,0,0,0,0
170818,1,1,13,0,9,0,0,0,0,0,0,0
170818,2,1,0,0,0,0,0,0,0,0,0,0
170819,1,1,36,36,36,36,36,36,36,36,36,36
170820,1,1,10,0,38,0,11,16,0,0,0,8
170821,1,1,0,0,0,0,0,0,0,0,0,0
170821,2,1,0,0,0,0,0,0,0,0,0,0
170822,1,1,20,22,35,0,20,0,18,12,9,0
170823,0,1,21,10,21,37,0,0,32,10,0,0
170823,1,1,0,0,0,0,0,0,0,0,0,0
170824,1,1,0,0,0,0,0,0,0,0,0,0
170824,2,1,0,0,0,0,0,0,0,0,0,0
170825,1,1,0,0,0,0,0,0,0,0,0,0
170825,2,1,0,0,0,0,0,0,0,0,0,0
170825,3,1,0,0,0,0,0,0,0,0,0,0
170826,1,1,0,0,0,0,0,0,0,0,0,0
170826,2,1,0,0,0,0,8,0,0,0,0,0
170827,1,1,34,34,34,34,34,34,34,34,34,34
170828,0,1,6,6,6,6,6,6,6,6,6,6
170828,1,1,24,0,0,12,23,0,0,6,4,0
170829,1,1,15,25,33,17,26,24,7,4,23,26
170829,2,1,0,0,0,0,0,0,0,0,0,0
170830,1,1,0,0,0,0,0,0,0,0,0,0
170830,2,1,0,0,0,0,0,0,0,0,0,0
170831,1,1,21,21,21,21,21,21,21,21,21,21
170832,1,1,0,0,0,0,0,0,0,0,0,16
170832,2,1,0,0,8,0,0,0,0,28,0,0
170833,1,1,0,0,0,0,0,0,0,0,0,0
170833,2,1,0,0,0,0,0,0,0,0,0,0
170834,1,1,0,0,0,9,0,0,0,0,17,0
170835,1,1,19,0,0,0,0,0,0,0,0,0
170835,2,1,0,0,18,0,0,13,6,19,0,0
170836,0,1,16,16,16,16,16,16,16,16,16,16
170836,1,1,0,11,11,0,0,0,4,0,0,0
170837,1,1,27,27,27,27,27,27,27,27,27,27
170838,1,1,0,0,0,19,0,0,0,0,37,12
170838,2,1,0,0,0,0,0,0,0,0,0,0
170839,1,1,0,0,0,0,0,0,0,0,0,0
170839,2,1,17,0,0,15,0,15,0,0,0,0
170840,1,1,0,0,0,0,0,0,0,0,0,0
170840,2,1,0,0,0,0,0,0,0,0,0,0
170841,1,1,0,0,0,0,0,0,25,0,0,0
170842,1,1,0,8,0,0,0,18,13,0,9,0
170843,1,1,0,0,0,0,0,0,0,0,0,0
170844,0,1,0,0,0,0,0,0,0,0,0,0
170844,1,1,0,0,0,0,0,0,0,0,0,0
170845,1,1,0,0,0,0,0,0,0,0,0,0
170846,1,1,0,16,14,0,22,33,0,0,6,0
170846,2,1,2,2,2,2,2,2,2,2,2,2
170847,1,1,0,0,0,0,0,0,0,0,0,0
170847,2,1,0,0,0,0,0,0,0,0,0,0
170848,1,1,0,0,0,0,0,0,0,0,0,0
170849,1,1,0,0,0,0,0,0,0,0,0,0
170850,1,1,13,13,13,13,13,13,13,13,13,13
170851,1,1,0,0,0,0,0,0,0,0,0,0
170851,2,1,0,0,0,0,0,0,24,0,12,23
170851,3,1,0,0,0,0,0,0,0,0,0,0
170852,1,1,8,8,8,8,8,8,8,8,8,8
170853,0,1,16,16,16,16,16,16,16,16,16,16
170853,1,1,5,0,18,15,0,0,18,8,20,5
170854,1,1,18,21,5,20,11,14,20,13,0,6
170855,0,1,16,16,16,16,16,16,16,16,16,16
170855,1,1,1,1,1,1,1,1,1,1,1,1
170856,0,1,16,16,16,16,16,16,16,16,16,16
170856,1,1,0,0,0,0,0,0,32,0,0,32
170856,2,1,0,0,0,0,0,0,0,0,0,0
170857,1,1,0,0,0,0,0,0,0,0,0,0
170857,2,1,0,0,0,0,0,0,0,0,0,0
170858,0,1,8,8,8,8,8,8,8,8,8,8
170858,0,2,2,2,2,2,2,2,2,2,2,2
170858,1,1,0,0,0,0,0,0,0,0,0,0
170859,1,1,0,15,24,26,22,0,0,29,0,0
170860,1,1,9,9,9,9,9,9,9,9,9,9
170860,2,1,0,0,0,0,0,0,22,0,0,0
170861,1,1,0,0,0,0,0,0,0,0,0,0
170861,2,1,12,12,12,12,12,12,12,12,12,12
170862,1,1,16,16,16,16,16,16,16,16,16,16
170863,1,1,18,18,18,18,18,18,18,18,18,18
170864,1,1,14,0,23,0,0,9,5,10,0,0
170864,2,1,13,5,0,22,15,21,8,0,15,17
170865,1,1,7,7,7,7,7,7,7,7,7,7
170865,2,1,25,25,25,25,25,25,25,25,25,25
170866,1,1,24,24,24,24,24,24,24,24,24,24
170866,2,1,0,0,0,0,0,0,0,0,0,0
170867,1,1,0,0,0,0,0,0,0,0,0,0
170867,2,1,0,0,0,0,0,0,0,0,0,0
170868,1,1,14,14,14,14,14,14,14,14,14,14
170869,1,1,0,0,21,0,0,0,0,0,0,13
170869,2,1,0,0,0,0,0,0,0,7,0,0
170869,3,1,0,0,0,0,0,0,0,0,0,0
170870,1,1,0,0,0,0,0,0,0,0,0,0
170870,2,1,22,22,22,22,22,22,22,22,22,22
170871,1,1,16,16,16,16,16,16,16,16,16,16
170872,1,1,1,1,1,1,1,1,1,1,1,1
170873,1,1,0,0,0,0,0,0,0,0,0,0
170874,0,1,0,0,0,0,0,12,0,0,0,0
170874,1,1,0,0,0,8,0,0,4,0,8,6
170875,1,1,0,0,0,0,8,0,0,0,0,0
170875,2,1,0,0,0,0,0,0,0,0,0,0
170875,3,1,0,0,0,0,0,0,0,0,0,0
170876,1,1,0,0,0,0,0,0,0,0,0,0
170876,2,1,0,0,0,0,0,0,0,0,0,0
170877,0,1,0,0,22,15,42,0,17,0,0,21
170877,1,1,0,0,11,6,33,0,9,20,8,0
170878,0,1,0,0,0,0,3,0,26,0,0,0
170878,1,1,0,0,0,0,0,0,0,0,0,0
170879,1,1,6,6,6,6,6,6,6,6,6,6
170880,1,1,0,0,0,0,0,0,0,0,0,0
170880,2,1,0,0,0,0,0,0,0,0,0,0
170881,0,1,0,0,0,0,0,0,0,21,0,0
170881,1,1,0,0,0,0,0,0,0,0,0,0
170882,1,1,0,0,0,0,0,0,0,12,0,0
170882,2,1,19,19,19,19,19,19,19,19,19,19
170883,1,1,0,0,0,0,0,0,0,0,0,0
170883,2,1,0,0,0,0,0,0,0,0,0,0
170884,0,1,15,15,15,15,15,15,15,15,15,15
170884,1,1,29,22,19,29,19,35,16,0,18,12
170885,1,1,0,0,0,0,0,0,0,0,0,0
170886,1,1,29,29,29,29,29,29,29,29,29,29
170887,1,1,20,20,20,20,20,20,20,20,20,20
170887,2,1,0,0,0,0,0,0,0,0,0,0
170888,0,1,22,0,0,0,0,0,0,0,22,0
170888,1,1,0,0,0,0,0,0,0,0,0,0
170889,1,1,0,0,31,16,0,7,0,0,0,3
170890,1,1,0,0,0,10,0,0,0,0,16,0
170890,2,1,0,0,0,0,0,0,0,0,0,22
170891,1,1,0,0,0,17,38,0,0,0,0,0
170892,1,1,0,0,0,0,0,0,0,0,0,6
170893,1,1,1,1,1,1,1,1,1,1,1,1
170893,2,1,0,0,0,0,23,0,0,0,9,0
170894,1,1,0,0,0,0,0,0,0,0,0,0
170894,2,1,0,0,0,0,0,0,0,19,33,0
170894,3,1,0,0,0,0,0,0,23,0,0,0
170895,1,1,0,11,21,31,11,0,15,0,24,0
170896,1,1,0,0,0,0,0,0,0,0,0,9
170897,1,1,0,0,0,0,0,0,0,0,0,0
170897,2,1,0,0,0,0,0,0,0,0,0,0
170898,1,1,0,0,0,0,0,0,0,0,0,0
170898,2,1,0,0,0,0,0,0,0,0,0,0
170899,1,1,0,0,0,0,0,0,0,0,0,0
170899,2,1,0,0,0,0,0,0,0,0,0,0
170900,0,1,0,0,0,0,0,0,0,0,0,0
170900,1,1,0,0,0,0,0,0,0,0,0,0
170901,0,1,0,9,0,0,21,0,0,0,8,0
170901,1,1,7,3,22,0,7,9,0,0,0,0
170901,2,1,0,0,0,0,0,0,0,0,0,0
170902,1,1,16,16,16,16,16,16,16,16,16,16
170902,2,1,0,0,0,18,0,0,0,0,0,0
170902,3,1,0,0,0,0,0,0,0,0,0,0
170903,1,1,0,0,0,0,0,0,0,0,0,0
170903,2,1,0,0,0,0,0,0,0,0,0,0
170904,1,1,0,0,0,0,0,0,0,0,0,0
170905,1,1,0,0,0,0,0,0,0,0,0,0
170905,2,1,0,11,0,0,0,0,0,0,0,0
170906,1,1,0,0,0,0,0,0,0,0,0,0
170906,2,1,0,0,0,0,0,0,0,0,0,0
170907,0,1,0,25,0,0,0,32,0,0,0,11
170907,1,1,0,14,0,0,0,0,0,0,0,0
170908,1,1,0,0,0,0,18,0,0,0,0,34
170908,2,1,0,0,0,0,0,0,0,0,0,0
170909,1,1,0,0,0,0,0,0,0,0,0,0
170909,2,1,0,0,0,0,0,0,0,0,0,0
170910,1,1,0,0,0,0,0,0,0,0,0,0
170911,1,1,10,11,0,7,0,0,18,13,0,0
170911,2,1,12,12,12,12,12,12,12,12,12,12
170912,1,1,0,0,0,15,0,0,0,0,0,0
170913,1,1,0,0,0,0,0,0,0,0,0,0
170914,1,1,0,0,0,0,0,0,0,0,0,0
170915,1,1,0,0,5,5,9,21,28,6,0,0
170916,0,1,0,0,0,0,0,0,0,0,0,0
170916,1,1,0,0,0,0,0,0,0,0,0,0
170917,1,1,36,36,36,36,36,36,36,36,36,36
170918,1,1,0,0,45,0,0,26,0,0,0,0
170919,1,1,0,0,0,0,0,0,0,0,0,0
170919,2,1,0,0,0,0,0,0,0,0,0,0
170919,3,1,0,0,0,0,0,0,0,0,0,0
170919,4,1,0,0,0,0,0,0,0,0,0,0
170919,5,1,0,0,0,0,0,0,0,0,0,0
170919,6,1,0,0,0,0,0,0,0,0,0,0
170920,0,1,0,0,0,0,0,0,0,0,0,0
170920,1,1,0,0,0,0,0,0,0,0,0,0
170920,2,1,0,0,0,26,0,0,0,0,0,0
170921,1,1,0,0,6,0,0,0,22,20,21,14
170921,2,1,0,0,35,18,14,13,15,14,18,10
170922,1,1,0,0,0,0,0,0,0,0,0,0
170922,2,1,0,0,0,0,0,0,0,1,0,0
170923,0,1,0,0,0,0,0,29,0,0,0,0
170923,1,1,0,0,0,0,0,0,0,2,7,0
170924,1,1,0,0,0,0,0,0,0,0,0,0
170925,1,1,0,0,0,0,0,35,17,0,12,27
170926,1,1,9,30,9,9,8,10,10,17,22,26
170927,1,1,39,39,39,39,39,39,39,39,39,39
170928,1,1,0,0,0,0,0,0,0,14,0,0
170928,2,1,0,0,0,23,0,0,0,0,28,0
170929,1,1,0,0,0,0,0,16,0,0,0,0
170930,0,1,36,36,36,36,36,36,36,36,36,36
170930,1,1,9,9,9,9,9,9,9,9,9,9
170931,0,1,0,0,0,0,0,0,0,0,0,0
170931,1,1,0,26,0,0,0,0,0,0,0,0
170932,1,1,7,7,7,7,7,7,7,7,7,7
170933,1,1,21,21,21,21,21,21,21,21,21,21
170933,2,1,0,0,0,0,0,0,0,0,0,0
170934,1,1,25,25,25,25,25,25,25,25,25,25
170934,2,1,0,0,0,0,0,0,0,0,0,0
170935,1,1,24,24,24,24,24,24,24,24,24,24
170935,2,1,0,0,0,0,19,4,11,12,21,14
170935,3,1,0,0,0,0,0,0,0,0,0,0
170936,0,1,35,35,35,35,35,35,35,35,35,35
170936,1,1,0,0,0,0,0,0,0,0,0,0
170937,0,1,0,0,28,0,0,8,15,0,0,5
170937,1,1,0,0,0,0,0,0,0,0,0,0
170938,1,1,0,0,0,0,0,0,0,0,0,0
170938,2,1,0,0,0,20,0,0,0,0,0,0
170939,1,1,0,0,27,26,0,0,39,0,8,0
170940,1,1,12,12,12,12,12,12,12,12,12,12
170940,2,1,0,0,0,0,0,0,0,0,0,0
170941,1,1,0,0,0,0,0,0,0,0,0,0
170942,1,1,0,0,0,0,0,0,0,0,0,0
170942,2,1,0,0,11,0,0,0,0,0,0,0
170942,3,1,15,9,0,0,0,0,0,13,0,0
170943,1,1,11,11,11,11,11,11,11,11,11,11
170943,2,1,16,0,10,0,0,30,0,0,20,16
170944,0,1,0,0,0,22,32,0,41,0,0,0
170944,1,1,11,0,21,6,21,0,44,0,20,0
170944,2,1,0,0,0,0,0,0,0,0,0,0
170945,1,1,18,18,18,18,18,18,18,18,18,18
170946,1,1,0,0,0,0,0,0,0,0,0,0
170946,2,1,0,0,0,0,0,0,0,0,0,0
170947,0,1,0,0,0,0,0,0,0,0,0,0
170947,1,1,0,0,0,0,0,0,8,0,8,0
170948,1,1,2,2,2,2,2,2,2,2,2,2
170948,2,1,0,0,0,0,0,0,0,0,0,0
170948,3,1,0,0,0,0,0,0,0,0,0,0
170949,1,1,0,0,0,0,0,0,0,0,0,0
170949,2,1,10,0,0,0,0,0,0,0,0,0
170950,1,1,19,19,19,19,19,19,19,19,19,19
170950,2,1,0,0,0,0,0,0,0,0,0,0
170951,1,1,0,0,0,0,0,0,0,0,0,0
170951,2,1,0,0,0,0,0,0,0,0,0,0
170952,0,1,0,0,0,0,0,0,0,0,0,0
170952,1,1,0,0,0,0,0,0,0,0,0,0
170953,1,1,0,0,2,0,0,4,0,0,0,0
170954,1,1,12,12,12,12,12,12,12,12,12,12
170954,2,1,0,0,0,0,0,0,0,0,0,0
170955,0,1,0,0,0,0,0,0,0,0,0,0
170955,1,1,6,0,28,0,17,10,0,0,0,0
170956,1,1,0,0,0,0,0,0,0,0,0,0
170957,0,1,0,0,0,0,0,0,0,0,0,0
170957,1,1,16,0,0,0,0,0,0,0,0,0
170958,1,1,0,0,0,0,0,0,0,0,0,0
170958,2,1,0,0,0,0,0,0,0,0,0,0
170959,1,1,0,0,16,0,0,0,0,0,0,0
170959,2,1,35,0,17,0,19,0,0,18,0,0
170960,1,1,0,0,0,0,0,0,0,0,0,0
170961,1,1,0,0,0,0,0,0,0,0,0,0
170961,2,1,0,0,0,0,0,0,0,0,0,0
170962,1,1,0,0,0,11,9,0,6,16,0,0
170962,2,1,0,0,0,0,0,0,0,0,0,0
170963,1,1,9,9,9,9,9,9,9,9,9,9
170963,2,1,0,0,0,0,0,0,0,0,0,0
170964,1,1,15,15,15,15,15,15,15,15,15,15
170965,1,1,14,20,11,20,14,0,8,18,0,0
170966,0,1,15,0,0,0,0,0,0,0,0,23
170966,1,1,0,0,0,0,0,0,0,0,0,0
170967,1,1,0,19,0,0,17,30,0,16,0,0
170968,1,1,0,0,0,0,0,0,0,0,0,0
170969,1,1,11,0,9,0,20,0,0,0,25,0
170969,2,1,31,6,17,23,17,0,0,0,0,8
170970,1,1,31,31,31,31,31,31,31,31,31,31
170971,1,1,0,0,0,0,0,0,0,0,0,0
170971,2,1,0,0,0,25,0,0,0,11,33,0
170972,1,1,0,0,0,0,0,0,0,0,0,0
170972,2,1,0,24,0,0,0,0,0,30,16,0
170973,0,1,0,0,0,0,0,0,0,0,0,0
170973,1,1,0,0,0,0,0,0,0,0,0,0
170974,1,1,0,0,0,0,0,0,0,0,0,0
170975,1,1,0,0,0,0,0,0,0,0,0,0
170976,1,1,0,0,0,0,0,0,0,0,0,0
170976,2,1,0,0,0,0,0,0,0,0,0,0
170977,0,1,0,0,0,0,0,0,0,0,0,0
170977,1,1,0,0,0,0,0,0,0,0,0,0
170978,0,1,19,19,19,19,19,19,19,19,19,19
170978,2,1,0,0,0,0,0,0,0,0,0,0
170979,1,1,0,0,0,0,22,0,0,0,17,10
170980,1,1,0,0,3,0,0,0,0,0,0,0
170981,1,1,13,10,0,23,23,11,17,16,13,16
170982,1,1,13,13,13,13,13,13,13,13,13,13
170982,2,1,0,0,0,0,23,0,0,0,0,0
170983,1,1,10,9,20,0,17,17,14,18,12,0
170983,2,1,0,0,0,0,0,0,0,0,0,0
170984,1,1,15,19,14,0,11,0,16,0,20,0
170984,2,1,0,0,0,0,0,0,0,0,0,0
170984,3,1,0,0,0,0,0,0,0,0,0,0
170985,1,1,5,5,5,5,5,5,5,5,5,5
170985,2,1,0,0,0,0,0,0,0,0,0,0
170986,1,1,17,0,0,0,8,0,0,18,0,0
170986,2,1,0,0,0,0,0,0,0,0,0,0
170987,1,1,0,0,0,0,0,0,0,0,0,0
170987,2,1,0,4,10,0,27,0,38,0,0,0
170988,1,1,0,0,0,0,0,0,0,0,0,17
170989,0,1,0,0,35,0,0,0,0,0,16,0
170989,1,1,0,0,0,0,0,0,0,0,0,0
170990,1,1,1,1,1,1,1,1,1,1,1,1
170991,1,1,0,0,0,0,0,0,0,0,0,0
170991,2,1,0,0,0,0,0,0,0,0,0,0
170992,1,1,0,0,0,0,0,0,0,0,0,0
170993,1,1,6,7,0,12,0,0,22,9,22,14
170994,0,1,35,35,35,35,35,35,35,35,35,35
170994,1,1,0,0,0,0,0,0,0,0,0,0
170995,0,1,0,0,0,0,0,0,18,0,0,0
170995,1,1,0,0,0,0,0,0,0,0,0,0
170996,1,1,0,0,0,0,0,0,0,0,0,0
170996,2,1,0,0,0,0,0,0,0,0,0,0
170997,1,1,0,0,0,0,0,0,0,0,0,12
170997,2,1,0,0,0,0,0,0,0,0,0,0
170997,3,1,0,0,0,0,0,0,0,0,0,0
170998,1,1,0,0,0,0,0,0,0,0,15,0
170998,2,1,17,36,12,15,0,7,0,0,0,16
170998,3,1,0,0,0,0,0,0,0,0,0,0
170999,1,1,0,0,0,0,0,0,0,0,0,0
170999,2,1,27,17,21,19,19,26,17,14,34,0
171000,1,1,0,0,19,0,0,0,0,0,0,0
171000,2,1,0,0,0,0,0,0,0,0,0,0
171001,1,1,15,15,15,15,15,15,15,15,15,15
171002,1,1,0,0,0,0,0,0,0,0,0,0
171002,2,1,0,0,0,0,0,0,0,0,0,0
171002,3,1,0,0,0,0,0,0,0,0,0,0
171003,1,1,26,26,26,26,26,26,26,26,26,26
171003,2,1,0,0,0,0,0,0,0,0,0,0
171004,1,1,0,0,0,0,0,0,0,0,0,0
171004,2,1,0,0,0,0,0,0,0,0,0,0
171004,3,1,0,0,0,0,0,18,0,9,0,0
171005,1,1,10,10,10,10,10,10,10,10,10,10
171006,1,1,0,0,0,0,5,0,0,0,0,0
171006,2,1,0,0,0,0,0,0,0,21,7,0
171007,1,1,25,25,25,25,25,25,25,25,25,25
171008,1,1,0,0,0,0,0,0,0,0,0,0
171008,2,1,0,0,0,0,0,0,0,0,0,0
171009,1,1,0,0,0,0,0,0,0,0,0,0
171009,2,1,0,0,0,0,0,0,0,0,0,0
171010,1,1,0,0,0,0,0,0,0,0,0,0
171011,1,1,16,32,11,21,27,0,0,0,31,23
171012,1,1,0,0,0,0,0,0,0,0,0,0
171012,2,1,0,0,0,0,0,0,0,0,0,0
171013,1,1,0,0,0,0,0,0,0,0,0,0
171014,1,1,0,0,0,0,23,0,0,0,0,24
171014,2,1,25,16,6,21,9,0,21,26,29,0
171015,1,1,15,15,15,15,15,15,15,15,15,15
171016,0,1,0,0,0,0,0,0,0,0,0,0
171016,1,1,0,0,0,0,0,0,0,0,0,0
171017,1,1,13,13,13,13,13,13,13,13,13,13
171018,1,1,0,0,0,0,0,0,0,0,0,0
171019,1,1,0,0,0,0,0,0,0,0,0,0
171019,2,1,0,0,0,0,0,0,0,0,0,0
171019,3,1,0,0,0,0,0,0,0,0,0,0
171020,1,1,19,19,19,19,19,19,19,19,19,19
171021,1,1,0,0,0,0,0,0,0,0,0,0
171021,2,1,0,0,0,0,28,0,0,9,0,0
171022,1,1,0,0,0,0,16,0,0,0,13,0
171023,1,1,0,0,0,0,0,0,0,0,0,0
171023,2,1,14,0,0,0,0,0,0,0,0,0
171024,0,1,0,0,0,0,0,0,0,0,0,0
171024,1,1,6,0,18,9,35,0,15,0,0,0
171025,1,1,0,0,0,0,0,0,0,0,0,0
171025,2,1,0,0,0,12,0,0,0,0,0,0
171026,1,1,0,0,0,0,0,0,0,0,0,0
171026,2,1,0,0,0,0,0,0,0,0,0,0
171027,1,1,0,0,0,15,0,0,0,24,0,0
171027,2,1,0,0,0,0,0,0,0,0,0,0
171027,3,1,0,0,0,0,0,0,0,0,0,0
171027,4,1,0,0,0,0,0,0,0,0,0,0
171028,1,1,0,0,0,0,0,0,0,0,0,0
171028,2,1,0,0,0,0,0,0,0,0,0,0
171029,0,1,0,0,0,0,0,0,0,0,0,0
171029,0,2,0,31,0,0,0,0,0,0,0,0