ST_CASE,VEH_NO,PER_NO,P1,P2,P3,P4,P5,P6,P7,P8,P9,P10
171029,1,1,0,0,0,0,0,0,0,0,0,0
171030,1,1,0,0,0,0,0,0,0,0,0,0
171030,2,1,0,0,0,0,0,0,0,0,0,0
171031,1,1,12,9,9,10,10,6,11,0,26,7
171031,2,1,0,0,0,0,0,0,0,0,0,0
171032,1,1,0,0,0,0,0,0,22,8,0,0
171033,1,1,0,0,0,0,0,0,0,0,0,0
171033,2,1,0,0,0,0,0,0,0,0,0,0
171034,0,1,18,18,18,18,18,18,18,18,18,18
171034,1,1,0,0,0,0,0,0,0,0,0,0
171035,1,1,25,25,25,25,25,25,25,25,25,25
171036,0,1,0,5,10,0,0,0,0,25,34,10
171036,1,1,0,0,0,0,0,0,0,0,0,0
171037,1,1,11,11,11,11,11,11,11,11,11,11
171037,2,1,0,0,0,0,0,0,0,0,0,0
171038,1,1,0,0,0,0,0,0,0,0,0,0
171038,2,1,0,0,0,0,0,0,0,0,0,0
171039,1,1,0,0,0,0,0,0,0,0,0,0
171040,1,1,10,0,0,0,0,0,0,20,35,0
171040,2,1,0,0,0,0,0,0,0,0,0,0
171040,3,1,0,0,0,0,0,0,0,0,0,0
171040,4,1,0,0,0,0,0,0,0,0,0,0
171041,1,1,0,0,10,0,0,0,0,0,0,0
171042,1,1,0,0,0,0,0,0,0,0,0,0
171042,2,1,0,0,0,0,0,0,0,0,0,0
171043,1,1,30,30,30,30,30,30,30,30,30,30
171043,2,1,0,0,0,0,0,0,0,0,0,0
171043,3,1,0,0,0,0,0,0,0,0,0,0
171044,1,1,0,0,0,0,0,0,0,0,0,0
171044,2,1,0,0,0,0,0,0,0,0,0,0
171045,1,1,9,9,9,9,9,9,9,9,9,9
171046,0,1,0,0,0,0,0,0,0,0,0,0
171046,1,1,0,0,27,0,0,0,0,0,0,0
171047,1,1,0,0,0,22,19,0,0,0,0,12
171047,2,1,12,12,0,0,0,0,9,0,0,12
171048,1,1,0,0,0,0,0,0,0,0,0,0
171048,2,1,0,0,0,0,0,0,0,0,0,0
171049,1,1,1,1,1,1,1,1,1,1,1,1
171049,2,1,0,0,0,0,0,0,0,0,0,0
171050,1,1,0,0,0,0,0,0,0,0,0,0
171050,2,1,0,0,0,0,0,0,0,0,0,0
171051,1,1,0,0,0,0,0,0,0,0,0,0
171051,2,1,0,0,0,0,0,0,0,0,0,0
171052,1,1,13,25,13,13,25,22,28,32,13,16
171052,2,1,0,0,0,0,0,0,0,0,0,0
171053,1,1,0,0,0,0,0,0,0,0,0,0
171053,2,1,0,0,0,0,0,0,0,0,0,0
171054,1,1,0,14,0,0,0,0,4,0,4,0
171055,1,1,0,0,0,0,0,0,0,0,0,0
171055,2,1,0,0,0,0,0,0,0,0,0,0
171056,1,1,0,0,0,0,0,0,0,0,0,0
171056,2,1,0,0,0,0,0,0,0,0,0,0
171057,1,1,19,19,19,19,19,19,19,19,19,19
171057,2,1,0,0,0,0,0,0,0,10,22,0
171058,0,1,0,0,0,0,0,0,0,0,17,0
171058,1,1,0,0,0,0,0,0,0,0,0,0
171059,1,1,36,0,0,19,6,0,24,0,0,21
171059,2,1,6,9,0,37,0,16,0,17,0,3
171060,1,1,0,0,19,0,15,27,0,0,0,0
171060,2,1,0,0,0,0,0,0,0,0,0,22
171061,1,1,0,0,0,0,0,11,0,0,10,0
171061,2,1,0,0,0,0,0,0,7,0,0,0
171061,3,1,0,0,0,0,0,0,0,0,0,0
171062,1,1,0,0,0,0,0,0,0,0,0,0
171062,2,1,0,0,0,0,0,0,0,0,0,0
171063,1,1,2,2,2,2,2,2,2,2,2,2
171064,1,1,0,0,0,0,0,0,0,0,0,0
171065,1,1,0,0,0,0,0,0,0,22,0,0
171065,2,1,0,0,0,11,13,0,0,0,0,0
171066,1,1,11,11,11,11,11,11,11,11,11,11
171067,1,1,26,26,26,26,26,26,26,26,26,26
171067,2,1,0,0,0,0,0,0,0,0,0,0
171068,1,1,0,0,0,0,0,0,0,0,0,0
171068,2,1,0,0,0,0,0,0,0,0,0,0
171069,1,1,0,0,0,0,0,0,0,0,0,0
171069,2,1,0,0,0,0,0,0,0,0,2,0
171070,1,1,0,0,0,0,0,0,0,0,0,0
171071,2,1,0,0,0,0,3,0,0,0,0,0
171072,1,1,6,0,9,30,0,0,0,12,35,0
171072,2,1,0,0,0,0,0,0,0,0,34,0
171073,1,1,0,0,0,0,21,14,0,0,0,0
171073,2,1,0,0,0,0,0,0,0,0,0,0
171074,0,1,0,0,0,34,0,0,0,0,0,0
171074,1,1,0,0,0,0,0,0,0,0,0,0
171075,1,1,30,30,30,30,30,30,30,30,30,30
171076,1,1,36,36,36,36,36,36,36,36,36,36
171076,2,1,0,0,0,0,0,0,0,0,0,0
171077,1,1,14,15,0,0,0,0,9,0,0,0
171078,1,1,28,28,28,28,28,28,28,28,28,28
171078,2,1,0,0,0,0,19,0,0,0,0,0
171079,1,1,0,0,0,0,21,0,0,0,0,0
171080,1,1,18,18,18,18,18,18,18,18,18,18
171081,1,1,0,0,15,0,0,0,0,0,0,0
171081,2,1,22,0,4,18,12,21,0,0,0,0
171082,1,1,3,0,21,0,0,0,0,9,22,0
171083,1,1,19,0,0,0,0,0,0,0,23,0
171084,1,1,28,28,28,28,28,28,28,28,28,28
171084,2,1,0,0,0,0,0,0,0,0,0,0
171084,3,1,0,0,0,0,0,0,0,0,0,0
171085,1,1,0,0,0,0,0,0,0,0,0,0
171085,2,1,0,0,0,0,0,0,0,0,0,0
171086,1,1,0,0,0,0,0,0,0,0,0,0
171087,1,1,0,0,0,0,0,0,0,0,0,0
171087,2,1,0,0,0,0,0,0,18,0,0,0
171088,0,1,18,18,18,18,18,18,18,18,18,18
171088,1,1,0,0,0,0,0,0,0,0,0,0
171089,1,1,0,0,0,0,0,0,0,0,0,0
171090,1,1,0,0,0,0,0,0,27,0,7,0
171091,0,1,0,0,0,0,0,0,0,0,0,0
171091,1,1,0,0,12,0,0,6,20,0,0,0
171091,2,1,0,0,0,20,12,0,0,0,0,0
171091,3,1,0,18,2,0,0,0,0,0,3,10
171091,4,1,0,0,0,0,0,0,0,0,0,0
171092,1,1,0,0,0,0,0,27,0,0,18,0
171092,2,1,0,0,0,0,0,0,0,0,0,0
171092,3,1,0,0,0,0,0,0,0,0,0,9
171092,4,1,0,0,0,0,0,0,0,6,0,0
171092,5,1,0,0,0,0,0,0,0,0,0,0
171092,6,1,0,0,0,0,0,0,0,0,0,0
171093,1,1,0,0,0,0,0,0,0,0,0,0
171094,1,1,0,23,14,14,0,0,10,0,0,0
171094,2,1,0,0,0,0,0,0,0,0,0,0
171094,3,1,0,0,0,0,0,0,0,0,0,0
171095,1,1,1,1,1,1,1,1,1,1,1,1
171095,2,1,0,0,0,0,0,0,0,0,0,0
171096,1,1,27,27,27,27,27,27,27,27,27,27
171097,1,1,0,0,0,0,0,0,0,0,0,0
171097,3,1,0,0,0,0,0,0,0,0,0,0
171098,0,1,0,0,0,0,0,0,0,0,0,0
171098,1,1,0,0,0,0,0,0,0,0,0,0
171099,0,1,0,0,0,0,0,23,0,0,0,0
171099,1,1,0,0,0,0,0,0,0,0,0,0
171100,1,1,0,0,0,0,0,0,0,0,0,6
171100,2,1,0,0,0,0,0,0,0,0,0,0
171101,0,1,0,0,0,0,0,0,0,0,0,0
171101,1,1,0,8,4,18,0,0,0,0,0,0
171103,1,1,0,0,15,19,14,0,0,17,0,0
171103,2,1,0,0,29,0,0,17,0,0,0,14
171104,0,1,0,10,0,34,0,0,0,0,0,34
171104,1,1,0,0,0,0,0,0,0,0,0,0
171105,0,1,34,34,34,34,34,34,34,34,34,34
171105,1,1,0,0,0,0,0,0,0,0,0,0
171106,1,1,27,27,27,27,27,27,27,27,27,27
171106,2,1,0,0,18,13,13,0,0,17,28,0
171107,1,1,0,20,0,0,0,0,0,0,0,0
171107,2,1,0,13,0,0,0,0,0,0,0,0
171110,1,1,17,0,21,10,0,0,0,9,0,14
180001,1,1,0,0,0,0,0,0,0,0,0,0
180001,2,1,0,0,0,0,0,0,0,0,0,0
180002,1,1,0,0,0,0,0,0,0,0,0,0
180002,2,1,0,0,0,0,0,0,0,0,0,0
180003,1,1,0,0,0,0,0,0,0,0,0,0
180004,1,1,0,0,0,0,0,0,0,0,0,0
180005,0,1,12,0,0,0,0,0,47,0,0,0
180005,1,1,0,0,0,0,0,0,0,0,0,0
180006,1,1,0,0,0,0,0,0,0,0,0,0
180007,1,1,0,0,0,0,0,0,0,0,0,0
180007,2,1,0,0,0,0,0,0,0,0,0,0
180008,1,1,0,0,0,0,0,0,0,0,0,0
180009,1,1,0,0,0,0,0,0,0,0,0,0
180009,2,1,0,0,0,0,0,0,0,0,0,0
180010,1,1,13,0,0,0,0,0,0,0,27,11
180010,2,1,0,0,0,0,0,0,0,0,0,0
180011,1,1,0,0,0,0,0,0,0,0,0,0
180011,2,1,0,0,0,0,0,0,0,0,0,0
180012,1,1,10,0,0,19,0,0,0,15,25,14
180013,1,1,0,0,0,0,0,0,0,0,0,0
180014,1,1,0,20,0,0,0,22,11,11,12,0
180014,2,1,0,0,0,0,0,0,0,0,0,0
180015,1,1,0,0,21,0,18,0,0,24,0,0
180016,1,1,0,0,0,0,0,0,0,0,0,0
180016,2,1,0,0,0,0,0,0,0,0,0,0
180017,1,1,0,0,0,0,0,0,0,0,0,0
180017,2,1,0,0,0,0,0,0,0,0,0,0
180018,1,1,0,0,0,0,0,0,0,0,0,0
180018,2,1,16,0,0,0,16,7,0,17,0,0
180019,0,1,0,9,0,0,0,11,0,0,10,27
180019,1,1,0,0,0,0,0,0,0,0,0,0
180020,1,1,16,16,16,16,16,16,16,16,16,16
180021,1,1,0,0,0,0,0,0,0,0,0,0
180021,2,1,0,12,0,0,0,0,9,29,0,0
180021,3,1,0,0,0,0,0,0,0,0,0,0
180021,4,1,0,0,0,0,0,0,0,0,0,0
180021,5,1,0,0,0,0,0,0,0,0,0,0
180021,6,1,0,0,0,0,0,0,0,0,0,0
180021,7,1,0,0,0,0,0,0,0,0,0,0
180021,8,1,0,0,0,0,13,0,0,0,0,0
180021,9,1,0,0,0,0,0,0,0,0,0,0
180022,1,1,0,0,0,0,0,0,0,0,0,0
180023,1,1,22,17,17,21,16,27,18,15,27,21
180024,1,1,0,0,0,0,0,0,0,0,0,0
180024,2,1,0,0,0,0,0,0,0,0,0,0
180025,1,1,0,0,0,0,0,0,0,0,0,0
180026,0,1,23,17,11,0,0,14,35,19,15,55
180026,1,1,0,0,0,0,0,0,0,0,0,0
180027,1,1,14,14,14,14,14,14,14,14,14,14
180027,2,1,0,0,21,29,0,0,14,0,0,0
180030,0,1,13,18,26,13,0,0,6,10,20,0
180030,1,1,0,0,23,0,0,9,0,0,0,0
180031,1,1,20,20,20,20,20,20,20,20,20,20
180032,1,1,0,0,0,0,0,13,0,0,0,0
180032,2,1,0,0,0,0,0,0,0,0,0,0
180033,0,1,24,24,24,24,24,24,24,24,24,24
180033,1,1,22,0,19,20,0,19,15,15,14,13
180034,0,1,5,5,5,5,5,5,5,5,5,5
180034,1,1,0,0,0,0,0,0,0,0,0,5
180034,2,1,0,0,3,9,17,0,14,0,0,0
180035,1,1,0,0,0,0,0,0,0,0,0,0
180035,2,1,0,0,0,0,0,0,0,0,0,0
180036,1,1,0,0,0,0,0,0,0,0,0,0
180036,2,1,0,0,0,0,0,0,0,0,0,0
180037,1,1,0,0,0,0,0,0,0,0,0,9
180037,2,1,0,0,0,0,0,16,0,27,0,0
180038,1,1,0,0,0,0,0,0,0,0,0,0
180038,2,1,0,0,0,0,0,0,0,0,0,0
180039,1,1,0,0,0,0,0,0,0,0,0,0
180040,0,1,0,0,0,16,0,21,0,0,14,0
180040,1,1,17,17,17,17,17,17,17,17,17,17
180041,1,1,14,14,14,14,14,14,14,14,14,14
180042,1,1,0,0,0,0,0,0,0,0,0,0
180042,2,1,0,0,0,0,0,0,0,0,0,0
180042,3,1,0,0,0,0,0,0,0,0,0,0
180043,1,1,22,8,0,15,34,18,0,18,0,10
180044,1,1,0,0,0,0,0,0,0,0,0,0
180045,0,1,0,0,0,0,0,0,0,0,0,0
180045,1,1,0,0,0,0,0,0,0,0,17,0
180046,1,1,0,0,0,0,15,0,0,0,0,20
180046,2,1,0,0,0,0,0,0,0,0,0,0
180047,1,1,0,0,0,0,0,0,0,0,0,0
180047,2,1,0,0,0,0,0,0,0,0,0,0
180048,1,1,0,0,0,0,0,0,0,0,0,0
180048,2,1,0,0,0,0,0,0,0,0,0,0
180048,3,1,0,0,0,0,0,0,0,0,0,0
180049,1,1,19,19,19,19,19,19,19,19,19,19
180050,1,1,24,24,24,24,24,24,24,24,24,24
180051,1,1,0,0,0,0,0,0,0,11,9,0
180051,2,1,0,0,0,0,0,0,0,0,0,0
180052,1,1,0,0,0,0,0,0,0,0,0,0
180052,2,1,0,0,0,0,0,0,0,0,0,0
180053,1,1,4,4,4,4,4,4,4,4,4,4
180053,2,1,11,9,32,27,32,23,22,13,20,25
180053,3,1,0,0,0,0,0,0,0,0,0,0
180054,1,1,0,0,0,0,0,0,0,0,0,0
180054,2,1,0,0,20,17,23,0,10,13,0,12
180055,1,1,16,0,0,0,0,13,8,0,19,6
180056,1,1,22,22,22,22,22,22,22,22,22,22
180056,2,1,0,0,13,0,5,0,0,0,0,0
180057,1,1,0,0,0,0,0,0,0,0,0,0
180058,1,1,0,0,0,0,0,0,0,0,0,0
180058,2,1,0,0,0,0,0,0,0,0,0,0
180059,1,1,0,0,0,0,0,0,0,0,0,0
180060,1,1,18,18,18,18,18,18,18,18,18,18
180061,1,1,0,0,0,0,0,0,0,0,0,0
180062,1,5,0,0,0,0,0,11,0,0,0,0
180062,2,1,0,0,0,0,0,0,0,0,0,0
180062,3,1,0,0,0,0,0,0,0,0,0,0
180063,0,1,0,0,0,0,0,0,0,0,0,0
180063,1,1,0,0,0,0,0,0,0,0,0,0
180064,1,1,0,0,0,9,0,0,0,0,0,16
180065,1,1,0,0,0,11,0,10,0,0,0,23
180066,1,1,2,2,2,2,2,2,2,2,2,2
180066,2,1,0,0,0,0,0,0,0,0,0,0
180067,1,1,0,0,0,0,0,0,0,0,0,0
180068,1,1,0,0,0,0,0,0,0,0,0,0
180069,1,1,11,11,11,11,11,11,11,11,11,11
180070,1,1,0,0,0,0,0,0,0,0,0,0
180071,0,1,3,3,3,3,3,3,3,3,3,3
180071,1,1,0,0,0,0,16,0,0,0,0,0
180072,1,1,14,0,23,0,0,0,0,13,0,0
180073,0,1,0,0,0,0,0,31,0,0,0,0
180073,1,1,0,14,0,0,0,0,0,0,0,0
180074,1,1,0,0,0,0,0,0,0,0,0,0
180075,0,1,26,38,38,0,21,0,0,0,0,26
180075,1,1,0,0,0,0,0,0,0,0,0,0
180076,1,1,16,0,0,0,0,0,12,20,0,0
180077,1,1,29,0,20,30,0,0,0,0,0,0
180078,1,1,18,18,18,18,18,18,18,18,18,18
180079,1,1,0,0,0,0,0,0,0,0,0,0
180080,1,1,16,16,16,16,16,16,16,16,16,16
180081,1,1,0,0,0,0,0,0,0,0,0,0
180081,2,1,21,0,0,0,0,0,0,0,0,0
180081,3,1,0,0,0,0,0,0,0,0,0,0
180082,1,1,0,8,13,0,0,13,34,22,29,14
180083,0,1,0,0,38,20,4,0,20,0,22,9
180083,1,1,0,0,0,0,0,0,0,0,0,0
180084,1,1,0,0,0,0,0,0,0,0,0,0
180085,1,1,23,18,21,0,16,7,0,0,0,16
180086,1,1,0,0,0,0,0,0,0,0,0,0
180086,2,1,0,0,0,0,0,0,0,0,0,0
180087,1,1,0,0,0,0,0,0,0,0,0,0
180088,0,1,0,0,0,0,16,0,14,21,0,11
180088,1,1,0,19,32,14,9,0,0,24,0,13
180089,1,1,8,0,9,32,9,5,0,0,0,0
180090,1,1,13,13,13,13,13,13,13,13,13,13
180091,1,1,0,0,0,0,0,0,0,25,0,0
180091,2,1,0,0,0,0,0,0,0,0,0,0
180092,1,1,16,16,16,16,16,16,16,16,16,16
180092,2,1,16,16,16,16,16,16,16,16,16,16
180093,1,1,15,0,0,18,0,17,0,20,0,0
180093,2,1,0,0,0,0,0,0,0,0,0,0
180094,1,1,0,0,0,0,0,0,0,0,0,0
180094,2,1,0,0,0,0,0,0,0,0,0,0
180095,1,1,0,0,0,13,14,0,0,0,0,15
180095,2,1,0,0,20,12,28,0,8,0,0,0
180096,1,1,9,9,9,9,9,9,9,9,9,9
180097,1,1,0,0,0,0,0,0,0,0,0,0
180098,0,1,0,0,0,0,0,0,0,0,0,0
180098,1,1,0,0,0,0,0,0,0,0,0,0
180100,1,1,0,0,0,0,0,0,0,0,0,0
180102,1,1,0,0,0,0,0,0,0,0,0,0
180103,1,1,0,0,0,0,0,0,0,0,0,0
180103,2,1,23,0,0,17,0,15,0,0,0,0
180104,1,1,0,0,0,0,0,0,0,0,0,0
180104,2,1,0,0,0,0,0,0,0,0,0,0
180105,1,1,0,5,0,0,0,0,0,18,0,0
180106,1,1,0,0,0,0,0,0,0,0,0,0
180106,2,1,0,0,0,0,0,0,0,0,0,0
180107,1,1,0,0,0,0,0,0,0,0,0,0
180108,1,1,0,0,0,0,0,0,0,0,0,0
180108,2,1,0,0,0,0,0,0,0,0,0,0
180109,0,1,0,0,0,0,0,0,0,0,0,0
180109,1,1,0,0,0,0,0,0,0,0,0,0
180110,0,1,11,11,11,11,11,11,11,11,11,11
180110,1,1,0,0,0,0,0,0,0,0,0,0
180110,2,1,0,0,0,0,0,0,0,0,0,0
180111,1,1,0,0,0,0,0,0,0,0,0,0
180112,1,1,0,0,0,0,0,0,0,0,0,0
180112,2,1,12,12,12,12,12,12,12,12,12,12
180113,1,1,32,32,32,32,32,32,32,32,32,32
180114,1,1,0,0,0,22,15,25,0,22,0,23
180115,1,1,0,16,0,0,0,0,0,0,0,0
180116,1,1,0,0,0,0,0,0,0,0,0,0
180118,1,1,0,0,0,0,0,0,0,0,0,0
180119,1,1,0,0,0,0,0,0,0,0,0,0
180119,2,1,0,0,0,0,0,0,0,0,0,0
180120,1,1,0,0,0,0,0,0,0,23,0,0
180121,1,1,0,0,0,0,0,0,0,0,0,0
180121,2,1,0,0,0,0,0,0,0,0,0,0
180122,1,1,0,0,0,0,0,0,0,0,0,0
180122,2,1,0,0,0,0,0,0,0,0,0,0
180124,0,1,0,0,0,0,0,0,0,0,0,0
180124,1,1,0,0,0,0,0,0,0,0,0,0
180125,1,1,0,0,0,0,0,0,0,0,0,0
180126,1,1,0,0,0,0,0,28,0,0,0,0
180127,1,1,32,32,32,32,32,32,32,32,32,32
180128,1,1,0,0,0,0,0,0,0,0,0,0
180129,1,1,0,0,0,0,0,0,0,0,0,0
180130,1,1,0,0,0,0,0,0,0,0,0,0
180130,2,1,0,0,0,0,0,0,0,0,0,0
180131,1,1,0,0,0,0,0,8,26,5,0,0
180132,1,1,0,0,0,0,0,0,12,0,0,0
180132,2,1,0,0,0,0,0,0,0,0,0,0
180133,1,1,0,0,0,0,0,0,0,0,0,0
180134,1,1,22,0,19,22,11,17,30,13,17,11
180134,2,1,18,0,0,13,0,0,0,0,0,0
180135,1,1,0,0,0,0,0,0,0,0,0,0
180136,0,1,0,18,14,17,8,19,8,17,25,16
180136,1,1,0,0,0,0,0,0,0,0,0,0
180137,1,1,0,0,20,7,0,15,13,9,0,0
180137,2,1,0,0,0,0,0,0,0,0,0,0
180138,1,1,0,0,34,0,0,0,0,0,13,0
180138,2,1,18,0,16,0,15,0,10,13,10,20
180139,1,1,17,0,4,0,0,10,7,3,35,0
180140,1,1,0,0,0,0,0,0,0,0,0,8
180142,1,1,0,0,0,0,19,0,0,0,17,10
180142,2,1,0,0,0,0,0,0,0,0,0,0
180143,1,1,0,0,0,0,0,0,0,0,16,0
180143,2,1,0,0,0,0,0,0,0,0,0,0
180144,1,1,0,0,0,0,0,0,0,0,0,0
180144,2,1,0,0,0,0,0,0,0,0,0,0
180145,1,1,0,0,0,0,0,0,0,0,0,0
180145,2,1,0,0,0,0,0,0,0,0,0,0
180146,1,1,16,16,16,16,16,16,16,16,16,16
180146,2,1,0,0,0,0,0,0,0,0,0,0
180146,3,1,0,0,0,0,0,0,0,0,0,0
180147,1,1,0,0,0,0,0,0,0,0,0,0
180147,2,1,0,0,0,0,0,0,0,0,0,0
180147,3,1,0,0,0,0,0,0,0,12,0,0
180148,1,1,0,0,11,0,17,25,5,12,0,0
180149,1,1,0,26,18,0,0,0,0,0,0,0
180149,2,1,0,0,0,0,0,0,0,0,0,0
180149,3,1,0,0,0,0,0,0,0,0,0,0
180150,1,1,0,0,0,0,0,0,0,0,0,0
180151,1,1,15,0,17,0,0,23,8,38,11,0
180152,1,1,0,0,0,0,0,0,0,0,0,0
180152,2,1,0,0,0,0,0,0,0,0,0,0
180153,0,1,12,11,34,41,40,20,25,9,0,18
180153,1,1,0,0,0,0,0,0,0,0,0,0
180154,1,1,15,19,0,17,19,12,13,5,19,9
180155,1,1,24,24,24,24,24,24,24,24,24,24
180156,1,1,0,0,0,0,0,0,0,0,0,0
180156,2,1,0,0,0,0,0,0,0,0,0,0
180157,1,1,0,0,0,8,0,0,0,0,0,0
180157,2,1,0,0,0,11,4,20,0,13,0,9
180158,1,1,0,0,0,0,0,0,0,0,0,0
180159,1,1,18,18,18,18,18,18,18,18,18,18
180160,0,1,21,10,0,19,0,19,0,0,0,0
180160,1,1,0,0,0,0,0,0,0,0,0,0
180161,1,1,2,2,2,2,2,2,2,2,2,2
180161,2,1,0,0,0,0,0,0,0,0,0,0
180163,1,1,0,0,0,0,0,0,0,0,0,0
180163,2,1,0,0,0,0,0,0,0,0,0,0
180164,1,1,0,0,0,0,0,0,0,0,0,0
180164,2,1,0,0,0,0,0,0,0,0,0,0
180165,1,1,0,0,0,0,0,0,0,0,0,0
180165,2,1,0,0,0,0,0,0,0,0,0,0
180166,1,1,21,17,0,22,16,18,23,37,36,16
180167,1,1,20,20,20,20,20,20,20,20,20,20
180167,2,1,0,0,0,0,0,0,10,24,0,0
180168,0,1,18,6,0,0,0,0,17,30,32,0
180168,1,1,0,0,0,0,0,0,0,0,0,0
180169,1,1,11,0,0,0,0,0,0,15,0,0
180169,2,1,0,0,0,0,0,0,0,0,0,0
180170,1,1,0,0,0,0,0,0,0,0,0,0
180171,1,1,26,26,26,26,26,26,26,26,26,26
180172,1,1,0,0,0,0,0,0,0,0,0,0
180173,0,1,0,0,0,0,0,0,0,0,0,0
180173,0,2,29,0,0,0,0,0,0,0,0,0
180173,1,1,0,0,0,0,0,0,0,0,0,0
180174,1,1,0,13,0,0,0,0,0,12,0,0
180175,1,1,17,17,17,17,17,17,17,17,17,17
180175,2,1,0,0,0,0,0,0,0,0,0,0
180176,1,1,7,7,7,7,7,7,7,7,7,7
180176,2,1,0,0,0,0,0,0,0,0,0,0
180177,1,1,0,0,0,0,0,0,0,0,0,0
180177,2,1,0,0,0,0,0,0,0,0,0,0
180178,1,1,0,0,0,0,0,0,0,0,0,0
180178,2,1,0,0,0,0,0,0,0,0,0,0
180179,1,1,0,0,0,0,0,0,0,0,0,0
180179,2,1,0,0,0,0,0,0,0,0,0,0
180180,1,1,6,6,6,6,6,6,6,6,6,6
180181,1,1,0,0,0,0,0,0,0,0,0,0
180182,1,1,0,0,0,0,0,0,0,0,0,0
180182,2,1,0,0,0,0,0,0,0,0,0,0
180182,3,1,0,0,0,0,0,0,0,0,0,0
180183,0,1,0,0,0,21,0,0,11,0,0,0
180183,1,1,0,0,0,0,0,0,0,0,0,0
180184,1,1,0,0,0,0,0,0,0,0,0,0
180184,2,1,0,0,0,0,0,0,0,0,0,0
180185,1,1,0,0,0,0,0,0,0,0,0,0
180185,2,1,0,0,0,0,0,0,25,0,0,0
180185,3,1,0,0,0,0,0,0,0,0,0,0
180186,0,1,8,0,0,0,0,0,16,0,0,0
180186,1,1,0,0,0,0,0,0,0,0,0,0
180187,1,1,0,0,0,0,0,0,0,0,0,0
180187,2,1,0,0,0,0,0,0,0,0,0,0
180188,1,1,10,0,0,0,12,13,0,20,10,0
180190,0,1,0,41,14,0,0,0,0,0,0,13
180190,1,1,14,0,0,0,11,0,12,12,13,0
180191,1,1,36,36,36,36,36,36,36,36,36,36
180192,0,1,0,16,21,0,17,30,0,0,0,9
180192,1,1,0,0,0,0,0,0,0,0,0,0
180193,1,1,0,0,0,0,0,0,0,0,0,0
180194,0,1,0,0,0,0,0,0,0,0,0,0
180194,1,1,0,0,0,0,0,0,0,0,0,0
180195,0,1,0,19,0,0,11,0,0,0,0,14
180195,1,1,0,0,0,0,0,0,0,0,0,0
180196,1,1,0,0,0,0,0,0,0,0,0,0
180196,3,1,0,0,0,0,0,0,0,0,0,0
180196,4,1,0,0,0,0,0,0,0,0,0,0
180197,1,1,0,0,0,0,0,0,0,0,0,0
180198,1,1,0,0,0,0,15,9,5,0,0,0
180199,1,1,0,0,0,0,0,0,0,0,0,0
180199,2,1,0,0,0,0,0,0,0,0,0,0
180200,1,1,0,0,0,0,16,15,0,0,0,0
180200,2,1,0,0,0,0,0,0,0,0,0,0
180201,0,1,0,0,0,19,19,0,0,15,0,10
180201,1,1,0,0,16,0,0,0,0,0,0,0
180202,1,1,0,13,0,0,0,0,0,34,0,26
180204,1,1,0,0,0,0,0,0,0,0,0,0
180204,2,1,0,0,0,0,0,13,0,0,0,0
180205,1,1,0,0,0,0,5,0,14,0,0,0
180206,1,1,0,0,0,0,0,0,0,0,0,0
180206,2,1,0,0,0,0,0,0,0,0,0,5
180207,0,1,0,0,0,0,0,0,0,0,0,0
180207,1,1,0,0,0,0,0,0,0,0,0,0
180208,1,1,0,28,17,0,0,0,0,0,0,0
180209,1,1,19,19,19,19,19,19,19,19,19,19
180210,0,1,0,8,0,0,0,0,13,0,0,0
180210,1,1,0,0,0,0,0,0,0,0,0,0
180211,1,1,12,12,12,12,12,12,12,12,12,12
180212,1,1,0,0,0,23,0,0,0,0,0,0
180213,1,1,15,15,15,15,15,15,15,15,15,15
180213,2,1,0,0,0,0,0,0,0,0,0,0
180214,0,1,0,0,0,0,0,0,0,0,0,0
180214,1,1,0,0,0,0,0,0,0,0,0,0
180215,1,1,0,16,0,0,0,0,22,30,0,17
180216,1,1,0,0,0,0,0,0,0,0,0,0
180217,1,1,18,18,18,18,18,18,18,18,18,18
180218,0,1,0,0,0,0,0,0,0,0,0,0
180218,1,1,0,20,0,20,0,15,8,0,0,14
180218,2,1,0,0,0,0,0,0,0,0,0,0
180219,1,1,0,15,0,0,0,0,0,0,0,0
180219,2,1,0,0,0,0,0,0,0,0,0,0
180220,1,1,0,0,0,0,0,0,0,0,0,0
180220,2,1,0,0,0,0,0,0,0,0,0,0
180221,1,1,0,0,0,0,0,0,0,0,0,0
180221,2,1,0,0,0,0,0,0,0,0,0,0
180221,3,1,0,0,0,0,0,0,0,0,0,0
180222,1,1,0,18,0,0,0,9,15,4,0,0
180223,0,1,0,0,0,0,0,0,0,0,0,0
180223,0,2,0,0,0,0,0,0,0,0,0,0
180223,0,3,0,0,0,0,0,0,0,0,0,0
180223,1,1,18,18,18,18,18,18,18,18,18,18
180223,2,1,0,0,0,0,0,0,0,0,0,0
180223,3,1,4,4,4,4,4,4,4,4,4,4
180224,1,1,19,16,13,18,0,0,0,0,7,13
180224,2,1,0,0,0,0,0,13,0,0,0,21
180225,1,1,0,0,0,0,0,0,0,0,0,0
180225,2,1,0,0,0,0,0,0,0,0,0,0
180226,1,1,0,0,0,0,0,0,0,0,0,0
180227,1,1,0,0,0,0,0,0,0,0,0,0
180229,1,1,19,19,19,19,19,19,19,19,19,19