ST_CASE,VEH_NO,PER_NO,P1,P2,P3,P4,P5,P6,P7,P8,P9,P10
180230,1,1,0,17,0,0,6,0,0,0,10,0
180230,2,1,0,0,0,0,0,0,6,0,0,0
180230,3,1,0,0,0,0,0,0,0,0,0,0
180231,1,1,12,12,12,12,12,12,12,12,12,12
180232,1,1,19,0,0,25,0,0,24,0,0,0
180233,1,1,14,3,18,13,20,8,5,11,21,9
180234,1,1,0,0,31,29,18,0,0,0,0,0
180234,4,1,0,0,0,0,0,0,0,0,0,0
180234,5,1,0,0,13,0,0,14,0,0,9,16
180235,1,1,0,9,0,0,0,0,0,0,0,0
180236,1,1,0,0,0,0,0,0,0,0,0,0
180236,2,1,0,0,0,0,0,0,0,0,0,0
180237,1,1,0,0,34,0,0,0,0,0,0,0
180237,2,1,0,0,0,0,0,0,0,0,0,0
180237,3,1,0,0,0,0,0,0,0,0,0,0
180238,1,1,0,0,0,0,0,8,0,0,0,0
180238,2,1,0,0,0,0,0,0,0,0,0,0
180238,3,1,3,3,3,3,3,3,3,3,3,3
180239,1,1,13,13,13,13,13,13,13,13,13,13
180239,2,1,0,8,0,19,18,0,11,20,0,3
180240,1,1,0,12,0,23,4,0,25,0,12,0
180240,2,1,0,8,0,0,0,0,0,0,0,0
180241,1,1,0,0,0,0,17,0,0,0,0,0
180242,1,1,0,0,0,0,0,0,0,0,0,0
180242,2,1,0,0,0,0,0,0,0,0,0,0
180242,3,1,0,0,0,0,0,0,0,0,0,0
180243,1,1,0,0,0,0,0,0,0,0,0,0
180243,2,1,0,0,0,0,0,0,0,0,0,0
180244,1,2,18,0,0,9,25,14,0,15,0,0
180245,1,1,0,0,0,0,0,0,0,0,0,0
180245,2,1,0,0,0,0,0,0,0,0,0,0
180246,1,1,0,0,0,0,0,0,20,0,0,0
180246,2,1,25,0,6,3,0,0,0,0,0,0
180247,1,1,0,0,0,0,0,0,0,0,0,0
180248,1,1,24,19,10,7,19,16,13,11,10,28
180249,1,1,0,0,0,0,0,0,0,0,14,0
180249,2,1,0,0,0,0,0,0,0,0,0,0
180250,1,1,49,0,0,17,22,0,0,25,0,19
180251,1,1,0,15,28,13,0,0,0,0,0,17
180252,1,1,17,17,17,17,17,17,17,17,17,17
180252,2,1,0,0,0,0,0,0,0,0,0,0
180253,1,1,0,0,0,0,0,0,0,0,0,0
180254,1,1,0,0,0,0,0,0,0,0,0,0
180254,2,1,0,0,0,0,0,0,0,0,0,0
180255,1,1,25,23,0,41,0,0,0,0,0,0
180255,2,1,0,0,0,0,0,0,0,0,0,0
180256,1,1,0,0,0,0,0,0,0,0,0,0
180256,2,1,0,0,0,0,0,0,0,0,0,0
180257,1,1,0,0,0,0,0,0,0,0,0,0
180258,0,1,0,12,21,10,55,26,0,18,0,19
180258,1,1,0,0,0,0,0,0,0,0,0,0
180259,1,1,0,0,0,0,0,0,0,0,0,0
180259,2,1,0,25,0,9,20,28,23,0,7,0
180260,1,1,0,0,0,0,0,0,0,0,0,0
180261,1,1,0,0,0,0,0,36,0,0,0,0
180262,1,1,0,0,0,0,0,0,0,0,0,0
180262,2,1,0,0,0,0,0,0,0,0,0,0
180263,1,1,0,0,0,17,0,14,0,7,14,0
180264,1,1,0,13,35,27,0,0,0,0,0,0
180265,1,1,0,0,0,0,0,0,0,0,0,0
180265,2,1,0,0,0,0,0,0,0,0,0,0
180266,1,1,19,19,19,19,19,19,19,19,19,19
180266,3,2,0,0,0,0,0,0,0,0,0,0
180267,1,1,0,0,0,0,0,0,0,0,0,0
180267,2,1,0,0,0,0,0,0,0,0,0,0
180268,1,1,0,0,0,0,0,0,0,0,0,0
180268,2,1,0,0,0,0,6,0,21,0,0,0
180269,1,1,0,0,0,0,0,0,0,0,0,0
180270,1,1,0,0,0,0,0,0,0,0,0,0
180271,1,1,20,20,20,20,20,20,20,20,20,20
180272,0,1,31,0,0,0,0,0,0,0,0,0
180272,0,2,0,0,0,0,13,0,0,0,0,0
180272,1,1,0,0,0,0,0,0,0,0,0,0
180273,1,1,28,44,0,2,0,8,0,8,24,0
180274,1,1,0,21,0,0,19,0,0,0,0,0
180275,1,1,23,23,23,23,23,23,23,23,23,23
180275,2,1,0,0,0,0,0,11,0,0,0,29
180275,3,1,0,0,0,0,0,0,0,0,0,0
180276,1,1,0,0,0,0,0,0,0,0,0,0
180276,2,1,0,0,0,0,0,0,0,0,0,0
180277,1,1,0,0,0,0,0,0,0,0,16,0
180277,2,1,0,0,0,0,0,0,0,0,0,0
180278,1,1,0,0,0,0,0,0,0,0,0,0
180279,1,1,0,0,0,0,0,28,21,0,23,0
180280,1,1,22,22,22,22,22,22,22,22,22,22
180281,1,1,28,28,28,28,28,28,28,28,28,28
180282,1,1,0,0,0,0,0,0,9,0,9,0
180283,1,1,13,0,4,0,0,0,9,0,0,0
180284,1,1,18,20,6,7,10,0,12,19,18,14
180285,1,1,0,0,0,0,0,0,0,0,0,0
180285,2,1,0,0,0,0,0,0,0,0,0,0
180286,1,1,0,0,0,0,0,0,0,0,0,0
180286,2,1,0,0,0,27,24,0,0,0,0,0
180287,1,1,0,0,0,0,0,0,0,0,0,0
180287,2,1,0,0,0,0,0,0,0,0,0,0
180288,1,1,0,0,0,0,0,0,0,0,0,0
180288,2,1,0,0,0,0,0,0,0,0,0,0
180289,1,1,0,0,0,7,16,10,0,0,12,0
180290,1,1,0,44,27,0,0,0,0,7,0,0
180291,1,1,0,0,0,0,0,0,0,0,0,0
180291,2,1,0,0,0,0,0,0,0,0,0,0
180292,1,1,17,17,17,17,17,17,17,17,17,17
180293,1,1,37,37,37,37,37,37,37,37,37,37
180294,1,1,16,6,22,0,0,0,0,0,0,27
180295,1,1,0,0,0,0,0,0,0,0,0,0
180296,1,1,0,0,0,0,0,0,0,0,0,0
180296,2,1,0,0,0,0,0,0,0,0,0,0
180297,1,1,16,0,0,28,5,31,0,0,7,8
180298,1,1,0,0,0,0,0,0,0,0,0,0
180299,0,1,40,40,40,40,40,40,40,40,40,40
180299,1,1,18,11,10,19,24,0,12,0,0,0
180300,1,1,0,0,0,0,0,0,0,0,0,0
180300,2,1,0,0,0,0,0,0,0,0,0,0
180301,1,1,0,0,0,0,0,0,0,8,0,0
180302,1,1,31,31,31,31,31,31,31,31,31,31
180303,1,1,0,20,0,17,0,0,0,0,9,0
180304,1,1,0,0,0,0,0,0,0,0,0,0
180305,1,1,23,23,23,23,23,23,23,23,23,23
180305,2,1,0,0,0,0,0,0,0,0,0,0
180305,3,1,0,0,0,0,30,22,35,0,0,0
180306,1,1,13,0,23,0,0,0,0,0,0,9
180307,1,1,0,0,19,0,6,0,24,0,8,29
180308,1,1,24,24,24,24,24,24,24,24,24,24
180308,2,1,0,3,0,4,11,16,8,27,0,7
180309,1,1,0,0,0,0,0,0,0,0,0,0
180309,2,1,0,0,0,0,0,0,0,0,0,0
180310,1,1,0,0,0,0,0,0,0,0,0,0
180310,2,1,0,0,0,0,0,0,0,0,0,0
180311,1,1,0,0,0,0,0,0,0,0,0,0
180311,2,1,0,0,0,0,0,0,0,0,0,0
180312,1,1,0,0,0,0,0,0,0,0,0,0
180312,2,1,0,0,0,0,0,0,0,0,0,0
180313,1,1,0,0,0,0,0,19,0,0,0,0
180314,1,1,0,0,13,0,0,0,0,10,0,0
180315,1,1,0,0,0,0,0,14,0,0,0,0
180315,2,1,27,0,0,0,0,13,0,0,0,0
180316,0,1,0,0,0,31,12,17,3,0,0,13
180316,1,1,13,13,13,13,13,13,13,13,13,13
180317,0,1,18,18,18,18,18,18,18,18,18,18
180317,1,1,4,0,0,12,8,6,0,0,0,0
180317,2,1,0,13,9,21,0,0,0,9,16,0
180319,1,1,0,0,7,17,15,0,21,37,25,0
180320,1,1,0,0,0,0,0,0,0,0,0,0
180320,2,1,5,5,5,5,5,5,5,5,5,5
180322,1,1,0,0,0,0,0,0,0,0,0,0
180322,2,1,0,0,0,0,0,0,0,0,0,0
180323,1,1,0,0,0,0,0,0,0,0,0,0
180323,2,1,0,0,0,0,0,0,0,0,0,0
180324,1,1,0,0,0,0,0,0,0,0,0,0
180325,1,1,13,13,13,13,13,13,13,13,13,13
180325,2,1,0,0,4,0,0,20,33,19,0,0
180325,3,1,0,0,0,0,0,0,0,0,0,0
180325,4,1,0,0,0,0,0,0,0,0,0,0
180325,5,1,0,0,0,0,0,0,0,0,0,0
180326,1,1,28,28,28,28,28,28,28,28,28,28
180328,1,1,0,0,0,0,0,0,0,0,0,0
180328,2,1,2,0,0,0,0,0,0,0,0,0
180329,1,1,20,20,20,20,20,20,20,20,20,20
180329,2,1,0,0,0,0,0,0,0,0,0,0
180330,1,1,0,0,0,0,0,0,0,0,0,0
180330,2,1,0,19,0,20,0,0,21,0,0,25
180331,1,1,17,17,17,17,17,17,17,17,17,17
180332,1,1,0,0,0,0,0,0,0,0,0,0
180333,1,1,13,13,13,13,13,13,13,13,13,13
180334,1,1,0,0,0,0,27,0,0,0,23,0
180335,1,1,0,0,0,22,0,0,0,0,0,0
180336,0,1,0,0,32,0,0,0,0,0,0,0
180336,1,1,0,0,0,0,0,0,0,0,0,0
180337,1,1,0,0,16,0,27,0,0,0,0,0
180337,2,1,0,0,0,0,0,0,0,0,0,0
180338,1,1,0,0,7,35,0,17,0,0,32,0
180339,0,1,0,0,0,0,15,0,20,12,0,34
180339,1,1,0,0,0,0,0,0,0,0,0,0
180340,0,1,0,0,0,0,0,12,0,0,0,0
180340,1,1,0,0,0,0,0,0,0,0,0,0
180340,3,1,0,0,0,0,0,0,0,0,0,0
180341,1,1,0,0,14,0,0,0,0,0,0,13
180342,0,1,0,0,0,0,0,0,0,0,0,0
180342,1,1,19,0,0,0,11,30,0,0,9,9
180343,1,1,0,20,0,0,10,0,18,0,0,0
180344,1,1,0,0,0,0,0,0,0,0,0,0
180344,2,1,0,0,0,0,0,0,21,0,0,13
180345,1,1,0,0,0,0,11,0,0,0,0,0
180345,2,1,0,0,0,0,0,0,0,0,0,0
180346,1,1,0,0,0,0,0,0,0,0,0,0
180346,2,1,0,0,0,0,0,0,0,0,0,0
180347,1,1,13,13,13,13,13,13,13,13,13,13
180348,1,1,0,0,0,0,0,0,0,0,0,0
180348,2,1,0,0,0,0,0,0,0,0,0,7
180348,3,1,0,0,0,0,0,0,0,0,0,0
180349,0,1,0,0,0,12,0,0,0,17,0,0
180349,1,1,0,0,0,0,0,0,0,0,0,0
180350,1,1,0,0,0,0,0,0,0,0,0,0
180350,2,1,11,11,11,11,11,11,11,11,11,11
180351,1,1,13,13,13,13,13,13,13,13,13,13
180352,1,1,0,0,0,0,0,0,0,0,0,0
180352,2,1,0,13,13,33,0,11,0,0,0,10
180353,1,1,26,26,26,26,26,26,26,26,26,26
180354,1,1,0,0,0,0,0,0,0,0,0,0
180354,2,1,0,0,0,0,0,0,0,0,0,0
180354,3,1,0,0,0,0,0,0,0,0,0,0
180355,1,1,17,17,17,17,17,17,17,17,17,17
180356,1,1,9,0,0,0,22,0,6,0,33,0
180356,2,1,0,0,0,0,0,0,0,18,0,0
180357,1,1,0,0,0,0,0,0,0,0,0,0
180358,1,1,0,0,0,0,0,0,0,0,0,0
180359,1,1,0,0,0,0,0,0,0,0,0,0
180360,1,1,14,14,14,14,14,14,14,14,14,14
180361,0,1,20,20,20,20,20,20,20,20,20,20
180361,1,1,0,0,0,0,0,0,0,0,0,0
180362,1,1,0,0,0,0,0,0,0,0,0,0
180363,1,1,0,0,0,0,0,0,0,0,0,0
180363,2,1,0,0,0,0,0,0,0,0,0,0
180363,3,1,0,0,0,0,0,0,0,0,0,0
180364,1,1,0,0,0,0,0,0,0,0,0,0
180365,0,1,0,0,0,0,0,0,0,0,0,0
180365,1,1,0,0,0,0,0,0,0,0,0,0
180366,1,1,23,23,23,23,23,23,23,23,23,23
180367,0,1,4,4,4,4,4,4,4,4,4,4
180367,1,1,0,0,0,0,0,0,0,0,0,0
180369,1,1,1,1,1,1,1,1,1,1,1,1
180370,1,1,0,0,0,0,0,0,0,0,0,0
180371,1,1,0,0,0,0,0,0,0,0,0,0
180371,2,1,0,0,0,0,0,13,0,0,5,0
180372,0,1,0,0,0,0,0,0,0,0,0,0
180372,1,1,0,0,0,0,0,0,0,0,0,0
180373,1,1,0,0,0,0,0,0,0,0,0,0
180373,2,1,0,0,0,0,0,0,0,0,0,0
180374,1,1,25,25,25,25,25,25,25,25,25,25
180375,1,1,0,0,0,0,9,0,0,0,0,0
180376,1,1,20,20,20,20,20,20,20,20,20,20
180377,1,1,0,0,0,0,0,0,0,0,0,0
180377,2,1,0,0,0,0,0,0,0,0,0,0
180378,1,1,0,0,17,0,0,0,0,0,0,0
180378,2,1,0,0,0,0,0,0,0,0,0,0
180379,1,1,0,0,0,0,0,0,0,0,0,0
180379,2,1,0,0,0,0,0,0,0,0,0,0
180380,0,1,18,18,18,18,18,18,18,18,18,18
180380,1,1,0,0,0,0,0,0,0,0,0,0
180381,1,1,19,0,0,0,0,0,0,0,0,0
180382,1,1,0,0,0,0,0,0,0,0,0,0
180383,0,1,0,0,0,17,0,31,14,0,0,0
180383,1,1,12,0,48,0,0,0,0,0,0,0
180384,1,1,0,0,0,0,0,0,0,0,0,0
180384,2,1,0,0,0,0,0,0,0,0,0,0
180384,3,1,0,0,0,0,0,0,0,0,0,0
180385,1,1,0,0,0,0,0,0,0,0,0,0
180385,2,1,0,0,0,0,0,0,0,0,0,0
180385,3,1,0,0,0,0,0,0,30,0,0,0
180386,0,1,0,0,0,7,0,0,0,18,0,0
180386,1,1,0,0,0,0,0,0,0,0,0,0
180387,1,1,17,17,17,17,17,17,17,17,17,17
180388,1,1,0,0,20,0,0,0,0,19,0,14
180388,2,1,0,0,0,0,0,0,0,0,20,0
180389,1,1,0,0,0,0,0,0,0,0,0,0
180389,2,1,0,0,0,0,6,6,0,0,0,0
180390,1,1,0,0,0,35,21,0,0,0,0,0
180390,2,1,0,0,0,25,0,0,6,23,0,0
180390,3,1,0,0,0,0,0,0,0,0,0,0
180391,1,1,0,0,0,32,0,22,0,0,0,0
180391,2,1,0,0,0,0,0,0,0,0,0,0
180391,3,1,0,0,0,8,0,0,0,0,0,0
180392,1,1,28,28,28,28,28,28,28,28,28,28
180393,1,1,0,23,0,14,23,20,12,27,12,0
180394,1,1,0,0,0,0,0,0,0,0,0,0
180394,2,1,0,0,0,0,0,0,0,0,0,0
180395,1,1,0,0,0,0,0,0,0,0,0,0
180396,1,1,0,0,0,0,0,0,0,0,0,0
180397,1,1,0,14,0,0,0,0,0,0,0,0
180397,2,1,0,0,0,0,0,0,0,0,0,0
180398,1,1,11,0,19,0,0,17,0,0,0,0
180399,1,1,0,0,0,0,0,0,0,0,0,0
180399,2,1,0,0,0,0,0,0,0,0,0,0
180400,1,1,0,0,0,0,0,0,0,0,0,0
180400,2,1,0,0,0,0,0,0,0,0,0,0
180401,1,1,0,27,0,0,0,0,0,0,0,0
180401,2,1,0,0,0,0,0,0,0,0,0,0
180402,1,1,12,0,0,21,0,0,0,0,0,0
180403,1,1,0,0,0,0,0,0,0,0,0,0
180403,2,1,0,0,0,0,0,17,0,0,0,0
180404,0,1,0,0,0,0,0,0,0,0,0,0
180404,1,1,0,0,0,0,0,0,0,0,0,0
180405,1,1,0,0,0,0,0,0,0,0,0,0
180405,2,1,0,0,0,0,0,0,0,0,0,0
180406,1,1,35,10,5,0,0,0,0,15,0,18
180407,1,1,0,0,0,0,6,0,0,0,0,0
180407,2,1,0,0,0,0,0,0,0,0,0,0
180409,1,1,35,35,35,35,35,35,35,35,35,35
180410,1,1,0,0,0,0,0,0,0,0,0,0
180410,2,1,0,0,0,0,0,0,0,0,0,0
180410,3,1,0,0,0,0,0,0,0,0,0,0
180411,1,1,0,0,0,0,0,0,0,0,0,0
180411,2,1,0,0,0,0,0,0,0,0,0,0
180412,1,1,0,0,0,0,0,0,0,0,0,0
180412,2,1,0,0,0,0,0,0,0,0,0,0
180412,3,1,0,0,0,0,0,0,0,0,0,0
180414,1,1,0,28,0,0,0,0,21,0,0,0
180414,2,1,0,0,0,0,0,0,0,0,0,0
180415,1,1,0,0,0,0,0,0,0,0,0,0
180415,2,1,0,0,0,32,9,0,0,0,0,0
180416,1,1,0,0,0,0,0,0,0,0,0,0
180416,2,1,0,0,0,0,0,0,0,0,0,0
180416,3,1,0,0,0,0,0,0,0,0,0,0
180416,4,1,0,0,0,0,0,0,0,0,0,0
180417,0,1,0,15,0,0,3,0,0,0,0,0
180417,1,1,0,0,0,0,0,0,0,0,0,0
180418,1,1,0,0,0,0,0,0,0,23,22,0
180418,2,1,0,0,0,0,0,0,0,0,0,0
180419,1,1,0,0,0,0,0,0,0,0,0,0
180420,1,1,31,31,31,31,31,31,31,31,31,31
180421,1,1,0,0,0,0,0,0,0,0,0,0
180421,2,1,0,0,0,0,0,0,0,0,0,0
180421,3,1,0,0,0,0,0,0,0,0,0,0
180421,4,1,0,9,0,0,0,0,0,0,0,0
180422,0,1,0,0,0,0,0,0,0,0,0,0
180422,1,1,0,0,0,0,0,0,0,0,0,0
180423,0,1,18,18,18,18,18,18,18,18,18,18
180423,1,1,0,22,16,13,14,6,0,17,0,21
180424,1,1,0,0,0,0,0,0,0,0,0,0
180424,2,1,0,0,0,0,0,0,0,0,0,0
180425,1,1,11,11,11,11,11,11,11,11,11,11
180426,0,1,0,24,0,27,7,0,0,0,0,0
180426,1,1,0,0,0,0,0,0,0,0,0,0
180427,1,1,0,0,0,0,0,0,0,0,0,0
180427,2,1,0,0,0,0,0,0,0,0,0,0
180428,1,1,9,9,9,9,9,9,9,9,9,9
180429,1,1,24,0,35,17,25,10,11,0,0,0
180430,1,1,0,0,0,0,0,0,0,0,0,0
180430,2,1,0,0,0,18,0,0,0,0,27,0
180431,1,1,21,0,24,18,0,0,0,18,0,17
180433,1,1,0,0,0,0,0,0,0,0,0,0
180433,2,1,17,0,22,0,29,0,10,0,0,0
180434,1,1,0,0,0,0,0,0,0,0,0,0
180435,1,1,11,0,0,0,26,0,9,0,0,0
180436,1,1,21,21,21,21,21,21,21,21,21,21
180436,2,1,0,0,0,0,0,0,0,0,0,0
180437,0,1,0,0,21,0,0,0,0,0,0,0
180437,1,1,0,0,0,0,0,0,0,0,0,0
180438,0,1,0,0,0,0,0,0,0,0,0,0
180438,0,2,0,0,0,0,0,0,29,0,0,9
180438,1,1,0,0,0,0,0,0,0,0,0,0
180439,1,1,20,16,10,11,34,17,8,19,14,9
180440,1,1,0,0,0,0,0,0,0,0,0,0
180440,2,1,0,0,0,0,0,0,0,0,0,0
180441,1,1,0,0,0,0,0,0,0,0,0,0
180441,2,1,0,0,0,0,0,0,0,0,0,0
180442,1,1,5,23,0,19,24,21,19,14,15,15
180443,1,1,13,13,13,13,13,13,13,13,13,13
180444,1,1,0,0,0,0,0,0,0,0,0,0
180444,2,1,0,0,0,0,0,0,0,0,0,0
180445,1,1,0,0,0,0,0,0,0,0,0,7
180446,0,1,0,0,0,12,20,0,22,0,19,23
180446,1,1,2,2,2,2,2,2,2,2,2,2
180446,3,1,0,17,0,0,0,0,0,0,0,0
180446,4,1,0,0,0,0,0,0,0,0,0,0
180447,0,1,3,3,3,3,3,3,3,3,3,3
180447,1,1,11,0,0,0,19,0,9,18,5,0
180448,1,1,25,25,25,25,25,25,25,25,25,25
180449,1,1,0,0,0,27,0,0,0,0,0,0
180450,1,1,0,0,0,0,0,0,0,0,0,0
180450,2,1,0,0,0,0,0,0,0,0,0,0
180450,3,1,0,0,0,0,0,0,0,0,0,0
180451,1,1,0,0,0,0,0,0,0,0,0,0
180451,2,1,8,8,8,8,8,8,8,8,8,8
180452,1,1,0,0,0,0,0,0,9,0,0,0
180453,1,1,0,0,0,0,0,15,0,0,7,0
180453,2,1,0,0,0,0,0,0,0,0,0,0
180454,1,1,0,0,0,0,0,0,0,0,0,0
180455,1,1,0,0,0,0,0,0,17,33,19,0
180456,1,1,18,18,18,18,18,18,18,18,18,18
180457,1,1,1,1,1,1,1,1,1,1,1,1
180457,2,1,0,0,0,0,0,0,0,0,0,0
180458,1,1,0,0,0,0,0,0,0,0,0,0
180458,2,1,0,0,13,0,0,0,0,0,0,0
180459,1,1,0,0,0,0,0,22,0,0,0,0
180459,2,1,0,0,0,0,0,0,0,0,0,0
180460,1,1,17,17,17,17,17,17,17,17,17,17
180461,1,1,0,0,0,0,0,0,0,0,0,0
180461,2,1,0,4,5,0,0,23,0,0,0,0
180462,1,1,0,0,0,0,0,0,0,0,0,0
180462,2,1,0,0,0,0,0,0,0,0,0,0
180463,0,1,41,25,19,20,19,0,19,35,0,0
180463,1,1,0,24,18,6,27,24,12,10,13,22
180464,1,1,0,0,0,27,30,0,8,0,0,0
180465,1,1,22,22,22,22,22,22,22,22,22,22
180465,2,1,0,0,0,0,0,0,0,0,0,0
180466,1,1,0,0,14,6,24,37,0,21,0,8
180466,2,1,0,0,0,0,0,0,0,0,0,0
180467,1,1,15,15,15,15,15,15,15,15,15,15
180467,2,1,4,4,4,4,4,4,4,4,4,4
180468,1,1,24,24,24,24,24,24,24,24,24,24
180469,0,1,0,27,0,0,0,23,0,5,38,16
180469,1,1,0,0,0,0,0,0,0,0,0,0
180470,1,1,0,0,0,0,0,0,0,14,16,0
180471,1,1,0,0,0,0,0,0,0,0,0,0
180471,2,1,0,0,0,0,0,0,0,0,0,0
180472,0,1,28,9,54,47,2,13,28,33,19,21
180472,1,1,0,0,0,0,0,0,0,0,0,0
180473,1,1,0,0,0,0,0,0,0,0,0,0
180473,2,1,0,0,0,0,0,0,0,0,0,0
180474,1,1,0,0,0,0,0,0,0,0,0,0
180474,2,1,0,0,0,0,0,0,0,13,0,0
180474,3,1,0,0,0,0,0,0,0,0,0,0
180475,1,1,27,0,0,15,0,13,12,0,0,0
180476,1,1,16,16,16,16,16,16,16,16,16,16
180477,1,1,0,0,0,0,0,0,0,13,0,0
180478,1,1,7,0,0,0,0,0,0,13,0,0
180478,2,1,0,0,0,0,0,0,0,0,0,0
180479,1,1,2,0,20,2,5,0,0,7,7,0
180480,1,1,0,0,0,0,0,0,27,0,18,0
180480,2,1,6,0,0,0,0,0,0,0,0,21
180481,1,1,0,0,0,0,31,0,0,0,19,0
180482,1,1,0,0,0,0,0,0,0,0,0,0
180482,2,1,0,0,0,0,0,0,0,0,0,0
180483,1,1,0,0,0,0,0,0,0,0,0,0
180483,2,1,0,0,0,0,0,0,0,0,0,0
180484,1,1,0,0,0,0,0,0,0,0,0,0
180485,1,1,0,0,0,0,18,24,12,9,11,7
180485,2,1,2,2,2,2,2,2,2,2,2,2
180486,0,1,0,0,0,17,0,30,12,39,0,30
180486,1,1,0,0,0,0,0,0,0,0,0,0
180487,1,1,2,0,0,0,0,0,0,0,14,0
180488,1,1,0,0,0,0,0,0,0,0,0,0
180488,2,1,0,0,0,0,0,0,0,0,0,0
180489,1,1,0,0,0,0,0,0,0,0,0,0
180489,2,1,0,0,0,0,0,0,0,0,0,0
180490,1,1,0,0,0,0,0,19,0,24,0,0
180491,1,1,0,0,0,0,0,0,0,0,0,0
180492,1,1,0,22,14,18,17,8,7,12,19,16
180493,0,1,6,0,0,18,0,0,0,0,15,0
180493,1,1,0,0,0,0,0,0,0,0,0,0
180494,1,1,0,0,24,0,0,8,0,15,8,0
180495,1,1,0,0,0,0,0,0,0,0,0,0
180495,2,1,0,0,0,0,0,0,0,0,0,0
180496,1,1,29,29,29,29,29,29,29,29,29,29
180497,1,1,0,0,0,0,0,0,0,0,0,0
180497,2,1,24,0,0,2,0,0,0,0,14,7
180498,1,1,0,0,0,0,0,0,0,0,0,0
180499,1,1,0,0,0,0,0,0,0,0,0,0
180500,0,1,7,7,7,7,7,7,7,7,7,7
180500,1,1,0,0,0,0,0,0,0,0,0,0
180501,1,1,0,26,27,19,0,0,0,11,0,0
180501,2,1,4,0,0,0,0,0,0,0,0,0
180501,3,1,0,25,0,0,0,0,0,0,0,0
180502,0,1,27,21,0,0,0,0,10,0,0,0
180502,1,1,0,0,13,0,0,0,0,0,0,17
180503,1,1,0,0,0,0,0,0,0,0,0,0
180503,2,1,0,0,0,0,17,0,0,0,0,15
180504,1,1,0,0,0,13,0,0,0,0,0,0
180504,2,1,0,0,0,0,0,0,0,0,0,0
180505,0,1,18,0,0,0,0,5,0,0,0,0
180505,1,1,0,0,0,0,0,0,0,0,0,0
180506,1,1,0,0,0,0,0,0,0,0,0,0
180506,2,1,0,0,0,0,0,0,0,0,0,0
180507,0,1,0,0,0,0,0,0,0,0,0,0
180507,1,1,42,0,7,8,20,21,22,20,19,0
180508,1,1,0,0,22,0,0,0,0,0,21,0
180508,2,1,0,0,0,0,0,0,0,0,0,0
180508,3,1,0,0,0,0,11,0,7,0,0,0
180508,4,1,0,0,0,0,0,0,0,0,0,0
180509,1,1,0,0,0,0,0,0,0,0,0,0
180509,2,1,0,0,0,0,0,0,0,0,0,0
180510,1,1,25,25,25,25,25,25,25,25,25,25
180511,0,1,0,0,0,0,0,0,0,0,0,0
180511,1,1,0,0,0,0,0,13,0,0,0,0
180512,1,1,0,0,0,0,0,0,0,0,0,0
180512,2,1,0,4,0,16,0,0,0,0,0,0
180513,1,1,0,0,25,0,0,0,24,0,0,8
180514,0,1,21,21,21,21,21,21,21,21,21,21
180514,1,1,0,0,0,0,0,0,0,0,0,0
180515,1,1,0,0,0,0,0,0,0,0,0,0
180516,1,1,22,27,13,11,0,31,14,6,20,18
180517,1,1,33,33,33,33,33,33,33,33,33,33
180518,0,1,0,21,0,26,32,21,0,0,0,0
180518,0,2,0,0,0,0,0,0,0,0,0,0
180518,1,1,0,0,0,0,0,0,0,0,0,0
180519,1,1,27,27,27,27,27,27,27,27,27,27
180520,1,1,0,0,0,0,0,0,0,0,0,0
180521,1,1,4,4,4,4,4,4,4,4,4,4
180522,1,1,0,0,0,0,0,0,0,0,0,0
180523,1,1,0,0,0,0,0,0,0,0,0,0
180524,1,1,0,0,0,0,0,0,0,0,0,0
180524,2,1,0,0,0,0,0,0,0,0,0,0
180525,1,1,0,0,0,0,0,0,0,0,0,0
180526,0,1,0,0,0,0,0,0,0,0,0,0
180526,1,1,0,0,0,19,0,24,13,40,25,6
180527,1,1,0,0,0,0,0,0,0,0,0,0
180527,2,1,0,0,0,0,0,0,20,0,0,0
180528,1,1,0,0,0,0,0,20,0,0,18,0
180529,1,1,0,0,0,0,0,0,0,0,0,0
180529,2,1,0,0,0,0,0,0,0,0,0,0
180530,1,1,0,9,0,0,0,0,0,0,0,0
180531,1,1,0,0,0,0,0,0,0,0,0,0
180532,1,1,0,0,0,0,0,0,0,0,0,0
180533,1,1,0,0,0,0,0,0,0,0,0,0
180534,1,1,14,14,14,14,14,14,14,14,14,14
180534,2,1,0,0,0,0,0,0,0,0,0,0
180535,1,1,28,28,28,28,28,28,28,28,28,28
180536,1,1,0,0,0,0,0,22,0,0,17,0
180536,2,1,0,0,0,0,0,0,0,0,0,0
180537,0,1,0,0,0,0,0,0,0,0,0,0
180537,1,1,0,0,0,0,0,0,0,0,0,0
180538,0,1,0,0,0,0,0,0,0,0,0,0
180538,1,1,28,0,0,27,15,13,0,26,0,12
180539,1,1,0,0,0,0,0,0,0,0,0,0
180540,0,1,1,1,1,1,1,1,1,1,1,1
180540,1,1,18,18,18,18,18,18,18,18,18,18
180541,1,1,0,0,0,0,0,0,0,0,0,0
180541,2,1,0,0,0,0,0,0,0,0,0,0
180542,1,1,0,0,0,0,0,0,0,0,0,0
180542,2,1,0,0,0,0,0,0,0,0,0,0