ST_CASE,VEH_NO,PER_NO,P1,P2,P3,P4,P5,P6,P7,P8,P9,P10
180543,1,1,0,17,0,0,0,17,0,0,31,0
180544,1,1,27,0,0,0,0,0,11,9,0,0
180545,1,1,0,0,22,19,0,0,0,16,0,30
180546,1,1,0,0,17,0,0,0,0,0,0,0
180547,1,1,19,19,19,19,19,19,19,19,19,19
180547,2,1,0,0,0,0,0,0,0,0,10,0
180548,1,1,21,21,21,21,21,21,21,21,21,21
180549,1,1,0,0,0,0,26,0,0,0,0,0
180550,1,1,0,0,0,0,0,0,0,0,0,0
180550,2,1,0,0,0,0,0,0,0,0,17,0
180550,3,1,0,0,0,0,0,0,10,0,0,0
180551,1,1,12,12,12,12,12,12,12,12,12,12
180552,0,1,11,9,0,23,7,0,4,0,6,33
180552,1,1,12,0,0,16,7,0,12,0,0,0
180553,1,1,0,0,0,0,0,0,0,0,0,0
180553,2,1,0,0,0,0,0,0,0,0,19,0
180553,3,1,0,0,0,0,0,0,0,0,0,0
180554,1,1,0,0,0,0,0,31,0,0,9,14
180555,1,1,0,0,0,0,0,0,0,0,0,0
180555,2,1,0,0,0,0,0,0,0,0,0,0
180556,1,1,0,0,0,18,0,0,6,0,0,31
180556,2,1,0,0,0,0,0,0,0,0,0,0
180557,1,1,0,0,0,0,0,0,0,0,0,0
180557,2,1,0,0,0,0,0,0,0,0,0,0
180558,1,1,0,0,0,0,0,0,0,0,0,0
180558,2,1,0,0,0,0,0,0,0,0,0,0
180558,3,1,0,0,0,0,0,0,0,0,0,0
180558,4,1,0,0,0,0,0,0,0,0,0,0
180559,1,1,0,0,0,0,0,0,0,0,0,0
180559,2,1,0,0,0,0,0,0,0,0,0,0
180560,1,1,0,0,0,0,0,0,0,0,0,0
180560,2,1,0,0,0,0,0,0,0,0,0,0
180560,3,1,0,0,0,0,0,0,0,0,0,0
180561,1,1,21,0,6,0,0,0,0,17,0,0
180561,2,1,0,7,24,36,0,6,0,0,0,0
180562,1,1,0,0,0,0,0,0,0,0,0,0
180562,2,1,0,0,0,0,0,0,0,0,0,0
180563,1,1,0,0,0,0,0,0,0,0,0,0
180563,2,1,0,0,0,0,0,0,0,0,0,0
180564,1,1,8,0,14,0,0,0,0,9,0,0
180565,1,1,0,0,0,0,0,0,0,0,0,0
180565,2,1,0,0,0,0,0,0,0,0,0,0
180565,3,1,0,0,0,0,0,0,0,0,0,0
180565,4,1,0,20,0,21,0,0,0,0,0,0
180565,5,1,0,0,0,0,0,0,0,0,0,0
180565,6,1,0,0,0,0,0,0,0,0,0,0
180565,7,1,0,0,0,0,0,0,0,0,0,0
180566,0,1,0,0,0,0,0,0,0,0,0,0
180566,1,1,0,0,0,0,0,0,0,0,0,0
180566,2,1,0,0,0,0,0,0,0,0,0,0
180567,1,1,0,0,0,0,0,0,0,0,0,0
180568,1,1,32,32,32,32,32,32,32,32,32,32
180568,2,1,0,0,0,0,0,0,0,0,0,0
180569,1,1,0,16,0,13,0,13,7,0,31,0
180569,2,1,7,20,19,0,0,24,24,16,22,0
180570,0,1,2,17,0,0,0,4,0,6,0,0
180570,0,2,0,39,16,0,11,0,0,0,16,29
180570,1,1,0,0,7,0,0,0,4,0,0,19
180571,1,1,0,16,0,30,25,37,17,0,0,0
180571,2,1,0,0,0,0,0,0,0,0,0,0
180572,1,1,0,24,13,49,0,0,0,0,0,5
180573,1,1,0,0,0,0,0,0,0,0,0,0
180573,2,1,9,11,0,20,0,0,14,0,0,0
180574,1,1,0,0,0,0,0,0,0,0,0,0
180574,2,1,0,0,0,0,0,0,0,0,0,0
180575,1,1,0,0,0,8,19,0,0,16,0,15
180575,2,1,0,0,0,0,0,0,0,0,0,0
180576,0,1,32,32,32,32,32,32,32,32,32,32
180576,1,1,0,0,0,0,0,0,0,0,0,0
180577,1,1,8,0,0,0,0,17,25,0,0,0
180577,2,1,0,17,0,14,0,0,0,0,0,0
180578,1,1,17,17,17,17,17,17,17,17,17,17
180579,1,1,0,0,0,17,0,0,0,23,0,0
180580,1,1,0,0,0,0,0,0,0,0,0,0
180580,2,1,0,0,0,0,0,0,0,0,0,0
180580,3,1,0,0,0,0,0,0,0,0,0,0
180580,4,1,0,0,0,0,0,0,0,0,0,0
180580,5,1,0,0,0,0,0,0,0,0,0,0
180581,1,1,0,0,0,0,0,0,0,0,0,0
180581,2,1,0,0,0,0,0,0,0,0,0,0
180582,1,1,10,0,7,10,0,0,0,0,0,0
180582,2,1,5,5,5,5,5,5,5,5,5,5
180583,1,1,0,0,0,0,0,0,0,0,0,0
180583,2,1,0,0,0,0,0,0,0,0,0,0
180584,1,1,0,0,0,0,0,24,0,0,0,0
180584,2,1,26,0,0,0,0,0,0,0,0,0
180585,1,1,0,0,0,0,0,0,0,0,0,0
180585,2,1,0,0,0,0,0,0,0,0,0,0
180586,1,1,0,0,0,0,0,0,0,0,0,0
180586,2,1,0,0,0,0,0,0,0,0,0,0
180587,1,1,23,23,23,23,23,23,23,23,23,23
180588,0,1,0,0,0,0,0,0,0,0,0,0
180588,1,1,30,0,17,15,0,0,13,6,19,10
180589,1,1,0,0,0,0,0,0,0,0,0,3
180590,1,1,0,0,0,0,0,0,0,0,0,0
180591,1,1,36,0,0,0,0,0,20,0,0,0
180592,1,1,0,0,0,0,0,0,0,0,0,0
180592,2,1,0,0,0,0,0,0,0,0,0,0
180593,1,1,0,0,0,0,0,0,0,0,0,0
180594,0,1,0,21,0,0,0,0,0,0,0,0
180594,1,1,0,0,0,0,0,0,0,0,0,0
180595,1,1,0,0,0,0,0,13,15,0,0,0
180596,1,1,0,0,0,0,0,0,0,0,0,0
180596,2,1,0,0,0,0,0,0,0,0,0,0
180597,1,1,0,0,0,0,0,0,0,0,0,0
180598,1,1,20,20,20,20,20,20,20,20,20,20
180598,2,1,0,0,0,0,0,0,0,0,0,0
180599,1,1,0,0,0,0,0,0,0,0,0,0
180599,2,1,8,0,0,26,14,5,0,0,0,0
180600,1,1,17,17,17,17,17,17,17,17,17,17
180601,1,1,0,0,0,0,0,0,0,0,0,0
180601,2,1,0,0,0,0,0,0,0,0,0,0
180602,1,1,0,0,0,0,0,0,0,0,0,0
180603,1,1,0,13,13,0,13,27,0,17,17,0
180604,1,1,0,11,35,0,0,0,0,19,0,9
180605,1,1,0,0,0,0,0,0,0,0,0,0
180605,2,1,0,0,0,0,0,0,0,0,30,0
180605,3,1,0,0,0,0,0,0,0,0,0,0
180606,1,1,19,14,0,21,8,18,14,8,14,13
180606,2,1,0,0,0,0,0,0,0,0,0,0
180606,3,1,0,0,0,0,0,0,0,0,0,0
180607,1,1,0,0,0,0,0,0,0,0,0,0
180607,2,1,0,0,0,0,0,0,0,0,0,0
180608,1,1,5,5,5,5,5,5,5,5,5,5
180608,2,1,3,3,3,3,3,3,3,3,3,3
180609,1,1,22,22,22,22,22,22,22,22,22,22
180610,0,1,0,20,0,0,21,0,22,0,43,19
180610,1,1,0,0,0,0,0,0,0,0,0,0
180611,1,1,0,0,0,0,0,0,0,0,0,0
180612,0,1,0,0,0,0,0,0,0,0,0,0
180612,1,1,0,0,0,0,0,0,0,0,0,0
180613,1,1,19,19,19,19,19,19,19,19,19,19
180614,1,1,0,0,0,0,0,0,0,0,0,0
180614,2,1,0,0,0,0,0,0,0,0,0,0
180615,1,1,0,0,0,0,0,0,0,0,0,0
180615,2,1,0,0,0,0,0,0,0,0,0,0
180616,1,1,0,0,0,0,11,0,0,0,0,15
180617,1,1,0,0,0,0,0,0,0,0,0,0
180618,1,1,10,5,0,0,0,0,0,17,23,0
180620,1,1,0,0,0,26,0,0,16,0,0,0
180621,1,1,0,0,0,0,0,0,0,0,0,0
180621,2,1,0,0,0,10,0,33,21,0,0,0
180622,1,1,13,13,13,13,13,13,13,13,13,13
180622,2,1,0,4,0,7,0,4,0,0,15,36
180623,1,1,0,13,0,0,0,0,0,0,0,0
180623,2,1,0,0,0,0,0,0,0,0,0,0
180624,1,1,0,0,0,0,0,0,0,0,0,0
180625,1,1,0,0,0,0,0,0,0,0,0,0
180626,1,1,19,0,0,0,37,0,0,16,0,0
180626,2,1,7,7,7,7,7,7,7,7,7,7
180627,1,1,0,0,0,21,0,0,0,0,0,0
180627,2,1,0,0,0,0,0,0,0,0,0,0
180628,1,1,31,20,0,0,0,0,24,18,0,12
180629,1,1,7,13,21,0,0,0,0,25,0,19
180630,0,1,0,0,0,0,0,0,0,0,0,0
180630,0,2,0,0,0,0,0,0,0,0,0,0
180630,1,1,0,20,36,0,18,6,9,9,9,0
180631,1,1,0,0,0,0,0,0,0,0,0,0
180631,2,1,0,0,0,0,0,0,0,0,0,0
180632,1,1,0,0,0,0,0,0,0,0,0,0
180632,2,1,5,5,5,5,5,5,5,5,5,5
180633,1,1,0,0,0,0,0,0,0,0,25,0
180634,1,1,0,0,0,0,0,0,0,0,0,0
180635,1,1,0,0,0,0,0,0,0,0,0,0
180635,2,1,0,0,0,0,0,0,0,0,0,0
180636,1,1,5,5,5,5,5,5,5,5,5,5
180637,0,1,0,0,0,0,0,0,0,0,0,0
180637,1,1,13,13,13,13,13,13,13,13,13,13
180638,1,1,0,19,0,0,15,31,0,9,0,17
180638,2,1,0,0,14,0,0,0,0,0,0,0
180638,3,1,27,0,0,0,0,0,0,0,0,0
180639,1,1,0,0,0,0,0,0,0,0,0,0
180639,2,1,0,0,0,0,0,0,0,0,0,0
180640,1,1,0,13,0,0,0,0,0,0,0,0
180640,2,1,0,13,0,0,0,11,0,0,0,0
180641,1,1,0,0,0,0,0,0,0,0,0,0
180641,2,1,0,0,0,0,0,0,0,0,0,0
180642,1,1,0,0,20,0,0,0,10,12,0,13
180643,1,1,21,0,0,21,5,0,0,0,0,0
180644,1,1,0,0,0,0,0,0,0,0,0,0
180645,1,1,0,0,0,0,0,0,0,0,0,0
180645,2,1,0,0,0,0,0,0,0,0,0,0
180646,0,1,11,41,0,0,17,14,0,0,24,16
180646,1,1,0,0,24,7,12,20,19,27,20,0
180647,1,1,0,0,0,0,0,0,0,0,0,0
180647,2,1,0,0,0,0,0,0,0,0,0,0
180647,3,1,0,0,0,0,0,0,0,0,0,0
180648,1,1,0,0,0,0,0,0,0,0,0,0
180648,2,1,0,0,0,0,0,0,0,0,0,0
180649,1,1,0,0,0,0,0,0,0,0,0,0
180649,2,1,0,0,0,0,0,0,0,0,0,0
180650,1,1,12,12,12,12,12,12,12,12,12,12
180651,1,1,0,0,0,0,0,0,0,0,0,0
180651,2,1,0,0,0,0,0,0,0,0,0,0
180652,1,1,0,0,0,0,0,0,0,0,0,0
180652,2,1,0,0,0,0,0,0,0,0,0,0
180652,3,1,0,0,0,0,0,0,0,0,0,0
180652,4,1,0,0,0,0,0,0,0,0,0,0
180653,1,1,0,14,0,19,0,0,0,0,12,0
180653,2,1,0,0,0,0,0,0,0,0,0,0
180654,1,1,0,4,9,0,0,0,49,24,16,0
180655,1,1,0,0,0,0,0,0,0,0,0,0
180655,2,1,0,0,0,0,0,0,0,0,0,0
180656,1,1,0,0,0,0,19,14,0,0,0,0
180657,1,1,0,0,0,0,0,0,0,0,0,0
180658,1,1,0,0,0,0,0,0,0,0,0,0
180658,2,1,0,0,0,0,0,0,0,0,0,0
180659,1,1,0,13,0,0,0,0,0,0,0,0
180660,0,1,0,0,0,0,0,0,0,0,0,0
180660,1,1,0,0,0,0,0,0,0,0,0,0
180661,1,1,15,15,15,15,15,15,15,15,15,15
180661,2,1,0,0,27,22,0,11,0,17,0,0
180662,1,1,19,27,29,20,11,17,15,8,13,8
180663,1,1,15,15,15,15,15,15,15,15,15,15
180663,2,1,0,0,0,0,0,0,0,0,0,0
180664,0,1,26,39,0,22,15,17,0,0,20,0
180664,0,2,0,0,0,0,0,0,0,0,0,0
180664,0,3,12,0,0,0,4,0,0,0,0,0
180664,1,1,13,13,13,13,13,13,13,13,13,13
180665,1,1,31,31,31,31,31,31,31,31,31,31
180665,2,1,0,0,0,0,0,0,0,0,0,0
180666,1,1,0,0,0,0,0,17,0,0,0,0
180667,1,1,0,0,0,0,0,0,0,0,0,0
180667,2,1,0,0,0,0,0,0,0,0,0,0
180668,1,1,1,1,1,1,1,1,1,1,1,1
180668,2,1,0,0,0,0,0,0,0,0,0,0
180669,1,1,0,0,0,0,0,26,0,0,0,0
180669,2,1,0,0,0,0,0,14,0,0,0,0
180670,1,1,22,22,22,22,22,22,22,22,22,22
180671,1,1,0,0,0,0,0,0,0,0,0,0
180672,1,1,0,0,0,8,0,0,0,0,0,3
180672,2,1,0,0,0,0,0,0,0,0,0,0
180673,1,1,0,0,0,10,0,0,25,0,0,0
180674,1,1,0,0,0,0,0,0,0,0,0,25
180675,1,1,0,0,0,0,0,0,0,0,0,0
180676,1,1,0,0,0,0,0,0,0,0,0,0
180678,1,1,0,0,0,0,0,0,0,0,0,0
180679,1,1,25,0,0,0,0,0,0,0,0,0
180680,1,1,0,0,0,0,0,0,0,0,0,0
180681,1,1,0,0,0,0,0,0,0,0,0,0
180682,1,1,0,10,3,0,13,8,0,15,10,5
180682,2,1,0,0,0,0,7,0,11,0,6,0
180682,3,1,0,0,0,12,0,0,0,0,0,0
180683,1,1,14,0,2,0,0,0,0,0,30,0
180683,2,1,0,0,0,0,0,0,0,0,0,7
180684,1,1,12,0,0,0,0,0,0,0,0,0
180684,2,1,0,0,0,0,0,0,0,0,39,0
180684,3,1,0,0,0,0,0,0,0,0,0,0
180685,1,1,17,17,17,17,17,17,17,17,17,17
180686,0,1,0,0,0,0,0,0,0,0,0,0
180686,1,1,0,0,22,0,0,0,4,0,0,34
180687,1,1,0,0,0,0,0,0,0,17,0,0
180688,1,1,0,0,0,0,0,0,0,0,0,0
180688,2,1,0,0,0,0,0,0,0,0,0,0
180688,3,1,0,0,0,0,0,0,0,0,0,0
180689,1,1,0,0,0,0,0,0,0,0,0,0
180689,2,1,0,0,0,0,0,0,0,0,0,0
180690,1,1,25,25,25,25,25,25,25,25,25,25
180691,1,1,0,0,0,0,0,0,0,17,0,0
180692,1,1,0,0,0,0,0,0,0,0,0,0
180693,1,1,0,0,0,0,0,0,0,0,0,0
180693,2,1,0,0,0,0,0,0,0,0,0,0
180694,1,1,0,0,0,0,0,0,0,0,0,0
180694,2,1,0,0,0,0,0,0,0,0,0,0
180695,1,1,0,0,0,0,0,0,0,0,0,0
180696,1,1,0,0,0,0,0,0,0,0,0,0
180696,2,1,0,0,0,0,0,0,0,0,0,0
180697,1,1,0,0,0,0,0,0,0,0,0,0
180697,2,1,0,0,0,6,0,0,0,0,0,0
180698,1,1,0,0,0,0,0,0,0,0,0,0
180699,0,1,0,0,0,0,0,0,13,33,0,0
180699,1,1,18,15,8,7,15,9,6,9,19,7
180700,0,1,5,0,24,0,0,22,0,0,0,0
180700,1,1,0,0,0,0,0,0,0,0,0,0
180701,1,1,0,0,0,0,0,0,0,0,0,0
180702,1,1,0,0,0,0,0,0,0,0,0,0
180702,2,1,0,0,0,0,0,0,0,17,0,0
180703,0,1,0,0,0,0,0,11,0,21,0,0
180703,1,1,0,0,0,0,0,0,0,0,0,0
180704,1,1,11,0,0,0,0,0,0,0,22,0
180704,2,1,0,0,0,0,0,0,0,0,0,0
180705,1,1,0,0,0,0,0,0,0,0,0,0
180706,1,1,0,0,0,16,0,0,0,0,0,0
180706,2,1,17,17,17,17,17,17,17,17,17,17
180707,1,1,0,0,0,0,0,0,0,0,0,0
180708,1,1,9,9,9,9,9,9,9,9,9,9
180708,2,1,31,31,31,31,31,31,31,31,31,31
180709,1,1,0,0,0,0,11,0,11,20,26,0
180709,2,1,0,0,0,0,0,0,0,0,0,0
180710,1,1,0,0,0,14,0,0,22,4,0,0
180710,2,1,0,0,0,0,0,0,0,0,0,0
180711,1,1,0,17,18,0,0,0,0,51,0,0
180711,2,1,0,0,0,0,0,0,0,0,0,0
180712,0,1,15,65,0,0,0,0,0,0,0,27
180712,1,1,0,0,0,0,0,0,0,0,0,0
180713,1,1,0,0,0,0,0,0,0,0,0,0
180713,2,1,0,0,0,0,0,0,0,0,0,0
180713,3,1,0,0,0,0,0,0,0,0,0,0
180714,1,1,0,0,0,0,0,0,0,0,0,0
180714,2,1,0,0,0,0,0,0,0,0,0,0
180714,3,1,0,0,0,0,0,0,0,0,0,0
180714,4,1,0,0,0,0,0,0,0,0,0,0
180715,1,1,0,0,0,7,0,0,0,23,0,0
180716,1,1,0,0,0,0,0,0,0,0,0,0
180716,2,1,0,0,0,0,0,0,0,0,0,0
180717,1,1,14,10,12,0,0,7,0,12,26,0
180718,1,1,0,33,0,0,14,15,0,0,18,0
180718,2,1,0,0,0,0,0,0,0,0,0,0
180719,1,1,14,14,14,14,14,14,14,14,14,14
180719,2,1,0,0,0,0,0,0,0,0,0,0
180719,3,1,0,0,0,0,0,0,0,0,0,0
180720,1,1,0,0,0,0,0,0,0,0,0,0
180720,2,1,12,0,0,41,0,0,0,5,10,0
180722,0,1,0,0,0,0,0,0,0,0,0,0
180722,1,1,0,0,0,0,0,0,0,0,0,0
180723,1,1,0,0,0,0,0,15,0,0,0,0
180723,2,1,0,0,0,0,0,0,0,0,0,0
180724,1,1,0,0,0,0,0,0,0,0,0,0
180725,1,1,24,24,24,24,24,24,24,24,24,24
180726,1,1,0,17,0,0,0,16,18,0,0,0
180726,2,1,0,0,0,0,0,0,0,0,0,0
180727,1,1,0,0,0,0,0,0,0,0,0,0
180727,2,1,6,0,0,0,0,0,0,0,22,0
180728,1,1,11,11,11,11,11,11,11,11,11,11
180728,2,1,14,10,11,16,0,0,0,11,0,0
180729,1,1,0,6,0,0,0,0,0,0,0,16
180730,1,1,0,0,0,0,0,0,0,0,0,0
180731,1,1,13,0,6,12,21,0,0,19,0,0
180732,1,1,46,4,21,0,0,26,0,0,0,13
180733,1,1,0,12,0,0,0,0,0,41,0,0
180733,2,1,0,0,0,0,0,0,0,0,0,12
180734,1,1,0,0,0,0,0,0,0,0,0,0
180734,2,1,35,0,21,0,0,19,0,0,16,0
180735,1,1,9,9,9,9,9,9,9,9,9,9
180735,2,1,0,42,0,0,0,0,0,0,0,3
180736,1,1,0,0,0,0,0,0,0,0,0,0
180737,1,1,0,0,0,0,0,0,0,17,10,0
180737,2,1,0,0,0,9,0,5,0,0,0,0
180737,3,1,0,0,13,0,0,0,12,0,21,0
180738,1,1,11,11,11,11,11,11,11,11,11,11
180739,0,1,0,0,0,0,0,0,0,0,0,0
180739,1,1,0,0,0,0,0,0,0,0,0,0
180740,1,1,0,0,0,0,0,0,0,0,0,0
180741,1,1,0,0,0,10,0,0,0,8,0,6
180742,0,1,0,0,0,0,0,0,0,0,0,0
180742,1,1,0,0,0,0,0,0,0,0,0,0
180743,1,1,0,0,0,0,0,0,0,0,0,0
180743,2,1,0,0,0,0,0,0,0,0,0,0
180743,3,1,0,0,0,0,0,0,22,0,0,0
180744,1,1,0,0,0,0,0,0,0,0,0,0
180744,2,1,0,0,0,0,0,0,0,0,0,0
180745,1,1,0,0,0,0,0,0,0,0,0,0
180746,0,1,31,31,31,31,31,31,31,31,31,31
180746,1,1,0,0,0,0,0,0,0,0,0,0
180747,1,1,0,0,0,0,0,0,0,0,0,0
180747,2,1,0,0,0,0,0,0,0,0,0,0
180748,1,1,15,15,15,15,15,15,15,15,15,15
180749,1,1,14,14,14,14,14,14,14,14,14,14
180750,1,1,0,0,0,0,0,0,0,0,0,0
180751,1,1,0,0,0,27,0,0,0,0,0,0
180751,2,1,0,0,0,0,0,0,0,0,0,0
180752,0,1,0,0,0,0,0,0,0,0,0,0
180752,1,1,0,0,0,0,0,0,0,0,0,0
180753,1,1,0,0,0,0,0,0,0,0,0,0
180753,2,1,0,0,0,0,0,0,0,0,0,0
180754,1,1,0,0,0,0,0,0,0,0,0,0
180755,1,1,0,0,0,0,0,0,0,0,0,0
180755,2,1,0,0,0,0,0,0,0,0,0,0
180756,1,1,36,36,36,36,36,36,36,36,36,36
180756,2,1,0,0,0,0,0,0,0,0,0,0
180757,1,1,0,0,0,0,0,0,0,0,21,0
180758,1,1,0,0,0,0,0,0,0,0,0,0
180758,2,1,0,0,0,0,0,0,0,0,0,0
180759,0,1,0,0,20,0,0,14,6,0,0,0
180759,1,1,0,0,0,0,0,0,0,0,0,0
180760,1,1,0,20,7,24,18,22,24,14,32,19
180761,1,1,0,0,0,0,0,0,0,0,0,0
180761,2,1,0,0,0,0,0,0,5,0,0,0
180762,1,1,5,5,5,5,5,5,5,5,5,5
180763,1,1,0,0,0,0,0,0,0,0,0,0
180763,2,1,0,0,0,0,0,0,0,0,0,0
180764,1,1,0,0,0,0,0,0,0,0,0,0
180765,0,1,0,0,0,0,0,0,0,0,0,0
180765,1,1,0,0,0,0,0,0,0,0,0,0
180766,1,1,0,0,0,0,18,9,0,0,16,0
180767,1,1,0,0,0,21,21,0,0,0,4,0
180768,1,1,30,30,30,30,30,30,30,30,30,30
180768,2,1,0,0,0,0,0,0,0,0,0,0
180769,1,1,0,0,24,0,22,16,22,0,24,33
180769,2,1,19,21,0,0,0,33,11,21,0,0
180770,0,1,15,15,15,15,15,15,15,15,15,15
180770,0,2,2,2,2,2,2,2,2,2,2,2
180770,0,3,21,21,21,21,21,21,21,21,21,21
180770,1,1,0,0,0,0,0,0,0,0,0,0
180771,1,1,0,0,30,0,0,0,0,0,0,0
180771,2,1,0,0,0,0,0,0,0,0,0,0
180772,0,1,0,8,19,33,41,0,27,0,0,0
180772,1,1,7,47,0,0,0,10,8,0,15,8
180773,1,1,0,0,0,0,0,0,0,0,0,0
180773,2,1,0,0,0,0,0,0,0,0,0,0
180774,0,1,0,0,0,0,0,0,0,0,0,0
180774,1,1,0,0,14,0,0,0,0,0,0,0
180775,1,1,0,0,0,0,0,0,0,0,0,0
180775,2,1,0,0,0,0,0,0,0,0,0,0
180776,1,1,15,23,10,6,14,20,31,29,19,19
180776,2,1,0,0,0,0,0,0,0,0,0,0
180777,1,1,0,0,0,0,0,0,0,0,0,0
180777,2,1,0,0,0,0,0,0,0,0,0,0
180778,1,1,0,0,0,0,0,0,0,0,0,0
180779,1,1,0,0,0,0,0,0,0,0,0,0
180779,2,1,0,0,0,0,0,0,0,0,0,0
180780,0,1,0,19,0,30,0,0,0,0,11,0
180780,1,1,0,0,0,0,0,0,0,0,0,0
180781,1,1,22,22,22,22,22,22,22,22,22,22
180782,1,1,0,0,0,0,0,0,0,0,0,0
180782,2,1,17,0,0,0,0,0,0,0,0,0
180783,1,1,25,25,25,25,25,25,25,25,25,25
180784,1,1,16,0,0,0,0,0,0,0,0,31
180785,1,1,24,0,12,0,0,0,0,0,28,0
180785,2,1,0,0,0,0,0,0,0,0,0,0
180786,1,1,0,0,0,0,0,0,0,0,0,0
180786,2,1,0,0,0,0,0,0,0,0,0,17
180787,1,1,0,0,0,0,0,0,0,0,0,0
180788,1,1,0,0,30,0,0,0,0,0,0,0
180789,1,1,0,0,0,0,14,0,0,0,0,0
180790,1,1,0,0,0,0,0,0,0,0,0,0
180790,2,1,0,0,0,0,0,0,0,0,0,0
180791,0,1,0,0,0,0,15,0,0,17,0,0
180791,1,1,12,0,0,0,0,16,0,0,7,0
180792,1,1,40,40,40,40,40,40,40,40,40,40
180793,1,1,0,0,0,0,0,0,0,0,0,0
180793,2,1,0,0,0,0,0,0,0,0,0,0
180794,1,1,30,22,9,12,35,6,22,16,23,27
180795,1,1,6,6,6,6,6,6,6,6,6,6
180796,0,1,0,0,0,0,0,0,11,0,0,0
180796,1,1,0,0,0,0,0,0,0,0,0,0
180797,0,1,0,0,0,0,0,0,0,0,0,0
180797,1,1,0,0,0,0,0,0,0,0,0,0
180798,1,1,43,43,43,43,43,43,43,43,43,43
180799,1,1,0,0,0,0,0,0,0,0,0,0
180799,2,1,0,0,0,0,0,0,0,0,0,0
180800,0,1,0,43,0,0,0,0,0,0,0,0
180800,1,1,0,0,0,0,0,0,0,0,0,0
180801,0,1,9,9,0,0,0,14,20,0,0,31
180801,1,1,0,0,0,0,0,0,0,0,0,0
180802,1,1,21,21,21,21,21,21,21,21,21,21
180803,1,1,0,0,0,0,0,0,0,0,0,0
180803,2,1,0,0,0,0,0,0,0,0,0,0
180804,1,1,24,24,24,24,24,24,24,24,24,24
180805,1,1,0,0,0,16,11,0,23,0,27,0
180806,1,1,0,0,0,0,0,0,0,0,0,0
180806,2,1,0,0,0,0,0,0,0,0,0,0
180806,3,1,0,0,0,0,0,0,0,0,0,0
180806,4,1,0,0,0,0,0,0,0,0,0,0
180807,1,1,0,0,0,0,0,0,0,0,0,0
180807,2,1,0,0,0,0,0,0,0,0,0,0
180808,1,1,0,16,0,0,0,0,0,0,0,0
180809,1,1,0,0,0,0,0,0,0,0,0,0
180809,2,1,0,0,0,0,0,0,0,0,0,0
180810,1,1,24,0,0,15,0,17,16,0,0,0
180811,1,1,0,0,13,0,42,0,0,0,0,0
180811,2,1,0,0,0,0,0,0,0,0,0,0
180812,1,1,0,0,0,0,0,0,0,0,0,0
180812,2,1,0,0,0,0,0,0,0,0,0,0
180813,1,1,12,12,12,12,12,12,12,12,12,12
180813,2,1,0,0,0,0,0,0,0,0,0,0
180814,0,1,0,0,0,0,0,0,0,0,0,0
180814,1,1,6,15,11,18,0,0,25,23,18,0
180815,1,1,0,0,0,0,0,0,0,0,0,0
180816,1,1,21,21,21,21,21,21,21,21,21,21
180816,2,1,0,0,0,0,0,0,0,0,0,0
180817,1,1,0,0,0,0,0,0,0,0,0,0
180817,2,1,0,22,0,0,44,0,0,0,0,0
180818,1,1,0,0,9,0,20,0,0,0,0,11
180818,2,1,0,0,15,0,0,0,14,0,0,0
180819,1,1,2,2,2,2,2,2,2,2,2,2
180820,1,1,9,27,11,15,0,33,20,12,13,10
180820,2,1,0,0,0,0,0,0,0,11,18,0
180822,1,1,0,0,0,0,0,0,0,0,0,0
180823,0,1,0,0,0,0,13,0,0,0,25,0
180823,1,1,0,0,0,0,0,0,0,0,0,0
180824,0,1,0,0,0,0,0,0,0,0,0,0
180824,1,1,0,0,0,0,0,0,0,0,0,0
180825,1,1,0,0,0,0,0,0,0,0,0,15
180826,1,1,0,0,0,0,0,0,0,0,0,0
180827,0,1,0,0,0,0,0,0,0,0,0,18
180827,1,1,12,0,0,0,0,0,0,0,0,0
180828,1,1,0,0,0,0,0,0,0,0,0,0
180828,2,1,0,0,0,0,0,0,0,0,0,0
180829,1,1,0,0,0,0,0,0,0,0,0,0
180829,2,1,0,0,0,0,0,0,0,0,0,0
180830,1,1,0,0,0,0,0,0,0,0,0,0
180831,1,1,0,0,0,0,0,0,0,0,0,0
180832,1,1,21,7,0,29,0,0,0,24,0,0
180833,1,1,0,0,32,0,0,0,0,0,0,0
180833,2,1,0,0,0,0,0,0,0,0,0,0
180834,1,1,0,0,15,0,0,0,0,0,0,0
180834,2,1,0,0,0,0,0,0,0,0,0,0
180835,0,1,6,8,14,21,18,24,21,30,25,26
180835,1,1,0,7,0,0,9,0,0,0,0,0
180836,1,1,0,0,0,0,0,3,0,0,0,0
180837,1,1,0,0,0,0,0,0,0,0,0,0
180837,2,1,0,0,0,0,0,0,0,0,0,0
190001,0,1,0,0,0,0,0,0,0,0,0,0
190001,1,1,0,0,0,0,0,0,0,0,0,0
190002,1,1,0,0,0,0,0,0,0,0,0,0
190003,1,1,0,20,21,0,11,15,0,0,5,0
190003,2,1,0,0,23,0,0,0,0,0,0,4
190004,0,1,0,18,25,8,31,0,0,0,0,0
190004,2,1,0,0,0,0,0,0,0,0,0,0
190005,1,1,0,0,0,0,0,0,0,0,0,0
190005,2,1,0,0,13,0,0,0,0,0,0,0
190006,0,1,0,22,0,0,18,0,27,26,0,0
190006,1,1,0,0,0,0,0,0,0,0,0,0