ST_CASE,VEH_NO,PER_NO,P1,P2,P3,P4,P5,P6,P7,P8,P9,P10
220168,1,1,0,0,0,0,0,0,0,0,0,0
220169,1,1,0,0,0,0,0,0,0,0,0,0
220169,2,1,0,0,0,0,0,0,0,0,0,0
220170,0,1,0,0,0,0,0,0,0,0,0,0
220170,0,2,0,0,0,0,0,0,0,0,0,0
220170,0,3,0,28,0,0,24,0,0,0,0,0
220170,1,1,0,0,0,0,0,0,0,0,0,0
220171,1,1,19,19,19,19,19,19,19,19,19,19
220171,2,1,0,0,0,0,0,0,0,0,0,0
220172,1,1,0,0,0,0,0,0,0,0,0,0
220172,2,1,0,0,0,0,0,0,0,0,0,0
220173,1,1,0,0,0,0,0,0,0,0,0,0
220174,0,1,0,0,0,0,0,0,0,0,0,0
220174,1,1,19,0,0,12,0,0,0,0,0,0
220174,2,1,0,0,0,0,0,0,0,0,9,0
220175,0,1,0,0,0,0,0,0,0,0,0,0
220175,1,1,0,0,0,0,0,0,0,0,0,0
220175,2,1,0,0,0,0,0,0,0,0,0,0
220175,3,1,0,0,0,0,0,0,0,0,0,0
220176,1,1,0,0,0,0,0,0,0,0,0,0
220176,2,1,0,0,0,0,0,0,0,0,0,0
220176,3,1,0,0,0,0,0,0,0,0,0,0
220177,0,1,0,0,0,0,0,0,0,0,0,0
220177,1,1,0,0,0,0,0,0,0,0,0,0
220178,1,1,0,0,0,0,0,0,0,0,0,0
220179,1,1,0,0,0,0,0,0,0,0,0,0
220179,2,1,0,0,0,0,0,0,0,0,0,0
220180,1,1,19,19,19,19,19,19,19,19,19,19
220181,1,1,33,33,33,33,33,33,33,33,33,33
220182,1,1,0,0,0,0,0,0,0,0,0,0
220183,0,1,19,19,19,19,19,19,19,19,19,19
220183,1,1,5,5,5,5,5,5,5,5,5,5
220183,2,1,5,5,5,5,5,5,5,5,5,5
220184,0,1,0,0,0,0,0,0,0,0,0,0
220184,1,1,0,0,0,0,0,0,0,0,0,0
220185,1,1,15,15,15,15,15,15,15,15,15,15
220186,1,1,23,23,23,23,23,23,23,23,23,23
220187,1,1,0,8,0,0,0,0,0,0,17,0
220188,1,1,16,16,16,16,16,16,16,16,16,16
220189,1,1,0,0,0,0,0,0,0,0,0,0
220189,2,1,0,0,0,0,0,0,0,0,0,0
220189,3,1,0,0,0,0,0,0,0,0,0,0
220189,4,1,0,0,0,0,0,0,0,0,0,0
220190,1,1,0,0,0,0,0,0,0,0,0,11
220190,2,1,0,0,0,26,0,0,0,0,3,0
220191,1,1,0,0,4,0,0,0,0,25,0,14
220191,2,1,0,0,0,12,0,17,0,0,0,0
220191,3,1,0,18,0,0,0,0,0,0,0,0
220192,1,1,0,0,0,17,0,0,0,0,0,0
220192,2,1,0,0,0,0,0,0,0,0,0,0
220193,1,1,0,0,0,0,0,0,0,0,0,0
220193,2,1,0,0,0,0,0,0,0,0,0,0
220194,1,1,0,0,0,0,0,0,0,0,0,0
220195,1,1,0,0,0,0,0,0,0,0,0,0
220195,2,1,0,0,0,0,0,0,0,0,0,0
220196,0,1,0,0,0,0,0,0,25,0,0,0
220196,0,2,0,0,0,0,0,0,0,0,0,0
220196,1,1,0,0,0,0,0,0,0,0,0,0
220197,1,1,0,0,0,0,0,0,0,0,0,0
220197,2,1,0,0,0,0,0,0,0,0,0,0
220198,0,1,33,0,3,0,5,0,19,31,0,0
220198,1,1,15,15,15,15,15,15,15,15,15,15
220199,0,1,0,0,0,0,0,0,0,0,0,0
220199,1,1,0,0,0,0,0,0,0,0,0,0
220199,2,1,0,14,12,0,0,0,8,23,9,0
220200,0,1,0,0,7,0,0,0,0,23,0,12
220200,1,1,0,0,0,0,0,0,0,0,0,0
220201,1,1,0,0,0,0,0,0,0,0,0,0
220201,2,1,0,0,0,0,0,0,0,0,0,0
220202,1,1,5,5,5,5,5,5,5,5,5,5
220202,2,1,0,0,0,0,0,0,0,0,0,0
220203,1,1,31,31,31,31,31,31,31,31,31,31
220203,2,1,0,0,0,0,0,0,0,0,0,0
220204,1,1,6,6,6,6,6,6,6,6,6,6
220204,2,1,0,0,0,0,0,0,0,0,0,0
220205,0,1,3,3,3,3,3,3,3,3,3,3
220205,1,1,0,0,15,0,19,14,11,0,15,0
220206,1,1,20,20,20,20,20,20,20,20,20,20
220207,1,1,0,0,0,0,0,0,0,0,0,0
220207,2,1,0,0,0,0,0,0,0,0,0,0
220208,1,1,10,10,10,10,10,10,10,10,10,10
220208,2,1,0,0,0,0,0,0,0,0,0,0
220209,1,1,0,0,0,0,0,0,0,0,0,0
220209,2,1,0,0,0,0,0,0,0,0,0,0
220210,0,1,0,0,0,0,0,0,0,0,0,0
220210,1,1,0,0,0,0,0,0,0,0,0,0
220211,1,1,13,13,13,13,13,13,13,13,13,13
220211,2,1,0,0,0,0,0,0,0,0,0,0
220212,1,1,0,0,0,0,0,0,0,0,0,0
220212,2,1,0,0,0,0,0,0,0,0,0,0
220213,0,1,0,0,0,35,0,0,27,0,0,0
220213,1,1,0,0,0,0,0,0,0,0,0,0
220215,1,1,0,0,0,0,0,0,0,0,0,0
220216,1,1,3,3,3,3,3,3,3,3,3,3
220216,2,1,0,0,0,0,0,0,0,0,0,0
220217,0,1,0,0,0,0,0,0,0,0,0,0
220217,2,1,0,0,0,0,0,0,0,0,0,0
220218,1,1,0,0,0,0,0,0,0,0,0,0
220218,2,1,0,0,0,0,0,0,0,0,0,0
220219,1,1,0,0,0,0,0,0,0,0,0,0
220219,2,1,0,0,0,0,0,0,0,0,0,0
220221,0,1,0,0,0,0,0,0,0,0,0,0
220221,0,2,0,0,0,0,0,0,0,0,0,0
220222,0,1,9,9,9,9,9,9,9,9,9,9
220222,1,1,9,5,14,15,15,15,14,35,13,11
220223,1,1,14,14,14,14,14,14,14,14,14,14
220223,2,1,0,0,0,0,0,0,0,0,0,0
220224,1,1,0,0,0,0,0,0,0,0,0,0
220224,2,1,0,0,0,0,0,0,0,0,0,0
220225,1,1,0,0,0,0,0,0,0,0,0,0
220225,2,1,0,0,0,0,0,0,0,0,0,0
220226,1,1,0,0,0,0,0,0,0,0,0,0
220226,2,1,0,0,0,0,0,0,0,0,0,0
220226,3,1,0,0,0,0,0,0,0,0,0,0
220227,1,1,15,15,15,15,15,15,15,15,15,15
220227,2,1,0,0,0,0,0,0,0,0,0,0
220228,0,1,0,0,0,0,0,0,0,0,0,0
220228,1,1,0,0,0,0,0,0,0,0,0,0
220228,2,1,0,0,0,0,0,0,0,0,0,0
220229,1,1,0,0,0,0,0,0,0,0,0,0
220229,2,1,0,0,0,0,0,0,0,0,0,0
220230,2,1,13,13,13,13,13,13,13,13,13,13
220231,1,1,0,0,0,0,0,0,0,0,0,0
220231,2,1,0,0,0,0,0,0,0,0,0,0
220232,1,1,12,12,12,12,12,12,12,12,12,12
220233,1,1,0,0,0,0,0,0,0,0,0,0
220233,2,1,0,0,0,0,0,0,0,0,0,0
220234,1,1,0,0,0,0,0,0,0,0,0,0
220234,2,1,0,0,0,0,0,0,0,0,0,0
220235,1,1,0,0,0,0,15,0,0,9,7,0
220235,2,1,0,0,0,0,0,0,0,0,0,0
220236,1,1,0,0,0,0,0,0,0,0,0,0
220236,2,1,0,0,0,0,0,0,0,0,0,0
220236,3,1,0,0,0,0,0,0,0,0,0,0
220236,4,1,0,0,0,0,0,0,0,16,0,0
220237,1,1,8,8,8,8,8,8,8,8,8,8
220237,2,1,0,0,0,0,0,0,0,0,13,0
220237,3,1,0,0,0,0,0,0,0,0,0,0
220237,4,1,0,0,0,0,0,0,0,0,0,0
220238,0,1,0,0,0,0,0,0,0,0,0,0
220238,0,2,32,0,0,0,0,0,0,0,0,0
220238,1,1,0,0,0,0,0,0,0,0,0,0
220238,2,1,0,0,0,0,0,0,0,0,0,0
220239,1,1,0,0,0,0,0,0,0,0,0,0
220240,1,1,0,0,0,0,0,0,0,0,0,0
220240,2,1,0,0,0,0,0,0,0,0,0,0
220241,0,1,0,15,8,26,39,17,37,0,6,0
220241,1,1,0,0,0,0,0,0,0,0,0,0
220242,0,1,0,0,0,0,0,0,0,0,0,0
220242,1,1,0,0,0,0,0,0,0,0,0,0
220243,1,1,0,0,0,0,0,0,0,0,0,0
220244,1,1,0,0,0,0,0,0,0,0,0,0
220244,2,1,0,0,0,0,0,0,0,0,0,0
220245,1,1,0,0,0,0,0,0,0,0,0,0
220246,1,1,0,0,0,0,0,0,0,0,0,0
220248,1,1,0,0,0,0,0,0,0,0,0,0
220249,1,1,13,13,13,13,13,13,13,13,13,13
220249,2,1,0,0,0,0,0,0,0,0,0,0
220250,1,1,0,0,0,0,0,0,0,0,0,0
220250,2,1,1,1,1,1,1,1,1,1,1,1
220251,1,1,14,14,14,14,14,14,14,14,14,14
220252,1,1,0,0,0,0,0,0,0,0,0,0
220252,2,1,0,0,0,0,0,0,0,0,0,0
220253,0,1,0,0,0,0,0,0,0,0,0,0
220253,1,1,0,0,0,0,0,0,0,0,0,0
220254,1,1,0,0,0,0,0,0,0,0,0,0
220255,1,1,16,16,16,16,16,16,16,16,16,16
220256,1,1,0,0,0,0,0,0,0,0,0,0
220256,2,1,0,0,0,0,0,0,0,0,0,0
220257,1,1,0,0,0,0,0,0,0,0,0,0
220258,1,1,19,19,19,19,19,19,19,19,19,19
220259,0,1,16,0,21,9,0,0,0,0,0,0
220259,1,1,0,0,0,0,0,0,0,0,0,0
220260,0,1,0,0,0,0,23,0,0,0,0,17
220260,1,1,6,24,0,11,28,16,30,14,0,0
220261,1,1,0,0,0,0,0,0,19,0,0,0
220262,1,1,0,0,0,19,0,0,0,25,0,0
220263,1,1,0,0,0,0,0,0,0,0,0,0
220264,0,1,0,0,0,0,0,0,0,0,0,0
220264,1,1,0,0,0,0,0,0,0,0,0,0
220265,1,1,0,0,0,0,0,0,0,0,0,0
220266,1,1,0,0,0,0,0,0,0,0,0,0
220266,2,1,0,0,0,0,0,0,0,0,0,0
220267,1,1,0,0,0,0,0,0,0,0,0,0
220267,2,1,0,0,0,0,0,0,0,0,0,0
220268,1,1,24,24,24,24,24,24,24,24,24,24
220269,1,1,0,0,0,0,0,0,0,0,0,0
220269,2,1,0,0,0,0,0,0,0,0,0,0
220269,3,1,0,0,0,0,0,0,0,0,8,0
220270,1,1,0,0,0,0,0,0,0,0,0,0
220271,1,1,0,0,0,0,0,0,0,0,0,0
220272,1,1,0,0,0,0,0,0,0,0,0,0
220273,0,1,0,0,0,0,0,0,0,0,0,0
220273,1,1,0,0,0,0,0,0,0,0,0,0
220274,1,1,0,0,0,0,0,0,0,0,0,0
220275,1,1,11,11,11,11,11,11,11,11,11,11
220275,2,1,0,0,0,0,0,0,0,0,0,0
220276,0,1,0,0,0,0,0,0,0,0,0,0
220276,1,1,3,3,3,3,3,3,3,3,3,3
220277,0,1,11,0,0,0,0,0,0,0,7,10
220277,1,1,0,0,0,0,0,0,0,13,0,0
220278,1,1,6,28,17,0,10,10,0,0,26,15
220279,1,1,0,0,19,0,0,0,0,0,0,26
220280,0,1,0,0,0,0,0,0,0,0,0,0
220280,1,1,9,35,16,24,19,2,17,0,19,13
220281,1,1,0,0,0,0,0,0,0,0,0,0
220282,1,1,22,22,22,22,22,22,22,22,22,22
220283,1,1,24,24,24,24,24,24,24,24,24,24
220284,1,1,0,0,0,0,0,0,0,0,0,0
220285,1,1,0,0,0,0,0,0,0,0,0,0
220286,1,1,16,16,16,16,16,16,16,16,16,16
220287,0,1,19,18,0,0,0,0,0,33,0,23
220287,1,1,0,0,0,0,0,0,0,0,0,0
220288,1,1,6,6,6,6,6,6,6,6,6,6
220289,1,1,21,21,21,21,21,21,21,21,21,21
220289,2,1,7,7,7,7,7,7,7,7,7,7
220290,1,1,0,0,0,0,0,0,0,0,15,0
220290,2,1,0,0,0,0,0,0,0,0,0,0
220291,1,1,0,0,0,0,0,0,0,0,0,0
220291,2,1,0,0,0,0,0,0,0,0,0,0
220291,3,1,0,0,0,0,4,0,26,0,0,0
220292,1,1,12,12,12,12,12,12,12,12,12,12
220292,2,1,17,17,17,17,17,17,17,17,17,17
220293,1,1,30,30,30,30,30,30,30,30,30,30
220294,1,1,22,22,22,22,22,22,22,22,22,22
220295,1,1,16,16,16,16,16,16,16,16,16,16
220296,1,1,0,0,0,0,0,0,0,0,0,0
220297,1,1,0,0,0,0,0,0,0,0,0,0
220298,1,1,0,0,0,0,0,0,0,0,0,0
220298,2,1,0,0,0,0,0,0,0,0,0,0
220299,0,1,0,14,0,0,0,0,0,0,60,0
220299,1,1,0,0,0,0,0,0,0,0,0,0
220299,2,1,6,6,6,6,6,6,6,6,6,6
220300,1,1,0,0,25,30,0,0,0,25,17,15
220301,0,1,0,0,12,0,0,0,23,0,0,0
220301,1,1,17,0,0,0,0,0,0,26,0,0
220302,1,1,0,0,0,0,0,0,0,0,0,0
220302,2,1,19,15,5,0,0,0,0,0,0,0
220303,1,1,15,22,0,26,11,0,14,0,8,0
220304,0,1,0,0,0,0,0,0,0,0,0,0
220304,1,1,0,0,0,10,0,0,0,0,0,0
220305,1,1,0,0,0,0,0,0,0,0,0,0
220305,2,1,0,0,0,0,0,0,0,0,0,0
220306,1,1,0,0,0,0,14,0,0,0,0,4
220307,1,1,0,5,0,0,0,0,0,0,0,23
220308,1,1,0,0,0,0,0,0,0,0,0,0
220308,2,1,9,0,0,0,0,10,0,8,0,0
220309,1,1,0,0,0,0,18,0,0,19,0,0
220310,0,1,0,0,0,0,0,16,0,0,14,0
220310,1,1,22,12,19,14,13,0,31,0,0,13
220311,1,1,23,27,28,18,19,16,17,17,7,35
220312,1,1,22,22,22,22,22,22,22,22,22,22
220312,2,1,0,0,0,0,0,0,0,0,0,0
220313,1,1,0,0,0,0,0,0,0,0,0,0
220315,1,1,0,0,0,0,0,0,0,0,0,0
220315,2,1,0,0,0,0,0,0,0,0,0,0
220316,1,1,0,0,0,0,0,0,0,0,0,0
220316,2,1,0,0,0,0,0,0,0,0,0,0
220317,1,1,30,30,30,30,30,30,30,30,30,30
220318,1,1,0,0,0,0,0,0,0,0,0,0
220318,2,1,0,0,0,0,0,0,0,0,0,0
220319,0,1,2,2,2,2,2,2,2,2,2,2
220319,0,2,0,0,0,0,0,0,0,0,0,0
220319,1,1,0,0,0,0,0,0,0,0,0,0
220320,1,1,0,0,0,0,0,0,0,0,0,0
220320,2,1,0,0,0,0,0,0,0,0,0,0
220321,1,1,0,0,0,0,0,0,0,0,0,0
220321,2,1,0,0,0,0,0,0,0,0,0,0
220322,1,1,0,0,0,0,0,0,0,0,0,0
220322,2,1,0,0,0,0,0,0,0,0,0,0
220322,3,1,0,0,0,0,0,0,0,0,0,0
220323,1,1,0,0,0,0,0,0,0,0,0,0
220324,1,1,0,0,0,0,0,0,0,0,0,0
220325,0,1,0,0,0,0,0,0,0,0,0,0
220325,1,1,0,0,0,0,0,0,0,0,0,0
220326,1,1,0,0,0,0,0,0,0,0,0,0
220327,1,1,0,0,0,0,0,0,0,0,0,0
220327,2,1,0,0,0,0,0,0,0,0,0,0
220328,1,1,0,4,17,0,0,16,0,0,0,5
220329,1,1,0,0,0,0,0,0,0,0,0,0
220329,2,1,0,0,0,0,0,0,0,0,0,0
220330,1,1,13,13,13,13,13,13,13,13,13,13
220330,2,1,0,0,0,0,0,0,0,0,0,0
220331,1,1,0,0,0,0,0,0,0,0,0,0
220331,2,1,0,0,0,0,0,0,0,0,0,0
220332,1,1,0,0,0,0,0,0,0,0,0,0
220333,0,1,0,0,23,0,0,0,28,8,0,0
220333,1,1,8,0,16,15,21,0,32,27,10,15
220334,1,1,0,0,0,0,0,0,0,0,0,0
220334,2,1,0,0,0,0,0,0,0,0,0,0
220335,1,1,0,0,0,0,0,0,0,0,0,0
220335,2,1,0,0,0,0,0,0,0,0,0,0
220336,1,1,20,20,20,20,20,20,20,20,20,20
220337,1,1,0,0,0,0,0,0,0,0,0,0
220337,2,1,0,0,0,0,0,0,0,0,0,0
220338,1,1,20,20,20,20,20,20,20,20,20,20
220338,2,1,0,0,0,3,0,10,0,0,0,0
220339,0,1,17,17,17,17,17,17,17,17,17,17
220339,1,1,0,15,0,0,0,0,0,0,0,0
220340,1,1,0,0,0,0,0,0,0,0,0,0
220340,2,1,18,18,18,18,18,18,18,18,18,18
220341,1,1,18,18,18,18,18,18,18,18,18,18
220342,1,1,4,4,4,4,4,4,4,4,4,4
220343,1,1,3,2,7,19,12,20,13,14,11,29
220344,1,1,22,22,22,22,22,22,22,22,22,22
220345,1,1,0,0,0,0,0,0,0,0,0,0
220345,2,1,0,0,0,0,0,0,0,0,0,0
220346,1,1,0,0,0,0,0,0,0,0,0,0
220346,2,1,18,18,18,18,18,18,18,18,18,18
220347,1,1,0,0,0,0,10,0,0,0,0,0
220347,2,1,0,0,0,0,0,0,0,0,0,0
220348,1,1,0,0,0,0,0,0,0,0,0,0
220349,1,1,0,0,0,0,0,0,0,0,0,0
220349,2,1,0,0,0,0,0,0,0,0,0,0
220349,3,1,0,0,0,0,0,0,0,0,0,0
220349,4,1,0,0,0,0,0,0,0,0,0,0
220350,0,1,0,0,0,0,0,0,0,0,0,0
220350,0,2,0,0,0,0,0,0,0,0,0,0
220350,1,1,0,0,0,0,0,0,0,0,0,0
220351,0,1,0,0,0,0,0,0,0,0,0,0
220351,1,1,0,0,0,0,0,0,0,0,0,0
220352,1,1,0,0,0,0,0,0,0,0,0,0
220353,1,1,0,0,0,0,0,0,0,0,0,0
220353,2,1,0,0,0,0,0,0,0,0,0,0
220354,1,1,17,17,17,17,17,17,17,17,17,17
220354,2,1,0,0,0,0,0,0,0,0,0,0
220355,1,1,0,0,0,0,0,0,0,0,0,0
220355,2,1,0,0,0,0,0,0,0,0,0,0
220355,3,1,0,0,0,0,0,0,0,0,0,0
220355,4,1,0,0,0,0,0,0,11,0,0,0
220355,5,1,0,0,0,0,0,0,0,0,0,0
220356,1,1,0,0,0,0,0,0,0,0,0,0
220357,1,1,0,30,35,15,28,16,14,13,0,10
220357,2,1,0,0,0,0,0,0,0,0,0,0
220357,3,1,0,0,0,0,0,0,25,0,0,0
220358,1,1,1,1,1,1,1,1,1,1,1,1
220358,2,1,0,0,0,0,0,0,0,0,0,0
220358,3,1,0,0,0,0,0,0,0,0,0,0
220360,1,1,0,0,0,0,0,0,0,0,0,0
220360,2,1,0,0,0,0,0,0,0,0,0,0
220361,1,1,0,0,0,0,0,0,0,0,0,0
220362,1,1,0,0,0,0,0,0,0,0,0,0
220363,1,1,7,7,7,7,7,7,7,7,7,7
220364,1,1,18,18,18,18,18,18,18,18,18,18
220365,1,1,16,16,16,16,16,16,16,16,16,16
220366,1,1,0,0,0,0,0,0,0,0,0,0
220366,2,1,0,0,0,0,0,0,0,0,0,0
220367,1,1,12,12,12,12,12,12,12,12,12,12
220368,1,1,0,0,0,0,0,0,0,0,0,0
220369,1,1,13,13,13,13,13,13,13,13,13,13
220370,1,1,0,0,0,0,0,0,0,0,0,0
220370,2,1,0,0,0,0,0,0,0,0,0,0
220371,1,1,0,0,0,0,0,0,0,0,0,0
220372,1,1,30,30,30,30,30,30,30,30,30,30
220373,1,1,0,0,0,0,0,0,0,0,0,0
220373,2,1,0,0,0,0,0,0,0,0,0,0
220374,1,1,0,0,0,0,0,0,0,0,0,0
220375,1,1,0,0,0,0,0,0,0,18,0,8
220375,2,1,0,0,0,7,3,18,4,23,0,3
220377,0,1,0,0,0,0,0,0,0,0,0,0
220377,1,1,0,0,0,0,0,0,0,0,0,0
220378,1,1,15,15,15,15,15,15,15,15,15,15
220379,0,1,1,1,1,1,1,1,1,1,1,1
220379,1,1,0,0,0,0,0,0,17,10,0,0
220380,1,1,13,0,0,15,0,0,19,10,0,0
220381,1,1,0,0,0,0,0,0,0,0,0,0
220381,2,1,0,0,0,0,0,0,0,0,0,0
220382,1,1,0,16,20,30,0,0,0,13,22,30
220383,1,1,29,29,29,29,29,29,29,29,29,29
220384,1,1,22,22,22,22,22,22,22,22,22,22
220385,1,1,27,27,27,27,27,27,27,27,27,27
220385,2,1,0,0,0,0,0,0,0,0,0,0
220386,1,1,24,24,24,24,24,24,24,24,24,24
220386,2,1,0,0,0,0,0,0,0,0,0,0
220386,3,1,0,0,0,0,0,0,0,0,0,0
220387,0,1,0,0,0,0,0,0,0,0,0,0
220387,1,1,0,0,0,0,0,0,0,0,0,0
220388,0,1,0,0,0,0,0,0,0,0,0,0
220388,1,1,0,0,0,0,0,0,0,0,0,0
220389,0,1,0,0,0,0,0,0,0,0,0,0
220389,1,1,0,0,0,0,0,0,0,0,0,0
220390,1,1,13,13,13,13,13,13,13,13,13,13
220391,0,1,0,0,0,0,0,0,0,0,0,0
220391,1,1,0,0,0,0,0,0,0,0,0,0
220392,1,1,1,1,1,1,1,1,1,1,1,1
220392,2,1,0,0,0,0,0,0,0,0,0,0
220392,3,1,0,0,16,0,0,0,0,0,0,0
220392,4,1,0,0,0,0,0,0,0,0,0,0
220393,0,1,0,0,0,0,0,0,0,0,0,0
220393,1,1,0,0,0,0,0,9,0,0,0,0
220394,1,1,16,16,16,16,16,16,16,16,16,16
220394,2,1,0,0,0,0,0,0,0,0,0,0
220395,1,1,0,0,0,0,0,0,0,0,0,0
220396,1,1,17,17,17,17,17,17,17,17,17,17
220397,1,1,0,0,0,14,0,0,0,0,0,0
220398,1,1,0,0,0,0,0,0,0,0,0,0
220398,2,1,0,0,0,0,0,3,0,0,0,0
220399,1,1,0,0,0,0,0,0,15,0,0,0
220400,1,1,0,0,0,0,0,0,0,0,0,0
220401,0,1,0,0,0,0,0,0,0,0,0,0
220401,1,1,0,0,0,0,0,0,0,0,0,0
220402,1,1,0,0,0,0,18,0,0,0,0,0
220402,2,1,7,7,7,7,7,7,7,7,7,7
220403,1,1,4,0,19,0,0,0,0,9,0,9
220403,2,1,0,0,0,0,0,0,0,0,0,0
220404,1,1,24,24,24,24,24,24,24,24,24,24
220405,1,1,0,0,0,25,0,0,0,0,16,0
220406,1,1,0,0,0,0,0,0,0,0,0,0
220407,1,1,0,0,0,0,0,0,0,0,0,0
220408,1,1,0,0,0,0,0,0,0,0,0,0
220409,1,1,23,23,23,23,23,23,23,23,23,23
220411,1,1,0,0,0,0,0,0,0,0,0,0
220412,1,1,0,0,0,0,0,0,0,0,0,0
220413,1,1,11,11,11,11,11,11,11,11,11,11
220414,1,1,0,0,0,0,0,0,0,0,0,0
220414,2,1,0,0,0,0,0,0,0,0,0,0
220415,1,1,11,11,11,11,11,11,11,11,11,11
220416,1,1,0,0,0,0,0,0,0,0,0,0
220417,0,1,0,0,0,0,0,18,0,0,0,0
220417,1,1,0,0,0,0,0,0,0,0,0,0
220418,1,1,24,14,0,5,0,6,0,11,0,7
220419,1,1,0,0,0,0,0,0,0,0,0,0
220419,2,1,0,0,0,0,0,0,0,0,0,0
220421,1,1,25,8,10,29,0,13,0,0,14,0
220422,1,1,26,26,26,26,26,26,26,26,26,26
220424,0,1,0,0,0,0,0,0,0,0,0,0
220424,1,1,0,24,0,16,15,24,0,19,0,28
220425,1,1,1,1,1,1,1,1,1,1,1,1
220426,1,1,0,0,0,0,0,0,0,0,0,0
220426,2,1,0,0,6,25,0,0,0,0,0,0
220426,3,1,0,0,0,0,0,0,0,0,0,0
220427,1,1,13,13,13,13,13,13,13,13,13,13
220427,2,1,22,22,22,22,22,22,22,22,22,22
220427,3,1,0,0,26,0,19,0,0,0,15,0
220428,0,1,0,0,0,0,0,0,0,0,0,0
220428,1,1,0,0,0,16,0,0,0,0,7,0
220428,2,1,0,0,0,0,0,0,0,0,0,0
220429,1,1,0,0,0,0,0,0,0,0,0,0
220430,1,1,0,0,0,12,0,0,0,0,0,0
220430,2,1,0,0,0,0,0,0,0,0,0,0
220430,3,1,0,0,6,0,0,0,0,0,0,0
220431,1,1,0,0,0,0,0,0,0,0,0,0
220431,2,1,0,0,0,0,0,0,0,0,0,0
220431,3,1,0,0,0,0,0,0,0,0,0,0
220432,0,1,9,0,6,0,0,0,0,0,0,13
220432,0,2,0,0,0,0,0,0,0,0,0,0
220432,1,1,0,0,0,0,0,0,0,0,0,0
220433,1,1,0,0,0,0,0,0,0,0,0,0
220433,2,1,0,0,0,0,0,0,0,0,0,0
220434,1,1,0,0,0,0,0,0,0,0,0,0
220434,2,1,0,0,0,0,0,0,0,0,0,0
220434,3,1,0,0,0,0,0,0,0,0,0,0
220435,0,1,0,0,0,0,0,0,0,0,0,0
220435,1,1,0,0,0,0,0,0,0,0,0,0
220436,1,1,20,20,20,20,20,20,20,20,20,20
220436,2,1,0,0,0,0,0,0,0,0,0,0
220437,0,1,22,22,22,22,22,22,22,22,22,22
220437,1,1,0,0,0,0,0,0,0,0,0,0
220438,0,1,14,14,14,14,14,14,14,14,14,14
220438,1,1,0,0,0,0,0,0,0,0,0,0
220438,2,1,0,0,0,0,0,0,0,0,0,0
220439,1,1,15,15,15,15,15,15,15,15,15,15
220439,2,1,0,0,0,0,0,0,0,0,0,0
220440,1,1,0,0,0,0,0,0,0,0,0,0
220440,2,1,0,0,0,0,0,0,0,0,0,0
220441,1,1,0,0,0,0,0,0,0,0,0,0
220441,2,1,0,0,0,0,0,0,0,0,0,0
220442,1,1,6,6,6,6,6,6,6,6,6,6
220443,0,1,32,32,32,32,32,32,32,32,32,32
220443,1,1,0,0,0,0,24,0,0,0,0,0
220444,1,1,0,0,0,0,0,0,0,0,0,0
220444,2,1,0,0,0,0,0,0,0,0,0,0
220445,1,1,0,0,0,0,0,0,0,0,0,0
220445,2,1,0,0,0,0,0,0,0,0,0,0
220445,3,1,0,0,0,0,0,0,0,0,0,0
220446,1,1,17,17,17,17,17,17,17,17,17,17
220447,1,1,23,23,23,23,23,23,23,23,23,23
220447,2,1,0,0,0,0,0,0,0,0,0,0
220448,1,1,0,26,0,0,0,15,0,0,0,0
220448,2,1,0,0,0,0,0,0,0,0,0,0
220449,1,1,16,16,16,16,16,16,16,16,16,16
220449,2,1,0,0,0,0,0,0,0,0,0,0
220450,1,1,0,0,0,0,0,0,0,0,0,0
220451,1,1,19,19,19,19,19,19,19,19,19,19
220451,2,1,0,0,0,0,0,0,0,0,0,0
220452,1,1,22,22,22,22,22,22,22,22,22,22
220453,0,1,22,22,22,22,22,22,22,22,22,22
220453,1,1,0,0,0,0,0,0,0,0,0,0
220454,0,1,0,0,0,33,0,25,28,0,0,21
220454,1,1,23,0,31,12,20,6,0,14,15,0
220455,1,1,13,13,13,13,13,13,13,13,13,13
220456,0,1,0,0,0,0,0,0,0,0,0,0
220456,1,1,0,0,0,0,0,0,0,0,0,0
220457,1,1,0,0,0,0,0,0,0,0,0,0
220457,2,1,0,0,0,0,0,0,0,0,0,0
220458,1,1,0,0,0,0,0,0,0,0,0,0
220459,0,1,6,6,6,6,6,6,6,6,6,6
220459,0,2,0,0,0,0,0,0,0,0,0,0
220459,1,1,16,16,16,16,16,16,16,16,16,16
220460,0,1,0,0,0,0,0,0,0,0,0,0
220461,0,1,13,13,13,13,13,13,13,13,13,13
220461,1,1,0,0,0,0,0,0,0,0,0,0
220462,0,1,18,18,18,18,18,18,18,18,18,18
220462,1,1,0,0,0,0,0,0,0,0,0,0
220463,0,1,0,0,0,0,0,0,0,0,0,0
220463,1,1,0,0,0,0,0,0,0,0,0,0
220464,1,1,0,0,0,0,0,0,0,0,0,0
220464,2,1,0,0,0,0,0,0,0,0,0,0
220465,1,1,0,0,0,0,0,0,0,0,0,0
220465,2,1,0,0,0,0,0,0,0,0,0,0
220466,1,1,0,0,0,0,0,0,0,0,0,0