ST_CASE,VEH_NO,PER_NO,P1,P2,P3,P4,P5,P6,P7,P8,P9,P10
220761,2,1,0,0,0,0,0,0,17,0,0,0
220762,1,1,0,0,0,0,0,0,0,0,0,0
220762,2,1,0,0,0,0,0,0,0,0,0,0
220763,1,1,0,14,0,0,0,0,0,0,11,0
220763,2,1,0,0,0,0,0,0,0,0,0,0
220764,1,1,0,0,0,9,0,0,0,0,0,0
220765,1,1,0,0,0,0,0,15,14,0,0,0
220766,1,1,0,0,0,0,0,0,0,0,0,0
220766,2,1,0,0,0,0,0,0,0,0,0,0
220766,3,1,0,0,0,0,0,0,0,0,0,0
220767,0,1,0,23,0,0,0,19,0,0,30,43
220767,1,1,0,0,0,0,0,0,0,0,0,0
220768,0,1,35,35,35,35,35,35,35,35,35,35
220768,1,1,13,0,17,14,0,0,17,24,7,0
220769,1,1,0,0,0,0,0,0,0,0,0,0
220769,2,1,0,0,0,0,0,0,0,0,0,0
220770,1,1,0,0,0,0,0,0,0,0,0,0
220771,1,1,0,0,0,0,0,0,0,0,0,0
220772,0,1,94,94,94,94,94,94,94,94,94,94
220772,1,1,0,0,0,0,0,0,0,0,0,0
220773,0,1,4,23,40,25,19,3,18,22,7,43
220773,1,1,0,0,0,0,0,0,0,0,0,0
220774,1,1,15,22,0,7,19,36,0,0,0,0
220775,1,1,0,0,0,0,0,0,0,0,0,0
220776,1,1,0,0,0,0,0,0,0,0,0,0
220777,1,1,0,0,0,0,0,0,0,0,0,0
220777,2,1,0,0,0,0,0,0,0,0,0,0
220778,1,1,5,5,5,5,5,5,5,5,5,5
220779,0,1,0,0,0,0,0,0,19,0,0,0
230001,0,1,0,0,0,0,0,0,0,0,0,0
230001,1,1,0,0,0,0,0,0,0,0,0,0
230002,0,1,0,30,23,20,21,34,0,23,24,15
230002,1,1,0,0,0,0,0,0,0,0,0,0
230003,1,1,9,9,9,9,9,9,9,9,9,9
230004,1,1,0,0,0,0,0,0,0,0,0,0
230005,1,1,0,0,0,0,0,0,0,0,0,0
230005,2,1,0,0,0,0,0,0,0,0,0,0
230006,1,1,11,11,11,11,11,11,11,11,11,11
230007,1,1,30,30,30,30,30,30,30,30,30,30
230008,1,1,18,18,18,18,18,18,18,18,18,18
230009,1,1,0,0,0,0,0,0,0,0,0,0
230009,2,1,0,0,0,0,0,0,0,0,0,0
230010,1,1,0,0,0,0,0,0,0,0,0,0
230010,2,1,0,0,0,0,0,0,0,0,0,0
230010,3,1,0,0,0,0,0,0,0,0,21,0
230011,1,1,14,14,14,14,14,14,14,14,14,14
230012,1,1,19,19,19,19,19,19,19,19,19,19
230013,1,1,0,0,0,0,0,0,0,0,0,0
230013,2,1,0,0,0,0,0,0,0,0,0,0
230015,0,1,20,20,20,20,20,20,20,20,20,20
230015,1,1,0,0,0,0,0,0,0,0,0,0
230016,1,1,0,0,0,0,0,0,0,0,0,0
230017,1,1,0,0,0,0,0,0,0,0,0,0
230018,1,1,0,0,0,0,0,0,0,13,0,12
230018,2,1,0,0,0,0,0,0,21,0,0,0
230019,1,1,21,21,21,21,21,21,21,21,21,21
230020,1,1,23,23,23,23,23,23,23,23,23,23
230021,1,1,18,18,18,18,18,18,18,18,18,18
230022,1,1,20,14,16,0,7,0,35,27,6,14
230023,1,1,19,19,19,19,19,19,19,19,19,19
230024,1,1,12,12,12,12,12,12,12,12,12,12
230024,2,1,0,0,0,0,0,0,0,0,0,0
230025,1,1,0,0,0,0,0,0,0,0,0,0
230025,2,1,0,0,0,0,0,0,0,0,0,0
230025,3,1,0,0,0,0,0,0,0,0,0,0
230026,1,1,12,0,0,7,0,0,12,0,0,0
230027,1,1,14,14,14,14,14,14,14,14,14,14
230028,1,1,0,0,0,0,0,0,0,0,0,0
230029,1,1,0,0,0,0,0,0,0,0,0,0
230030,1,1,23,23,23,23,23,23,23,23,23,23
230031,1,1,0,0,0,0,0,14,22,0,0,0
230031,2,1,13,0,0,11,0,0,5,0,0,0
230032,1,1,0,0,0,0,0,0,0,0,0,0
230032,2,1,0,0,18,0,0,0,0,0,0,0
230033,1,1,9,9,9,9,9,9,9,9,9,9
230034,1,1,19,19,19,19,19,19,19,19,19,19
230035,1,1,0,0,0,31,0,0,0,0,0,0
230036,1,1,5,5,5,5,5,5,5,5,5,5
230037,1,1,0,0,0,0,0,0,0,0,0,0
230037,2,1,0,0,0,0,0,0,0,0,0,0
230038,1,1,17,17,17,17,17,17,17,17,17,17
230039,1,1,0,0,0,0,0,0,0,0,0,0
230039,2,1,0,0,0,0,0,0,0,0,0,0
230040,1,1,0,0,0,0,0,0,0,0,0,0
230041,1,1,0,0,0,0,0,0,0,0,0,0
230041,2,1,0,0,0,0,0,0,0,0,0,0
230041,3,1,0,0,0,0,0,0,0,0,0,0
230043,1,1,0,0,0,0,0,0,0,0,0,0
230043,2,1,0,0,0,0,0,0,0,0,0,0
230043,3,1,0,0,0,0,0,0,0,0,0,0
230044,1,1,0,0,0,0,0,0,0,0,0,0
230045,1,1,11,11,11,11,11,11,11,11,11,11
230046,1,1,0,0,0,0,0,0,0,0,0,0
230046,2,1,0,0,0,0,0,0,17,22,0,0
230047,1,1,0,0,0,0,0,0,0,0,0,0
230047,2,1,0,0,0,0,0,0,0,0,0,0
230048,1,1,0,0,0,0,0,0,0,0,0,0
230049,1,1,5,0,14,16,0,15,0,14,0,26
230049,2,1,0,0,0,0,0,0,0,0,0,0
230050,0,1,0,0,0,0,24,0,0,0,0,0
230050,1,1,0,0,0,0,0,0,0,0,0,0
230051,1,1,0,0,10,0,0,3,0,0,0,0
230052,1,1,23,0,27,19,5,7,27,10,0,22
230053,1,1,12,12,12,12,12,12,12,12,12,12
230054,1,1,0,0,0,0,0,0,0,0,0,0
230054,2,1,0,0,0,0,35,0,16,0,0,0
230055,1,1,0,0,0,0,0,0,0,0,0,0
230055,2,1,18,18,18,18,18,18,18,18,18,18
230056,1,1,0,0,0,33,0,0,0,0,0,0
230056,2,1,7,0,0,0,0,0,0,0,0,0
230057,1,1,0,0,0,0,0,8,0,0,0,0
230058,0,1,0,0,0,0,0,0,0,0,0,0
230058,1,1,0,0,0,0,0,0,0,0,0,0
230059,0,1,0,0,0,0,0,0,0,0,0,0
230059,1,1,0,0,0,0,0,0,0,0,0,0
230060,1,1,0,0,0,0,0,0,0,0,0,0
230061,1,1,0,0,0,0,0,0,0,0,0,0
230061,2,1,0,0,0,0,0,0,0,0,0,0
230062,1,1,1,1,1,1,1,1,1,1,1,1
230063,1,1,0,0,0,0,0,0,0,0,0,0
230063,2,1,15,8,0,0,0,0,0,0,0,0
230065,1,1,0,0,0,0,0,0,0,0,0,0
230065,2,1,0,0,0,0,0,0,0,0,0,0
230066,1,1,0,0,0,0,0,0,0,0,0,0
230066,2,1,0,0,0,0,0,0,0,0,0,0
230067,1,1,0,0,0,0,0,0,0,0,14,13
230068,1,1,0,0,0,0,0,0,0,0,0,0
230069,1,1,11,0,0,9,18,8,21,24,22,9
230070,1,1,0,12,0,7,0,0,0,0,0,0
230071,1,1,0,0,0,0,0,0,0,0,0,0
230071,2,1,0,18,0,0,0,7,2,5,0,0
230072,1,1,23,23,23,23,23,23,23,23,23,23
230072,2,1,0,21,0,0,0,0,0,0,13,0
230073,1,1,0,0,0,0,0,0,0,0,0,0
230073,2,1,0,0,0,0,0,0,0,0,0,0
230073,3,1,0,0,0,0,0,0,0,0,0,0
230074,1,1,21,0,0,0,0,0,0,0,0,0
230074,2,1,0,0,28,0,0,16,0,0,0,0
230074,3,1,0,0,0,0,0,0,0,0,0,0
230074,4,1,0,0,0,0,0,0,0,26,0,0
230075,1,1,12,12,12,12,12,12,12,12,12,12
230076,1,1,18,18,18,18,18,18,18,18,18,18
230078,1,1,0,0,0,0,0,0,0,0,0,0
230079,1,1,8,8,8,8,8,8,8,8,8,8
230080,1,1,0,0,0,0,0,0,0,0,0,0
230081,1,1,0,0,0,0,0,0,0,0,0,0
230081,2,1,0,22,0,0,0,0,0,0,0,0
230082,1,1,0,0,0,0,0,0,0,0,0,0
230083,1,1,15,15,15,15,15,15,15,15,15,15
230083,2,1,0,0,0,0,0,0,0,0,0,0
230084,1,1,16,14,0,2,11,23,11,0,13,12
230084,2,1,0,0,0,0,0,0,0,0,0,0
230085,1,1,23,23,23,23,23,23,23,23,23,23
230086,1,1,1,1,1,1,1,1,1,1,1,1
230087,1,1,11,11,11,11,11,11,11,11,11,11
230087,2,1,0,0,0,0,0,0,0,0,0,0
230088,1,1,0,0,0,0,0,0,0,0,0,0
230089,1,1,0,0,8,28,0,9,0,0,22,6
230090,1,1,27,27,27,27,27,27,27,27,27,27
230091,1,1,0,0,0,0,0,0,0,0,0,0
230092,1,1,22,22,22,22,22,22,22,22,22,22
230093,1,1,0,0,0,0,0,0,0,0,0,0
230093,2,1,0,0,0,0,0,0,0,0,0,0
230093,3,1,0,0,0,0,0,0,0,0,0,0
230094,1,1,0,0,0,0,0,0,0,0,0,0
230095,1,1,0,0,0,0,0,0,0,0,0,0
230096,1,1,18,19,16,12,23,15,10,14,26,6
230096,2,1,0,0,0,0,0,0,0,0,0,0
230097,1,1,19,19,19,19,19,19,19,19,19,19
230098,1,1,13,13,13,13,13,13,13,13,13,13
230099,0,1,0,0,0,0,30,0,0,0,0,21
230099,1,1,0,0,0,0,0,0,0,24,0,0
230100,1,1,0,0,0,0,0,0,0,0,0,0
230101,1,1,0,0,0,0,0,0,0,0,0,0
230102,1,1,0,0,0,0,0,0,0,0,0,0
230102,2,1,0,0,0,0,0,0,0,0,0,0
230103,1,1,0,0,0,0,0,0,0,0,0,0
230104,1,1,0,0,0,0,0,0,0,0,0,0
230104,2,1,0,0,0,0,0,0,0,0,0,0
230105,1,1,28,28,28,28,28,28,28,28,28,28
230106,1,1,33,33,33,33,33,33,33,33,33,33
230106,2,1,0,0,0,0,0,0,0,0,0,0
230106,3,1,0,0,0,0,0,0,0,0,0,23
230107,1,1,0,0,0,0,0,0,0,0,0,0
230108,1,1,13,13,13,13,13,13,13,13,13,13
230109,1,1,28,19,18,23,17,11,22,18,14,15
230110,1,1,26,0,0,4,0,0,0,0,0,5
230110,2,1,0,0,0,0,0,0,0,0,0,0
230110,3,1,0,0,0,13,0,15,9,0,0,0
230110,4,1,12,0,0,0,0,0,0,0,0,0
230111,1,1,0,0,0,0,0,0,0,0,0,0
230112,1,1,0,0,0,0,0,0,0,0,0,0
230113,1,1,0,0,0,0,0,0,0,0,0,0
230114,1,1,0,0,0,0,0,0,0,0,0,0
230114,2,1,0,0,0,0,0,0,0,0,0,0
230115,1,1,8,8,8,8,8,8,8,8,8,8
230116,1,1,0,0,0,0,0,0,0,0,0,0
230116,2,1,0,0,0,0,0,0,0,0,0,0
230117,1,1,7,5,0,13,21,17,19,20,12,16
230118,1,1,0,0,0,0,0,0,0,0,0,0
230118,2,1,0,0,0,0,0,0,0,0,0,0
230119,1,1,21,21,21,21,21,21,21,21,21,21
230120,1,1,18,18,18,18,18,18,18,18,18,18
230121,1,1,17,17,17,17,17,17,17,17,17,17
230122,1,1,0,0,0,0,0,0,0,0,0,0
230122,2,1,0,0,0,0,0,0,0,0,0,0
230122,3,1,0,0,0,0,0,0,0,0,0,0
230122,4,1,0,0,0,0,0,0,0,0,0,0
230123,1,1,0,0,0,0,0,0,0,0,0,0
230123,2,1,0,0,0,0,0,0,0,0,0,0
230124,1,1,0,0,0,0,0,0,0,0,0,0
230124,2,1,0,0,0,0,0,0,0,0,0,0
230125,1,1,2,2,2,2,2,2,2,2,2,2
230126,0,1,0,0,0,0,0,0,0,0,0,0
230126,1,1,0,0,0,0,0,0,0,0,0,0
230127,1,1,0,0,0,0,0,0,0,0,0,0
230128,1,1,0,0,0,0,0,0,0,0,0,0
230128,2,1,0,0,0,0,0,0,0,13,0,10
230129,1,1,21,21,21,21,21,21,21,21,21,21
230130,1,1,0,0,9,0,0,0,0,0,0,0
230130,2,1,0,0,0,0,0,0,0,0,0,0
230130,3,1,0,0,0,0,0,0,0,0,0,0
230131,1,1,0,0,0,0,0,0,0,0,0,0
230132,1,1,0,0,0,0,5,17,9,17,0,0
230132,2,1,0,0,0,0,0,0,0,0,0,0
230132,3,1,0,0,0,0,4,0,0,0,10,0
230133,1,1,0,0,0,0,0,0,0,0,0,0
230134,1,1,0,0,0,0,0,0,0,0,0,0
230136,1,1,2,2,2,2,2,2,2,2,2,2
230136,2,1,0,0,0,0,0,0,0,0,0,0
230137,1,1,22,22,22,22,22,22,22,22,22,22
230138,0,1,0,0,0,0,0,0,0,0,0,0
230138,1,1,0,0,0,0,0,0,0,0,0,0
230139,1,1,0,0,0,0,0,0,0,0,0,0
230140,1,1,13,13,13,13,13,13,13,13,13,13
230141,1,1,0,0,0,0,0,0,0,0,0,0
230141,2,1,0,0,0,0,0,0,0,0,0,0
230142,1,1,0,0,0,0,0,0,0,0,0,0
230143,1,1,20,20,20,20,20,20,20,20,20,20
230144,1,1,0,0,0,0,0,0,0,0,0,0
230145,1,1,0,0,0,0,43,0,18,0,31,9
230146,1,1,43,43,43,43,43,43,43,43,43,43
230147,0,1,27,27,27,27,27,27,27,27,27,27
230147,1,1,2,2,2,2,2,2,2,2,2,2
230148,1,1,0,0,0,0,0,0,0,0,0,0
230149,0,1,0,0,0,0,0,0,0,0,0,0
230149,1,1,0,0,0,0,0,0,0,0,0,0
230150,1,1,16,16,16,16,16,16,16,16,16,16
230151,1,1,0,0,0,0,0,0,0,0,0,0
230152,1,1,16,16,16,16,16,16,16,16,16,16
230153,1,1,14,14,14,14,14,14,14,14,14,14
230153,2,1,0,0,0,0,0,0,10,0,0,0
230154,1,1,14,14,14,14,14,14,14,14,14,14
230155,1,1,0,0,0,0,0,0,0,0,0,0
230156,1,1,0,0,0,0,0,0,0,0,0,0
240001,0,1,5,5,5,5,5,5,5,5,5,5
240001,1,1,0,6,0,0,0,0,18,0,0,0
240002,0,1,0,0,0,0,0,0,0,0,0,0
240002,0,2,0,0,0,0,0,0,0,0,0,0
240002,1,1,0,0,0,0,0,0,0,0,0,0
240003,1,1,16,16,16,16,16,16,16,16,16,16
240003,2,1,0,0,0,0,0,0,0,0,0,0
240004,1,1,0,0,0,0,0,0,0,0,0,0
240004,2,1,0,0,0,0,0,0,0,0,0,0
240005,1,1,20,20,20,20,20,20,20,20,20,20
240005,2,1,0,0,0,0,0,0,0,0,0,0
240006,0,1,0,0,0,0,0,0,0,0,0,0
240006,1,1,0,0,0,0,0,8,0,0,0,0
240007,0,1,37,37,37,37,37,37,37,37,37,37
240007,1,1,0,0,0,0,0,0,0,0,0,0
240008,1,1,24,24,24,24,24,24,24,24,24,24
240009,0,1,0,0,0,0,0,0,0,0,0,0
240009,1,1,0,0,0,17,0,0,0,6,0,0
240010,1,1,15,15,15,15,15,15,15,15,15,15
240011,0,1,0,0,0,0,0,0,0,0,0,0
240011,0,2,0,0,0,0,0,0,0,0,0,0
240011,1,1,0,0,0,0,0,0,0,0,0,0
240012,0,1,18,18,18,18,18,18,18,18,18,18
240012,1,1,0,0,0,0,0,0,0,0,0,0
240013,0,1,0,0,0,0,19,21,0,0,0,0
240013,1,1,0,0,0,5,0,0,0,0,0,0
240014,0,1,22,22,22,22,22,22,22,22,22,22
240014,1,1,0,0,0,0,0,0,0,0,0,0
240015,1,1,10,10,10,10,10,10,10,10,10,10
240015,2,1,0,0,0,0,0,0,0,0,0,0
240016,1,1,0,0,0,0,19,0,0,0,0,0
240016,2,1,0,0,0,0,0,0,0,0,0,0
240017,1,1,15,15,15,15,15,15,15,15,15,15
240017,2,1,0,0,0,0,0,0,0,0,0,0
240017,3,1,0,0,0,0,0,0,0,0,0,0
240018,1,1,0,0,0,0,0,0,0,0,0,0
240019,1,1,0,0,0,0,0,0,0,0,0,0
240019,2,1,0,0,0,0,0,0,0,0,0,0
240020,1,1,9,9,9,9,9,9,9,9,9,9
240020,2,1,6,6,6,6,6,6,6,6,6,6
240021,0,1,23,23,23,23,23,23,23,23,23,23
240021,1,1,0,0,0,0,0,0,0,0,0,0
240022,1,1,24,24,24,24,24,24,24,24,24,24
240022,4,1,0,0,0,0,0,0,0,0,0,0
240023,1,1,0,0,0,23,0,0,0,0,0,0
240023,2,1,0,0,0,0,0,0,0,0,0,0
240024,1,1,0,24,19,13,0,0,0,0,0,0
240024,2,1,0,0,0,0,0,0,0,0,0,0
240025,1,1,20,20,20,20,20,20,20,20,20,20
240026,0,1,36,36,36,36,36,36,36,36,36,36
240026,1,1,7,0,0,0,0,0,0,0,0,0
240027,0,1,40,40,40,40,40,40,40,40,40,40
240027,1,1,0,0,0,0,0,0,0,0,0,0
240029,1,1,10,10,10,10,10,10,10,10,10,10
240030,1,1,0,0,0,0,0,0,0,0,0,0
240030,2,1,0,0,0,0,0,0,0,0,0,0
240031,1,1,0,0,0,0,0,0,0,0,0,0
240032,1,1,24,24,24,24,24,24,24,24,24,24
240033,0,1,0,0,0,0,0,0,0,0,0,0
240033,1,1,19,0,0,0,0,0,0,0,0,0
240034,1,1,23,23,23,23,23,23,23,23,23,23
240035,0,1,0,0,0,0,0,0,0,0,0,0
240035,1,1,12,0,0,0,12,31,21,15,0,0
240036,1,1,0,0,0,0,0,0,0,0,0,0
240036,2,1,23,23,23,23,23,23,23,23,23,23
240037,1,1,20,20,20,20,20,20,20,20,20,20
240038,1,1,0,0,0,0,0,0,16,0,0,0
240038,2,1,0,0,0,0,0,0,0,0,0,0
240038,3,1,0,0,0,0,0,0,0,0,0,0
240039,0,1,0,0,0,0,0,0,0,0,0,0
240039,1,1,0,0,0,0,0,0,0,0,0,0
240040,1,1,19,19,19,19,19,19,19,19,19,19
240041,1,1,0,0,0,0,0,0,0,0,0,0
240041,2,1,0,0,0,0,0,0,0,0,0,0
240042,1,1,0,0,0,0,0,0,0,0,0,0
240042,2,1,0,0,0,0,0,0,0,0,0,0
240043,0,1,0,0,0,0,0,0,0,0,0,0
240043,0,2,0,0,0,0,0,0,0,0,0,0
240043,0,3,0,0,0,0,0,0,0,24,0,0
240043,0,4,0,0,0,0,0,0,0,0,0,0
240043,1,1,0,0,22,0,0,0,0,0,0,0
240044,1,1,0,0,0,0,0,0,0,0,0,0
240045,1,1,4,4,4,4,4,4,4,4,4,4
240046,1,1,21,0,16,20,16,0,12,0,7,0
240047,1,1,14,14,14,14,14,14,14,14,14,14
240047,2,1,0,0,0,0,0,0,10,0,0,0
240048,1,1,0,0,0,0,0,0,0,0,0,0
240048,2,1,0,0,0,0,0,0,0,0,0,0
240049,1,1,0,0,0,0,0,0,0,0,0,0
240050,1,1,0,0,0,0,0,0,0,0,0,0
240050,2,1,0,0,0,0,0,0,0,0,0,0
240051,1,1,8,8,8,8,8,8,8,8,8,8
240052,0,1,0,0,0,0,0,0,0,0,0,0
240052,1,1,0,0,0,0,0,0,0,0,0,0
240053,0,1,0,0,0,0,0,0,0,0,0,0
240053,0,2,0,9,0,0,0,0,0,0,31,0
240053,0,3,0,0,0,0,0,0,0,0,0,0
240053,0,4,0,0,0,0,20,0,0,0,0,0
240053,1,1,28,28,28,28,28,28,28,28,28,28
240053,2,1,0,0,0,0,0,0,31,9,0,0
240053,3,1,16,16,16,16,16,16,16,16,16,16
240054,0,1,0,0,0,0,0,0,0,0,0,0
240054,1,1,0,0,0,0,0,0,0,5,0,0
240055,1,1,0,0,0,0,0,0,0,0,0,0
240056,1,1,0,6,0,0,0,0,0,0,0,0
240057,1,1,28,28,28,28,28,28,28,28,28,28
240058,1,1,0,0,6,0,0,14,0,13,0,0
240059,1,1,17,17,17,17,17,17,17,17,17,17
240060,1,1,0,0,0,0,0,0,0,0,0,0
240061,1,1,18,18,18,18,18,18,18,18,18,18
240062,1,1,0,0,0,0,0,0,0,0,0,0
240064,0,1,0,0,0,0,0,0,0,0,0,0
240064,1,1,0,0,4,21,9,4,0,0,21,0
240064,2,1,0,0,5,4,5,17,11,3,5,0
240065,0,1,18,18,18,18,18,18,18,18,18,18
240065,1,1,0,0,0,0,0,0,0,0,0,0
240066,1,1,32,32,32,32,32,32,32,32,32,32
240067,1,1,22,22,22,22,22,22,22,22,22,22
240067,2,1,0,0,0,0,0,0,0,0,0,0
240068,1,1,0,0,0,0,0,0,0,0,0,0
240069,1,1,0,0,0,0,0,0,0,0,0,0
240069,2,1,0,0,0,0,0,0,0,0,0,0
240070,1,1,10,10,10,10,10,10,10,10,10,10
240071,1,1,0,0,0,0,0,0,0,0,0,0
240072,1,1,0,0,0,0,0,0,0,0,0,0
240073,1,1,17,17,17,17,17,17,17,17,17,17
240074,1,1,0,0,0,0,0,0,0,0,0,0
240074,2,1,0,0,0,0,0,0,0,0,0,0
240076,1,1,0,0,0,0,0,0,0,0,0,0
240077,1,1,0,0,0,9,0,6,16,0,0,0
240077,2,1,0,0,0,0,0,0,0,0,0,0
240078,1,1,17,17,17,17,17,17,17,17,17,17
240079,1,1,32,18,0,18,0,0,0,0,23,7
240080,1,1,17,17,17,17,17,17,17,17,17,17
240081,1,1,14,14,14,14,14,14,14,14,14,14
240082,0,1,0,0,17,0,30,0,0,0,0,0
240082,0,2,0,0,0,0,0,0,0,0,0,0
240082,0,3,0,0,0,0,0,0,0,20,0,0
240082,1,1,0,0,0,0,0,0,0,0,0,0
240083,1,1,0,0,0,0,0,0,9,0,0,0
240083,2,1,0,0,0,0,0,0,0,0,0,0
240084,1,1,0,0,0,0,0,0,0,0,0,0
240085,1,1,0,0,0,0,0,0,0,0,0,0
240085,2,1,0,0,0,0,0,0,0,0,17,0
240086,1,1,10,10,10,10,10,10,10,10,10,10
240086,2,1,0,0,0,0,0,0,0,0,0,0
240087,0,1,30,31,0,27,0,23,0,0,0,0
240087,1,1,0,0,0,0,0,0,0,0,0,13
240088,1,1,32,32,32,32,32,32,32,32,32,32
240089,1,1,0,0,0,0,0,0,0,0,0,0
240089,2,1,0,0,0,0,0,0,32,0,0,0
240090,1,1,0,0,0,0,0,0,0,0,0,0
240091,1,1,28,28,28,28,28,28,28,28,28,28
240092,1,1,0,0,0,0,0,0,0,0,0,0
240092,2,1,0,0,0,0,0,0,0,0,0,0
240093,0,1,0,0,0,0,0,0,0,0,0,0
240093,1,1,0,0,0,0,0,0,0,0,0,0
240094,1,1,0,0,0,0,0,0,0,0,0,0
240095,1,1,0,6,0,0,0,0,0,0,0,0
240095,2,1,0,0,0,0,0,0,0,0,0,0
240096,1,1,23,23,23,23,23,23,23,23,23,23
240096,2,1,0,0,0,0,0,0,0,0,0,0
240097,1,1,0,0,0,0,0,0,0,0,0,0
240098,1,1,24,24,24,24,24,24,24,24,24,24
240099,1,1,0,0,0,0,0,0,0,0,0,0
240100,1,1,0,0,0,0,0,0,0,0,0,0
240100,2,1,0,0,0,0,0,0,0,11,0,0
240101,1,1,24,24,24,24,24,24,24,24,24,24
240102,1,1,45,45,45,45,45,45,45,45,45,45
240103,1,1,0,0,0,0,0,0,0,0,0,0
240104,1,1,0,0,0,0,0,0,0,0,0,0
240104,2,1,0,0,0,0,0,0,0,9,0,0
240105,1,1,28,28,28,28,28,28,28,28,28,28
240106,0,1,39,39,39,39,39,39,39,39,39,39
240106,1,1,0,0,0,0,0,0,0,0,0,0
240107,1,1,0,0,0,0,0,0,0,0,0,0
240107,2,1,0,0,0,0,0,0,0,0,0,0
240108,0,1,0,0,0,0,0,0,0,0,8,0
240108,1,1,0,0,0,0,0,0,0,0,0,0
240109,1,1,0,0,0,0,0,0,0,0,0,0
240109,2,1,0,0,0,0,0,0,18,0,0,0
240109,3,1,0,17,0,0,0,0,0,0,0,0
240110,1,1,0,23,0,8,0,0,0,0,13,0
240111,1,1,0,0,0,0,0,0,0,0,0,0
240112,1,1,19,19,19,19,19,19,19,19,19,19
240112,2,1,0,0,0,0,0,0,0,0,0,0
240113,1,1,0,0,0,0,0,0,0,0,0,0
240113,2,1,0,0,0,0,0,0,0,0,0,0
240114,1,1,0,15,0,0,0,0,0,0,0,0
240114,2,1,20,20,20,20,20,20,20,20,20,20
240115,1,1,11,11,11,11,11,11,11,11,11,11
240117,1,1,0,0,0,0,0,0,0,0,0,0
240117,2,1,0,0,0,0,0,0,0,0,0,0
240118,1,1,0,0,0,0,0,0,0,0,0,0
240120,1,1,0,0,0,0,0,0,0,0,0,0
240121,0,1,0,0,0,0,0,0,0,0,0,0
240121,1,1,0,0,0,0,0,0,0,0,0,0
240121,2,1,0,0,0,0,0,0,0,0,0,0
240122,1,1,0,0,0,0,0,0,0,0,0,0
240122,2,1,0,0,0,0,0,4,0,9,0,0
240123,1,1,0,39,0,0,0,0,0,0,0,0
240123,2,1,0,0,0,0,16,0,0,0,0,0
240124,1,1,8,8,8,8,8,8,8,8,8,8
240124,2,1,0,0,0,0,0,8,0,0,0,0
240126,1,1,26,26,26,26,26,26,26,26,26,26
240127,1,1,0,0,0,0,0,0,0,0,0,0
240127,2,1,0,0,0,0,0,0,0,0,0,0
240129,1,1,0,0,0,0,12,0,0,0,0,0
240129,2,1,0,0,0,0,0,0,0,0,0,0
240130,1,1,0,0,0,0,0,0,0,0,0,0
240130,2,1,0,0,0,0,0,0,0,0,0,0
240131,1,1,0,0,0,0,0,0,0,0,0,0
240132,1,1,0,0,0,0,0,0,0,0,0,0
240133,1,1,16,16,16,16,16,16,16,16,16,16
240134,0,1,5,5,5,5,5,5,5,5,5,5
240134,1,1,0,0,0,0,0,10,0,0,0,0
240135,1,1,26,26,26,26,26,26,26,26,26,26
240135,2,1,0,0,0,0,0,0,0,0,0,0
240136,1,1,0,0,0,0,0,0,0,0,0,0
240137,1,1,0,0,0,0,0,0,0,0,0,0
240138,1,1,0,0,0,0,0,0,0,0,0,0
240138,2,1,0,34,21,0,0,0,0,0,0,0
240138,3,1,0,0,0,0,0,0,0,0,0,0
240140,0,1,30,30,30,30,30,30,30,30,30,30
240140,1,1,0,0,7,0,17,0,0,0,0,0
240141,0,1,0,0,0,0,0,0,0,0,0,0
240141,1,1,18,8,0,15,0,24,12,0,0,0
240142,1,1,0,0,0,0,0,0,0,0,0,0
240143,1,1,0,0,0,0,0,0,0,0,0,0
240144,1,1,0,0,20,0,0,0,0,18,9,16
240145,1,1,35,35,35,35,35,35,35,35,35,35
240146,0,1,15,15,15,15,15,15,15,15,15,15
240146,1,1,0,0,0,0,0,0,0,0,7,0
240146,2,1,0,0,0,0,0,0,0,0,0,0
240146,3,1,0,0,0,0,0,0,0,0,0,0
240147,1,1,28,28,28,28,28,28,28,28,28,28
240147,2,1,0,0,0,0,0,0,0,0,0,0
240148,1,1,0,0,0,0,0,0,0,0,0,0
240149,1,1,0,0,0,0,0,0,0,0,0,0
240150,1,1,0,0,0,0,0,0,0,0,0,0
240150,2,1,0,0,0,0,0,0,0,0,0,0
240151,1,1,4,4,4,4,4,4,4,4,4,4
240152,1,1,0,0,0,0,0,0,0,0,0,0
240153,0,1,37,37,37,37,37,37,37,37,37,37
240153,1,1,0,0,0,0,0,0,0,0,0,0
240154,1,1,0,0,0,0,0,0,0,22,0,0
240154,2,1,0,0,0,0,0,0,0,0,0,0
240155,1,1,13,23,30,0,0,16,0,0,0,0