ST_CASE,VEH_NO,PER_NO,P1,P2,P3,P4,P5,P6,P7,P8,P9,P10
240156,0,1,6,6,6,6,6,6,6,6,6,6
240156,1,1,0,11,0,18,13,0,0,7,9,0
240157,0,1,0,0,0,0,0,0,0,0,0,0
240157,1,1,0,0,0,0,0,0,0,0,0,0
240157,2,1,0,0,0,0,0,0,0,0,9,0
240158,1,1,0,0,0,0,0,0,0,0,0,0
240159,1,1,13,13,13,13,13,13,13,13,13,13
240160,1,1,22,0,0,36,0,0,0,0,0,0
240160,2,1,0,0,0,0,0,0,0,0,0,0
240160,3,1,0,0,0,0,0,0,0,0,0,0
240161,0,1,0,0,0,0,0,0,0,0,0,0
240161,1,1,0,0,0,0,0,0,0,0,0,0
240162,1,1,0,0,0,0,20,0,0,0,0,0
240162,2,1,13,13,13,13,13,13,13,13,13,13
240163,1,1,30,30,30,30,30,30,30,30,30,30
240164,1,1,0,0,0,0,0,0,0,0,0,0
240165,1,1,0,0,0,0,0,0,0,0,0,0
240166,1,1,0,0,0,0,0,0,18,9,0,0
240166,2,1,0,0,0,0,0,0,0,0,0,0
240167,1,1,0,0,0,0,0,0,0,0,0,0
240167,2,1,0,0,0,0,0,0,0,0,0,0
240168,1,1,0,0,0,0,0,0,0,0,0,0
240168,2,1,0,0,0,0,0,0,0,0,0,0
240169,1,1,0,0,0,0,0,0,0,0,0,0
240170,1,1,0,0,0,0,0,0,0,0,0,0
240170,2,1,0,0,0,0,0,0,0,0,0,0
240171,1,1,0,0,0,0,0,0,0,0,0,0
240172,1,1,0,0,0,0,0,0,0,0,0,0
240172,2,1,0,0,0,0,0,0,0,0,0,0
240173,1,1,23,23,23,23,23,23,23,23,23,23
240174,1,1,11,11,11,11,11,11,11,11,11,11
240174,2,1,0,0,0,0,0,0,0,0,0,0
240175,1,1,10,10,10,10,10,10,10,10,10,10
240177,0,1,4,4,4,4,4,4,4,4,4,4
240177,1,1,0,0,0,0,0,0,29,0,0,0
240177,2,1,0,6,0,11,7,0,0,4,0,0
240178,1,1,0,0,0,0,0,0,0,0,0,0
240178,2,1,0,0,0,0,0,0,0,23,0,0
240179,1,1,0,0,0,0,0,0,0,0,0,0
240180,1,1,10,10,10,10,10,10,10,10,10,10
240181,0,1,0,0,0,0,0,0,0,0,0,0
240181,1,1,0,0,0,0,0,0,0,0,0,0
240182,1,1,17,17,17,17,17,17,17,17,17,17
240182,2,1,0,0,0,0,0,0,0,0,0,0
240183,0,1,0,0,0,0,0,0,0,0,0,0
240183,0,2,0,0,0,0,0,0,0,0,30,0
240183,1,1,0,0,0,0,0,0,16,0,0,0
240184,1,1,0,0,0,0,0,0,0,0,0,0
240184,2,1,0,0,0,0,0,0,0,0,0,0
240184,3,1,0,0,0,0,0,0,0,0,0,0
240185,1,1,28,28,28,28,28,28,28,28,28,28
240186,1,1,0,0,0,0,0,0,0,0,0,0
240186,2,1,0,0,0,0,0,0,0,0,0,0
240187,1,1,0,0,0,0,0,0,0,0,0,0
240188,1,1,0,0,0,0,0,0,0,0,0,0
240188,2,1,0,0,0,0,0,7,0,0,0,0
240189,1,1,0,0,0,0,0,0,0,0,0,0
240189,2,1,0,0,0,0,7,0,0,0,0,0
240189,3,1,0,0,0,0,0,0,0,0,0,0
240190,1,1,0,0,0,0,0,0,0,0,0,0
240190,2,1,0,0,0,0,0,0,0,0,0,0
240191,0,1,0,0,0,0,0,0,0,0,0,0
240191,0,2,0,47,0,0,0,0,0,17,0,0
240191,1,1,0,4,11,15,12,16,18,11,14,21
240191,2,1,0,0,0,0,0,0,0,0,0,0
240191,3,1,0,0,0,0,0,0,0,0,0,0
240191,4,1,0,0,0,0,0,0,0,0,0,0
240192,1,1,0,0,0,0,0,0,0,0,0,0
240192,2,1,0,0,0,0,0,0,0,0,0,0
240193,0,1,34,34,34,34,34,34,34,34,34,34
240193,1,1,24,0,0,0,19,0,18,0,0,24
240194,1,1,7,7,7,7,7,7,7,7,7,7
240194,2,1,0,0,0,0,0,0,0,0,0,0
240194,3,1,0,0,0,0,0,0,0,0,0,17
240195,1,1,13,13,13,13,13,13,13,13,13,13
240196,0,1,39,11,20,15,26,28,16,7,6,18
240196,1,1,0,0,0,0,0,10,0,0,0,7
240197,1,1,0,0,0,0,0,0,0,0,0,0
240197,2,1,0,0,0,0,0,0,0,0,0,0
240198,0,1,0,0,0,0,15,27,29,0,0,0
240198,1,1,0,0,0,0,0,0,18,0,0,0
240199,0,1,0,0,0,0,0,14,0,0,0,0
240199,1,1,2,2,2,2,2,2,2,2,2,2
240200,1,1,14,14,14,14,14,14,14,14,14,14
240201,0,1,5,5,5,5,5,5,5,5,5,5
240201,1,1,0,0,0,0,0,0,0,0,0,0
240202,1,1,0,0,0,0,0,0,0,0,0,0
240203,1,1,25,25,25,25,25,25,25,25,25,25
240204,1,1,0,0,0,0,0,0,0,0,0,0
240205,1,1,10,10,10,10,10,10,10,10,10,10
240207,1,1,28,28,28,28,28,28,28,28,28,28
240208,1,1,17,17,17,17,17,17,17,17,17,17
240208,2,1,0,0,18,12,0,0,0,0,0,0
240209,0,1,19,0,0,0,0,0,0,0,0,0
240209,0,2,0,0,0,0,0,0,0,0,0,0
240209,1,1,0,0,0,0,12,0,0,0,0,10
240210,1,1,0,0,0,0,0,0,0,0,0,0
240211,1,1,0,0,0,0,0,0,0,0,0,0
240211,2,1,0,0,0,0,0,0,0,0,8,0
240212,0,1,4,4,4,4,4,4,4,4,4,4
240212,1,1,26,0,0,0,25,12,19,0,29,0
240213,1,1,0,0,0,0,0,0,0,0,0,0
240213,2,1,0,0,0,0,0,0,0,0,0,0
240213,3,1,0,0,0,0,0,0,10,0,0,0
240214,1,1,15,15,15,15,15,15,15,15,15,15
240215,1,1,0,0,0,0,0,0,0,0,0,0
240215,2,1,9,9,9,9,9,9,9,9,9,9
240216,1,1,20,20,20,20,20,20,20,20,20,20
240217,1,1,21,21,21,21,21,21,21,21,21,21
240218,1,1,7,7,7,7,7,7,7,7,7,7
240219,1,1,0,0,0,0,0,0,0,0,0,0
240219,2,1,0,0,0,0,0,0,0,0,0,0
240220,1,1,0,0,0,0,0,0,0,0,0,0
240221,1,1,6,6,6,6,6,6,6,6,6,6
240222,1,1,0,0,0,0,0,7,0,0,0,0
240222,2,1,10,10,10,10,10,10,10,10,10,10
240223,1,1,0,0,0,0,0,0,0,0,0,0
240223,2,1,0,0,0,0,0,0,0,0,0,0
240224,0,1,22,22,22,22,22,22,22,22,22,22
240224,1,1,0,0,0,0,0,0,0,0,0,0
240225,1,1,0,0,0,0,0,0,0,0,0,0
240226,1,1,0,0,0,0,0,0,0,0,0,0
240226,2,1,0,0,0,0,0,0,0,17,0,0
240227,0,1,0,0,0,0,0,0,0,0,0,0
240227,2,1,0,0,0,0,0,0,0,0,0,0
240228,1,1,0,0,0,0,11,0,0,0,0,0
240228,2,1,0,0,0,19,0,0,0,0,0,0
240229,1,1,0,0,0,0,0,0,0,0,0,0
240229,2,1,0,0,0,0,0,0,0,0,0,0
240229,3,1,0,0,0,0,0,0,0,0,0,0
240230,1,1,5,5,5,5,5,5,5,5,5,5
240230,2,1,0,0,0,0,0,0,0,0,0,0
240231,1,1,0,0,0,0,0,0,0,0,0,0
240231,2,1,0,0,0,0,0,0,0,0,0,0
240231,3,1,0,0,0,0,0,0,0,0,0,0
240232,1,1,0,0,0,0,0,0,0,0,0,0
240233,0,1,0,0,0,0,0,0,0,0,0,0
240233,1,1,0,12,0,0,0,0,0,0,0,0
240233,2,1,0,0,0,0,0,0,0,0,0,0
240234,1,1,30,30,30,30,30,30,30,30,30,30
240235,1,1,0,0,0,0,0,0,0,0,0,0
240236,1,1,0,0,0,0,0,0,0,0,0,0
240236,2,1,0,0,0,0,0,0,0,0,0,0
240237,0,1,0,0,0,0,0,0,0,0,0,0
240237,1,1,0,0,0,0,0,3,0,0,0,0
240238,1,1,0,0,0,0,0,0,0,0,0,0
240239,1,1,28,28,28,28,28,28,28,28,28,28
240240,0,1,4,0,12,18,0,0,0,0,8,0
240240,1,1,0,0,0,0,0,0,0,0,0,0
240241,0,1,0,0,0,0,0,0,0,0,0,0
240241,1,1,0,0,0,0,0,0,0,0,0,0
240241,3,1,0,0,0,0,0,0,0,0,0,0
240242,0,1,0,0,0,0,0,0,0,0,0,0
240242,1,1,0,0,0,0,36,0,0,0,0,0
240243,1,1,0,0,0,0,0,0,0,0,0,0
240244,0,1,31,31,31,31,31,31,31,31,31,31
240244,1,1,37,22,0,11,0,15,20,0,10,0
240246,0,1,0,0,0,0,0,0,0,0,0,0
240246,0,2,24,0,0,0,0,0,0,0,0,0
240246,1,1,0,2,13,13,0,9,11,0,14,15
240247,1,1,15,15,15,15,15,15,15,15,15,15
240248,1,1,0,0,0,0,0,0,0,0,0,0
240248,2,1,0,0,17,0,15,0,0,0,0,0
240249,1,1,12,12,12,12,12,12,12,12,12,12
240250,1,1,0,20,0,14,7,0,0,16,16,30
240250,2,1,0,0,0,0,0,0,0,0,0,0
240251,1,1,0,0,0,0,0,0,0,0,0,0
240251,2,1,0,0,0,0,0,0,0,0,0,0
240252,0,1,0,0,0,0,0,0,0,0,0,0
240252,1,1,24,0,0,0,0,0,0,0,0,0
240252,2,1,0,0,0,0,0,0,33,0,0,13
240253,0,1,0,0,0,0,0,0,0,0,0,0
240253,1,1,0,0,0,0,0,0,0,0,0,0
240254,1,1,14,14,14,14,14,14,14,14,14,14
240255,1,1,3,3,3,3,3,3,3,3,3,3
240256,1,1,0,11,7,8,0,0,12,0,15,0
240257,1,1,0,0,0,0,0,0,0,0,0,0
240257,2,1,0,0,0,0,0,0,0,0,0,0
240258,1,1,23,0,34,0,33,25,9,0,21,18
240258,2,1,0,0,0,0,0,0,0,16,0,0
240259,1,1,0,0,0,0,0,0,0,0,0,0
240259,2,1,0,0,0,0,0,0,0,0,0,0
240260,1,1,0,0,0,0,0,0,0,0,0,0
240260,2,1,0,0,0,0,0,0,0,0,0,0
240261,1,1,0,0,0,0,0,0,0,0,0,0
240262,1,1,13,13,13,13,13,13,13,13,13,13
240262,2,1,0,0,0,0,0,15,0,0,4,0
240263,1,1,0,0,0,0,0,0,0,0,0,0
240264,1,1,0,0,0,0,0,0,0,0,0,0
240264,2,1,0,0,0,0,0,0,0,0,0,0
240264,3,1,0,0,0,0,0,0,0,0,0,0
240265,0,1,0,0,0,0,0,0,0,0,0,0
240265,1,1,0,0,0,0,0,0,0,0,0,0
240266,0,1,0,0,0,0,0,0,0,0,0,0
240266,1,1,0,0,0,0,0,0,0,0,0,0
240267,1,1,13,13,13,13,13,13,13,13,13,13
240268,1,1,0,0,0,0,0,0,11,0,0,0
240268,2,1,0,0,0,0,0,0,0,13,7,0
240269,1,1,14,14,14,14,14,14,14,14,14,14
240270,0,1,0,0,0,0,0,0,0,0,0,0
240270,1,1,0,0,0,0,0,0,0,0,0,0
240271,1,1,22,22,22,22,22,22,22,22,22,22
240271,2,1,0,0,0,0,0,0,0,0,0,0
240272,1,1,22,22,22,22,22,22,22,22,22,22
240273,0,1,28,28,28,28,28,28,28,28,28,28
240273,1,1,0,28,0,0,0,0,0,0,0,0
240274,0,1,0,0,0,0,0,0,0,0,0,0
240274,1,1,19,0,0,29,0,0,25,15,15,0
240275,1,1,17,17,17,17,17,17,17,17,17,17
240276,0,1,0,0,0,0,0,0,0,0,0,0
240276,1,1,0,12,7,5,11,7,16,11,15,10
240277,1,1,17,17,17,17,17,17,17,17,17,17
240278,1,1,18,18,18,18,18,18,18,18,18,18
240279,1,1,0,0,0,0,0,0,0,0,0,0
240280,1,1,5,5,5,5,5,5,5,5,5,5
240280,2,1,0,0,0,0,0,0,0,0,0,0
240281,1,1,22,11,10,11,8,12,29,21,16,10
240281,2,1,11,0,0,4,0,14,13,2,0,5
240281,3,1,0,18,0,0,0,15,5,0,0,0
240282,1,1,24,0,14,0,0,0,0,0,0,0
240282,2,1,0,0,0,0,0,0,0,0,0,0
240283,1,1,10,10,10,10,10,10,10,10,10,10
240283,2,1,0,0,0,0,0,0,0,0,0,0
240284,1,1,0,0,0,0,0,0,0,0,25,0
240284,2,1,0,0,0,0,0,0,0,0,0,0
240285,1,1,0,0,0,0,0,0,0,0,0,0
240285,2,1,0,0,0,0,0,0,0,0,0,0
240285,3,1,0,0,0,0,0,0,0,0,0,0
240286,0,1,0,0,0,0,0,0,0,0,0,0
240286,1,1,8,8,8,8,8,8,8,8,8,8
240287,0,1,18,18,18,18,18,18,18,18,18,18
240287,1,1,0,0,0,0,0,0,0,0,0,0
240288,1,1,0,0,0,0,0,0,0,0,0,0
240288,2,1,0,0,0,0,0,0,0,0,0,0
240289,1,1,0,0,0,0,0,0,0,0,0,0
240289,2,1,0,0,0,0,0,0,0,0,0,0
240290,0,1,0,0,0,0,0,0,0,0,0,0
240290,1,1,0,0,0,0,0,0,0,0,0,0
240290,2,1,0,0,0,0,0,0,0,0,0,0
240291,0,1,5,5,5,5,5,5,5,5,5,5
240291,1,1,0,0,0,0,29,0,0,0,0,20
240292,1,1,7,7,7,7,7,7,7,7,7,7
240292,2,1,0,0,0,0,0,0,0,0,0,0
240293,1,1,0,0,0,0,0,0,0,0,0,0
240293,2,1,0,0,0,0,0,0,0,0,0,0
240294,0,1,10,10,10,10,10,10,10,10,10,10
240294,1,1,0,0,0,0,0,0,0,0,0,0
240295,0,1,8,8,8,8,8,8,8,8,8,8
240295,1,1,3,15,0,0,12,33,0,0,18,23
240296,1,1,26,26,26,26,26,26,26,26,26,26
240296,2,1,0,0,0,0,0,0,0,0,0,0
240297,1,1,16,16,16,16,16,16,16,16,16,16
240297,2,1,0,0,0,0,0,0,0,0,0,0
240298,0,1,0,7,9,0,16,12,0,0,0,0
240298,1,1,0,0,0,0,0,14,0,0,0,0
240299,1,1,0,0,9,0,8,0,14,10,0,0
240299,2,1,0,0,0,0,0,0,0,0,0,0
240300,0,1,15,0,40,12,0,22,0,14,0,13
240300,1,1,0,0,0,0,0,14,0,0,0,26
240301,1,1,0,0,0,0,0,0,0,0,0,0
240301,2,1,0,0,0,0,0,0,0,0,0,0
240302,0,1,0,0,0,0,0,0,0,0,0,0
240302,1,1,11,11,11,11,11,11,11,11,11,11
240303,1,1,0,0,0,0,0,0,0,0,0,0
240303,2,1,0,0,0,0,0,0,0,0,0,0
240304,1,1,17,17,17,17,17,17,17,17,17,17
240305,1,1,0,0,0,0,0,0,0,0,0,0
240305,2,1,0,0,0,0,0,0,0,0,0,0
240306,1,1,18,18,18,18,18,18,18,18,18,18
240307,1,1,4,0,0,0,0,6,0,0,0,0
240307,2,1,0,0,0,0,0,0,0,0,0,0
240308,1,1,2,2,2,2,2,2,2,2,2,2
240309,0,1,0,0,0,0,0,0,0,0,0,0
240309,1,1,0,0,0,0,0,0,0,0,0,0
240310,0,1,0,0,0,0,0,0,0,0,0,0
240310,1,1,0,0,0,0,0,0,0,0,0,11
240311,1,1,0,0,0,0,0,0,0,0,0,0
240311,2,1,0,0,0,0,0,0,0,0,4,0
240312,1,1,0,0,0,0,0,0,0,0,0,0
240312,2,1,0,0,0,0,0,0,0,0,0,0
240314,1,1,0,0,0,0,0,0,0,0,0,0
240314,2,1,0,0,0,0,0,0,0,0,0,0
240315,1,1,17,17,17,17,17,17,17,17,17,17
240316,1,1,14,14,14,14,14,14,14,14,14,14
240316,2,1,0,0,0,0,0,0,0,0,0,0
240317,1,1,0,0,0,0,0,0,0,0,0,0
240317,2,1,0,0,0,0,0,0,0,0,0,0
240318,1,1,0,25,0,0,11,0,0,0,0,0
240318,2,1,13,13,13,13,13,13,13,13,13,13
240319,1,1,0,0,0,0,0,0,0,0,0,0
240319,2,1,0,0,0,0,0,0,0,0,0,0
240319,3,1,0,0,0,0,0,0,0,0,0,0
240320,1,1,0,0,0,0,0,0,0,0,19,0
240320,2,1,0,0,0,0,0,0,0,0,0,0
240321,0,1,23,23,23,23,23,23,23,23,23,23
240321,1,1,0,0,0,0,0,19,0,0,0,0
240322,0,1,15,15,15,15,15,15,15,15,15,15
240322,1,1,3,3,3,3,3,3,3,3,3,3
240323,0,1,0,0,0,0,0,0,0,0,0,0
240323,1,1,0,0,0,0,0,0,0,0,0,0
240324,1,1,0,0,0,0,0,0,0,0,0,0
240324,2,1,0,0,0,0,0,9,0,0,0,0
240324,3,1,0,0,0,0,0,0,0,0,0,0
240325,1,1,0,8,18,0,0,0,0,0,0,0
240325,2,1,32,32,32,32,32,32,32,32,32,32
240326,1,1,9,9,9,9,9,9,9,9,9,9
240326,2,1,0,0,0,0,0,0,0,0,0,0
240327,1,1,0,0,0,0,0,0,0,0,0,0
240327,2,1,0,0,0,0,0,0,0,0,0,0
240328,1,1,13,13,13,13,13,13,13,13,13,13
240329,1,1,0,0,0,0,0,0,0,0,0,0
240330,1,1,0,28,0,0,0,0,0,0,0,0
240330,2,1,0,0,0,0,0,0,0,0,0,0
240331,1,1,0,0,0,0,0,0,0,0,0,0
240331,2,1,0,0,0,16,0,0,0,0,0,0
240332,1,1,0,0,0,0,23,0,23,0,0,0
240332,2,1,0,0,0,0,0,0,0,0,0,0
240333,1,1,0,0,0,0,0,0,0,0,0,0
240333,2,1,0,0,0,0,0,0,0,0,0,0
240334,0,1,10,10,10,10,10,10,10,10,10,10
240334,1,1,0,0,0,0,0,0,0,0,0,0
240335,1,1,0,0,0,0,0,0,0,0,0,0
240335,2,1,0,0,0,0,0,0,0,0,0,0
240336,0,1,0,0,0,0,0,0,0,0,0,0
240336,1,1,0,0,0,0,0,6,0,0,0,0
240337,1,1,0,0,0,0,0,0,21,0,0,0
240337,2,1,0,0,0,0,0,0,0,0,0,0
240338,0,1,51,0,0,0,17,0,0,0,37,0
240338,0,2,0,0,14,23,18,0,0,16,0,0
240338,0,3,0,0,0,13,0,16,22,0,16,22
240338,1,1,0,10,0,0,0,16,0,0,4,0
240339,0,1,0,0,0,11,28,0,39,0,0,0
240339,1,1,0,0,0,0,0,0,0,0,0,8
240340,1,1,20,20,20,20,20,20,20,20,20,20
240341,1,1,0,0,0,0,0,0,0,0,0,0
240341,2,1,0,0,0,0,0,0,0,4,0,0
240341,3,1,0,0,0,0,0,0,0,0,0,0
240341,4,1,0,0,0,0,0,0,0,0,0,21
240341,5,1,0,0,0,0,0,0,0,0,0,0
240341,6,1,0,0,0,0,0,0,0,0,0,0
240342,1,1,0,0,0,0,0,0,0,0,0,0
240342,2,1,0,0,0,0,0,0,0,0,0,0
240343,1,1,13,13,13,13,13,13,13,13,13,13
240343,2,1,0,19,0,0,0,0,0,0,0,0
240344,0,1,0,21,0,0,0,3,8,42,20,0
240344,1,1,0,0,0,0,0,0,0,0,0,0
240345,1,1,0,0,0,0,0,0,0,0,0,0
240346,1,1,0,0,0,0,0,0,0,17,0,0
240346,2,1,0,0,0,0,0,0,0,0,0,0
240346,3,1,0,0,0,0,0,0,0,0,0,0
240347,1,1,0,0,0,0,0,0,11,0,0,0
240348,1,1,11,11,11,11,11,11,11,11,11,11
240349,1,1,0,0,0,0,0,0,0,0,0,0
240350,1,1,18,18,18,18,18,18,18,18,18,18
240351,0,1,0,0,29,17,0,15,31,16,0,0
240351,1,1,0,0,0,0,0,0,0,0,0,0
240352,1,1,0,0,0,0,0,0,0,0,0,0
240353,1,1,0,0,0,0,0,0,0,0,0,0
240353,2,1,7,0,0,0,0,0,0,17,0,0
240354,1,1,25,25,25,25,25,25,25,25,25,25
240354,2,1,0,0,0,0,0,0,0,0,0,0
240354,3,1,18,0,0,0,0,0,0,0,0,0
240355,0,1,46,46,46,46,46,46,46,46,46,46
240355,1,1,0,0,0,0,0,0,0,0,0,0
240356,1,1,24,24,24,24,24,24,24,24,24,24
240357,0,1,23,23,23,23,23,23,23,23,23,23
240357,1,1,10,0,18,20,13,0,0,16,28,0
240358,1,1,15,15,15,15,15,15,15,15,15,15
240358,2,1,8,9,11,17,7,10,12,19,15,4
240359,1,1,20,0,9,0,0,6,0,0,11,0
240359,2,1,0,0,17,0,0,0,0,0,0,0
240360,1,1,15,15,15,15,15,15,15,15,15,15
240361,0,1,0,0,0,0,0,0,0,19,0,0
240361,1,1,0,0,0,0,0,0,0,0,0,0
240362,1,1,0,0,0,0,0,0,0,0,0,0
240362,2,1,0,0,0,0,0,0,0,0,0,0
240364,1,1,0,0,0,0,0,0,0,0,0,0
240365,1,1,0,0,0,0,0,0,0,0,0,0
240365,2,1,0,0,0,0,0,0,0,0,0,0
240366,1,1,28,28,28,28,28,28,28,28,28,28
240367,1,1,0,0,0,0,0,0,0,0,0,0
240367,2,1,0,0,0,0,0,0,0,0,0,0
240368,0,1,18,18,18,18,18,18,18,18,18,18
240368,1,1,0,0,0,0,0,0,0,0,0,0
240369,1,1,0,0,0,0,0,0,0,22,0,0
240369,2,1,0,0,0,0,0,0,0,0,0,0
240370,0,1,0,0,0,0,0,0,0,0,0,0
240370,1,1,16,0,16,0,25,0,26,7,0,0
240371,1,1,0,0,0,0,0,0,0,0,0,0
240371,2,1,0,0,0,0,0,0,0,0,0,0
240372,1,1,21,21,21,21,21,21,21,21,21,21
240373,0,1,0,0,0,0,0,0,0,0,0,0
240373,1,1,0,13,26,0,0,0,0,19,17,0
240374,1,1,0,0,0,0,0,0,0,0,0,0
240375,1,1,0,0,0,0,0,0,0,0,0,0
240375,2,1,0,0,0,0,0,0,0,0,0,0
240376,0,1,0,0,0,17,0,0,0,0,0,0
240376,1,1,0,18,35,0,0,0,0,0,0,0
240377,1,1,0,0,0,0,0,0,0,0,0,0
240377,2,1,0,0,7,20,12,17,0,0,6,10
240378,1,1,0,30,25,0,0,0,15,0,0,15
240379,1,1,0,0,0,0,0,0,0,0,0,0
240379,2,1,0,0,0,0,0,0,0,0,0,0
240380,0,1,24,24,24,24,24,24,24,24,24,24
240380,1,1,12,0,0,23,11,15,0,0,20,0
240381,0,1,11,11,11,11,11,11,11,11,11,11
240381,1,1,0,0,0,0,0,0,0,0,0,0
240382,0,1,28,28,28,28,28,28,28,28,28,28
240382,1,1,14,0,0,0,0,0,0,0,0,0
240383,1,1,21,21,21,21,21,21,21,21,21,21
240384,1,1,12,23,4,27,0,0,13,0,0,16
240385,1,1,20,0,35,0,20,14,27,24,0,9
240386,1,1,0,0,0,0,0,0,0,0,0,0
240386,2,1,6,0,0,0,0,0,0,0,0,0
240387,1,1,0,0,0,0,0,0,0,0,0,0
240387,2,1,0,0,0,0,0,0,0,0,0,16
240387,3,1,0,0,0,0,0,0,0,0,0,0
240387,4,1,0,0,0,0,0,0,0,0,0,0
240388,1,1,0,9,8,0,0,0,0,0,26,0
240388,2,1,0,0,0,0,0,0,0,0,0,0
240389,0,1,0,0,0,0,0,0,0,0,0,0
240389,1,1,0,14,0,0,0,0,0,0,0,0
240390,1,1,0,0,0,0,0,0,0,23,0,0
240390,2,1,0,0,0,0,0,0,0,0,0,0
240391,0,1,0,0,0,0,0,0,0,0,0,0
240391,1,1,0,0,0,0,0,0,0,0,0,0
240392,0,1,0,7,0,0,0,0,0,0,0,0
240392,1,1,0,0,0,0,0,0,13,0,0,27
240394,1,1,0,0,0,20,0,0,0,0,0,0
240394,2,1,0,0,0,0,0,0,0,0,0,0
240395,1,1,0,0,0,0,0,0,0,15,21,3
240395,2,1,0,0,0,0,0,0,0,0,0,0
240396,1,1,0,15,0,0,0,28,0,9,0,0
240396,2,1,0,0,0,0,0,0,0,0,0,0
240397,1,1,1,1,1,1,1,1,1,1,1,1
240398,1,1,12,12,12,12,12,12,12,12,12,12
240399,1,1,0,0,0,0,0,0,0,0,0,0
240399,2,1,0,0,0,0,0,0,0,0,0,0
240400,1,1,22,22,22,22,22,22,22,22,22,22
240401,1,1,0,0,0,0,0,0,0,0,0,0
240402,1,1,0,0,0,0,0,0,0,0,0,0
240402,2,1,0,0,0,0,0,0,0,0,0,0
240403,0,1,0,0,0,0,0,0,0,0,0,0
240403,1,1,12,12,12,12,12,12,12,12,12,12
240403,2,1,0,0,0,0,0,0,0,0,0,0
240404,1,1,0,0,0,0,0,0,0,0,0,0
240405,1,1,22,22,22,22,22,22,22,22,22,22
240405,2,1,0,0,0,0,0,0,0,0,0,0
240405,3,1,0,0,0,0,0,0,0,0,0,0
240406,0,1,0,9,0,0,0,19,0,6,0,30
240406,1,1,0,0,0,0,0,0,0,0,0,0
240406,2,1,0,0,18,0,0,0,0,20,0,0
240407,1,1,0,0,0,0,0,0,0,0,0,0
240407,2,1,0,0,0,0,0,0,0,0,0,0
240407,3,1,0,0,28,0,0,0,0,0,0,0
240407,4,1,0,0,0,0,0,0,4,0,0,0
240407,5,1,0,0,9,0,13,10,0,21,0,0
240408,0,1,0,0,0,0,0,0,0,0,0,0
240408,1,1,0,0,0,0,0,0,0,0,0,0
240409,1,1,26,26,26,26,26,26,26,26,26,26
240409,3,1,0,0,0,0,0,0,0,0,0,0
240410,1,1,0,0,0,0,0,0,0,0,0,0
240410,2,1,0,0,0,0,0,0,0,18,0,0
240411,0,1,9,0,5,0,0,0,0,19,21,2
240411,1,1,0,0,0,0,23,0,0,0,0,0
240412,0,1,0,0,0,0,0,0,0,0,0,0
240412,1,1,0,0,0,0,0,0,0,0,0,0
240413,0,1,0,0,0,0,0,0,0,0,0,0
240413,1,1,0,0,0,0,4,0,0,0,0,0
240413,2,1,21,0,0,13,0,0,0,0,0,0
240414,1,1,0,16,0,0,0,0,0,0,0,0
240415,1,1,0,0,0,0,0,0,0,0,0,0
240415,2,1,0,0,10,0,0,0,0,0,0,0
240416,1,1,0,0,0,0,0,0,0,0,0,0
240416,2,1,7,7,7,7,7,7,7,7,7,7
240417,1,1,7,7,7,7,7,7,7,7,7,7
240417,2,1,0,26,0,0,0,0,0,0,0,42
240418,1,1,15,15,15,15,15,15,15,15,15,15
240419,1,1,0,0,0,0,0,0,0,0,0,0
240420,1,1,0,0,0,0,0,0,0,0,0,0
240420,2,1,0,0,0,0,0,0,0,0,0,0
240421,1,1,15,9,0,27,28,17,0,0,18,12
240422,0,1,14,0,27,13,24,0,18,0,0,0
240422,1,1,0,0,0,0,0,0,0,0,0,0
240423,1,1,21,21,21,21,21,21,21,21,21,21
240423,2,1,0,0,0,0,0,0,0,0,0,0
240424,0,1,0,0,0,0,0,0,12,0,0,24
240424,1,1,0,0,0,0,0,0,0,0,0,0
240424,2,1,0,0,0,0,0,0,0,0,0,0
240425,1,1,8,8,8,8,8,8,8,8,8,8
240425,2,1,0,0,21,0,0,0,0,0,0,0
240425,3,1,0,0,10,0,0,0,0,0,0,0
240426,0,1,0,0,0,0,0,0,0,0,0,0
240426,1,1,0,0,0,0,0,0,0,0,0,0
240427,0,1,0,0,0,0,0,0,0,0,0,0
240427,1,1,0,0,0,0,0,13,0,0,0,0
240428,1,1,0,0,0,0,0,0,0,0,0,0
240428,2,1,0,0,0,0,0,0,0,0,0,0
240429,1,1,0,10,0,0,0,0,0,0,0,0
240430,1,1,0,0,0,0,0,0,0,0,0,0
240432,1,1,0,0,0,0,0,0,0,0,0,31
240432,2,1,0,7,0,0,16,0,0,0,0,0
240433,1,1,0,23,0,0,0,0,11,0,0,0
240433,2,1,0,0,0,0,0,0,0,0,0,0
240434,0,1,0,0,0,0,0,0,0,0,0,18
240434,0,2,0,0,0,0,0,24,0,0,4,0
240434,0,3,0,0,0,0,0,0,0,0,0,0
240434,0,4,0,33,0,0,0,0,0,0,0,0
240434,0,5,0,0,0,0,0,0,0,0,0,0