ST_CASE,VEH_NO,PER_NO,P1,P2,P3,P4,P5,P6,P7,P8,P9,P10
250168,1,1,28,14,50,16,13,13,7,7,19,9
250169,1,1,0,0,0,0,0,0,0,0,0,0
250169,2,1,0,0,0,0,0,0,0,0,0,0
250170,1,1,0,0,0,0,0,0,0,0,0,0
250170,2,1,0,19,19,21,0,9,0,0,0,0
250170,3,1,0,0,17,0,0,0,0,0,0,0
250171,1,1,5,5,5,5,5,5,5,5,5,5
250172,0,1,0,0,0,0,0,0,0,0,0,0
250172,1,1,0,0,0,0,0,0,0,0,0,0
250173,0,1,0,0,0,0,0,0,0,0,0,0
250173,1,1,0,4,17,0,0,0,0,0,0,0
250174,0,1,0,0,0,0,0,0,0,0,0,0
250174,1,1,0,0,0,0,0,0,0,12,0,0
250175,1,1,0,0,0,0,0,0,0,0,0,0
250176,1,1,0,0,0,0,0,0,0,0,0,0
250177,0,1,0,0,0,0,0,0,0,0,0,0
250177,1,1,0,0,0,0,0,0,0,0,0,0
250178,1,1,0,0,0,0,0,0,0,0,0,0
250178,2,1,0,0,13,0,0,0,0,0,0,0
250178,3,1,0,0,0,0,0,0,0,0,0,0
250179,0,1,0,0,0,0,0,0,0,0,0,0
250179,1,1,0,0,0,0,0,0,0,0,0,0
250180,0,1,0,0,0,0,0,0,0,0,0,0
250180,1,1,0,0,0,0,0,0,0,0,0,0
250182,1,1,0,0,0,0,0,0,0,0,0,0
250182,2,1,0,0,0,0,0,0,0,0,0,0
250182,3,1,12,0,37,0,0,0,0,0,15,0
250183,1,1,8,8,8,8,8,8,8,8,8,8
250184,1,1,0,0,0,0,0,30,0,0,0,0
250184,2,1,0,0,0,0,0,0,0,0,0,0
250184,3,1,0,0,0,0,0,0,0,0,0,0
250184,4,1,0,0,0,0,0,0,0,0,0,0
250185,0,1,0,0,0,0,0,0,0,0,0,0
250185,1,1,0,0,4,0,0,0,0,0,0,0
250186,1,1,0,0,0,0,0,0,0,0,0,0
250187,1,1,16,16,16,16,16,16,16,16,16,16
250188,0,1,28,28,28,28,28,28,28,28,28,28
250188,0,2,0,9,0,0,0,0,0,0,37,0
250188,1,1,0,0,0,0,0,0,0,0,0,0
250189,1,1,0,0,0,0,0,0,0,0,0,0
250190,0,1,0,0,0,0,0,0,0,0,0,0
250190,1,1,0,0,13,0,0,0,0,0,0,0
250191,0,1,0,0,0,0,0,0,0,0,0,0
250191,1,1,0,0,0,0,0,0,0,0,0,0
250192,1,1,0,0,0,0,0,0,0,0,0,0
250193,0,1,0,14,0,0,0,0,0,0,0,14
250193,1,1,0,0,0,0,0,0,0,0,0,0
250194,1,1,0,0,0,0,0,0,0,0,0,0
250194,2,1,0,0,0,0,0,0,0,0,0,0
250195,1,1,0,5,0,0,16,8,0,22,0,8
250195,2,1,19,19,19,19,19,19,19,19,19,19
250196,1,1,34,34,34,34,34,34,34,34,34,34
250196,2,1,0,14,17,0,0,13,0,0,6,0
250196,3,1,0,13,11,0,0,21,0,0,0,7
250196,4,1,0,0,0,0,0,0,0,0,0,0
250196,5,1,0,0,0,0,0,0,0,0,0,0
250197,1,1,25,25,25,25,25,25,25,25,25,25
250198,1,1,0,26,0,20,0,0,0,0,14,0
250198,2,1,0,22,0,0,0,0,0,0,0,0
250199,1,1,0,0,0,0,0,0,0,0,0,0
250199,2,1,0,16,0,0,0,0,0,4,0,0
250200,1,1,0,0,0,0,0,0,0,0,0,0
250201,1,1,0,0,0,0,0,0,0,0,0,0
250202,1,1,0,0,0,0,0,0,0,0,0,0
250202,2,1,0,0,0,0,0,0,0,0,0,0
250203,1,1,0,0,0,0,0,0,0,0,0,0
250204,1,1,14,14,14,14,14,14,14,14,14,14
250205,1,1,0,0,0,0,0,0,0,0,0,0
250205,2,1,1,1,1,1,1,1,1,1,1,1
250206,1,1,0,0,0,0,0,0,0,0,0,0
250206,2,1,0,0,0,0,0,0,0,0,0,0
250207,0,1,0,0,0,0,0,0,0,0,0,0
250207,0,2,0,0,0,0,0,0,0,17,0,0
250207,1,1,0,15,0,16,0,42,14,0,0,0
250208,0,1,13,13,13,13,13,13,13,13,13,13
250209,1,1,0,0,0,0,0,0,0,0,0,0
250209,2,1,0,0,0,0,0,0,0,0,0,0
250210,1,1,0,12,15,0,0,0,26,20,0,14
250210,2,1,0,0,0,0,0,0,0,0,0,0
250211,1,1,0,13,35,16,8,0,9,21,0,0
250211,2,1,0,0,0,0,0,0,0,0,0,0
250212,0,1,0,0,0,0,0,0,0,0,0,0
250212,1,1,0,0,0,0,0,0,0,0,0,0
250213,1,1,0,13,0,11,16,0,8,7,7,0
250213,2,1,26,0,16,0,18,7,11,10,13,0
250213,3,1,0,0,0,0,0,0,0,0,0,0
250214,1,1,0,0,0,0,0,0,0,0,0,0
250214,2,1,0,0,0,0,0,0,0,0,0,0
250214,3,1,0,0,0,0,0,0,0,0,0,0
250215,1,1,6,6,6,6,6,6,6,6,6,6
250216,0,1,0,0,0,0,0,0,0,0,0,0
250216,1,1,0,0,0,0,0,0,0,0,0,0
250217,1,1,0,0,0,0,0,0,0,0,0,0
250217,2,1,0,0,0,0,0,26,0,0,6,0
250218,0,1,0,0,0,0,0,0,0,0,0,0
250218,1,1,0,0,0,0,0,0,0,0,0,0
250219,1,1,8,8,8,8,8,8,8,8,8,8
250220,1,1,0,12,0,0,0,0,0,0,0,0
250220,2,1,0,0,0,0,0,0,0,0,0,12
250221,1,1,0,0,0,0,0,0,0,0,0,0
250221,2,1,0,0,0,0,0,0,0,0,0,0
250222,1,1,6,6,6,6,6,6,6,6,6,6
250223,1,1,0,23,0,0,0,19,0,0,0,37
250223,2,1,0,0,0,9,0,0,0,0,0,0
250224,1,1,0,0,0,0,0,0,0,11,0,0
250225,1,1,0,0,0,0,0,0,0,0,0,11
250226,1,1,34,0,21,0,0,0,0,0,0,0
250226,2,1,0,0,0,0,0,0,0,0,0,0
250227,1,1,0,0,0,0,0,0,0,0,0,0
250227,2,1,0,0,0,0,0,0,0,0,0,0
250227,3,1,0,0,0,0,0,0,0,0,0,0
250228,1,1,0,0,0,0,0,0,0,0,0,0
250229,1,1,0,0,19,17,0,0,0,0,0,17
250230,0,1,0,0,0,0,0,0,0,0,0,0
250230,1,1,40,8,0,13,0,0,15,19,0,10
250231,1,1,0,0,0,0,0,0,0,0,0,0
250231,2,1,0,0,0,0,0,0,0,0,0,0
250232,1,1,6,6,6,6,6,6,6,6,6,6
250233,1,1,0,0,0,0,0,0,0,0,0,0
250234,1,1,0,0,0,0,0,0,0,0,0,0
250235,1,1,0,0,0,0,0,0,0,0,0,0
250237,1,1,0,0,0,0,0,0,0,0,0,0
250237,2,1,0,0,0,0,0,0,0,0,0,0
250238,1,1,0,0,0,0,0,0,0,0,0,0
250238,2,1,0,0,0,0,0,0,0,0,0,0
250239,0,1,0,0,0,0,0,0,0,0,0,0
250239,1,1,0,0,0,0,0,0,0,0,0,0
250240,1,1,0,0,0,0,0,0,0,0,0,0
250240,2,1,0,0,0,0,0,0,0,0,0,0
250241,1,1,0,0,0,0,0,0,0,0,0,0
250242,1,1,0,0,0,0,0,0,0,0,0,0
250242,2,1,0,0,0,0,0,0,0,0,0,0
250244,1,1,0,0,0,0,0,0,0,0,0,0
250244,2,1,0,0,0,0,0,0,0,0,0,0
250245,1,1,23,23,23,23,23,23,23,23,23,23
250246,1,1,24,24,24,24,24,24,24,24,24,24
250247,1,1,0,0,0,0,0,0,0,0,0,0
250247,2,1,0,0,0,0,0,0,0,0,0,0
250248,1,1,0,0,0,0,0,0,0,0,0,0
250248,2,1,8,0,13,0,0,0,0,0,0,0
250249,1,1,0,0,0,0,0,0,0,0,0,0
250250,1,1,0,0,0,0,0,0,0,0,0,0
250250,2,1,0,0,0,0,0,0,0,0,0,0
250251,1,1,0,0,0,0,0,0,0,0,0,0
250251,2,1,0,11,5,7,0,0,11,0,14,0
250252,1,1,15,15,15,15,15,15,15,15,15,15
250253,1,1,0,0,0,0,0,0,0,0,0,0
250254,0,1,0,0,0,0,0,0,0,0,0,0
250254,1,1,0,0,0,0,0,28,0,0,0,0
250255,1,1,34,34,34,34,34,34,34,34,34,34
250256,1,1,0,0,0,0,0,0,0,0,0,0
250257,1,1,0,0,0,0,0,0,0,0,0,0
250257,2,1,0,0,0,0,0,0,0,0,0,0
250258,1,1,0,0,0,0,0,0,0,0,0,0
250259,0,1,0,0,0,0,0,0,0,0,0,0
250259,0,2,0,0,0,8,0,0,0,0,0,0
250259,1,1,0,0,0,0,0,0,0,0,0,0
250260,1,1,21,21,21,21,21,21,21,21,21,21
250261,0,1,28,28,28,28,28,28,28,28,28,28
250261,1,1,0,0,0,0,0,0,0,0,0,10
250263,1,1,0,0,0,0,0,0,0,8,0,0
250263,2,1,0,0,0,0,0,0,0,0,0,0
250263,3,1,0,0,0,0,0,0,0,0,0,0
250264,0,1,0,0,0,0,0,0,0,0,0,0
250264,1,1,0,0,0,0,0,0,0,0,0,0
250265,0,1,0,0,0,0,0,0,0,0,0,0
250265,1,1,0,0,0,0,0,0,0,4,0,0
250266,1,1,0,0,0,0,0,0,0,0,0,0
250266,2,1,0,0,0,0,0,0,0,0,0,19
250267,1,1,26,26,26,26,26,26,26,26,26,26
250268,1,1,12,12,12,12,12,12,12,12,12,12
250269,1,1,11,20,0,16,19,0,0,0,0,14
250269,2,1,17,0,13,0,0,0,16,17,0,0
250270,1,1,0,0,0,0,0,0,0,0,0,0
250271,1,1,16,16,16,16,16,16,16,16,16,16
250272,1,1,0,0,0,0,0,0,0,0,0,0
250273,1,1,0,0,0,0,0,0,0,0,0,0
250274,0,1,0,0,0,0,0,0,0,0,0,0
250274,1,1,0,0,0,0,0,0,0,0,0,0
250275,1,1,25,25,25,25,25,25,25,25,25,25
250276,1,1,0,0,0,0,0,0,0,0,0,0
250276,2,1,0,0,0,0,0,0,0,0,0,0
250277,1,1,0,4,0,0,0,0,0,4,0,8
250277,2,1,0,0,0,0,0,0,0,0,0,0
250278,1,1,0,0,0,0,0,0,0,0,0,0
250278,2,1,0,0,0,0,0,0,0,0,0,0
250279,1,1,0,0,0,0,0,0,0,0,0,0
250280,1,1,20,20,20,20,20,20,20,20,20,20
250281,1,1,0,0,0,0,0,0,0,0,0,0
250282,0,1,9,9,9,9,9,9,9,9,9,9
250282,1,1,0,0,0,0,0,0,0,0,0,0
250283,1,1,0,0,0,0,0,0,0,0,0,0
250284,1,1,0,0,0,0,0,0,0,0,0,0
250285,1,1,0,0,0,0,0,0,0,0,0,34
250285,2,1,0,0,0,0,0,0,0,0,0,0
250286,0,1,0,0,0,0,0,0,0,0,0,0
250286,1,1,0,0,0,0,0,0,0,0,0,0
250287,1,1,4,4,4,4,4,4,4,4,4,4
250288,1,1,20,20,20,20,20,20,20,20,20,20
250288,2,1,0,15,21,0,0,0,0,0,0,14
250289,1,1,29,10,14,21,13,15,25,0,8,23
250290,1,1,0,0,0,0,0,0,0,0,0,0
250290,2,1,0,0,0,0,0,0,0,0,0,0
250291,1,1,24,24,24,24,24,24,24,24,24,24
250292,1,1,0,9,0,0,0,0,0,16,0,0
250292,2,1,0,0,0,0,0,0,0,0,0,0
250293,1,1,0,0,0,0,0,0,0,0,0,0
250294,0,1,11,11,11,11,11,11,11,11,11,11
250294,1,1,5,13,7,16,20,6,27,25,11,7
250296,0,1,0,0,0,0,0,0,0,0,0,0
250296,2,1,0,0,19,0,0,0,6,0,0,0
250296,3,1,0,0,0,0,0,0,0,0,0,0
250296,4,1,0,0,0,0,0,9,0,0,0,0
250297,0,1,0,0,0,0,0,0,0,0,0,0
250297,1,1,0,0,0,21,0,0,0,0,0,0
250298,1,1,26,26,26,26,26,26,26,26,26,26
250298,2,1,0,0,0,0,0,0,0,0,0,0
250299,0,1,0,20,10,0,9,17,28,58,0,27
250299,1,1,0,0,20,0,0,0,0,0,0,0
250300,1,1,0,0,0,0,0,0,0,0,0,0
250301,1,1,0,0,0,0,0,0,0,0,0,0
250301,2,1,0,0,0,0,0,0,0,6,0,0
250302,1,1,0,0,0,0,0,0,0,0,0,0
250302,2,1,0,0,0,0,0,0,0,0,0,0
250303,1,1,0,0,0,0,0,0,0,0,0,0
250304,1,1,0,0,0,0,0,0,0,0,0,0
250304,2,1,0,11,0,36,0,0,0,0,0,0
250305,1,1,0,7,0,16,0,9,9,0,20,35
250305,2,1,0,0,0,0,0,0,0,0,0,0
250306,0,1,0,0,20,0,24,0,0,0,0,36
250306,1,1,28,0,0,12,16,18,0,0,20,0
250307,1,1,0,0,0,0,0,0,0,0,0,0
250308,1,1,0,0,0,0,0,0,0,0,0,0
250308,2,1,0,0,0,0,0,0,0,0,0,0
250309,0,1,39,39,39,39,39,39,39,39,39,39
250309,1,1,0,0,0,0,0,0,0,0,0,0
250310,1,1,9,9,9,9,9,9,9,9,9,9
250310,2,1,0,7,0,0,0,0,0,10,0,0
250311,1,1,0,0,0,0,0,0,0,0,0,0
250312,0,1,0,0,0,0,0,0,0,0,0,0
250312,1,1,0,0,0,0,0,0,0,0,0,0
250313,1,1,14,14,14,14,14,14,14,14,14,14
250313,2,1,0,0,0,10,0,0,0,0,0,0
250314,0,1,0,0,0,0,0,0,0,0,0,0
250314,1,1,0,31,0,0,0,0,25,0,0,0
250315,0,1,20,20,20,20,20,20,20,20,20,20
250315,1,1,19,0,0,0,0,0,0,11,19,0
250316,1,1,18,18,18,18,18,18,18,18,18,18
250316,2,1,0,0,0,0,0,0,0,0,13,0
250316,3,1,0,0,15,0,0,0,0,0,0,0
250316,4,1,0,0,0,0,0,0,0,0,0,0
250317,1,1,0,0,0,0,0,0,4,0,0,14
250317,2,1,0,0,0,0,0,0,0,0,0,0
250318,3,1,0,0,0,0,0,0,0,0,0,0
250319,1,1,0,0,0,0,0,0,0,0,0,0
250319,2,1,0,0,0,0,0,0,0,0,0,0
250319,3,1,0,0,0,0,0,0,0,0,0,0
250319,4,1,0,0,0,0,0,0,0,0,0,0
250320,0,1,0,0,0,0,0,0,0,0,0,0
250320,1,1,0,0,0,0,0,0,0,0,0,0
250321,0,1,4,4,4,4,4,4,4,4,4,4
250321,1,1,0,0,0,0,0,0,0,0,0,0
250322,1,1,28,28,28,28,28,28,28,28,28,28
250323,1,1,0,0,0,0,0,0,0,0,0,0
250323,2,1,0,0,0,0,12,0,0,0,0,0
250323,3,1,0,0,0,0,0,0,0,0,0,16
250324,1,1,19,19,19,19,19,19,19,19,19,19
250325,0,1,0,0,0,0,0,0,0,0,0,0
250325,1,1,0,26,0,0,0,0,0,0,0,0
250326,0,1,36,36,36,36,36,36,36,36,36,36
250326,1,1,0,0,0,0,29,0,0,0,14,0
250327,0,1,0,0,0,0,0,0,0,0,0,0
250327,1,1,0,19,0,7,0,8,0,11,22,0
250328,1,1,0,0,0,0,0,0,0,0,0,0
250329,1,1,0,0,0,0,0,0,0,0,0,0
250330,1,1,0,0,0,0,0,0,0,0,0,0
250330,2,1,0,0,0,0,0,0,0,0,0,0
250330,3,1,0,0,0,0,0,0,0,0,0,0
250331,0,1,1,1,1,1,1,1,1,1,1,1
250331,1,1,0,0,0,0,0,0,0,0,0,0
250332,1,1,23,13,26,12,2,6,11,33,10,18
250333,1,1,18,0,0,28,0,0,0,0,0,36
250334,1,1,0,0,42,0,34,0,19,0,0,0
250335,1,1,0,0,0,0,0,0,0,0,0,0
250335,2,1,0,0,0,26,0,0,0,24,0,0
250336,1,1,0,0,0,0,0,0,0,0,0,0
250337,0,1,0,29,17,0,17,0,19,30,0,0
250337,1,1,25,0,0,14,0,17,0,0,0,0
260001,1,1,0,0,0,0,0,0,0,0,0,0
260002,1,1,16,5,0,0,0,0,0,0,0,0
260002,2,1,10,0,0,0,0,0,0,0,13,0
260003,1,1,15,15,15,15,15,15,15,15,15,15
260004,0,1,0,0,0,0,12,0,0,0,0,0
260004,1,1,0,0,0,0,0,0,0,0,0,0
260005,1,1,21,21,21,21,21,21,21,21,21,21
260005,2,1,0,0,0,0,0,0,0,0,0,0
260006,1,1,0,0,0,0,0,0,0,0,0,0
260006,2,1,0,0,0,0,0,0,0,0,0,0
260007,0,1,0,0,0,0,0,0,0,0,0,0
260007,1,1,0,0,0,0,0,0,0,0,0,0
260008,0,1,0,0,0,0,28,0,0,5,0,0
260008,1,1,0,0,0,0,0,0,0,0,0,0
260009,1,1,20,20,20,20,20,20,20,20,20,20
260010,1,1,0,0,0,0,0,0,0,0,0,0
260010,2,1,0,0,0,0,0,0,0,0,0,0
260011,1,1,0,0,0,0,0,0,0,0,0,0
260011,2,1,0,0,0,0,0,0,0,0,0,0
260012,0,1,24,24,24,24,24,24,24,24,24,24
260012,1,1,0,0,0,0,0,0,0,0,0,0
260013,1,1,0,0,0,0,0,0,0,0,0,0
260013,2,1,0,0,0,0,0,0,0,0,0,0
260014,1,1,0,0,0,0,0,13,0,0,0,0
260014,2,1,0,0,0,0,0,0,0,0,0,0
260015,1,1,0,0,0,0,0,0,0,0,0,0
260015,2,1,0,0,0,0,0,0,0,0,0,0
260016,1,1,0,0,0,0,0,0,0,0,0,0
260016,2,1,0,0,0,0,0,0,0,0,0,0
260016,3,1,0,0,0,0,22,0,0,0,0,0
260017,1,1,11,0,0,0,0,0,0,0,0,0
260018,0,1,0,0,0,0,0,0,0,0,0,0
260018,1,1,0,0,0,0,0,0,0,0,0,0
260019,1,1,0,0,0,0,0,0,0,0,0,0
260019,2,1,0,0,0,0,0,0,0,0,0,0
260020,0,1,0,22,21,0,43,9,38,48,12,10
260020,1,1,0,0,0,0,0,0,0,0,0,0
260021,0,1,0,0,0,0,0,0,24,0,0,0
260021,1,1,0,0,0,0,0,0,0,0,0,10
260022,1,1,20,4,8,10,12,19,24,26,14,7
260023,1,1,22,22,22,22,22,22,22,22,22,22
260023,2,1,0,0,0,0,0,0,0,0,0,0
260024,1,1,10,10,10,10,10,10,10,10,10,10
260025,1,1,0,0,0,0,0,0,0,0,0,0
260026,1,1,0,0,0,0,0,0,0,0,0,0
260026,2,1,0,0,0,0,0,0,0,0,0,0
260027,0,1,0,0,0,0,0,0,0,0,0,0
260027,1,1,0,0,0,0,0,0,0,0,0,0
260028,0,1,0,0,0,0,0,0,0,0,0,0
260028,1,1,0,0,0,0,0,0,0,0,0,0
260029,1,1,0,0,0,0,0,0,0,0,0,0
260029,2,1,0,0,0,0,0,0,0,0,0,0
260030,1,1,19,19,19,19,19,19,19,19,19,19
260030,2,1,0,0,0,0,0,0,0,0,0,0
260031,1,1,0,0,0,0,0,0,0,0,0,0
260031,2,1,0,0,0,0,0,0,0,0,0,0
260032,1,1,0,0,0,0,0,0,0,0,0,0
260032,2,1,0,0,0,0,0,0,0,0,0,0
260033,1,1,9,0,0,17,0,0,0,16,0,19
260033,2,1,0,0,0,0,0,0,0,0,0,0
260034,1,1,0,0,0,0,0,0,0,0,0,0
260034,2,1,0,0,0,0,0,0,0,0,0,0
260035,0,1,0,0,0,0,0,30,0,0,23,0
260035,1,1,22,0,16,0,16,14,26,5,10,0
260036,1,1,0,0,0,0,0,0,25,0,0,0
260037,1,1,0,0,0,0,0,0,0,0,0,0
260037,2,1,0,0,0,0,0,0,0,0,0,0
260038,1,1,21,21,21,21,21,21,21,21,21,21
260039,1,1,0,0,0,0,0,0,0,0,0,0
260039,2,1,0,15,0,0,0,0,14,0,0,0
260040,1,1,0,0,0,0,0,22,0,0,0,0
260041,1,1,19,18,0,0,0,0,0,0,0,0
260042,1,1,0,0,0,0,0,0,0,0,0,0
260042,2,1,0,0,0,0,0,0,0,0,0,0
260043,1,1,0,0,28,0,15,0,19,0,0,8
260044,1,1,25,24,12,10,11,8,9,6,13,10
260044,2,1,0,0,0,0,0,0,0,0,0,0
260045,1,1,0,0,0,0,0,0,0,0,5,0
260045,2,1,0,0,0,0,0,0,0,0,0,0
260045,3,1,0,0,0,0,0,0,0,0,0,0
260045,4,1,0,0,0,0,0,0,0,0,0,0
260046,1,1,0,0,0,0,0,0,0,0,0,0
260046,2,1,0,0,0,0,0,0,0,0,0,0
260046,3,1,0,0,0,0,0,0,0,0,0,0
260047,1,1,0,0,0,0,0,0,0,0,0,0
260047,2,1,0,0,0,0,0,0,0,0,0,0
260047,3,1,0,0,0,0,0,0,0,0,0,0
260048,1,1,0,17,10,21,16,9,22,9,16,0
260049,1,1,21,11,13,27,11,19,15,16,12,12
260050,1,1,13,11,25,22,30,0,19,13,10,9
260051,1,1,22,22,22,22,22,22,22,22,22,22
260051,2,1,14,14,14,14,14,14,14,14,14,14
260051,3,1,0,32,0,9,14,21,2,15,10,7
260052,1,1,0,0,0,0,14,5,0,0,9,0
260052,2,1,0,0,0,0,0,0,0,17,0,0
260053,0,1,15,10,37,10,2,24,0,16,26,16
260053,1,1,0,0,0,0,0,0,8,0,15,0
260054,1,1,0,0,0,0,0,0,0,0,0,0
260054,2,1,0,0,0,0,0,0,0,0,0,0
260054,3,1,0,0,0,0,0,0,0,0,0,0
260055,1,1,2,2,2,2,2,2,2,2,2,2
260055,2,1,0,0,0,0,0,0,0,0,0,0
260055,3,1,0,0,0,0,0,0,0,0,0,0
260056,0,1,32,32,32,32,32,32,32,32,32,32
260056,1,1,0,0,0,0,0,0,0,0,0,0
260056,2,1,0,11,0,0,0,0,0,15,0,24
260057,1,1,1,1,1,1,1,1,1,1,1,1
260057,2,1,0,0,0,0,0,0,0,0,0,0
260058,1,1,0,0,0,0,0,0,27,0,0,0
260059,1,1,25,25,25,25,25,25,25,25,25,25
260060,1,1,0,0,0,0,0,0,0,0,0,0
260060,2,1,0,0,0,0,0,0,0,0,21,0
260061,1,1,0,0,0,0,0,0,0,0,0,0
260061,2,1,0,0,0,0,0,0,0,0,11,0
260062,1,1,0,0,0,0,0,0,0,0,0,0
260062,2,1,0,0,0,0,0,0,0,0,0,0
260063,1,1,0,0,0,0,0,0,0,0,0,0
260064,1,1,26,26,26,26,26,26,26,26,26,26
260065,0,1,0,0,0,0,0,0,0,0,0,0
260065,1,1,0,0,0,0,0,0,0,0,0,0
260065,2,1,0,0,0,0,0,0,0,0,0,20
260066,1,1,0,0,0,0,0,0,0,0,0,0
260066,2,1,0,0,0,0,0,0,0,0,0,0
260066,3,1,0,0,0,0,0,0,0,0,0,0
260066,4,1,0,0,0,0,0,0,0,0,0,0
260067,0,1,0,0,0,0,0,0,0,0,38,0
260067,1,1,0,0,0,0,0,18,0,0,16,0
260068,1,1,32,32,32,32,32,32,32,32,32,32
260069,1,1,0,0,0,0,0,0,0,0,0,0
260069,2,1,0,0,0,0,0,0,0,0,0,0
260070,1,1,0,0,0,0,0,0,0,0,0,0
260070,2,1,0,0,0,0,0,0,0,0,0,0
260071,1,1,26,9,11,0,20,28,6,16,14,16
260072,1,1,0,0,0,0,0,0,0,0,0,0
260073,1,1,0,0,0,0,0,0,0,0,0,0
260074,0,1,0,0,0,0,18,16,14,0,0,14
260074,1,1,0,0,0,0,7,0,0,0,0,26
260075,1,1,0,0,0,0,0,0,0,0,0,0
260075,2,1,0,0,0,0,0,0,14,0,0,0
260076,1,1,0,0,0,0,0,0,0,0,0,0
260076,2,1,0,0,0,0,0,0,0,0,0,0
260077,1,1,0,0,0,0,0,0,0,0,0,0
260078,0,1,36,36,36,36,36,36,36,36,36,36
260078,1,1,0,0,0,0,0,0,0,0,0,44
260079,1,1,0,0,0,0,0,0,0,0,0,0
260079,2,1,0,0,0,0,0,0,0,0,0,0
260080,1,1,0,0,0,0,0,0,0,0,0,0
260080,2,1,0,0,0,0,0,0,0,0,0,0
260081,0,1,0,0,0,0,0,11,0,0,0,34
260081,1,1,0,0,0,0,0,0,0,0,0,0
260082,1,1,0,0,15,0,0,0,0,0,0,0
260082,2,1,0,0,0,0,0,0,0,0,0,0
260083,0,1,23,0,0,15,0,0,0,0,0,0
260083,1,1,0,0,0,0,0,0,0,0,0,0
260084,1,1,0,0,0,0,0,0,23,0,0,0
260084,2,1,0,0,0,0,0,0,0,0,0,0
260085,1,1,0,0,0,0,0,0,0,0,0,0
260085,2,1,0,0,0,0,0,0,0,0,0,0
260086,1,1,27,13,20,27,14,5,22,16,0,10
260086,2,1,13,0,0,0,22,0,0,0,0,0
260086,3,1,0,13,0,0,0,0,0,0,0,0
260086,4,1,0,0,0,0,0,0,0,0,0,0
260086,5,1,0,0,0,0,0,0,0,0,0,0
260087,1,1,0,0,0,0,0,0,0,0,0,0
260087,2,1,0,0,0,0,0,0,0,0,0,0
260088,1,1,0,21,0,0,21,0,0,0,13,0
260089,1,1,0,0,0,0,0,0,0,0,0,0
260090,0,1,0,0,0,0,0,0,0,23,14,0
260090,1,1,0,17,0,0,0,15,0,0,0,0
260091,1,1,0,0,0,0,0,0,0,0,0,0
260091,2,1,0,0,0,0,0,0,0,0,0,0
260092,1,1,30,30,30,30,30,30,30,30,30,30
260093,1,1,0,0,0,0,0,0,0,0,0,0
260093,2,1,0,0,0,0,0,0,0,0,0,0
260094,1,1,0,21,0,0,34,0,0,0,0,0
260095,1,1,10,10,10,10,10,10,10,10,10,10
260096,1,1,22,22,22,22,22,22,22,22,22,22
260097,1,1,0,0,0,0,0,0,0,0,0,0
260097,2,1,6,25,0,0,0,0,0,0,10,11
260098,0,1,12,8,16,32,13,0,2,23,17,19
260098,1,1,0,0,0,0,0,0,0,0,0,0
260099,1,1,0,0,0,0,0,0,0,0,0,0
260100,0,1,0,0,0,0,0,0,0,0,0,0
260100,1,1,0,0,0,0,0,0,0,0,0,0
260101,1,1,0,0,0,0,0,0,0,0,14,0
260102,1,1,21,21,21,21,21,21,21,21,21,21
260102,2,1,0,0,0,0,0,0,0,0,0,0
260103,0,1,0,0,0,12,0,0,0,0,41,0
260103,1,1,0,0,0,0,0,0,0,0,0,0
260104,1,1,0,0,0,0,0,0,0,0,0,0
260104,2,1,0,0,0,0,0,0,0,0,0,0
260105,0,1,0,0,0,0,0,0,0,0,0,0
260105,1,1,0,0,0,0,0,0,0,0,0,0
260106,1,1,0,0,0,0,0,0,0,0,0,0
260106,2,1,0,0,0,0,0,0,0,0,0,0
260107,1,1,0,0,0,0,0,0,0,0,0,0
260107,2,1,0,0,14,3,10,8,15,11,12,20
260108,1,1,0,13,0,0,0,15,0,0,15,13
260109,0,1,0,0,0,0,38,0,0,0,0,0
260109,1,1,0,0,20,15,9,0,0,0,31,0
260110,1,1,0,0,0,0,0,0,0,0,0,0
260110,2,1,15,0,0,6,0,14,0,23,0,0
260111,1,1,16,16,16,16,16,16,16,16,16,16
260112,1,1,0,0,0,0,0,0,0,0,2,0
260112,2,1,0,0,0,0,0,0,0,0,0,0
260113,1,1,9,7,11,11,38,15,16,19,12,0
260114,1,1,5,22,21,0,28,34,38,3,8,17
260115,0,1,0,0,0,0,0,0,0,0,0,0
260115,1,1,0,0,0,0,0,0,0,0,0,0
260116,1,1,25,25,25,25,25,25,25,25,25,25
260117,0,1,0,0,0,0,0,0,0,0,0,0
260117,1,1,0,0,0,0,0,0,0,20,0,12
260118,1,1,20,20,20,20,20,20,20,20,20,20
260119,0,1,0,0,23,0,0,0,0,0,15,0
260119,1,1,0,0,0,0,0,0,0,0,0,0
260120,0,1,0,0,0,0,0,0,0,0,0,0
260120,1,1,0,0,0,0,0,0,0,0,0,0
260121,1,1,0,0,0,0,0,0,0,0,0,0
260121,2,1,0,0,0,0,0,0,0,0,0,0
260122,1,1,29,0,0,0,0,28,0,0,0,0
260123,1,1,0,0,0,24,0,22,0,0,0,0
260123,2,1,19,0,13,0,0,0,0,0,0,0
260124,1,1,0,0,0,0,0,0,0,0,0,0
260124,2,1,0,0,0,0,0,0,0,0,0,0
260125,0,1,0,0,0,0,0,0,0,0,0,0
260125,1,1,0,0,0,0,0,0,0,0,0,0