ST_CASE,VEH_NO,PER_NO,P1,P2,P3,P4,P5,P6,P7,P8,P9,P10
260126,1,1,0,0,0,0,0,0,0,0,0,0
260127,1,1,17,10,7,9,21,22,13,19,5,14
260127,2,1,0,0,0,0,0,0,0,0,0,0
260128,1,1,0,17,0,0,0,0,0,0,0,0
260128,2,1,0,0,0,0,0,0,0,0,0,0
260129,1,1,11,11,11,11,11,11,11,11,11,11
260129,2,1,0,0,0,0,0,15,0,0,0,0
260130,1,1,1,1,1,1,1,1,1,1,1,1
260130,2,1,0,0,0,0,0,0,0,0,0,0
260131,0,1,0,0,0,0,0,18,0,10,25,0
260131,1,1,0,0,0,0,0,11,0,0,0,0
260132,1,1,0,0,0,0,0,0,14,0,13,0
260132,2,1,0,0,0,0,0,0,0,0,0,0
260133,1,1,5,5,5,5,5,5,5,5,5,5
260134,1,1,0,17,15,0,31,0,0,0,0,0
260135,0,1,0,0,0,0,0,0,0,0,14,0
260135,1,1,0,7,35,17,24,15,0,7,15,15
260136,1,1,17,17,17,17,17,17,17,17,17,17
260137,0,1,0,0,0,0,0,25,0,0,0,0
260137,1,1,0,0,0,0,10,17,17,17,0,0
260138,1,1,25,0,0,0,0,0,0,0,0,0
260139,1,1,0,0,0,0,0,0,0,0,0,0
260140,1,1,0,0,0,0,19,0,0,0,0,0
260140,2,1,0,18,0,0,0,0,0,0,0,0
260141,1,1,21,21,21,21,21,21,21,21,21,21
260142,1,1,0,0,0,0,0,0,0,0,0,0
260143,1,1,0,0,0,0,0,0,0,0,0,0
260143,2,1,3,3,3,3,3,3,3,3,3,3
260144,1,1,0,0,0,0,0,0,0,0,0,0
260144,2,1,0,0,0,0,0,0,0,0,0,0
260145,1,1,0,0,0,0,0,0,0,12,0,0
260146,1,1,28,28,28,28,28,28,28,28,28,28
260147,0,1,0,0,0,11,0,0,0,0,0,0
260147,1,1,0,0,0,0,0,0,0,0,0,0
260148,1,1,0,0,0,0,0,12,0,0,0,0
260149,0,1,0,0,0,0,0,0,5,0,0,0
260149,1,1,0,0,0,0,0,0,0,0,0,0
260150,0,1,0,0,0,0,0,0,0,0,0,0
260150,1,1,0,0,0,0,0,0,0,0,0,0
260151,1,1,28,28,28,28,28,28,28,28,28,28
260152,0,1,0,26,0,0,0,0,23,25,0,0
260152,2,1,23,0,28,28,17,0,0,7,21,19
260153,1,1,8,8,8,8,8,8,8,8,8,8
260154,1,1,0,0,0,0,0,0,0,0,0,0
260154,2,1,0,0,0,0,0,0,0,0,0,0
260155,1,1,0,0,0,0,0,0,0,0,0,0
260155,2,1,0,0,0,0,0,0,0,0,0,0
260155,3,1,0,0,0,0,0,0,0,22,0,0
260156,1,1,0,0,0,0,0,0,0,24,0,0
260157,1,1,0,0,0,0,0,0,0,0,0,0
260157,2,1,0,0,0,0,0,0,0,0,0,0
260158,1,1,0,0,0,0,0,0,0,0,0,0
260159,1,1,0,0,0,0,0,0,0,0,0,0
260159,2,1,0,0,0,0,0,0,0,0,0,0
260160,1,1,14,14,14,14,14,14,14,14,14,14
260160,2,1,0,0,0,0,0,0,0,0,0,0
260161,1,1,0,0,0,0,0,0,0,0,0,0
260161,2,1,0,7,0,0,0,0,0,0,0,0
260162,0,1,0,0,0,0,0,0,0,0,0,0
260162,1,1,21,9,0,0,0,10,0,16,0,0
260163,0,1,0,0,0,0,0,0,32,0,22,0
260163,1,1,0,0,0,0,0,0,0,0,0,0
260164,0,1,0,0,19,0,0,0,0,0,0,22
260164,1,1,0,0,0,0,0,0,0,0,0,0
260164,2,1,0,0,0,28,0,0,0,0,0,0
260165,1,1,0,0,0,0,0,0,0,0,0,0
260166,1,1,0,0,0,0,0,0,0,0,0,0
260166,2,1,0,0,0,0,0,0,0,0,0,0
260167,1,1,0,0,0,0,0,0,0,0,0,0
260168,0,1,0,0,0,0,0,0,0,0,0,0
260168,1,1,0,0,9,0,0,0,0,0,0,0
260169,1,1,19,19,19,19,19,19,19,19,19,19
260170,0,1,0,0,0,0,0,0,0,0,0,0
260170,1,1,0,0,0,0,0,0,0,0,0,0
260171,1,1,0,0,0,0,0,0,0,0,0,0
260172,1,1,0,0,0,0,0,0,0,0,0,0
260173,1,1,0,0,0,0,0,0,0,0,0,0
260173,2,1,0,0,0,0,0,0,0,0,0,0
260173,3,1,0,0,0,14,0,0,0,0,12,0
260174,1,1,0,0,0,0,0,0,0,0,0,0
260174,2,1,0,0,0,0,0,0,0,0,0,0
260174,3,1,0,0,0,0,0,0,0,0,0,0
260175,1,1,22,22,22,22,22,22,22,22,22,22
260176,0,1,9,40,10,21,22,0,13,18,22,6
260176,1,1,0,0,0,0,0,0,0,16,0,0
260177,1,1,0,0,0,0,0,0,0,0,0,0
260177,2,1,0,0,0,0,0,0,0,0,0,0
260178,1,1,0,22,0,0,0,0,0,0,0,15
260178,2,1,0,0,0,0,0,0,0,0,0,0
260179,1,1,0,0,0,0,0,0,0,0,0,0
260179,2,1,0,0,0,0,18,0,0,0,14,0
260180,1,1,16,16,16,16,16,16,16,16,16,16
260181,1,1,0,17,0,7,0,0,0,25,0,0
260181,2,1,0,10,0,0,0,0,0,10,11,0
260181,3,1,0,0,0,0,0,0,0,0,0,32
260182,1,1,26,22,7,26,16,33,0,16,21,0
260183,0,1,0,0,0,0,0,0,0,23,0,0
260183,0,2,0,0,0,0,0,0,0,0,0,0
260183,1,1,0,0,0,0,0,0,0,0,0,0
260184,1,1,0,0,0,0,0,0,0,0,0,0
260184,2,1,0,0,0,0,0,0,0,0,0,0
260185,1,1,0,0,0,0,0,0,0,0,0,0
260186,1,1,0,0,0,0,0,0,0,0,0,0
260186,2,1,0,0,0,0,0,0,0,0,0,0
260187,1,1,22,22,22,22,22,22,22,22,22,22
260188,1,1,0,0,0,0,0,0,0,0,0,0
260188,2,1,0,0,0,0,0,0,0,0,0,0
260189,1,1,0,0,0,0,0,0,0,0,0,0
260189,2,1,0,0,0,0,0,0,0,0,0,0
260190,1,1,0,0,17,0,0,0,0,0,0,0
260191,1,1,0,0,0,0,0,0,0,0,0,0
260191,2,1,0,0,0,0,0,0,0,0,0,0
260192,1,1,0,0,0,0,0,0,0,31,0,0
260193,1,1,0,0,0,0,0,0,0,0,0,0
260194,1,1,0,0,0,0,19,0,0,0,0,0
260194,2,1,0,0,0,0,0,0,0,0,0,0
260195,1,1,0,0,0,0,0,0,0,0,0,0
260195,2,1,0,0,0,0,0,0,0,0,0,0
260196,1,1,0,0,0,0,0,0,0,28,0,0
260197,1,1,0,0,0,0,0,0,0,0,0,0
260198,0,1,0,0,0,53,0,0,0,0,0,0
260198,1,1,0,0,0,0,0,15,0,15,0,0
260199,1,1,20,29,15,16,20,15,18,28,21,27
260200,1,1,0,0,0,0,0,0,0,0,0,0
260200,2,1,0,0,0,0,0,0,0,0,0,0
260201,1,1,24,24,24,24,24,24,24,24,24,24
260202,1,1,1,1,1,1,1,1,1,1,1,1
260203,1,1,0,0,0,0,0,0,0,19,0,0
260203,2,1,0,0,0,0,0,0,18,0,0,0
260203,3,1,0,0,0,0,0,0,0,0,0,0
260204,1,1,0,0,0,0,18,0,0,0,0,0
260204,2,1,0,0,0,0,0,0,0,0,6,0
260205,0,1,0,0,0,0,0,0,0,0,0,0
260205,1,1,0,0,0,0,0,0,0,0,0,0
260206,1,1,0,0,0,0,0,0,0,8,0,0
260206,2,1,0,0,0,0,0,0,0,0,0,0
260206,3,1,0,0,0,0,0,25,0,0,0,0
260207,1,1,0,0,0,0,0,0,0,0,0,0
260207,2,1,0,0,0,0,0,0,0,0,0,0
260207,3,1,0,0,0,0,0,0,0,25,0,0
260208,1,1,0,14,0,0,0,0,0,0,0,0
260208,2,1,0,0,0,0,0,0,0,0,0,0
260209,1,1,0,0,0,0,0,0,0,0,0,0
260209,2,1,0,0,0,0,0,0,0,0,0,0
260210,1,1,0,0,0,0,0,0,0,0,0,0
260210,2,1,0,0,0,0,14,0,0,0,0,0
260210,3,1,0,5,0,0,22,0,0,0,0,0
260211,1,1,0,0,0,0,0,0,0,0,0,0
260211,2,1,0,0,0,0,0,0,0,0,0,0
260212,1,1,0,0,0,0,0,0,0,0,0,0
260213,1,1,0,0,17,17,0,18,0,0,0,0
260214,1,1,9,9,9,9,9,9,9,9,9,9
260215,0,1,0,0,0,0,0,0,0,0,0,0
260215,0,2,0,0,0,0,0,0,0,0,0,0
260215,2,1,0,0,0,0,0,0,0,28,0,0
260215,4,1,0,0,0,0,0,0,0,2,0,0
260216,1,1,5,5,5,5,5,5,5,5,5,5
260216,2,1,0,0,0,0,0,0,0,0,0,0
260217,1,1,31,31,31,31,31,31,31,31,31,31
260218,1,1,0,0,0,0,0,0,0,0,0,0
260219,0,1,5,20,25,18,19,44,15,24,0,0
260219,1,1,0,0,0,0,0,0,0,0,0,0
260220,1,1,12,7,25,20,9,8,22,23,0,0
260221,1,1,0,0,0,0,0,0,0,0,0,0
260221,2,1,0,0,0,0,0,0,0,0,0,0
260221,3,1,0,0,0,0,0,0,0,19,0,0
260222,1,1,0,0,0,0,0,0,0,0,0,0
260223,1,1,0,0,0,0,0,0,0,0,0,0
260224,1,1,0,0,0,0,0,0,0,0,0,0
260224,2,1,0,0,0,0,0,0,0,0,0,0
260225,1,1,11,12,21,17,20,34,27,18,14,21
260225,2,1,0,0,0,0,0,0,0,0,0,0
260226,1,1,0,0,0,0,0,0,0,0,0,0
260226,2,1,0,0,0,0,0,0,0,0,0,0
260227,1,1,0,0,0,0,0,0,0,0,0,0
260227,2,1,0,0,0,0,0,0,0,0,0,0
260228,1,1,0,0,0,0,0,0,0,0,0,0
260229,0,1,0,0,0,0,0,0,0,0,0,0
260229,1,1,0,0,0,0,0,0,0,0,0,0
260230,1,1,24,24,24,24,24,24,24,24,24,24
260231,1,1,0,0,0,0,0,0,0,0,0,0
260231,2,1,0,0,0,0,0,0,0,0,0,0
260232,1,1,9,9,9,9,9,9,9,9,9,9
260232,2,1,0,0,0,0,0,0,0,0,0,0
260233,1,1,18,18,18,18,18,18,18,18,18,18
260234,1,1,14,14,14,14,14,14,14,14,14,14
260234,2,1,0,0,0,0,0,0,0,0,0,0
260235,1,1,0,0,0,0,0,0,17,0,0,0
260235,2,1,0,0,0,0,0,0,0,0,0,0
260236,1,1,0,0,0,0,0,0,0,0,0,0
260236,2,1,2,2,2,2,2,2,2,2,2,2
260237,1,1,0,0,0,0,0,0,0,0,0,0
260237,2,1,0,0,0,0,0,0,0,0,0,0
260238,0,1,0,0,0,0,0,0,0,0,0,0
260238,1,1,0,0,0,0,0,0,0,0,0,0
260238,2,1,0,0,0,0,0,0,0,0,0,0
260238,3,1,0,16,0,0,0,0,0,0,0,0
260238,4,1,8,0,0,0,0,14,0,0,0,0
260239,1,1,0,0,0,0,0,0,0,0,0,0
260239,2,1,15,0,0,0,0,0,0,0,0,0
260240,1,1,22,8,12,16,33,4,3,16,12,12
260240,2,1,12,16,2,20,0,3,16,4,12,16
260241,1,1,0,9,0,0,6,0,0,0,0,0
260242,1,1,0,0,13,0,0,0,0,0,0,0
260242,2,1,0,9,0,0,0,0,13,0,3,0
260243,1,1,2,2,2,2,2,2,2,2,2,2
260244,0,1,0,0,0,0,38,0,0,0,0,0
260244,1,1,5,0,12,15,0,7,12,0,10,5
260244,2,1,0,0,0,0,0,0,0,0,0,0
260245,0,1,40,40,40,40,40,40,40,40,40,40
260245,1,1,0,0,0,0,0,0,0,0,0,0
260246,1,1,0,0,0,0,0,0,0,0,0,0
260246,2,1,13,13,13,13,13,13,13,13,13,13
260247,1,1,8,0,0,0,0,0,0,0,0,0
260247,2,1,0,40,0,0,0,0,0,0,0,0
260248,1,1,1,1,1,1,1,1,1,1,1,1
260249,0,1,0,0,0,0,0,0,0,0,0,0
260249,1,1,0,0,5,8,26,2,16,10,23,0
260250,1,1,0,0,12,0,0,0,18,0,0,0
260251,1,1,0,0,0,0,0,0,9,0,0,31
260252,0,1,23,34,0,20,8,0,17,32,18,37
260252,0,2,0,0,0,0,0,0,0,9,0,0
260252,1,1,0,0,0,0,0,0,0,0,0,0
260252,2,1,0,7,0,0,0,0,0,0,0,0
260253,1,1,0,0,0,0,0,0,0,0,0,0
260254,1,1,8,8,8,8,8,8,8,8,8,8
260255,1,1,19,0,0,0,0,0,0,0,0,0
260255,2,1,0,0,0,0,0,0,0,0,0,0
260256,0,1,0,0,0,0,11,28,0,0,0,0
260256,1,1,0,0,0,0,0,0,0,0,0,0
260257,1,1,0,0,0,0,0,0,0,0,0,0
260257,2,1,0,0,0,0,0,0,0,0,0,0
260258,1,1,0,0,0,0,0,0,0,0,0,0
260259,1,1,0,0,0,0,0,0,0,0,0,0
260259,2,1,0,12,0,0,0,0,0,0,0,7
260260,1,1,0,15,0,0,0,0,0,0,0,0
260261,1,1,0,0,0,0,0,0,0,0,0,0
260262,1,1,0,0,0,0,0,0,0,0,0,0
260263,1,1,0,0,0,0,0,0,0,0,0,0
260263,2,1,0,0,0,0,0,0,0,0,0,0
260264,1,1,36,36,36,36,36,36,36,36,36,36
260265,0,1,11,0,0,0,0,13,0,33,0,0
260265,0,2,0,27,12,0,0,0,26,0,0,0
260265,1,1,0,0,0,0,0,0,0,0,0,0
260266,1,1,16,0,0,0,0,0,0,0,0,0
260266,2,1,0,0,0,0,0,0,0,0,0,0
260267,1,1,0,0,0,0,0,0,0,0,0,13
260267,2,1,0,0,0,0,0,0,0,0,0,0
260268,1,1,28,28,28,28,28,28,28,28,28,28
260269,1,1,0,0,0,0,0,0,0,0,0,0
260269,2,1,0,0,0,0,0,0,0,0,0,0
260270,1,1,6,0,0,0,0,0,0,0,0,0
260271,1,1,4,4,4,4,4,4,4,4,4,4
260271,2,1,0,18,31,0,0,0,0,0,0,0
260271,3,1,0,0,0,0,0,0,0,0,0,0
260271,4,1,0,0,0,0,4,0,0,0,0,0
260272,1,1,0,0,0,0,0,0,0,0,0,0
260272,2,1,0,0,0,0,0,0,0,0,0,0
260273,1,1,0,0,0,0,0,0,25,0,0,0
260274,1,1,17,17,17,17,17,17,17,17,17,17
260274,2,1,11,10,13,19,0,0,9,0,5,7
260275,1,1,0,0,0,0,0,0,0,0,0,0
260275,2,1,0,0,0,0,0,0,0,0,12,0
260276,1,1,0,0,0,0,0,0,0,0,0,0
260277,0,1,36,36,36,36,36,36,36,36,36,36
260277,1,1,4,18,20,2,0,0,0,46,17,0
260278,1,1,9,24,0,9,0,0,3,0,0,0
260279,1,1,0,0,0,25,0,0,0,0,0,0
260280,1,1,0,0,0,0,0,0,0,0,0,0
260280,2,1,0,0,0,0,4,0,0,0,0,0
260281,1,1,2,2,2,2,2,2,2,2,2,2
260282,1,1,0,0,0,0,0,0,0,0,0,0
260283,1,1,24,24,24,24,24,24,24,24,24,24
260284,0,1,0,0,0,0,0,0,0,0,0,0
260284,1,1,0,0,0,0,0,0,0,0,0,0
260285,1,1,2,18,23,0,0,8,11,14,18,17
260285,2,1,0,0,0,0,0,0,0,0,0,0
260285,3,1,0,0,0,0,0,0,0,0,18,12
260286,0,1,0,0,0,0,0,0,0,0,9,0
260286,1,1,0,0,0,0,0,0,0,0,0,0
260287,1,1,0,0,0,0,0,0,0,0,0,0
260287,2,1,0,0,0,0,0,0,0,0,0,0
260287,3,1,0,0,0,0,0,0,0,0,0,0
260288,1,1,0,0,0,0,14,0,0,0,16,0
260288,2,1,7,7,7,7,7,7,7,7,7,7
260289,1,1,13,13,13,13,13,13,13,13,13,13
260289,2,1,0,0,0,0,0,0,0,0,0,0
260289,3,1,0,0,0,0,0,0,19,0,0,0
260290,1,1,0,0,0,0,0,0,0,0,0,0
260290,2,1,0,0,0,0,0,0,0,0,0,0
260290,3,1,0,0,0,0,0,0,0,0,0,0
260291,1,1,0,0,0,0,0,0,0,0,0,0
260292,1,1,0,0,0,0,0,0,4,0,0,0
260292,2,1,0,0,0,0,0,0,0,0,0,0
260293,1,1,0,0,0,0,0,19,0,0,0,0
260294,1,1,25,8,19,25,7,7,5,29,37,13
260295,1,1,0,0,0,0,15,0,10,0,0,0
260296,1,1,0,0,0,0,12,0,0,0,0,0
260297,1,1,0,0,0,0,0,0,0,0,0,0
260297,2,1,9,0,0,0,0,0,0,0,16,0
260298,1,1,0,0,0,0,0,0,0,0,0,0
260299,1,1,0,0,0,0,0,0,0,0,0,0
260299,2,1,13,18,16,14,6,4,13,11,16,12
260300,1,1,0,0,0,0,0,0,0,0,0,0
260300,2,1,9,0,14,21,18,0,12,0,0,18
260301,1,1,14,30,21,16,15,7,5,25,12,7
260301,2,1,0,0,0,0,0,0,0,0,0,0
260302,1,1,0,0,0,0,0,0,0,0,0,0
260302,2,1,6,6,6,6,6,6,6,6,6,6
260303,0,1,0,0,0,0,0,0,0,0,0,0
260303,1,1,0,0,0,0,0,0,0,0,0,0
260304,0,1,0,0,0,0,0,0,0,0,0,0
260304,1,1,0,0,0,0,0,0,12,0,0,0
260305,1,1,0,0,0,0,0,0,0,0,0,0
260306,1,1,0,0,0,0,0,0,0,0,0,0
260306,2,1,0,0,0,0,0,0,0,0,0,0
260307,1,1,11,11,11,11,11,11,11,11,11,11
260307,2,1,0,0,0,0,0,0,0,0,0,0
260308,1,1,0,0,8,0,15,0,0,0,0,0
260308,2,1,0,6,0,0,0,0,0,0,0,0
260309,1,1,19,0,0,0,0,0,0,0,0,0
260309,2,1,0,0,20,0,0,0,0,0,0,0
260310,1,1,0,0,0,0,0,0,0,0,0,0
260310,2,1,0,0,0,0,0,0,0,0,0,0
260311,1,1,15,13,16,11,8,25,39,14,29,0
260312,0,1,18,18,18,18,18,18,18,18,18,18
260312,1,1,0,14,0,0,0,0,0,0,0,0
260313,1,1,0,0,0,0,0,0,0,0,0,0
260314,1,1,0,0,0,0,0,0,0,0,0,0
260314,2,1,0,0,0,0,0,0,0,0,0,0
260315,1,1,0,0,0,0,0,0,0,0,0,0
260315,2,1,0,0,0,0,0,0,0,0,0,0
260316,1,1,9,9,9,9,9,9,9,9,9,9
260317,1,1,23,23,23,23,23,23,23,23,23,23
260318,1,1,0,0,0,0,0,0,0,0,0,0
260318,2,1,0,0,0,0,11,0,0,0,0,0
260319,1,1,3,3,3,3,3,3,3,3,3,3
260320,1,1,25,25,25,25,25,25,25,25,25,25
260320,2,1,0,0,0,0,0,0,0,0,0,0
260321,1,1,13,13,13,13,13,13,13,13,13,13
260322,1,1,0,0,0,0,0,0,19,0,0,0
260323,1,1,0,0,0,0,0,0,0,0,0,0
260323,2,1,0,0,32,0,0,0,0,0,0,0
260324,1,1,0,0,0,0,0,25,0,0,0,0
260324,2,1,0,0,0,0,0,0,0,0,0,0
260325,1,1,19,19,19,19,19,19,19,19,19,19
260325,2,1,0,16,0,0,0,6,0,26,0,0
260326,1,1,0,0,0,0,0,0,0,0,0,0
260326,2,1,12,15,7,0,0,0,0,0,0,0
260327,0,1,0,0,0,0,0,0,0,0,0,0
260327,1,1,0,0,0,0,0,0,0,0,5,0
260328,1,1,2,2,2,2,2,2,2,2,2,2
260329,1,1,24,14,18,12,29,23,10,12,3,14
260330,1,1,16,16,16,16,16,16,16,16,16,16
260331,1,1,25,25,25,25,25,25,25,25,25,25
260331,2,1,27,0,0,0,0,12,14,0,0,0
260332,1,1,0,25,0,0,0,21,0,0,24,0
260333,1,1,0,0,0,0,0,0,0,0,0,0
260333,2,1,0,0,0,0,0,0,0,0,0,0
260334,1,1,0,0,0,0,0,0,0,0,0,0
260334,2,1,0,0,0,0,0,0,0,0,0,0
260335,0,1,0,0,0,26,0,0,0,0,0,14
260335,1,1,0,0,0,0,0,0,0,0,0,0
260335,2,1,13,0,0,0,0,0,0,0,0,0
260336,1,1,12,12,12,12,12,12,12,12,12,12
260336,2,1,12,12,12,12,12,12,12,12,12,12
260337,1,1,14,12,12,14,9,7,19,34,4,14
260338,1,1,18,18,18,18,18,18,18,18,18,18
260339,1,1,0,0,0,0,0,0,0,0,0,0
260339,2,1,0,0,12,0,19,11,0,0,0,0
260340,1,1,0,0,0,0,0,0,0,0,0,0
260341,1,1,0,0,0,0,0,0,0,0,0,0
260342,1,1,0,0,0,18,0,0,0,0,0,0
260342,2,1,0,0,0,0,0,0,0,0,0,0
260342,3,1,0,0,0,0,0,0,0,0,0,0
260343,1,1,21,21,21,21,21,21,21,21,21,21
260344,1,1,13,27,0,9,29,8,13,9,9,21
260344,2,1,0,0,0,0,0,29,0,0,0,0
260345,1,1,0,0,0,0,0,0,0,0,0,0
260346,1,1,31,31,31,31,31,31,31,31,31,31
260346,2,1,0,0,0,0,0,0,0,0,0,0
260347,1,1,0,0,0,0,0,0,0,0,0,0
260347,2,1,0,8,0,0,0,0,0,0,0,0
260348,1,1,0,0,0,17,0,0,0,0,14,0
260348,2,1,19,16,5,31,40,32,13,13,0,10
260349,1,1,0,0,0,0,0,0,0,0,0,0
260349,2,1,0,0,12,12,25,0,0,0,0,0
260349,3,1,0,8,8,0,0,0,17,0,6,0
260350,1,1,0,0,0,0,0,0,0,0,0,0
260350,2,1,0,16,0,0,0,0,0,0,0,0
260350,3,1,0,0,0,0,0,10,0,0,0,0
260350,4,1,0,0,0,0,0,0,0,0,0,0
260351,1,1,0,0,0,0,0,0,0,15,0,0
260351,2,1,0,0,0,0,0,0,0,0,0,0
260352,0,1,0,0,0,0,0,0,27,0,0,0
260352,1,1,0,0,0,0,0,0,0,0,0,0
260353,1,1,0,0,0,0,0,0,0,0,0,0
260353,2,1,0,0,0,0,0,0,0,0,0,0
260354,1,1,21,21,21,21,21,21,21,21,21,21
260355,0,1,24,5,0,15,30,4,27,0,19,6
260355,1,1,0,0,0,0,0,0,0,0,0,0
260356,1,1,0,0,0,0,0,0,0,0,0,0
260356,2,1,0,0,0,0,0,0,0,0,17,0
260357,1,1,0,11,29,11,29,17,0,9,15,16
260357,2,1,0,0,0,0,0,0,0,0,24,0
260358,1,1,0,0,0,0,0,0,0,0,0,0
260358,2,1,0,0,0,0,0,0,0,0,0,0
260359,1,1,0,0,0,0,0,0,0,0,0,0
260359,2,1,0,0,0,0,0,0,13,0,0,0
260360,1,1,0,0,0,0,0,0,0,0,0,0
260360,2,1,0,0,0,0,0,0,0,0,0,0
260361,1,1,0,0,0,0,0,0,0,0,0,0
260361,2,1,3,13,14,0,5,0,0,6,7,0
260362,1,1,0,0,34,0,23,0,20,0,0,0
260363,1,1,0,0,0,0,0,0,0,0,0,0
260364,1,1,19,19,19,19,19,19,19,19,19,19
260365,1,1,0,0,9,0,0,0,0,0,0,0
260365,2,1,0,0,0,0,0,0,0,0,0,0
260366,1,1,19,19,19,19,19,19,19,19,19,19
260367,0,1,0,0,0,0,6,0,0,17,27,0
260367,1,1,0,0,0,0,5,0,0,0,0,0
260368,1,1,0,0,0,0,0,0,0,0,0,0
260368,2,1,0,0,0,0,0,0,0,0,0,0
260369,1,1,0,0,0,0,0,0,0,0,6,0
260369,2,1,10,10,10,10,10,10,10,10,10,10
260370,1,1,0,0,0,0,0,0,0,0,0,22
260370,2,1,0,0,0,15,0,10,0,0,0,2
260371,1,1,0,0,0,0,0,0,0,0,0,0
260371,2,1,0,0,0,20,0,0,0,0,0,0
260372,1,1,0,0,0,0,0,0,0,0,0,0
260373,1,1,0,0,0,20,0,0,0,0,0,0
260374,1,1,19,25,20,0,29,27,21,44,10,25
260375,1,1,0,0,0,0,0,0,0,0,0,0
260375,2,1,0,0,0,0,0,0,0,0,0,0
260376,1,1,26,17,14,8,16,24,11,8,21,30
260377,1,1,0,0,0,0,0,0,0,0,0,0
260377,2,1,0,0,0,0,0,0,0,0,0,0
260377,3,1,0,0,0,0,0,0,0,0,0,0
260378,0,1,0,0,0,0,0,0,0,0,0,0
260378,1,1,0,0,0,0,0,0,0,0,0,0
260379,1,1,0,0,0,0,0,0,0,0,0,0
260380,1,1,0,17,0,21,0,20,5,0,0,22
260380,2,1,0,0,0,17,13,0,0,0,7,0
260381,1,1,0,0,0,0,0,0,0,0,0,0
260381,2,1,0,0,0,0,0,0,0,0,0,0
260382,1,1,9,9,9,9,9,9,9,9,9,9
260383,1,1,0,0,11,0,0,0,0,13,0,18
260384,1,1,0,0,0,0,0,0,0,0,0,0
260385,1,1,0,0,0,0,0,0,0,0,0,0
260385,2,1,0,0,0,0,0,0,12,0,13,0
260386,1,1,0,0,0,0,0,0,0,0,0,0
260386,2,1,0,0,0,0,0,0,0,0,0,0
260387,1,1,0,8,0,0,0,0,0,0,0,16
260387,2,1,0,0,0,0,0,0,0,0,0,0
260388,1,1,0,0,0,0,0,0,0,0,0,0
260389,0,1,0,0,0,0,0,36,0,0,0,0
260389,1,1,10,0,0,0,0,0,0,0,0,0
260390,0,1,31,11,39,21,14,18,2,32,18,36
260390,1,1,0,0,0,0,0,0,0,0,0,0
260390,2,1,0,0,0,0,0,0,0,0,0,12
260391,1,1,0,0,0,0,0,0,0,0,0,0
260391,2,1,0,0,0,0,0,0,0,0,0,0
260391,3,1,0,0,0,0,0,0,0,0,0,0
260391,4,1,0,0,0,0,0,0,0,0,0,0
260391,5,1,27,0,0,0,0,0,0,0,0,0
260391,6,1,0,0,0,0,0,0,0,0,0,35
260392,1,1,11,11,11,11,11,11,11,11,11,11
260393,1,1,23,23,23,23,23,23,23,23,23,23
260394,0,1,0,0,0,0,0,0,0,0,0,0
260394,1,1,0,0,0,11,0,0,0,0,0,0
260395,1,1,0,0,0,0,0,0,0,0,0,0
260396,1,1,0,0,0,0,0,0,0,0,0,0
260396,2,1,0,0,0,0,0,0,0,0,0,0
260397,1,1,0,0,0,0,0,0,0,0,0,0
260397,2,1,0,0,0,0,0,0,0,0,0,0
260398,1,1,28,19,11,18,14,12,19,12,19,15
260398,2,1,0,0,0,0,0,0,0,0,0,0
260400,1,1,0,23,0,0,0,0,0,0,0,0
260401,1,1,0,0,0,0,0,0,0,0,0,0
260401,2,1,0,16,0,0,0,0,0,0,0,0
260402,1,1,0,0,0,0,19,23,0,0,0,0
260403,1,1,0,0,0,0,0,0,0,0,0,0
260403,2,1,0,0,0,0,0,6,0,0,0,0
260403,3,1,0,0,0,0,0,0,0,0,0,0
260404,1,1,0,0,0,0,0,0,0,0,0,0
260404,2,1,0,0,0,0,0,0,0,0,0,0
260405,1,1,0,0,14,0,0,0,0,0,0,0
260406,1,1,28,9,6,14,12,10,16,32,23,5
260407,1,1,0,0,0,0,0,0,0,10,0,18
260408,0,1,0,0,0,0,0,0,0,0,0,0
260408,1,1,0,0,0,0,0,0,0,0,0,0
260409,1,1,0,0,0,0,0,0,0,0,0,0
260409,2,1,0,0,0,0,0,0,0,0,0,0
260409,3,1,0,0,0,0,0,0,0,0,0,0
260410,1,1,0,0,0,11,0,0,0,0,0,0
260411,1,1,15,15,15,15,15,15,15,15,15,15
260411,2,1,0,0,0,0,0,0,0,0,0,0
260412,0,1,40,0,0,0,19,0,0,0,0,0
260412,1,1,12,12,12,12,12,12,12,12,12,12
260413,1,1,0,0,0,0,0,0,0,0,0,0
260414,1,1,0,0,0,0,0,0,0,0,0,0
260415,1,1,0,0,0,0,0,0,0,0,0,0
260415,2,1,0,0,0,0,0,0,0,0,0,0
260416,1,1,8,8,8,8,8,8,8,8,8,8
260416,2,1,0,0,0,0,0,0,0,5,0,0
260417,1,1,0,0,0,0,0,0,0,0,25,0
260418,1,1,0,21,0,0,0,0,0,0,0,0
260419,0,1,0,14,0,0,0,0,0,0,0,0
260419,0,2,0,0,0,0,24,0,0,0,0,0
260419,1,1,0,0,0,0,0,0,0,0,0,0
260420,1,1,12,0,14,13,0,0,0,0,21,28
260421,1,1,0,17,31,0,0,16,0,0,0,0
260422,1,1,25,29,21,10,20,9,19,12,12,14
260422,2,1,8,20,17,27,9,30,22,7,8,11