ST_CASE,VEH_NO,PER_NO,P1,P2,P3,P4,P5,P6,P7,P8,P9,P10
260711,2,1,0,0,0,0,0,0,0,0,0,0
260712,1,1,0,0,0,0,0,0,0,0,0,0
260712,2,1,0,0,0,0,0,0,0,0,0,0
260713,1,1,0,0,0,0,0,0,0,0,0,0
260713,2,1,0,0,0,0,0,0,0,0,0,0
260714,1,1,0,0,9,0,0,0,0,0,0,0
260715,1,1,0,0,0,0,0,0,0,0,0,0
260715,2,1,0,0,0,0,0,0,0,0,0,0
260716,1,1,0,0,0,0,0,0,0,0,0,0
260716,2,1,0,0,0,0,0,0,0,0,0,0
260717,0,1,0,0,0,0,0,0,0,0,0,0
260717,1,1,7,7,7,7,7,7,7,7,7,7
260718,1,1,0,0,0,0,0,0,0,0,0,0
260719,1,1,0,0,0,0,0,0,0,0,0,0
260720,1,1,0,0,0,0,0,0,15,0,0,0
260720,2,1,0,0,0,0,0,0,0,0,0,0
260721,1,1,11,11,11,11,11,11,11,11,11,11
260721,2,1,15,0,0,0,0,0,0,0,17,0
260721,3,1,0,0,0,0,0,0,0,0,0,0
260721,4,1,0,0,0,0,0,0,0,0,0,0
260722,1,1,0,0,0,0,0,0,0,0,0,0
260722,2,1,0,0,0,0,0,0,0,0,0,0
260723,1,1,22,22,22,22,22,22,22,22,22,22
260724,1,1,26,26,26,26,26,26,26,26,26,26
260725,1,1,14,14,14,14,14,14,14,14,14,14
260726,1,1,0,0,0,0,0,0,0,0,0,0
260726,2,1,0,0,0,0,0,0,0,0,0,0
260727,1,1,24,0,0,0,0,0,0,0,0,0
260727,2,1,0,0,0,0,0,0,0,0,0,0
260728,1,1,0,0,0,19,0,0,0,0,0,0
260728,2,1,0,0,0,0,0,0,0,0,0,0
260729,0,1,0,0,8,11,0,0,25,12,0,0
260729,1,1,0,0,0,0,0,0,0,0,0,0
260730,1,1,18,18,18,18,18,18,18,18,18,18
260731,0,1,0,0,0,0,0,0,0,0,0,0
260731,1,1,0,0,0,0,0,0,0,0,0,0
260732,1,1,22,0,0,0,0,9,0,0,12,0
260732,2,1,0,0,0,0,0,0,0,0,0,0
260733,1,1,17,17,20,28,17,22,29,32,20,11
260733,2,1,0,0,0,0,0,0,0,0,0,0
260734,1,1,0,0,0,0,0,0,0,0,0,0
260735,0,1,20,20,20,20,20,20,20,20,20,20
260735,0,2,31,3,19,21,20,8,22,0,0,19
260735,1,1,0,0,0,0,0,0,0,0,0,0
260736,1,1,0,0,0,0,0,0,0,0,0,0
260736,2,1,0,0,0,0,0,0,0,0,0,0
260737,1,1,0,0,0,0,0,0,0,0,0,0
260737,2,1,0,0,0,0,0,0,0,0,0,0
260738,1,1,0,0,0,0,0,0,7,0,0,0
260739,1,1,0,0,0,0,0,0,0,0,0,0
260739,2,1,0,0,0,0,0,0,0,0,0,0
260740,1,1,0,0,0,18,0,0,0,16,0,0
260740,2,1,0,0,0,0,0,0,0,0,0,0
260741,1,1,32,32,32,32,32,32,32,32,32,32
260742,0,1,27,27,27,27,27,27,27,27,27,27
260742,1,1,0,0,0,0,0,0,0,0,0,0
260743,1,1,0,0,0,0,0,0,0,0,0,8
260743,2,1,0,0,0,0,0,6,0,0,0,0
260744,0,1,0,0,0,0,0,0,0,0,0,25
260744,1,1,0,0,0,0,0,0,0,0,0,0
260745,1,1,0,0,0,0,0,0,0,0,0,0
260745,2,1,0,0,0,0,0,0,0,0,0,0
260746,1,1,17,17,17,17,17,17,17,17,17,17
260746,2,1,0,0,0,0,0,0,0,0,0,0
260747,1,1,0,0,0,0,0,18,19,0,0,0
260748,0,1,0,0,0,0,0,0,0,0,0,0
260748,1,1,0,0,0,0,0,0,0,0,0,0
260749,1,1,0,0,0,0,24,0,0,0,0,0
260749,2,1,0,0,0,0,0,0,0,0,0,2
260750,0,1,11,14,17,12,20,24,47,3,30,37
260750,2,1,15,15,15,15,15,15,15,15,15,15
260751,1,1,0,0,0,0,0,0,0,9,0,9
260751,2,1,0,0,0,0,0,0,0,0,0,0
260752,1,1,0,0,0,0,0,33,0,0,0,0
260752,2,1,0,0,0,0,0,0,0,0,0,0
260753,1,1,17,17,17,17,17,17,17,17,17,17
260753,2,1,0,0,0,0,0,0,0,0,0,0
260754,1,1,10,0,4,13,0,9,14,32,0,3
260754,2,1,0,0,16,14,0,13,0,34,22,0
260755,1,1,0,0,0,0,0,0,0,0,0,0
260755,2,1,0,0,0,0,0,0,0,0,0,0
260756,1,1,0,0,0,0,0,0,0,0,0,0
260757,1,1,0,0,0,0,0,0,0,0,0,0
260757,2,1,0,0,0,0,0,0,0,0,0,0
260757,3,1,0,0,0,0,0,0,0,0,0,0
260757,4,1,0,0,0,0,0,0,11,0,0,0
260758,0,1,0,0,0,0,0,0,0,0,0,45
260758,1,1,0,0,0,0,0,0,0,0,0,0
260759,0,1,0,0,0,0,0,0,0,0,0,0
260759,1,1,0,0,0,0,0,0,0,0,0,0
260760,1,1,31,25,12,12,46,27,14,25,18,21
260761,0,1,0,0,0,0,0,0,0,0,0,0
260761,1,1,0,0,0,0,0,0,0,0,0,0
260762,1,1,24,8,24,18,24,25,11,13,3,13
260763,1,1,19,19,19,19,19,19,19,19,19,19
260764,0,1,0,0,0,0,0,0,0,0,0,0
260764,1,1,0,0,0,0,0,0,0,0,0,0
260765,0,1,25,25,25,25,25,25,25,25,25,25
260765,1,1,0,0,0,0,0,0,0,0,0,0
260766,1,1,0,0,0,0,0,0,0,0,0,16
260767,1,1,0,0,0,0,0,0,0,0,0,0
260768,0,1,0,0,26,0,0,5,0,0,0,0
260768,1,1,0,14,0,5,16,13,0,0,18,0
260769,1,1,0,0,0,0,0,0,0,0,0,0
260769,2,1,0,0,0,0,0,0,0,0,0,0
260769,3,1,0,0,0,0,0,0,0,0,0,0
260769,4,1,0,0,0,0,0,0,0,0,0,0
260769,5,1,0,0,0,0,0,0,0,0,0,0
260770,0,1,0,30,0,0,0,0,0,0,0,0
260770,1,1,0,0,0,7,9,0,0,0,0,0
260771,1,1,0,0,0,0,0,0,0,0,0,0
260771,2,1,0,0,0,0,0,0,0,0,0,0
260771,3,1,0,0,0,0,0,0,0,0,0,0
260772,1,1,20,20,20,20,20,20,20,20,20,20
260773,1,1,11,0,0,0,17,43,0,8,0,0
260773,2,1,5,7,17,5,4,14,28,29,7,17
260774,0,1,0,0,0,0,0,0,0,0,0,0
260774,1,1,12,12,12,12,12,12,12,12,12,12
260775,1,1,17,17,17,17,17,17,17,17,17,17
260775,2,1,0,0,0,0,0,0,0,0,0,0
260776,0,1,35,31,12,33,33,29,20,26,45,13
260776,1,1,0,0,0,0,0,0,0,0,0,0
260777,1,1,11,14,9,16,17,23,5,19,9,0
260778,1,1,0,0,0,0,0,0,0,0,0,0
260778,2,1,0,0,0,0,0,0,0,0,0,0
260778,3,1,0,0,0,0,0,0,0,0,0,0
260779,0,1,0,0,0,0,0,0,0,27,0,16
260779,0,2,0,0,0,0,0,0,0,0,0,0
260779,1,1,12,12,12,12,12,12,12,12,12,12
260780,1,1,0,0,0,0,0,0,0,0,0,0
260781,1,1,0,0,0,0,0,0,0,0,0,0
260782,1,1,0,0,0,0,0,0,0,0,0,0
260783,1,1,0,0,0,0,0,0,0,0,0,0
260784,1,1,0,29,0,0,0,0,0,0,0,0
260784,2,1,0,0,0,0,0,47,0,0,0,0
260785,1,1,18,18,18,18,18,18,18,18,18,18
260785,2,1,0,0,14,0,31,0,14,19,0,12
260786,1,1,0,0,0,0,12,0,0,0,0,0
260786,2,1,0,4,10,0,13,38,0,0,0,0
260786,3,1,0,4,18,0,13,0,0,0,0,0
260787,0,1,0,0,0,0,0,0,0,0,0,0
260787,1,1,9,9,9,9,9,9,9,9,9,9
260788,1,1,0,0,0,0,0,0,0,0,0,0
260788,2,1,0,0,0,0,0,0,0,0,0,0
260789,1,1,4,7,0,18,18,20,0,13,13,9
260790,1,1,0,0,0,0,0,0,0,0,0,0
260790,2,1,0,13,0,4,0,16,24,0,13,0
260791,1,1,18,18,18,18,18,18,18,18,18,18
260792,0,1,0,0,0,0,0,0,0,0,0,0
260792,0,2,0,0,0,0,0,0,0,0,0,0
260792,1,1,0,0,0,0,0,0,0,0,0,0
260793,1,1,0,0,0,0,0,0,0,0,0,0
260794,1,1,17,17,17,17,17,17,17,17,17,17
260795,0,1,0,17,0,0,0,0,0,0,0,0
260795,1,1,0,0,0,0,0,0,0,15,0,0
260796,0,1,0,0,0,0,0,0,0,0,0,0
260796,1,1,0,0,0,0,0,0,0,0,0,0
260797,0,1,0,0,0,0,0,0,0,0,0,0
260797,1,1,0,0,0,0,0,0,0,0,0,0
260798,1,1,0,0,0,0,0,0,0,0,0,0
260798,2,1,0,0,0,0,0,0,0,0,0,0
260798,3,1,0,0,0,0,0,0,0,0,0,0
260798,4,1,0,0,0,0,0,0,0,0,0,0
260799,0,1,0,0,0,0,0,0,0,0,0,0
260799,1,1,0,0,0,0,0,0,0,0,0,0
260800,1,1,0,0,0,0,0,0,0,0,0,0
260801,1,1,4,4,4,4,4,4,4,4,4,4
260802,1,1,19,19,19,19,19,19,19,19,19,19
260802,2,1,0,0,0,0,0,0,0,0,0,0
260803,1,1,0,0,0,0,0,0,0,0,0,0
260803,2,1,0,0,0,0,0,0,0,0,0,0
260804,1,1,0,0,0,0,0,0,0,0,0,0
260804,2,1,0,0,0,0,0,0,0,0,0,0
260805,1,1,0,0,0,0,0,0,0,0,0,0
260806,1,1,0,0,0,0,0,0,0,0,0,0
260807,1,1,16,16,16,16,16,16,16,16,16,16
260808,1,1,0,0,0,0,0,0,0,0,0,0
260809,1,1,0,0,0,0,0,0,0,0,0,0
260809,2,1,0,0,0,0,0,0,0,0,0,0
260809,3,1,0,0,0,0,0,0,0,0,0,0
260810,1,1,0,0,0,0,0,0,0,0,0,0
260810,2,1,0,0,0,0,0,0,15,0,0,0
260811,0,1,0,0,0,0,0,0,0,0,0,0
260811,1,1,0,0,15,0,0,0,0,0,13,0
260812,1,1,0,0,0,0,0,0,0,0,0,0
260812,2,1,0,0,0,0,0,0,0,0,0,0
260813,0,1,0,0,0,0,0,0,0,0,0,0
260813,1,1,0,0,0,0,0,0,0,0,0,0
260814,1,1,21,21,21,21,21,21,21,21,21,21
260814,2,1,0,17,0,0,17,0,0,0,0,0
260815,1,1,12,12,12,12,12,12,12,12,12,12
260816,1,1,0,0,0,0,20,19,0,0,0,19
260817,0,1,0,0,0,0,0,0,0,0,0,0
260817,1,1,0,0,0,0,0,0,0,0,0,0
260818,1,1,13,13,13,13,13,13,13,13,13,13
260819,1,1,4,4,4,4,4,4,4,4,4,4
260819,2,1,0,0,0,0,0,0,28,0,0,18
260820,1,1,0,0,0,0,0,0,0,0,0,0
260820,2,1,0,0,0,0,0,0,0,0,0,0
260821,0,1,0,0,0,0,0,0,0,0,0,0
260821,1,1,0,0,0,0,0,0,0,0,0,0
260822,1,1,0,0,0,0,0,0,0,0,0,0
260822,2,1,3,3,3,3,3,3,3,3,3,3
260823,1,1,0,0,0,0,0,0,0,0,0,0
260823,2,1,0,0,0,0,0,0,0,0,0,0
260824,1,1,20,20,20,20,20,20,20,20,20,20
260824,2,1,0,0,0,0,0,0,0,0,0,0
260825,1,1,0,0,0,0,0,0,0,0,0,0
260826,1,1,26,26,26,26,26,26,26,26,26,26
260827,1,1,0,0,0,0,0,0,0,0,0,0
260828,1,1,1,1,1,1,1,1,1,1,1,1
260829,0,1,6,0,0,39,0,0,0,0,0,0
260829,1,1,0,0,0,0,0,0,0,0,0,0
260830,1,1,0,0,0,0,0,0,0,0,0,0
260830,2,1,0,0,0,0,0,0,0,0,0,0
260831,1,1,0,0,0,0,0,0,0,0,0,0
260832,1,1,0,0,0,0,0,0,0,0,0,0
260833,0,1,0,0,0,0,0,0,0,0,0,0
260833,1,1,0,0,0,0,0,0,0,0,0,0
260834,1,1,14,14,14,14,14,14,14,14,14,14
260834,2,1,0,0,0,0,0,0,0,0,12,0
260835,1,1,0,0,0,0,0,0,0,0,0,0
260835,2,1,0,0,0,0,36,0,0,0,0,0
260836,1,1,0,0,0,0,0,0,0,0,0,0
260836,2,1,0,0,0,0,0,0,0,0,0,0
260837,1,1,6,6,6,6,6,6,6,6,6,6
260837,2,1,0,0,0,0,0,0,0,0,0,0
260838,1,1,19,19,19,19,19,19,19,19,19,19
260839,0,1,0,0,0,0,0,0,0,0,0,0
260839,1,1,0,0,0,0,0,0,0,0,0,0
260840,1,1,1,1,1,1,1,1,1,1,1,1
260841,1,1,0,0,0,0,0,17,0,0,0,0
260842,0,1,45,0,0,17,29,19,9,10,22,0
260842,1,1,0,0,0,0,0,0,0,0,0,0
260843,1,1,14,11,8,13,13,16,11,4,16,16
260844,0,1,22,22,22,22,22,22,22,22,22,22
260844,1,1,0,0,0,0,0,0,0,0,0,0
260845,1,1,0,0,0,0,0,0,0,0,0,0
260846,1,1,0,0,0,0,0,0,20,0,0,0
260846,2,1,0,0,0,0,0,0,0,0,0,0
260847,1,1,0,0,0,0,0,0,0,0,0,0
260847,2,1,0,0,0,0,0,0,0,0,0,0
260848,1,1,0,16,0,0,12,0,0,0,0,0
260848,2,1,18,0,0,0,0,0,0,0,8,0
260849,1,1,23,23,23,23,23,23,23,23,23,23
260851,1,1,0,0,0,0,0,0,0,0,0,0
260851,2,1,0,0,0,0,0,0,0,0,0,0
260852,1,1,20,20,20,20,20,20,20,20,20,20
260852,2,1,0,0,0,0,0,0,0,0,0,0
260853,1,1,17,17,17,17,17,17,17,17,17,17
260854,1,1,14,14,14,14,14,14,14,14,14,14
260855,1,1,0,0,0,0,16,0,0,0,0,0
260856,0,1,0,0,0,0,0,0,0,0,0,10
260856,1,1,11,12,19,4,24,7,21,27,0,0
260857,1,1,16,16,16,16,16,16,16,16,16,16
260857,2,1,0,0,0,0,0,0,0,0,0,0
260858,1,1,0,0,0,0,0,0,0,0,7,0
260858,2,1,0,21,5,0,6,14,0,18,9,4
260859,1,1,0,0,0,27,15,0,0,17,0,0
260860,0,1,0,0,0,0,0,0,0,0,0,0
260860,1,1,5,5,5,5,5,5,5,5,5,5
260861,1,1,0,0,0,0,0,0,0,0,0,0
260862,0,1,0,0,0,0,0,0,0,0,0,0
260862,1,1,0,0,0,0,0,0,0,0,0,0
260863,0,1,9,0,0,16,0,0,22,36,0,0
260863,1,1,0,0,0,0,0,0,0,0,0,0
260864,1,1,0,0,0,0,0,0,0,0,0,0
260865,0,1,0,0,24,0,0,0,20,0,0,0
260865,0,2,0,0,0,0,0,0,0,0,28,0
260865,0,3,0,0,11,0,0,0,0,0,0,0
260865,1,1,0,0,0,0,0,0,0,0,0,0
260866,1,1,25,0,0,0,0,0,0,0,0,0
260866,2,1,0,0,27,0,0,0,0,0,0,0
260867,0,1,32,21,13,18,11,26,14,13,25,21
260867,1,1,0,0,0,0,0,0,0,0,0,0
260868,1,1,0,0,0,0,0,0,0,0,0,0
260868,2,1,0,0,0,0,0,0,0,0,0,0
260869,0,1,0,0,0,0,0,0,0,0,0,0
260869,1,1,0,0,0,0,0,0,0,0,0,0
260870,1,1,8,0,0,0,8,0,0,2,0,18
260871,0,1,0,0,0,0,0,0,0,0,0,0
260871,1,1,29,0,0,0,0,0,0,0,0,0
260872,1,1,0,0,0,0,0,0,0,0,0,0
260872,2,1,0,0,0,0,0,0,0,0,0,0
260872,3,1,0,0,0,0,0,0,0,0,0,0
260872,4,1,0,0,0,0,0,0,0,0,0,0
260872,5,1,5,0,8,0,0,0,9,0,0,0
260873,1,1,0,0,0,0,0,0,0,0,0,0
260873,2,1,0,0,0,12,18,0,0,0,0,0
260874,0,1,0,0,0,0,0,0,39,0,0,0
260874,1,1,0,0,0,0,0,0,0,31,0,0
260875,0,1,0,0,0,0,0,0,0,0,0,0
260875,1,1,0,0,0,0,0,0,0,0,0,0
260876,1,1,23,23,23,23,23,23,23,23,23,23
260877,1,1,0,0,0,0,0,0,0,0,0,0
260877,2,1,0,0,0,0,0,0,0,0,0,0
260878,1,1,0,0,0,0,0,0,0,0,0,0
260878,2,1,0,0,0,0,0,0,0,0,0,0
260879,1,1,0,0,0,0,0,0,0,0,0,0
260879,2,1,0,0,0,0,0,0,0,0,0,0
260880,0,1,13,12,27,17,52,9,4,16,28,15
260880,1,1,0,0,0,0,0,0,0,0,0,0
260881,1,1,0,0,0,0,0,0,0,0,0,0
260882,1,1,25,12,12,17,30,3,7,12,32,22
260882,2,1,0,0,0,0,0,9,17,0,0,0
260883,1,1,0,0,0,0,0,0,0,24,0,0
260883,2,1,0,0,0,0,0,0,0,0,0,0
260884,1,1,0,0,0,0,0,0,0,0,20,0
260885,1,1,0,0,0,0,0,0,0,0,0,0
260885,2,1,0,0,0,0,0,0,0,0,0,0
260886,1,1,16,16,16,16,16,16,16,16,16,16
260886,2,1,0,0,14,0,0,0,0,0,0,0
260887,1,1,0,0,0,20,21,10,0,16,0,0
260887,2,1,0,0,0,0,0,0,0,0,0,0
260887,3,1,0,0,0,0,0,0,0,0,0,0
260888,1,1,22,0,0,0,0,0,0,0,0,0
260889,1,1,0,0,0,19,0,0,0,21,0,0
260889,2,1,0,0,0,0,0,0,0,0,0,0
260890,1,1,0,10,0,0,26,0,0,0,19,0
260891,1,1,0,0,0,0,12,0,0,0,0,11
260892,1,1,0,0,0,0,0,0,0,0,0,0
260892,2,1,0,0,20,0,0,0,0,38,0,0
260893,0,1,0,0,0,0,0,0,0,0,0,0
260893,1,1,0,0,0,0,0,0,0,0,0,0
260894,1,1,0,0,0,0,0,0,0,0,0,0
260895,0,1,0,0,0,0,0,36,0,0,0,0
260895,1,1,0,0,0,0,0,0,0,0,0,0
260896,0,1,25,0,0,33,21,30,27,0,27,30
260896,1,1,0,0,0,0,0,0,0,0,0,0
260897,1,1,0,0,0,0,0,0,7,0,0,0
260898,1,1,0,0,0,0,13,0,0,0,0,0
260898,2,1,0,0,0,0,0,19,0,0,0,0
260899,1,1,0,0,0,0,0,0,0,0,0,0
260900,1,1,0,0,0,0,0,0,0,0,0,0
260900,2,1,0,0,0,0,13,0,0,0,0,15
260901,0,1,0,0,0,0,0,0,0,0,0,0
260901,1,1,0,0,0,2,0,0,0,0,0,0
260902,1,1,0,0,0,0,0,0,0,0,0,0
260902,2,1,0,0,0,0,0,0,0,0,0,0
260903,1,1,0,0,16,4,3,14,0,0,0,0
260904,0,1,0,0,0,0,0,0,0,0,0,0
260904,1,1,0,0,0,0,0,0,0,0,0,0
260905,1,1,19,0,0,0,0,0,0,23,0,0
260905,2,1,0,0,0,0,0,0,0,0,0,0
260906,1,1,0,0,0,0,0,0,0,0,0,0
260906,2,1,0,0,0,0,0,0,0,0,0,0
260907,1,1,0,0,0,0,0,0,0,0,0,0
260908,1,1,3,3,3,3,3,3,3,3,3,3
260909,1,1,0,0,0,0,0,0,0,0,0,0
260910,1,1,0,0,0,0,0,0,0,0,0,0
260910,2,1,0,0,0,0,0,0,0,0,0,0
260911,1,1,0,0,0,0,0,0,0,0,0,0
260912,1,1,9,6,21,16,8,15,20,16,6,16
260913,1,1,0,27,22,0,0,0,0,0,0,0
260913,2,1,11,0,0,0,12,0,0,0,0,0
260914,1,1,24,24,24,24,24,24,24,24,24,24
260914,2,1,0,0,0,0,0,0,0,0,0,14
260915,1,1,0,0,0,0,0,0,0,0,0,0
260915,2,1,0,0,0,19,0,0,0,0,0,0
260916,1,1,0,0,0,0,0,0,0,0,0,0
260916,2,1,0,0,0,0,0,0,0,0,0,0
260917,0,1,32,20,16,9,4,13,4,21,9,21
260917,0,2,0,0,0,0,0,0,0,14,0,0
260917,1,1,19,19,19,19,19,19,19,19,19,19
260918,0,1,0,20,20,0,0,0,0,0,0,0
260918,1,1,0,0,0,0,0,0,0,0,0,0
260919,1,1,0,0,0,0,0,0,0,0,0,0
260920,1,1,34,34,34,34,34,34,34,34,34,34
260920,2,1,0,0,0,0,0,0,0,0,0,0
260920,3,1,0,0,0,0,0,0,0,0,0,0
260920,4,1,0,0,0,0,0,0,0,0,0,0
260921,1,1,0,0,0,0,17,0,0,0,0,0
260922,1,1,11,5,0,0,0,5,18,9,0,14
260923,0,1,0,0,8,0,10,0,0,0,0,0
260923,1,1,0,0,0,0,0,0,0,0,0,0
260924,1,1,0,0,0,0,0,0,0,0,0,0
260925,1,1,15,0,0,0,0,0,0,0,0,0
260925,2,1,0,0,0,0,0,0,0,0,0,0
260926,1,1,0,0,0,0,0,0,0,0,0,0
260926,2,1,0,0,0,0,0,13,0,0,0,0
260927,0,1,5,11,8,11,24,18,23,43,18,33
260927,1,1,0,0,0,0,18,0,0,0,0,0
260928,1,1,0,0,0,0,0,0,0,0,0,0
260929,1,1,0,0,0,14,0,13,0,0,0,10
260930,1,1,0,0,0,0,0,0,20,19,0,5
260931,0,1,0,0,0,0,0,0,0,23,0,0
260931,1,1,0,0,0,0,0,0,0,0,21,0
260932,1,1,11,11,11,11,11,11,11,11,11,11
260933,1,1,0,29,0,0,0,0,0,0,0,0
260934,1,1,0,0,0,0,0,0,0,0,0,0
260934,2,1,9,9,9,9,9,9,9,9,9,9
260935,1,1,0,0,0,0,0,0,0,0,23,16
260936,1,1,0,0,0,0,0,0,0,0,10,0
260937,1,1,0,0,0,0,0,0,0,0,0,0
260937,2,1,0,0,0,0,0,0,4,0,0,0
260938,1,1,0,0,0,0,0,0,0,21,0,0
260939,1,1,0,0,0,0,0,0,0,0,0,14
260939,2,1,0,0,0,0,0,0,0,0,0,0
260940,0,1,0,0,0,23,0,0,0,0,0,0
260940,1,1,0,0,0,16,0,0,0,0,0,0
260941,1,1,23,23,23,23,23,23,23,23,23,23
260942,1,1,22,22,22,22,22,22,22,22,22,22
260942,2,1,0,0,27,0,0,15,0,0,0,0
260942,3,1,0,0,3,0,0,0,33,0,14,0
260943,1,1,19,0,0,0,0,0,0,0,0,0
260943,2,1,26,0,0,0,0,22,0,0,0,0
260944,1,1,0,0,0,0,0,0,0,0,0,0
260945,1,1,0,0,0,0,0,0,0,0,0,0
260945,2,1,0,0,0,0,0,0,0,0,0,0
260946,1,1,0,0,0,0,0,0,0,0,0,0
260946,2,1,0,0,0,0,0,0,0,0,0,0
260947,1,1,0,0,0,0,0,0,0,0,0,0
260948,0,1,16,16,16,16,16,16,16,16,16,16
260948,1,1,17,0,3,19,0,0,17,0,26,0
260949,1,1,0,0,0,20,0,0,0,0,0,0
260949,2,1,0,0,0,0,0,0,0,0,0,0
260950,0,1,0,0,0,0,0,0,0,0,0,0
260950,1,1,21,24,0,0,8,27,0,21,9,23
260951,1,1,0,0,0,0,0,0,0,0,0,0
260951,2,1,0,0,0,0,0,0,0,0,0,0
260951,3,1,0,0,0,0,0,0,0,0,0,0
260952,1,1,0,0,0,0,0,0,0,0,8,0
260953,0,1,17,22,52,16,19,19,46,26,12,22
260953,1,1,0,0,0,0,0,0,0,0,0,0
260954,1,1,0,0,0,0,0,0,0,0,0,0
260954,2,1,0,0,0,0,0,0,0,0,0,0
260955,0,1,0,0,0,0,0,0,0,0,0,0
260955,1,1,0,0,0,0,0,0,0,0,0,0
260956,1,1,0,0,0,0,0,29,0,13,0,0
260957,1,1,0,0,0,0,0,0,0,0,0,0
260957,2,1,0,0,15,0,0,0,0,0,0,0
260958,1,1,29,29,29,29,29,29,29,29,29,29
260958,2,1,23,15,31,0,0,13,0,17,0,0
260958,3,1,0,0,0,0,0,0,0,0,0,0
260959,1,1,17,17,17,17,17,17,17,17,17,17
260960,1,1,0,0,0,0,0,0,0,0,0,0
260960,2,1,0,0,0,0,0,0,0,0,0,0
260960,3,1,0,0,0,0,0,0,0,0,0,0
260960,4,1,1,1,1,1,1,1,1,1,1,1
260961,1,1,0,0,0,0,0,0,0,0,0,0
260961,2,1,0,0,0,0,0,0,0,0,0,12
260962,1,1,0,0,0,0,0,0,0,0,0,0
260962,2,1,0,0,0,0,0,0,14,0,0,14
260963,0,1,12,11,15,21,31,26,10,27,35,31
260963,1,1,0,0,0,0,0,0,0,0,0,0
260964,1,1,4,4,4,4,4,4,4,4,4,4
260965,0,1,0,0,0,0,0,0,0,0,0,0
260965,1,1,0,0,0,0,0,0,0,0,0,0
260966,1,1,0,0,0,0,0,0,0,0,0,0
260967,1,1,0,0,0,0,0,0,0,0,0,0
260967,2,1,0,0,0,0,0,0,0,0,0,0
260968,0,1,0,0,0,17,0,0,0,0,0,0
260968,1,1,0,0,0,0,0,0,0,0,0,0
260969,1,1,0,0,34,0,0,0,0,0,0,0
260970,1,1,0,0,0,0,0,0,0,0,0,0
260971,1,1,0,0,0,0,0,0,14,0,11,0
260972,1,1,0,0,0,0,0,0,0,0,0,0
260973,0,1,0,0,0,14,0,0,0,0,0,0
260973,1,1,0,18,9,5,24,7,10,12,0,0
260973,2,1,0,0,0,0,0,0,0,20,0,0
260974,0,1,0,6,0,42,0,0,0,0,0,0
260974,1,1,0,0,0,0,0,0,0,0,0,0
260975,1,1,0,0,0,0,0,0,0,0,0,0
260975,2,1,0,0,0,0,0,0,0,0,0,0
260975,3,1,0,0,0,0,0,0,0,0,0,0
260976,1,1,0,4,0,0,0,0,0,0,0,0
260976,2,1,0,0,0,0,0,0,0,0,0,0
260977,1,1,0,0,0,0,0,0,0,0,0,0
260978,0,1,0,0,0,0,0,0,9,0,0,0
260978,1,1,0,0,0,0,0,0,0,0,0,0
260979,1,1,0,0,0,0,0,0,3,0,0,0
260980,1,1,24,9,13,0,12,36,39,26,14,27
260981,1,1,0,0,0,0,0,0,0,0,0,0
260981,2,1,0,0,0,0,0,0,0,0,0,0
260982,1,1,0,0,0,0,0,0,0,0,0,0
260983,0,1,0,0,0,0,0,0,0,0,0,11
260983,1,1,0,0,0,0,0,0,0,0,0,0
260984,1,1,9,9,9,9,9,9,9,9,9,9
260985,1,1,0,0,0,0,0,0,0,0,0,0
260985,2,1,0,0,0,0,22,0,0,0,23,0
260986,0,1,28,0,15,23,17,22,21,5,17,21
260986,1,1,0,0,0,0,0,0,0,0,0,35
260987,0,1,0,0,0,0,0,0,0,0,0,20
260987,0,2,21,0,0,24,0,15,46,0,0,0
260987,1,1,11,20,10,19,14,5,5,0,10,7
260988,1,1,21,17,16,12,20,24,26,8,7,12
260989,1,1,29,29,29,29,29,29,29,29,29,29
260990,1,1,15,15,15,15,15,15,15,15,15,15
260991,1,1,0,0,0,0,0,0,0,0,0,0
260991,2,1,0,0,0,0,0,0,0,0,0,0
260992,1,1,0,0,0,0,0,0,0,0,0,0
260993,1,1,0,0,0,8,0,0,0,16,0,0
260994,1,1,23,13,10,10,18,14,35,41,15,20
260995,0,1,0,0,0,0,0,0,0,35,14,0
260995,1,1,82,82,82,82,82,82,82,82,82,82
260996,1,1,0,0,0,0,0,0,0,0,0,0
260996,2,1,0,0,0,0,0,0,0,0,0,0
260997,0,1,11,0,0,0,21,0,0,0,0,0
260997,1,1,0,0,0,18,0,0,5,6,7,0
260998,1,1,0,0,0,0,0,0,0,0,0,0
260998,2,1,0,0,0,0,0,0,0,0,0,0
260999,1,1,0,0,0,0,0,0,0,5,0,6
261000,1,1,74,74,74,74,74,74,74,74,74,74
261002,0,1,0,0,0,0,0,0,0,0,0,0
261002,1,1,0,0,0,0,0,0,0,0,0,0
261003,1,1,11,11,11,11,11,11,11,11,11,11
261003,2,1,7,0,0,0,0,17,0,0,0,0
261004,0,1,18,0,0,0,0,0,0,19,0,0
261004,1,1,11,19,0,0,0,0,0,0,0,0
261005,0,1,0,0,0,0,0,0,0,0,0,0
261005,1,1,0,0,0,0,0,0,0,0,0,9
261005,2,1,0,0,0,0,0,0,0,0,0,0