ST_CASE,VEH_NO,PER_NO,P1,P2,P3,P4,P5,P6,P7,P8,P9,P10
261006,1,1,30,14,11,12,41,28,27,22,13,21
261007,1,1,0,0,0,0,0,0,0,0,0,0
261008,1,1,8,22,21,21,0,10,17,23,34,9
261009,0,1,0,28,0,0,0,0,0,0,0,0
261009,1,1,7,10,0,0,0,16,30,8,18,0
261010,0,1,0,0,0,0,0,0,0,0,0,0
261010,1,1,0,0,17,19,23,0,8,14,0,0
261011,1,1,22,16,20,4,8,5,0,29,11,16
261011,2,1,0,0,0,0,0,0,0,0,0,13
261012,1,1,5,5,5,5,5,5,5,5,5,5
261013,0,1,0,0,0,0,0,0,0,0,0,0
261013,1,1,15,0,0,0,0,0,0,29,0,11
261014,1,1,0,0,0,9,0,0,0,0,9,0
261015,0,1,0,0,24,0,0,0,0,0,8,0
261015,1,1,0,0,0,0,0,0,0,0,0,0
261016,0,1,0,0,0,0,0,0,0,0,0,0
261016,1,1,0,0,0,0,0,18,10,0,0,0
261017,1,1,0,0,0,0,0,0,0,0,0,0
261018,0,1,0,0,0,23,0,0,9,0,0,0
261018,1,1,0,0,0,0,0,0,0,0,0,0
261019,1,1,5,5,5,5,5,5,5,5,5,5
270001,1,1,0,0,0,0,0,0,0,0,0,0
270001,2,1,0,0,0,0,0,0,0,0,0,0
270002,1,1,9,9,6,22,43,9,25,9,10,0
270002,2,1,0,0,0,0,0,0,0,0,16,0
270003,0,1,0,0,24,0,0,23,12,5,18,0
270003,1,1,0,0,0,0,0,0,0,0,0,0
270004,1,1,0,0,10,0,0,0,0,23,18,6
270004,2,1,0,0,0,0,0,0,0,0,0,0
270005,0,1,3,3,3,3,3,3,3,3,3,3
270005,1,1,28,0,0,0,0,0,14,0,0,0
270006,0,1,0,0,0,0,0,0,0,0,0,0
270006,1,1,0,0,0,0,0,0,0,0,0,0
270007,1,1,0,0,0,0,0,0,0,0,0,0
270008,1,1,16,16,16,16,16,16,16,16,16,16
270008,2,1,0,6,0,9,13,0,0,0,27,0
270009,1,1,34,34,34,34,34,34,34,34,34,34
270009,2,1,0,0,0,0,0,0,0,0,0,0
270010,1,1,0,0,0,0,0,0,0,0,0,0
270010,2,1,0,0,0,0,0,0,0,0,0,0
270011,1,1,0,0,0,0,0,0,0,0,0,0
270013,1,1,0,0,0,0,0,0,0,0,0,0
270013,2,1,0,0,0,0,0,0,0,0,0,0
270014,1,1,0,0,0,0,0,0,0,0,11,0
270014,2,1,0,0,0,0,0,0,0,0,0,0
270015,1,1,25,25,25,25,25,25,25,25,25,25
270016,1,1,0,0,0,0,0,0,0,0,0,0
270016,2,1,0,0,0,0,0,0,0,0,0,0
270017,1,1,0,24,0,0,0,0,0,0,0,0
270018,1,1,0,0,0,0,0,0,0,0,0,0
270018,2,1,0,0,0,0,0,0,0,0,0,0
270019,1,1,0,0,0,0,0,6,0,0,0,0
270020,0,1,0,0,0,0,0,0,0,0,0,0
270020,1,1,0,0,0,0,0,0,0,0,0,0
270021,0,1,23,23,23,23,23,23,23,23,23,23
270021,1,1,0,0,0,0,0,0,0,0,0,0
270022,0,1,0,0,0,0,0,0,0,0,0,0
270022,1,1,0,0,0,0,0,0,0,0,0,0
270023,1,1,0,0,0,0,0,0,0,0,0,0
270023,2,1,0,0,0,0,0,0,0,0,0,0
270024,1,1,0,0,0,0,0,0,0,0,0,0
270025,1,1,10,10,10,10,10,10,10,10,10,10
270025,2,1,0,0,0,0,0,0,0,0,0,0
270026,1,1,0,0,0,0,0,0,0,0,0,0
270027,1,1,28,28,28,28,28,28,28,28,28,28
270027,2,1,0,0,0,0,0,0,0,16,0,0
270028,1,1,0,0,0,0,0,0,0,0,0,0
270028,2,1,0,0,6,32,0,8,15,9,17,8
270028,3,1,0,0,0,0,0,0,0,0,0,0
270029,1,1,0,0,0,0,0,0,0,0,0,0
270029,2,1,0,0,0,0,0,0,0,0,0,0
270031,1,1,22,22,22,22,22,22,22,22,22,22
270032,1,1,0,0,0,0,0,0,0,0,0,0
270033,0,1,0,0,0,0,0,0,0,0,0,0
270033,1,1,0,0,0,0,0,0,0,0,0,0
270034,1,1,18,16,0,0,0,0,27,0,0,0
270034,2,1,0,0,0,0,0,0,0,0,0,0
270035,1,1,0,0,0,0,0,0,0,0,0,0
270035,2,1,35,35,35,35,35,35,35,35,35,35
270036,1,1,0,0,0,0,0,0,0,0,0,0
270036,2,1,3,3,3,3,3,3,3,3,3,3
270037,1,1,32,20,0,0,18,0,3,7,0,0
270038,0,1,0,0,0,0,0,0,0,0,0,0
270038,1,1,0,0,0,0,0,0,0,0,35,16
270039,1,1,0,0,0,0,0,0,0,0,0,0
270039,2,1,0,0,0,0,0,0,0,0,0,0
270040,0,1,0,0,0,0,0,0,0,0,0,0
270040,1,1,0,0,0,0,0,0,7,0,0,0
270040,2,1,0,0,0,0,0,0,0,0,0,0
270041,1,1,0,0,0,0,0,0,0,0,0,0
270042,1,1,0,0,0,0,0,0,0,0,0,0
270042,2,1,0,0,0,0,0,0,0,0,0,0
270043,0,1,25,25,25,25,25,25,25,25,25,25
270043,1,1,0,0,9,0,0,0,0,0,0,0
270044,1,1,0,0,0,0,0,0,0,0,0,0
270044,2,1,33,17,0,0,0,0,0,0,0,0
270045,1,1,1,1,1,1,1,1,1,1,1,1
270045,2,1,0,0,0,0,0,0,18,0,0,0
270046,1,1,0,0,0,0,0,0,0,0,0,0
270046,2,1,10,10,10,10,10,10,10,10,10,10
270046,3,1,0,0,0,0,0,0,0,0,0,0
270047,1,1,0,0,0,0,0,0,0,0,0,0
270048,1,1,0,0,0,0,0,0,0,0,0,0
270048,2,1,0,0,0,0,0,0,3,0,0,0
270049,0,1,0,0,0,0,0,0,0,0,0,0
270049,1,1,1,1,1,1,1,1,1,1,1,1
270050,1,1,27,27,27,27,27,27,27,27,27,27
270051,0,1,0,0,0,0,0,0,0,0,0,0
270051,1,1,0,0,0,0,0,0,0,0,0,0
270052,1,1,0,0,0,0,0,0,0,0,0,0
270052,2,1,0,0,0,0,0,0,0,0,0,0
270053,1,1,20,20,20,20,20,20,20,20,20,20
270054,1,1,9,9,9,9,9,9,9,9,9,9
270055,1,1,34,34,34,34,34,34,34,34,34,34
270057,1,1,4,4,4,4,4,4,4,4,4,4
270059,1,1,0,0,0,0,0,0,0,0,0,0
270059,2,1,0,0,24,0,0,0,0,0,0,0
270060,1,1,0,0,0,0,0,0,0,0,0,0
270060,2,1,0,0,0,0,0,0,0,0,0,0
270061,1,1,0,0,0,0,0,0,0,0,0,0
270061,2,1,0,0,0,0,0,0,0,0,0,0
270062,0,1,12,12,12,12,12,12,12,12,12,12
270062,1,1,0,0,0,0,0,0,0,0,0,0
270063,1,1,0,0,0,0,0,0,0,0,4,0
270064,1,1,0,0,0,0,0,0,0,0,0,0
270065,1,1,14,14,14,14,14,14,14,14,14,14
270066,1,1,27,27,27,27,27,27,27,27,27,27
270066,2,1,0,0,0,0,0,0,0,0,0,0
270067,1,1,0,0,0,0,0,0,0,0,0,0
270068,1,1,26,26,26,26,26,26,26,26,26,26
270069,1,1,0,0,0,0,0,0,0,0,0,0
270070,1,1,0,0,0,0,0,0,0,0,0,0
270071,1,1,0,0,0,0,0,0,0,0,0,0
270072,1,1,0,0,0,0,0,0,0,0,0,0
270073,1,1,0,0,0,0,0,0,0,0,0,0
270073,2,1,0,0,0,0,0,0,0,0,0,0
270074,1,1,4,4,4,4,4,4,4,4,4,4
270075,1,1,0,0,0,0,0,0,0,0,0,0
270075,2,1,0,0,0,0,0,0,0,0,0,0
270076,1,1,0,0,0,8,0,0,0,0,0,0
270076,2,1,0,0,0,0,0,0,0,0,0,0
270077,1,1,14,14,14,14,14,14,14,14,14,14
270078,1,1,0,0,0,0,0,0,0,0,0,0
270078,2,1,0,0,0,0,0,0,0,0,0,0
270079,1,1,40,40,40,40,40,40,40,40,40,40
270080,0,1,0,0,0,0,0,0,0,0,0,0
270080,1,1,27,27,27,27,27,27,27,27,27,27
270081,0,1,0,0,0,0,0,0,0,0,0,0
270081,1,1,0,0,0,0,0,0,0,0,0,0
270082,1,1,0,0,0,0,0,0,0,0,0,0
270082,2,1,0,0,0,0,0,0,0,0,0,0
270083,1,1,0,0,0,0,0,0,0,0,0,0
270083,2,1,12,0,0,0,0,0,0,0,0,0
270084,1,1,10,10,10,10,10,10,10,10,10,10
270085,1,1,17,17,17,17,17,17,17,17,17,17
270086,1,1,6,6,6,6,6,6,6,6,6,6
270087,1,1,0,0,0,0,0,0,0,0,0,0
270087,2,1,10,10,10,10,10,10,10,10,10,10
270088,1,1,20,16,13,6,22,27,17,10,12,19
270089,1,1,0,0,0,0,0,0,0,0,0,0
270090,1,1,18,18,18,18,18,18,18,18,18,18
270090,2,1,0,0,0,0,0,0,0,0,0,0
270091,0,1,28,28,28,28,28,28,28,28,28,28
270091,1,1,0,0,0,0,0,0,0,0,0,0
270092,1,1,20,20,20,20,20,20,20,20,20,20
270093,1,1,0,0,0,0,0,0,0,0,0,0
270094,1,1,0,0,0,0,0,0,0,0,0,0
270095,1,1,9,9,9,9,9,9,9,9,9,9
270096,1,1,0,0,0,0,0,0,0,0,0,0
270096,2,1,0,0,0,0,0,0,0,0,0,0
270097,1,1,0,0,0,0,0,0,0,0,0,0
270098,1,1,0,0,0,0,0,0,0,0,0,0
270099,1,1,0,0,12,0,0,0,0,0,0,0
270099,2,1,0,0,0,0,0,0,0,0,0,4
270100,1,1,0,0,0,0,0,0,0,0,0,0
270101,1,1,4,4,4,4,4,4,4,4,4,4
270102,1,1,0,0,0,0,0,0,0,0,0,0
270103,1,1,19,19,19,19,19,19,19,19,19,19
270104,1,1,11,21,0,26,27,34,11,10,13,16
270104,2,1,0,0,0,0,0,0,0,0,0,0
270105,1,1,20,20,20,20,20,20,20,20,20,20
270106,0,1,0,0,0,0,0,0,0,0,0,0
270106,1,1,0,0,0,0,0,0,0,0,0,0
270107,1,1,0,0,0,0,0,0,0,0,0,0
270108,1,1,0,0,0,0,0,0,0,0,0,0
270108,2,1,0,0,0,0,0,0,0,0,0,0
270109,1,1,0,0,0,0,0,0,0,0,0,0
270109,2,1,0,0,0,0,0,0,0,0,0,0
270110,1,1,19,19,19,19,19,19,19,19,19,19
270111,0,1,0,0,0,0,0,0,0,0,0,0
270111,1,1,0,0,0,0,0,0,0,0,0,0
270112,1,1,0,0,0,0,0,0,0,0,0,0
270112,2,1,0,0,0,0,0,0,0,0,0,0
270113,1,1,0,0,0,0,0,0,0,0,0,0
270114,1,1,0,0,0,0,0,0,0,0,0,0
270115,1,1,2,2,2,2,2,2,2,2,2,2
270115,2,1,0,0,0,0,0,0,0,0,0,0
270115,3,1,0,0,0,0,0,0,0,0,0,0
270116,1,1,21,21,21,21,21,21,21,21,21,21
270117,1,1,0,0,0,0,0,0,0,0,0,0
270117,2,1,0,0,0,0,0,0,0,0,0,0
270118,1,1,8,8,8,8,8,8,8,8,8,8
270118,2,1,0,0,0,0,0,0,0,0,0,0
270119,1,1,0,0,0,0,0,0,0,0,0,0
270120,0,1,0,0,0,0,0,0,0,0,0,0
270120,1,1,0,0,0,0,0,0,0,0,0,0
270121,1,1,3,3,3,3,3,3,3,3,3,3
270121,2,1,18,18,18,18,18,18,18,18,18,18
270122,1,1,0,0,0,0,0,0,0,0,0,0
270122,2,1,0,0,0,0,0,0,0,0,0,0
270123,1,1,0,0,0,0,0,0,0,0,0,0
270124,1,1,0,0,0,0,0,0,0,0,0,0
270124,2,1,0,0,0,0,0,0,0,0,0,0
270124,3,1,0,0,0,0,0,0,0,0,0,0
270125,0,1,0,0,0,0,0,0,0,0,0,30
270125,1,1,0,0,0,0,0,0,0,0,0,0
270126,1,1,22,0,0,0,0,0,0,0,0,0
270126,2,1,0,0,0,0,0,0,0,0,0,0
270127,1,1,24,24,24,24,24,24,24,24,24,24
270128,1,1,0,0,0,0,0,0,0,0,0,0
270129,1,1,5,5,5,5,5,5,5,5,5,5
270130,1,1,0,0,0,0,0,0,0,0,0,0
270130,2,1,0,0,0,0,0,0,0,0,0,0
270132,1,1,17,17,17,17,17,17,17,17,17,17
270133,1,1,24,24,24,24,24,24,24,24,24,24
270133,2,1,0,0,0,14,0,0,0,0,0,0
270134,1,1,0,0,0,0,0,0,0,0,0,0
270134,2,1,0,0,0,0,0,0,0,0,0,0
270135,1,1,18,0,0,0,0,0,0,0,0,0
270136,1,1,15,15,15,15,15,15,15,15,15,15
270137,1,1,9,9,9,9,9,9,9,9,9,9
270138,1,1,0,0,0,0,0,0,0,0,0,0
270139,1,1,0,0,0,0,0,0,0,0,0,0
270139,2,1,0,0,0,0,0,0,0,0,0,0
270140,1,1,0,0,0,0,0,0,0,0,0,0
270140,2,1,0,0,0,0,0,0,0,0,0,0
270141,1,1,0,0,0,0,0,0,0,0,0,0
270142,1,1,1,1,1,1,1,1,1,1,1,1
270143,1,1,8,9,17,22,21,15,15,30,17,8
270144,1,1,0,0,0,0,0,0,0,0,0,0
270145,1,1,0,0,0,0,0,0,0,0,0,0
270145,2,1,0,0,0,0,0,0,0,0,0,0
270146,1,1,0,0,0,0,0,0,0,0,0,0
270147,1,1,0,0,0,0,0,0,0,0,0,0
270148,1,1,15,15,15,15,15,15,15,15,15,15
270149,0,1,17,0,0,28,0,27,0,0,0,0
270149,1,1,0,0,0,0,0,0,0,0,0,0
270150,1,1,15,15,15,15,15,15,15,15,15,15
270151,1,1,0,0,0,0,0,0,0,0,0,0
270152,1,1,0,0,0,0,0,0,0,0,0,0
270152,2,1,0,0,0,0,0,0,0,0,0,0
270153,0,1,0,0,0,0,0,0,0,0,0,0
270153,0,2,0,0,0,0,0,0,0,0,0,0
270153,1,1,0,0,0,0,0,8,0,0,0,0
270154,1,1,16,16,16,16,16,16,16,16,16,16
270155,1,1,0,0,0,0,0,0,0,0,0,0
270156,1,1,0,0,0,13,0,0,0,0,28,0
270157,1,1,0,0,0,0,0,0,0,0,0,0
270157,2,1,0,0,0,0,0,0,0,0,0,0
270158,1,1,0,0,0,0,0,0,0,0,0,0
270158,2,1,21,21,21,21,21,21,21,21,21,21
270159,1,1,19,19,19,19,19,19,19,19,19,19
270160,0,1,0,0,0,0,0,0,0,0,0,0
270160,1,1,0,0,0,0,0,0,0,0,0,0
270161,1,1,0,0,0,0,0,0,0,0,0,0
270161,2,1,0,0,0,16,0,0,0,0,0,0
270163,1,1,26,26,26,26,26,26,26,26,26,26
270164,1,1,22,22,22,22,22,22,22,22,22,22
270165,1,1,0,0,0,0,0,0,0,0,0,0
270165,2,1,0,0,0,0,0,11,0,0,0,0
270166,1,1,0,0,0,0,0,0,0,0,0,0
270166,2,1,0,0,0,0,0,0,0,0,0,0
270167,1,1,0,0,0,0,0,0,0,19,0,0
270167,2,1,0,0,0,0,0,0,0,0,0,0
270168,1,1,0,0,0,0,0,0,0,0,0,0
270168,2,1,0,0,0,0,0,0,0,0,0,0
270169,1,1,0,0,0,0,0,0,0,0,0,0
270169,2,1,0,0,0,0,0,0,0,0,0,0
270170,1,1,0,0,0,0,0,0,0,0,0,0
270170,2,1,0,0,0,0,0,0,0,0,0,0
270171,0,1,0,0,0,0,0,0,0,0,0,0
270171,1,1,0,0,0,0,0,0,0,0,0,0
270172,1,3,0,0,0,0,0,0,0,0,0,0
270173,1,1,0,0,0,0,0,0,0,0,0,0
270173,2,1,0,0,0,0,0,0,0,0,0,0
270174,1,1,0,0,0,0,0,0,0,0,0,0
270174,2,1,0,0,0,0,0,0,0,0,0,0
270175,1,1,1,1,1,1,1,1,1,1,1,1
270176,1,1,0,0,0,0,0,0,0,0,0,0
270176,2,1,0,0,0,0,0,0,0,0,0,0
270177,1,1,0,0,0,0,0,0,0,0,0,0
270178,0,1,0,0,0,0,0,0,0,0,0,0
270178,1,1,0,0,15,0,13,0,0,0,0,0
270179,1,1,0,0,0,0,0,0,0,0,0,0
270179,2,1,0,0,0,0,23,0,0,0,0,0
270179,3,1,0,0,0,0,0,0,0,0,0,0
270179,4,1,0,0,0,0,0,0,0,0,0,0
270180,1,1,0,20,0,0,0,0,0,0,0,0
270180,2,1,0,0,0,0,0,0,26,0,0,0
270181,1,1,0,0,0,0,0,0,0,0,0,0
270181,2,1,0,0,0,0,0,0,0,0,0,0
270182,1,1,0,0,0,0,0,0,0,0,0,0
270182,2,1,0,0,0,0,0,0,0,0,0,0
270183,1,1,3,3,3,3,3,3,3,3,3,3
270184,1,1,15,15,15,15,15,15,15,15,15,15
270185,1,1,18,18,18,18,18,18,18,18,18,18
270186,1,1,0,0,0,0,0,0,0,0,0,0
270186,2,1,0,0,0,0,0,0,0,0,0,0
270187,0,1,0,0,0,0,0,0,0,0,0,0
270187,1,1,0,0,0,0,0,0,0,0,0,0
270188,1,1,0,0,0,0,0,0,0,0,8,11
270189,1,1,16,16,16,16,16,16,16,16,16,16
270190,1,1,0,0,0,0,0,0,0,0,0,0
270190,2,1,20,0,0,0,7,0,0,0,0,0
270191,1,1,0,0,0,0,0,0,0,0,0,0
270192,1,1,0,0,0,0,0,0,0,0,0,0
270192,2,1,0,0,0,0,0,0,0,0,0,0
270193,1,1,25,25,25,25,25,25,25,25,25,25
270193,2,1,0,0,0,0,0,0,0,0,0,0
270194,1,1,28,28,28,28,28,28,28,28,28,28
270194,2,1,0,0,0,0,0,0,0,0,0,0
270194,3,1,0,0,0,0,0,0,0,1,0,0
270195,1,1,0,0,0,0,0,0,0,0,0,0
270195,2,1,0,0,0,0,0,0,0,0,0,0
270196,0,1,0,0,0,0,0,0,0,0,0,0
270196,1,1,0,0,0,0,0,0,0,0,0,0
270197,1,1,15,15,15,15,15,15,15,15,15,15
270198,1,1,0,0,0,13,0,8,32,0,0,0
270198,2,1,18,0,0,0,0,0,0,22,0,0
270199,1,1,0,0,0,0,0,0,0,0,0,0
270199,2,1,0,0,0,0,0,0,0,0,0,0
270200,1,1,0,0,0,0,0,0,0,0,0,0
270201,1,1,0,0,0,0,0,0,0,0,0,0
270201,2,1,0,0,0,0,0,0,0,0,0,0
270202,1,1,27,27,27,27,27,27,27,27,27,27
270203,1,1,0,0,0,0,0,0,0,0,0,0
270203,2,1,0,0,0,0,0,0,0,0,0,0
270203,3,1,0,0,0,0,0,0,0,0,0,0
270204,1,1,0,0,0,0,0,0,0,0,0,0
270204,2,1,0,6,0,0,20,0,0,0,0,0
270204,3,1,0,0,0,0,0,0,27,0,0,0
270204,4,1,0,0,0,0,0,0,0,0,0,0
270204,5,1,0,0,0,0,0,0,0,0,0,0
270205,0,1,4,0,0,25,0,0,0,0,0,0
270205,1,1,0,0,0,0,0,0,0,0,0,0
270206,1,1,0,0,0,0,0,0,0,0,0,0
270206,2,1,0,0,0,0,0,0,0,0,0,0
270207,1,1,32,32,32,32,32,32,32,32,32,32
270208,1,1,9,9,9,9,9,9,9,9,9,9
270209,1,1,0,0,0,0,0,0,0,0,0,0
270209,2,1,0,0,0,0,0,0,0,0,0,0
270210,0,1,0,0,0,0,0,0,0,0,0,0
270210,1,1,0,0,0,0,0,0,0,0,0,0
270211,1,1,10,10,10,10,10,10,10,10,10,10
270212,1,1,0,0,0,0,0,0,0,0,0,0
270213,1,1,0,0,0,0,0,0,0,0,0,0
270213,2,1,0,0,0,0,0,0,0,0,0,0
270214,1,1,17,17,17,17,17,17,17,17,17,17
270215,1,1,0,0,0,0,13,0,0,0,0,0
270216,1,1,0,0,0,0,0,0,0,0,0,0
270216,2,1,0,0,0,0,0,0,0,0,0,0
270217,1,1,0,0,0,0,0,0,0,0,0,0
270217,2,1,3,3,3,3,3,3,3,3,3,3
270218,1,1,0,0,0,0,0,0,0,0,0,0
270218,2,1,0,0,0,0,0,0,0,0,0,0
270219,1,1,5,5,5,5,5,5,5,5,5,5
270220,0,1,0,0,0,0,0,0,0,0,0,0
270220,1,1,0,0,0,0,0,0,0,0,0,0
270221,0,1,0,0,0,0,0,0,0,0,0,0
270221,1,1,0,0,0,0,0,0,0,0,0,0
270222,1,1,23,23,23,23,23,23,23,23,23,23
270223,1,1,0,0,0,0,0,0,0,0,0,0
270224,1,1,17,17,17,17,17,17,17,17,17,17
270225,1,1,0,0,0,0,0,0,0,0,0,0
270226,0,1,0,0,0,0,0,0,0,0,0,0
270226,1,1,0,0,0,0,0,0,0,0,0,0
270227,1,1,22,5,0,0,10,29,16,8,15,0
270227,2,1,0,0,0,0,0,0,0,0,0,0
270228,1,1,0,0,0,0,0,0,0,0,0,0
270229,1,1,34,24,10,10,5,9,34,15,23,16
270230,1,1,0,0,0,0,0,0,0,0,0,0
270230,2,1,0,0,0,0,0,0,0,0,0,0
270231,1,1,0,0,0,0,0,0,0,0,0,0
270232,0,1,0,0,0,0,0,0,0,0,0,0
270232,1,1,0,0,0,0,0,0,0,0,0,0
270233,1,1,0,0,0,0,0,0,0,0,0,0
270234,1,1,0,0,0,0,0,0,0,0,0,0
270235,1,1,0,0,0,0,0,0,0,0,0,0
270235,2,1,0,0,0,0,0,0,0,0,0,0
270236,1,1,23,23,23,23,23,23,23,23,23,23
270236,2,1,0,0,0,0,0,0,0,0,0,0
270237,1,1,0,0,0,0,0,0,0,0,0,0
270237,2,1,0,0,0,0,0,0,0,0,0,0
270238,0,1,6,6,6,6,6,6,6,6,6,6
270238,1,1,0,0,0,0,0,0,0,0,0,0
270239,1,1,0,0,0,0,0,0,0,0,0,0
270240,1,1,17,17,17,17,17,17,17,17,17,17
270241,0,1,15,15,15,15,15,15,15,15,15,15
270241,1,1,0,0,12,0,0,0,0,11,17,0
270242,1,1,0,0,0,0,0,0,0,0,0,0
270242,2,1,0,13,0,0,0,0,0,0,0,0
270243,1,1,25,25,25,25,25,25,25,25,25,25
270244,1,1,0,0,0,0,0,0,0,0,0,0
270244,2,1,0,0,0,0,0,0,9,0,0,0
270245,0,1,0,0,0,0,0,0,0,0,0,0
270245,0,2,0,0,0,0,0,0,0,46,29,0
270245,1,1,0,0,0,0,0,0,0,0,0,0
270246,1,1,0,0,0,0,0,0,0,0,0,0
270246,2,1,32,32,32,32,32,32,32,32,32,32
270247,1,1,0,0,0,0,0,0,0,0,0,0
270247,2,1,0,0,0,0,0,0,0,0,0,0
270247,3,1,0,0,0,0,0,0,0,0,0,0
270247,4,1,0,0,0,0,0,0,0,0,0,12
270248,0,1,22,22,22,22,22,22,22,22,22,22
270248,1,1,34,0,11,0,23,13,10,3,0,0
270249,1,1,0,0,0,0,0,0,0,0,0,0
270249,2,1,0,0,0,0,0,0,0,0,0,0
270250,1,1,6,6,6,6,6,6,6,6,6,6
270251,0,1,0,0,0,0,0,0,0,0,0,0
270251,1,1,0,0,25,14,10,33,18,17,11,0
270252,1,1,3,3,3,3,3,3,3,3,3,3
270252,2,1,0,0,0,0,0,0,0,0,0,0
270253,1,1,0,0,0,0,0,0,0,0,0,0
270253,2,1,0,0,0,0,0,0,0,0,0,0
270253,3,1,0,0,0,0,0,0,0,0,0,0
270253,4,1,0,0,0,0,0,0,0,0,0,0
270254,1,1,0,0,0,0,0,0,0,0,0,0
270254,2,1,0,0,0,0,0,0,0,0,0,0
270254,3,1,0,0,0,0,0,0,0,0,0,0
270255,1,2,0,0,0,0,0,0,0,0,0,0
270256,1,1,0,0,0,0,0,0,0,0,0,0
270256,2,1,0,0,0,0,0,0,0,0,0,0
270257,0,1,0,0,0,0,0,0,0,0,0,0
270257,1,1,0,0,0,0,0,0,0,0,0,0
270258,1,1,19,19,19,19,19,19,19,19,19,19
270259,1,1,20,20,20,20,20,20,20,20,20,20
270260,1,1,0,0,0,0,0,0,0,0,0,0
270261,1,1,21,21,21,21,21,21,21,21,21,21
270262,1,1,0,0,0,0,0,0,0,0,0,0
270263,0,1,0,0,0,0,0,0,0,0,0,0
270263,1,1,0,0,0,0,0,0,0,0,0,0
270264,1,1,3,3,3,3,3,3,3,3,3,3
270265,0,1,27,27,27,27,27,27,27,27,27,27
270265,1,1,0,0,0,0,0,0,0,0,0,0
270266,0,1,0,0,0,0,0,0,0,0,0,0
270266,1,1,0,0,20,0,0,0,0,0,0,0
270267,1,1,23,23,23,23,23,23,23,23,23,23
270268,1,1,0,0,0,0,0,0,0,0,0,0
270269,1,1,0,0,0,0,0,0,0,0,0,0
270269,2,1,11,0,0,0,0,0,0,20,0,0
270269,3,1,0,0,0,0,0,0,0,0,0,0
270270,1,1,0,0,0,13,0,0,0,0,0,0
270271,1,1,0,0,0,0,0,0,0,25,0,0
270272,1,1,11,11,11,11,11,11,11,11,11,11
270273,1,1,0,0,0,0,0,0,0,17,0,0
270274,1,1,0,0,0,0,0,0,0,0,0,0
270275,0,1,0,0,0,0,0,0,0,0,0,0
270275,1,1,0,0,0,0,0,0,0,0,0,25
270276,1,1,5,5,5,5,5,5,5,5,5,5
270276,2,1,0,0,0,0,0,0,0,0,0,0
270277,1,1,0,0,0,0,0,0,0,0,0,0
270278,1,1,0,0,0,0,0,0,0,0,0,0
270278,2,1,0,0,0,0,0,0,0,0,0,0
270279,1,1,0,0,0,0,0,0,0,0,0,0
270279,2,1,0,0,0,0,0,0,0,0,0,0
270280,1,1,44,44,44,44,44,44,44,44,44,44
270281,1,1,0,0,0,0,0,0,0,0,0,0
270281,2,1,0,0,0,0,0,0,0,0,0,0
270282,1,1,0,0,0,0,0,0,0,0,0,0
270283,1,1,0,0,0,0,0,0,0,0,0,0
270283,2,1,12,0,0,0,0,0,0,0,0,0
270283,3,1,0,0,0,0,0,0,0,0,0,0
270283,4,1,0,0,0,0,0,0,0,0,0,0
270283,5,1,0,0,0,0,0,0,0,0,0,0
270284,0,1,15,15,15,15,15,15,15,15,15,15
270284,1,1,0,0,0,16,0,0,8,0,0,0
270285,1,1,0,0,0,0,0,0,0,0,0,0
270286,1,1,0,0,22,0,0,0,0,0,0,0
270287,1,1,40,40,40,40,40,40,40,40,40,40
270287,2,1,0,0,0,0,0,0,0,0,0,0
270288,1,1,0,0,0,0,0,0,0,0,0,0
270289,1,1,0,0,0,0,0,0,0,0,0,0
270290,1,1,0,0,0,0,0,0,0,0,0,0
270290,2,1,0,0,0,0,0,0,0,0,0,0
270291,0,1,19,19,19,19,19,19,19,19,19,19
270291,1,1,0,0,0,0,0,0,0,0,0,0
270292,1,1,0,10,0,0,0,0,0,0,14,0
270293,1,1,0,0,0,0,0,0,0,0,0,0
270294,1,1,0,0,0,0,0,0,0,0,0,0
270294,2,1,0,0,0,0,0,0,0,0,0,0
270295,1,1,0,0,0,4,0,0,0,0,9,0
270296,1,1,0,0,6,0,0,0,0,0,0,0
270296,2,1,0,0,12,0,0,0,0,0,0,0
270296,3,1,0,0,0,0,0,0,0,0,0,0
270296,4,1,11,0,0,0,0,0,0,0,0,0
270296,5,1,0,0,0,0,0,0,0,0,0,0
270297,0,1,0,0,0,0,0,0,0,0,0,0
270297,1,1,0,0,0,0,0,0,7,0,0,0
270298,1,1,0,0,0,0,19,0,0,0,0,0
270298,2,1,19,0,0,0,0,0,0,0,0,0
270298,3,1,0,0,0,0,0,7,0,0,0,0
270298,4,1,0,0,0,0,0,0,0,0,0,0
270299,1,1,0,0,0,0,0,0,0,0,0,4
270299,2,1,0,0,0,0,0,0,0,0,0,0
270299,3,1,0,0,0,0,0,0,0,0,0,0
270300,1,1,0,0,0,0,0,0,0,0,0,0
270300,2,1,0,0,0,8,0,0,0,0,0,0
270301,0,1,0,0,0,0,0,0,0,0,0,0
270301,1,1,0,0,0,0,0,0,0,0,0,0
270302,1,1,0,0,0,0,0,0,0,0,0,0
270302,2,1,0,0,0,0,0,0,0,0,0,0
270303,1,1,0,0,0,0,0,0,0,0,0,0
270303,2,1,0,0,0,0,0,0,0,0,0,0
270304,1,1,0,0,0,0,0,0,0,0,0,0