ST_CASE,VEH_NO,PER_NO,P1,P2,P3,P4,P5,P6,P7,P8,P9,P10
290215,1,1,0,0,0,0,0,0,0,0,0,0
290216,1,1,23,23,23,23,23,23,23,23,23,23
290217,1,1,14,14,14,14,14,14,14,14,14,14
290218,1,1,0,0,0,0,0,0,0,0,0,0
290219,1,1,23,23,23,23,23,23,23,23,23,23
290220,1,1,15,15,15,15,15,15,15,15,15,15
290221,1,1,0,20,0,0,0,0,0,0,27,0
290221,2,1,0,0,0,0,19,23,0,0,8,0
290222,1,1,0,0,0,0,0,0,0,0,0,0
290222,2,1,0,0,0,0,0,0,0,0,10,0
290223,1,1,0,0,0,0,0,0,0,36,0,0
290223,2,1,0,0,0,0,0,0,0,0,0,0
290224,1,1,22,22,22,22,22,22,22,22,22,22
290224,2,1,0,0,0,0,0,0,0,36,0,0
290225,1,1,0,0,0,0,0,0,0,0,0,0
290225,2,1,12,12,12,12,12,12,12,12,12,12
290226,1,1,14,14,14,14,14,14,14,14,14,14
290227,0,1,0,0,0,0,0,0,0,0,0,0
290227,1,1,0,8,3,0,8,0,0,0,0,0
290228,0,1,24,54,0,14,0,44,0,26,3,0
290228,1,1,14,17,36,6,19,0,55,0,28,0
290229,1,1,0,0,0,0,0,0,0,0,0,0
290229,2,1,25,25,25,25,25,25,25,25,25,25
290230,1,1,0,0,0,0,0,0,0,0,0,0
290231,1,1,0,0,0,0,0,0,0,0,0,0
290231,2,1,0,0,0,0,0,0,0,0,0,0
290232,1,1,0,0,0,9,0,22,0,0,0,14
290232,2,1,0,0,0,0,0,0,0,0,0,0
290233,1,1,16,16,16,16,16,16,16,16,16,16
290234,1,1,0,0,0,0,0,40,0,0,0,0
290234,2,1,0,0,0,0,0,0,0,0,0,0
290235,1,1,28,28,28,28,28,28,28,28,28,28
290236,0,1,0,0,0,0,0,0,0,0,0,0
290236,1,1,0,0,0,0,0,0,0,0,0,0
290237,0,1,6,6,6,6,6,6,6,6,6,6
290237,1,1,0,0,21,10,18,25,10,27,12,18
290238,1,1,25,24,18,14,15,10,16,17,26,24
290239,0,1,0,21,0,0,0,26,3,14,0,13
290239,1,1,0,0,15,14,0,15,0,0,15,12
290240,1,1,0,0,0,19,0,0,0,0,0,0
290241,1,1,0,18,0,0,0,4,0,0,0,0
290241,2,1,0,0,0,0,0,0,0,0,0,0
290242,1,1,0,0,0,0,0,0,0,0,0,0
290242,2,1,0,0,0,0,0,0,0,0,0,0
290243,1,1,0,0,0,0,0,0,0,0,0,0
290243,2,1,0,0,0,0,0,0,0,0,0,0
290244,0,1,14,5,0,0,0,26,0,0,18,12
290244,1,1,0,0,0,0,0,0,0,0,0,0
290245,1,1,15,15,15,15,15,15,15,15,15,15
290246,1,1,0,0,0,0,0,0,0,0,0,0
290246,2,1,0,0,0,0,0,0,0,0,0,0
290247,1,1,0,0,0,0,0,0,0,0,0,0
290247,2,1,0,0,0,0,0,0,0,0,0,0
290248,1,1,0,0,0,0,0,0,0,0,0,0
290248,2,1,0,0,0,0,0,0,0,0,0,0
290249,1,1,0,0,0,0,0,0,0,12,0,13
290249,2,1,0,0,0,0,0,0,17,0,0,0
290249,3,1,0,0,0,0,0,0,0,0,0,0
290250,1,1,27,0,13,0,0,6,22,21,16,0
290251,0,1,0,0,0,2,15,0,31,0,13,0
290251,1,1,21,21,21,21,21,21,21,21,21,21
290252,1,1,0,0,0,0,0,0,0,0,0,0
290252,2,1,0,0,0,0,0,0,0,0,0,0
290253,1,1,0,0,0,0,0,0,0,0,0,0
290254,1,1,0,0,0,0,0,0,0,0,0,0
290254,2,1,0,0,0,0,0,0,0,0,0,0
290255,1,1,0,0,0,0,0,0,0,0,0,0
290255,2,1,0,0,0,0,0,0,0,0,0,0
290256,1,1,0,0,0,0,0,0,0,0,0,0
290257,1,1,15,15,15,15,15,15,15,15,15,15
290258,1,1,0,0,0,0,0,0,0,0,0,0
290258,2,1,0,0,0,0,0,0,0,0,0,0
290259,1,1,9,0,0,0,0,0,0,0,0,0
290259,2,1,0,0,0,0,0,0,0,0,0,0
290260,1,1,23,23,23,23,23,23,23,23,23,23
290261,1,1,16,16,16,16,16,16,16,16,16,16
290262,1,1,1,1,1,1,1,1,1,1,1,1
290262,2,1,0,0,11,0,0,0,0,0,16,15
290262,3,1,2,2,2,2,2,2,2,2,2,2
290263,1,1,16,0,0,0,16,0,0,0,6,0
290264,1,1,0,0,0,0,0,0,0,0,0,0
290264,2,1,0,0,0,0,0,0,0,0,0,0
290264,3,1,32,32,32,32,32,32,32,32,32,32
290266,1,1,0,0,0,0,0,11,11,7,18,0
290266,2,1,0,0,0,0,0,0,0,0,0,0
290267,1,1,0,0,0,0,0,0,0,0,0,0
290267,2,1,0,0,0,0,0,0,0,0,0,0
290268,1,1,25,25,25,25,25,25,25,25,25,25
290269,1,1,14,14,14,14,14,14,14,14,14,14
290270,1,1,27,26,9,9,5,0,16,14,17,5
290271,0,1,0,20,0,14,17,0,0,21,0,0
290271,1,1,0,0,34,0,0,0,0,0,0,0
290272,1,1,0,0,0,0,0,0,0,0,0,0
290272,2,1,0,0,0,0,0,0,0,0,0,0
290273,1,1,0,0,0,0,0,0,0,0,0,0
290274,1,2,0,0,0,0,0,0,0,0,0,0
290275,1,1,0,0,0,0,0,0,0,0,0,0
290275,2,1,0,0,0,0,0,0,0,0,0,11
290276,1,1,0,0,0,0,0,0,0,0,0,0
290277,1,1,0,0,0,0,0,0,0,0,0,0
290278,1,1,0,0,53,0,0,0,0,0,34,18
290279,1,1,0,0,0,0,16,0,0,20,0,20
290280,1,1,10,9,0,0,0,0,23,17,21,0
290281,1,1,22,22,22,22,22,22,22,22,22,22
290282,0,1,0,0,0,0,0,0,0,0,0,0
290282,1,1,13,0,0,0,0,0,0,0,0,0
290282,2,1,0,0,0,0,0,0,0,0,0,0
290282,3,1,0,0,0,0,0,0,0,0,0,0
290282,4,1,0,0,0,0,0,0,0,0,0,0
290283,1,1,0,0,0,0,0,0,0,0,0,0
290283,2,1,0,0,0,0,0,22,0,0,0,0
290284,1,1,0,0,0,0,0,0,0,0,0,0
290284,2,1,0,0,0,0,0,0,0,0,0,0
290285,1,1,0,0,0,0,8,0,0,0,0,0
290286,1,1,0,0,0,0,0,0,0,0,0,0
290286,2,1,29,16,37,8,20,11,27,17,20,17
290287,1,1,0,8,0,28,0,24,0,14,0,0
290288,1,1,0,0,20,0,0,14,0,4,0,12
290288,2,1,0,0,0,0,0,0,0,0,0,0
290288,3,1,0,0,0,0,0,0,0,0,0,0
290288,4,1,0,0,0,0,0,0,0,0,0,0
290290,1,1,17,17,17,17,17,17,17,17,17,17
290291,1,1,16,16,16,16,16,16,16,16,16,16
290292,1,1,0,0,0,0,0,0,0,0,0,0
290292,2,1,0,0,0,0,0,0,0,0,0,0
290292,3,1,0,0,0,0,0,0,0,0,0,0
290293,1,1,0,0,0,0,0,0,0,0,0,0
290293,2,1,0,0,0,0,0,0,0,0,0,0
290294,1,1,0,0,0,0,0,0,0,0,0,0
290294,2,1,0,0,0,0,0,0,0,0,0,0
290295,1,1,6,6,6,6,6,6,6,6,6,6
290295,2,1,14,14,14,14,14,14,14,14,14,14
290296,1,1,0,0,0,0,0,0,0,0,0,0
290297,1,1,24,24,24,24,24,24,24,24,24,24
290298,1,1,0,0,16,11,0,0,0,0,0,0
290298,2,1,0,0,0,0,0,0,0,0,0,0
290298,3,1,0,0,0,18,18,0,23,0,0,19
290299,1,1,20,20,20,20,20,20,20,20,20,20
290299,2,1,0,0,0,0,0,0,0,0,0,0
290300,1,1,27,27,27,27,27,27,27,27,27,27
290301,1,1,3,3,3,3,3,3,3,3,3,3
290301,2,1,0,0,0,0,0,0,0,0,0,0
290302,1,1,0,0,0,47,0,0,0,0,0,0
290303,1,1,0,0,0,0,0,0,0,0,0,0
290304,1,1,0,0,0,0,0,0,0,0,0,0
290305,1,1,0,0,0,0,0,0,0,0,0,0
290305,2,1,0,0,0,0,0,0,0,0,0,0
290306,1,1,17,17,17,17,17,17,17,17,17,17
290307,1,1,0,0,0,0,0,0,0,0,0,0
290308,1,1,20,20,20,20,20,20,20,20,20,20
290309,1,1,0,0,0,0,0,0,0,0,0,0
290310,1,1,0,0,0,0,0,0,0,0,0,0
290310,2,1,0,0,12,0,20,0,0,0,0,0
290311,1,1,0,0,0,0,0,25,0,0,0,0
290311,2,1,0,0,0,0,0,0,0,0,0,0
290311,3,1,0,0,0,0,0,0,0,0,0,0
290312,1,1,0,0,0,0,0,0,0,0,0,0
290312,2,1,0,14,16,29,0,0,0,0,0,0
290313,1,1,0,0,0,0,0,0,0,0,0,0
290313,2,1,0,0,0,0,0,0,0,0,0,0
290314,1,1,15,0,0,0,20,0,0,0,0,0
290315,1,1,16,16,16,16,16,16,16,16,16,16
290316,1,1,0,0,0,0,0,0,0,0,0,0
290316,2,1,0,0,0,0,0,0,0,0,0,0
290317,1,1,7,0,0,0,0,0,0,0,0,0
290318,0,1,0,0,0,0,0,0,0,0,0,0
290318,1,1,0,0,0,0,0,0,0,0,0,0
290319,1,1,20,27,0,0,10,0,0,15,0,14
290320,1,1,0,0,0,0,0,0,0,0,0,0
290320,2,1,0,0,0,0,0,0,0,0,0,0
290321,1,1,0,0,0,0,0,0,0,0,0,0
290321,2,1,0,0,0,0,0,0,0,0,0,0
290322,1,1,0,0,0,0,0,0,0,0,0,0
290322,2,1,0,0,0,0,0,0,0,0,0,0
290322,3,1,0,0,0,0,0,0,0,0,0,0
290323,1,1,0,0,0,0,0,0,0,0,0,0
290323,2,1,0,0,0,0,0,0,0,0,0,0
290324,1,1,0,0,0,0,0,0,0,0,0,0
290324,2,1,0,0,0,0,0,0,0,0,0,18
290325,1,1,0,0,0,0,0,0,0,0,0,0
290325,2,1,15,15,15,15,15,15,15,15,15,15
290326,1,1,18,18,18,18,18,18,18,18,18,18
290327,1,1,0,0,0,0,0,0,0,0,0,0
290328,1,1,0,0,0,0,0,0,0,0,23,0
290328,2,1,0,0,0,0,0,0,0,0,0,0
290328,3,1,0,0,0,0,0,0,0,0,0,0
290328,4,1,11,0,0,0,0,0,26,0,3,0
290329,0,1,0,0,0,0,0,0,0,0,0,0
290329,1,1,0,0,0,0,0,0,0,0,0,0
290330,1,1,0,0,0,0,0,0,0,0,0,0
290330,2,1,0,0,0,0,0,0,0,0,0,0
290331,1,1,11,11,11,11,11,11,11,11,11,11
290332,1,1,0,0,0,0,0,0,0,0,0,0
290332,2,1,24,0,0,6,0,0,0,0,9,0
290333,1,1,5,5,5,5,5,5,5,5,5,5
290333,2,1,0,0,0,0,0,0,0,0,0,0
290334,1,1,0,0,0,0,0,0,0,0,0,0
290334,2,1,0,0,0,0,0,0,0,0,0,0
290334,3,1,0,0,0,0,0,0,0,0,0,0
290334,4,1,0,0,0,0,0,0,0,0,0,0
290335,1,1,0,0,0,0,0,0,0,0,0,0
290335,2,1,0,0,0,0,0,0,0,0,0,0
290336,1,1,0,0,0,0,0,0,0,17,0,0
290336,2,1,0,0,0,0,0,0,0,0,0,0
290337,1,1,0,0,0,0,0,0,0,0,0,0
290337,2,1,0,0,0,0,0,0,0,0,0,0
290338,1,1,0,0,0,0,0,0,0,0,0,0
290339,0,1,0,0,0,0,0,0,0,0,0,0
290339,1,1,0,0,0,0,0,0,0,0,0,0
290340,1,1,0,0,0,0,0,0,0,0,0,0
290341,0,1,0,0,0,0,0,0,0,0,0,0
290341,1,1,14,14,14,14,14,14,14,14,14,14
290342,1,1,15,15,15,15,15,15,15,15,15,15
290343,1,1,6,6,6,6,6,6,6,6,6,6
290343,2,1,0,0,0,0,0,0,0,0,0,0
290343,3,1,0,0,0,0,0,0,0,0,0,0
290344,1,1,24,24,24,24,24,24,24,24,24,24
290345,0,1,0,0,0,0,0,0,0,0,0,0
290345,1,1,0,0,0,0,0,0,0,0,0,0
290347,1,1,0,0,21,0,0,0,0,0,0,0
290348,1,1,0,0,0,0,0,0,0,0,0,0
290349,1,1,0,0,0,0,11,0,0,0,0,0
290349,2,1,0,0,0,0,0,0,0,0,0,0
290350,1,1,21,0,0,0,0,0,0,0,0,0
290351,1,1,17,17,17,17,17,17,17,17,17,17
290352,1,1,12,12,12,12,12,12,12,12,12,12
290353,1,1,16,16,16,16,16,16,16,16,16,16
290354,1,1,0,0,0,0,0,0,0,0,0,0
290354,2,1,0,0,0,0,0,0,0,0,0,0
290354,3,1,0,0,0,0,0,0,0,0,0,0
290354,4,1,0,0,0,0,0,0,0,0,0,0
290355,1,1,3,3,3,3,3,3,3,3,3,3
290356,1,1,11,0,0,0,0,0,0,0,0,15
290357,0,1,17,17,17,17,17,17,17,17,17,17
290357,1,1,27,7,18,18,7,25,29,0,0,35
290358,0,1,35,35,35,35,35,35,35,35,35,35
290358,1,1,0,17,13,24,12,8,0,12,24,0
290359,1,1,18,18,18,18,18,18,18,18,18,18
290360,1,1,0,0,0,0,0,0,0,0,0,0
290360,2,1,0,0,0,0,0,0,0,0,0,0
290361,1,1,15,15,15,15,15,15,15,15,15,15
290362,1,1,6,0,0,0,0,0,0,0,0,4
290362,2,1,0,0,0,0,0,0,0,0,0,0
290363,1,1,0,0,0,0,0,14,9,0,0,0
290364,1,1,0,0,0,0,0,0,0,0,0,0
290364,2,1,0,0,0,0,0,0,0,0,0,0
290364,3,1,0,0,0,0,0,0,0,0,0,0
290364,4,1,0,0,0,0,0,0,0,0,0,0
290364,5,1,0,21,0,0,0,0,0,0,8,0
290365,1,1,0,0,0,0,0,8,0,0,0,0
290366,1,1,0,0,0,0,0,0,0,0,0,0
290366,2,1,0,0,0,0,0,0,0,0,0,0
290367,1,1,0,0,0,0,0,0,0,0,0,0
290367,2,1,0,0,0,0,0,0,0,0,28,0
290368,1,1,0,0,0,0,0,0,0,0,0,0
290369,1,1,0,0,0,0,0,15,0,0,0,0
290369,2,1,0,0,0,0,0,0,0,0,0,0
290370,1,1,29,29,29,29,29,29,29,29,29,29
290370,2,1,0,0,0,0,0,0,0,0,0,0
290371,0,1,0,0,0,0,0,34,0,0,0,0
290371,1,1,4,4,4,4,4,4,4,4,4,4
290372,1,1,0,0,0,0,0,0,0,0,0,0
290372,2,1,0,0,0,0,0,0,0,0,0,0
290373,1,1,15,15,15,15,15,15,15,15,15,15
290373,2,1,22,0,0,0,16,0,0,15,16,23
290374,1,1,0,0,0,0,0,0,0,0,0,0
290374,2,1,0,0,0,0,0,0,0,0,0,0
290375,1,1,0,0,0,0,0,0,0,0,0,0
290375,2,1,0,0,0,0,0,0,0,0,0,0
290376,0,1,0,0,0,0,0,0,0,0,0,0
290376,1,1,0,0,0,0,0,0,0,0,0,0
290377,1,1,10,10,10,10,10,10,10,10,10,10
290378,1,1,0,0,0,0,0,0,0,0,0,0
290379,1,1,0,0,0,0,0,0,0,0,0,0
290379,3,1,0,0,0,0,0,0,0,0,0,0
290379,4,1,0,0,0,0,0,0,0,0,0,3
290380,1,1,0,0,0,0,0,15,0,0,0,9
290380,2,1,0,0,0,0,29,0,0,0,0,0
290381,0,1,16,16,16,16,16,16,16,16,16,16
290381,1,1,0,0,0,0,0,0,0,0,0,0
290382,1,1,0,0,0,0,0,0,0,0,0,0
290382,2,1,0,0,0,0,0,0,0,0,0,0
290382,3,1,0,0,0,0,0,0,0,0,0,0
290383,1,1,0,0,0,0,0,0,0,0,0,0
290384,1,1,0,0,0,0,0,0,0,0,0,0
290384,2,1,0,0,0,0,0,0,0,0,0,0
290385,1,1,26,26,26,26,26,26,26,26,26,26
290385,2,1,0,0,0,0,0,0,0,0,0,0
290386,1,1,31,31,31,31,31,31,31,31,31,31
290387,1,1,22,22,22,22,22,22,22,22,22,22
290388,1,1,0,0,0,0,10,0,0,0,0,9
290388,2,1,0,0,0,0,0,0,0,0,0,0
290389,0,1,29,29,29,29,29,29,29,29,29,29
290389,1,1,12,12,12,12,12,12,12,12,12,12
290390,1,1,0,0,0,0,0,0,0,0,0,19
290390,2,1,0,0,0,0,16,0,0,0,0,37
290391,1,1,0,0,0,0,0,0,0,0,0,0
290391,2,1,0,0,0,21,11,0,0,0,0,0
290392,0,1,0,0,0,0,0,0,0,0,0,0
290392,1,1,0,0,0,0,0,0,0,0,0,0
290393,1,1,25,0,0,0,0,0,0,0,0,0
290393,2,1,0,0,0,0,0,0,0,0,0,0
290394,1,1,13,13,13,13,13,13,13,13,13,13
290395,1,1,0,0,0,0,0,0,0,0,0,0
290395,2,1,0,0,0,0,0,0,0,0,0,0
290396,1,1,0,0,0,0,0,0,0,0,0,0
290396,2,1,0,0,0,0,0,0,0,12,20,17
290397,1,1,0,0,0,0,0,0,0,0,0,0
290397,2,1,9,9,9,9,9,9,9,9,9,9
290398,1,1,3,3,3,3,3,3,3,3,3,3
290398,2,1,0,0,0,0,0,0,0,0,0,0
290399,1,1,0,0,0,0,0,0,0,0,0,0
290400,1,1,0,0,0,0,0,0,0,0,0,0
290400,2,1,0,0,0,0,0,0,0,0,0,0
290401,1,1,0,0,0,0,0,0,0,0,0,0
290402,1,1,8,8,8,8,8,8,8,8,8,8
290402,2,1,0,0,0,0,0,0,0,0,0,0
290403,1,1,19,19,19,19,19,19,19,19,19,19
290404,1,1,2,2,2,2,2,2,2,2,2,2
290405,1,1,0,0,0,0,0,0,0,0,0,0
290405,2,1,0,0,0,0,0,0,0,0,0,0
290406,1,1,0,0,0,0,0,0,0,0,0,0
290406,2,1,0,22,0,0,0,0,0,0,0,0
290406,3,1,0,0,0,0,0,0,0,0,0,0
290407,1,1,0,20,20,17,0,17,0,30,31,0
290408,1,1,0,0,0,0,0,0,0,0,0,0
290408,2,1,0,0,0,0,0,0,0,0,0,0
290409,0,1,0,0,0,0,0,0,0,0,0,0
290409,0,2,0,0,0,0,0,0,0,0,0,0
290409,1,1,0,0,0,0,0,0,0,0,0,0
290410,1,1,0,0,0,0,0,0,0,0,0,0
290410,2,1,0,0,0,0,0,0,0,0,0,0
290411,0,1,0,0,0,17,0,0,0,0,0,0
290411,1,1,0,0,0,0,0,0,0,0,0,0
290412,1,1,0,21,36,0,0,0,15,14,18,0
290413,1,1,0,0,0,0,0,0,0,0,0,3
290413,2,1,0,0,0,0,0,0,0,0,0,0
290414,1,1,23,23,23,23,23,23,23,23,23,23
290414,2,1,0,0,0,0,0,0,0,0,0,0
290414,3,1,0,0,0,0,0,0,0,0,0,0
290415,1,1,0,0,0,0,0,0,0,0,0,0
290415,2,1,4,4,4,4,4,4,4,4,4,4
290416,0,1,6,6,6,6,6,6,6,6,6,6
290416,1,1,10,10,10,10,10,10,10,10,10,10
290417,1,1,0,12,0,0,0,0,0,0,0,8
290418,1,1,0,0,0,0,0,0,0,0,0,0
290419,1,1,0,0,0,0,0,0,0,0,0,0
290419,2,1,3,3,3,3,3,3,3,3,3,3
290419,3,1,0,0,0,0,0,0,0,0,0,0
290420,0,1,0,0,0,0,0,0,0,0,0,0
290420,1,1,0,0,0,0,0,0,0,0,0,0
290421,1,1,0,0,0,0,0,0,0,0,0,0
290422,0,1,36,36,36,36,36,36,36,36,36,36
290422,1,1,2,2,2,2,2,2,2,2,2,2
290423,1,1,0,0,24,38,10,24,7,0,0,0
290423,2,1,13,13,13,13,13,13,13,13,13,13
290423,3,1,13,13,12,14,0,20,16,27,7,22
290424,1,1,32,32,32,32,32,32,32,32,32,32
290425,1,1,0,0,19,0,0,0,0,0,0,0
290426,0,1,0,19,28,0,10,18,27,32,15,0
290426,1,1,0,0,0,0,0,0,0,0,0,0
290427,1,1,7,7,7,7,7,7,7,7,7,7
290428,1,1,0,0,0,0,0,0,0,0,0,0
290429,1,1,12,0,0,1,0,0,9,22,5,9
290430,1,1,0,0,0,0,0,0,0,0,0,0
290431,1,1,0,7,0,14,0,15,0,0,0,0
290431,2,1,0,0,0,0,0,0,0,0,0,0
290432,1,1,0,0,0,0,0,0,0,0,0,0
290433,1,1,2,2,2,2,2,2,2,2,2,2
290433,2,1,0,0,0,0,0,0,0,0,0,0
290434,1,1,0,0,0,0,0,0,0,0,19,0
290434,2,1,0,0,0,0,0,0,0,0,0,0
290434,3,1,0,0,0,0,0,0,0,0,3,0
290435,1,1,0,0,0,0,0,0,0,0,0,0
290436,1,1,0,0,0,0,0,0,0,0,0,0
290437,1,1,7,7,7,7,7,7,7,7,7,7
290437,2,1,0,0,0,0,0,0,0,0,0,0
290438,0,1,0,0,0,0,0,0,0,0,0,0
290438,1,1,0,0,0,0,0,0,0,0,0,0
290439,0,1,4,4,4,4,4,4,4,4,4,4
290439,1,1,0,0,0,0,0,0,0,0,0,0
290440,0,1,0,0,0,0,29,0,0,0,0,0
290440,1,1,0,0,0,20,0,15,0,0,0,0
290440,2,1,0,0,0,0,0,0,0,0,0,0
290441,1,1,28,28,28,28,28,28,28,28,28,28
290442,1,1,0,0,0,0,0,0,0,0,0,0
290442,2,1,0,0,0,0,0,0,0,0,0,0
290443,1,1,0,0,0,0,0,0,0,0,0,0
290444,1,1,0,0,0,0,0,0,0,0,0,9
290445,1,1,18,18,18,18,18,18,18,18,18,18
290446,1,1,0,0,0,0,0,0,0,0,0,0
290446,2,1,0,0,0,0,8,0,0,0,0,0
290447,1,1,0,20,0,0,0,0,0,13,6,0
290448,1,1,35,35,35,35,35,35,35,35,35,35
290449,1,1,0,0,0,0,0,0,0,0,0,0
290449,2,1,0,0,0,0,0,0,0,0,0,0
290450,0,1,19,0,0,20,39,0,0,0,0,30
290450,1,1,0,0,0,0,0,0,0,0,0,0
290451,1,1,12,12,12,12,12,12,12,12,12,12
290452,0,1,0,0,0,0,0,0,0,0,0,0
290452,1,1,0,0,0,0,0,0,0,0,0,0
290453,0,1,0,0,0,0,0,0,0,0,0,0
290453,1,1,0,0,0,21,0,0,0,0,0,0
290454,1,1,0,0,0,0,0,0,0,0,0,0
290455,1,1,26,26,26,26,26,26,26,26,26,26
290456,1,1,0,0,0,0,0,0,0,0,0,0
290457,1,1,0,0,0,0,0,0,0,0,0,0
290457,2,1,0,0,0,0,0,0,0,0,0,0
290459,1,1,21,21,21,21,21,21,21,21,21,21
290460,1,1,0,0,0,0,0,0,0,0,0,0
290461,1,1,0,0,0,13,0,9,10,0,0,7
290461,2,1,0,0,0,0,0,0,0,0,0,0
290462,1,1,0,0,0,0,0,0,0,0,0,0
290462,2,1,0,0,0,0,0,0,0,0,0,0
290463,1,1,0,0,0,0,0,0,0,0,0,0
290463,2,1,0,0,0,0,0,0,0,0,0,0
290464,0,1,8,8,8,8,8,8,8,8,8,8
290464,1,1,0,0,0,0,0,0,0,0,0,0
290464,2,1,8,22,9,11,14,13,0,5,0,22
290465,1,1,0,0,0,0,0,0,0,0,0,0
290465,2,1,0,0,0,0,0,0,0,0,0,0
290465,3,1,0,0,0,0,0,0,0,0,0,17
290465,4,1,0,0,0,0,0,0,0,0,0,0
290466,1,1,20,20,20,20,20,20,20,20,20,20
290467,1,1,0,0,0,0,0,0,0,0,0,0
290467,2,1,0,0,25,0,0,0,0,0,0,0
290468,1,1,11,11,11,11,11,11,11,11,11,11
290469,1,1,20,20,20,20,20,20,20,20,20,20
290470,0,1,0,0,0,0,0,0,0,0,0,0
290470,0,2,0,0,0,0,14,0,0,0,0,0
290470,0,3,0,0,0,0,0,0,0,0,0,0
290470,0,4,0,0,27,30,0,0,35,0,12,0
290470,0,5,0,0,17,0,0,0,0,0,0,21
290470,0,6,0,0,0,0,0,0,11,0,0,21
290470,0,7,34,0,0,0,0,0,0,34,9,0
290470,0,8,22,0,25,0,0,0,0,0,0,0
290470,1,1,2,2,2,2,2,2,2,2,2,2
290471,1,1,0,0,0,0,0,0,0,0,0,0
290471,2,1,0,0,0,0,0,0,0,0,0,0
290472,0,1,18,18,18,18,18,18,18,18,18,18
290472,1,1,0,0,0,0,0,0,0,0,0,0
290473,1,1,12,12,12,12,12,12,12,12,12,12
290474,1,1,4,4,4,4,4,4,4,4,4,4
290474,2,1,0,0,0,0,0,0,0,0,0,0
290475,1,1,18,28,12,9,0,4,5,19,0,27
290476,1,1,0,0,0,0,0,0,0,0,0,0
290477,1,1,0,0,0,20,21,0,0,0,0,0
290478,1,1,0,0,0,0,0,0,0,0,0,0
290478,2,1,0,0,0,0,0,0,0,0,0,0
290479,0,1,0,0,0,0,0,0,0,0,0,0
290479,1,1,0,0,0,0,0,0,0,0,0,0
290480,1,1,0,0,0,0,0,0,0,0,0,0
290480,2,1,0,0,0,0,0,0,0,0,0,0
290481,1,1,23,6,0,23,13,6,29,0,20,25
290482,0,1,6,6,6,6,6,6,6,6,6,6
290482,1,1,14,0,36,27,45,0,45,22,0,0
290483,1,1,0,0,0,0,0,0,0,0,0,0
290484,1,1,0,0,0,0,0,0,0,0,0,0
290484,2,1,0,0,0,0,0,0,0,0,0,0
290485,1,1,18,0,0,0,0,0,16,0,0,19
290486,1,1,0,0,26,0,0,0,0,11,0,0
290487,1,1,24,24,24,24,24,24,24,24,24,24
290488,1,1,0,0,0,0,0,0,0,0,0,10
290489,1,1,0,0,0,0,0,0,0,0,0,0
290490,1,1,6,6,6,6,6,6,6,6,6,6
290490,2,1,10,29,30,20,19,11,8,0,7,15
290491,1,1,11,8,14,0,30,0,14,0,19,0
290492,1,1,15,15,15,15,15,15,15,15,15,15
290493,1,1,14,14,14,14,14,14,14,14,14,14
290493,2,1,0,0,0,0,0,0,0,0,0,0
290494,1,1,3,3,3,3,3,3,3,3,3,3
290494,2,1,13,13,13,13,13,13,13,13,13,13
290495,1,1,16,36,23,26,15,10,19,0,12,11
290496,1,1,0,0,0,0,0,0,0,0,0,0
290497,1,1,8,12,8,29,6,13,33,5,7,9
290498,1,1,7,0,0,0,0,9,0,0,0,0
290499,1,1,0,0,0,0,0,0,0,0,0,0
290500,0,1,0,23,11,0,0,13,26,8,0,0
290500,1,1,0,0,0,0,0,0,0,0,16,0
290501,1,1,0,0,0,0,0,0,0,0,0,0
290502,0,1,0,0,0,0,0,0,0,0,0,0
290502,0,2,0,0,0,0,14,26,0,0,0,20
290502,1,1,0,0,0,0,0,0,0,0,0,0
290504,1,1,23,23,23,23,23,23,23,23,23,23
290504,2,1,0,0,0,0,0,0,0,0,0,0
290505,1,1,0,0,0,0,0,0,0,0,0,0
290506,1,1,0,0,0,0,0,0,0,0,0,0
290506,2,1,0,0,0,0,0,25,0,0,0,0
290507,1,1,0,0,0,0,0,0,0,0,0,0
290507,2,1,0,0,0,0,0,0,0,0,0,0
290508,1,1,0,0,0,0,0,0,0,0,0,0
290508,2,1,0,0,2,0,0,0,0,0,0,0
290509,1,1,0,18,0,0,0,0,0,0,0,0
290509,2,1,0,0,0,0,0,0,0,0,0,0
290509,3,1,0,0,0,0,0,0,0,0,0,0
290510,0,1,12,12,12,12,12,12,12,12,12,12
290510,1,1,0,0,0,0,0,0,0,0,0,0
290511,1,1,0,0,0,0,0,0,0,0,0,0
290511,2,1,0,0,0,0,0,0,0,0,0,0
290512,1,1,0,0,0,0,0,0,0,0,0,0
290512,2,1,0,0,0,0,0,0,0,0,0,0
290513,1,1,9,9,9,9,9,9,9,9,9,9
290513,2,1,0,0,0,0,0,0,0,0,0,0
290514,1,1,0,0,0,0,0,0,0,0,0,0
290514,2,1,0,0,0,0,0,0,0,0,0,0
290515,1,1,0,13,0,0,18,0,25,0,10,0
290516,1,1,0,0,0,0,0,0,0,0,0,0
290516,2,1,0,0,0,0,0,0,0,0,0,0
290518,1,1,0,0,0,0,0,0,0,0,0,0