ST_CASE,VEH_NO,PER_NO,P1,P2,P3,P4,P5,P6,P7,P8,P9,P10
290518,2,1,0,0,0,0,0,0,0,0,0,0
290519,1,1,6,8,0,15,22,6,0,21,17,0
290519,2,1,0,0,0,0,0,0,0,0,0,0
290520,1,1,14,14,14,14,14,14,14,14,14,14
290521,1,1,18,18,18,18,18,18,18,18,18,18
290522,1,1,8,8,8,8,8,8,8,8,8,8
290523,0,1,0,0,0,0,0,0,0,0,0,0
290523,0,2,19,0,16,0,28,10,35,0,0,20
290523,1,1,0,0,0,0,0,0,0,0,0,0
290524,1,1,10,10,10,10,10,10,10,10,10,10
290525,1,1,0,6,0,0,0,0,12,14,0,14
290526,1,1,0,0,0,0,0,0,0,0,0,0
290527,1,1,0,0,0,0,0,0,0,0,0,0
290528,1,1,0,0,0,0,0,0,0,0,0,0
290528,2,1,0,0,0,0,0,0,0,0,0,0
290529,1,1,0,0,0,0,0,0,0,0,0,0
290530,1,1,28,28,28,28,28,28,28,28,28,28
290531,1,1,0,0,0,0,0,0,0,0,0,0
290532,1,1,0,0,0,0,0,0,0,0,0,0
290532,2,1,0,0,0,0,0,0,0,0,0,0
290533,0,1,20,20,20,20,20,20,20,20,20,20
290533,1,1,0,0,22,17,22,0,3,0,8,0
290534,1,1,0,0,0,0,0,0,0,0,0,0
290534,2,1,0,0,0,0,0,0,0,0,0,0
290535,1,1,0,0,16,0,0,0,0,0,0,0
290535,2,1,0,0,0,0,0,0,0,0,0,0
290536,1,1,13,13,13,13,13,13,13,13,13,13
290537,1,1,14,14,14,14,14,14,14,14,14,14
290538,1,1,7,7,7,7,7,7,7,7,7,7
290539,1,1,0,0,0,0,0,0,0,0,0,0
290539,2,1,21,21,21,21,21,21,21,21,21,21
290540,0,1,24,24,24,24,24,24,24,24,24,24
290540,1,1,0,33,0,28,0,15,0,0,0,0
290541,1,1,5,5,5,5,5,5,5,5,5,5
290542,1,1,30,12,31,7,6,13,0,26,24,13
290543,1,1,0,0,0,0,0,0,0,0,0,0
290544,1,1,12,12,12,12,12,12,12,12,12,12
290545,1,1,0,0,0,0,0,13,4,0,0,0
290545,2,1,0,0,0,0,0,6,0,0,0,0
290545,3,1,0,0,0,0,0,0,0,0,0,0
290546,1,1,16,16,16,16,16,16,16,16,16,16
290546,2,1,0,0,0,0,0,0,0,0,0,0
290547,1,1,0,0,0,0,0,0,0,0,0,0
290547,2,1,0,0,0,0,10,9,0,0,0,0
290547,3,1,0,0,0,0,0,0,0,0,0,0
290549,1,1,0,0,0,0,0,0,0,0,0,0
290549,2,1,0,0,0,0,0,0,0,0,0,0
290550,1,1,1,1,1,1,1,1,1,1,1,1
290551,1,1,0,0,0,0,0,0,0,0,0,0
290552,1,1,6,23,0,0,9,0,0,0,0,0
290552,2,1,0,0,0,0,0,0,0,0,0,0
290553,1,3,0,0,0,0,19,0,16,0,0,0
290554,1,1,0,0,0,0,0,0,0,0,0,0
290554,2,1,0,0,0,0,0,0,0,0,0,0
290555,1,1,18,18,18,18,18,18,18,18,18,18
290555,2,1,0,0,0,0,0,0,0,0,0,0
290556,1,1,0,0,0,0,0,0,0,0,0,0
290556,2,1,0,0,0,0,0,0,0,0,0,0
290557,1,1,0,0,0,0,0,0,0,0,0,0
290557,2,1,0,0,0,0,0,0,0,0,0,0
290558,1,1,0,0,0,0,0,0,0,0,0,0
290559,1,1,0,0,0,0,0,0,0,0,0,0
290560,1,1,0,0,0,0,0,0,0,0,0,0
290560,2,1,10,0,0,0,0,0,0,0,0,0
290561,1,1,0,0,0,0,0,0,0,0,0,0
290561,2,1,0,0,0,0,0,0,0,0,0,0
290561,3,1,0,0,0,0,0,0,0,0,0,0
290561,4,1,0,0,0,0,0,0,0,0,0,0
290562,1,1,0,0,0,0,0,0,0,0,0,0
290563,1,1,2,2,2,2,2,2,2,2,2,2
290564,1,1,29,29,29,29,29,29,29,29,29,29
290565,1,1,0,0,0,0,0,0,0,0,0,0
290566,0,1,0,0,0,0,0,0,0,0,0,0
290566,1,1,0,0,0,0,0,0,0,0,0,0
290567,1,1,0,0,0,0,0,0,0,0,0,0
290567,2,1,0,0,0,0,0,0,0,0,0,0
290568,1,1,0,0,0,0,0,0,0,0,0,0
290568,2,1,0,0,0,0,0,0,0,0,0,0
290569,1,1,23,23,23,23,23,23,23,23,23,23
290570,1,1,16,16,16,16,16,16,16,16,16,16
290571,1,1,0,0,0,0,0,0,0,0,0,0
290571,2,1,0,0,0,0,0,7,0,0,0,0
290572,1,1,12,12,12,12,12,12,12,12,12,12
290573,1,1,17,17,17,17,17,17,17,17,17,17
290574,1,1,24,24,24,24,24,24,24,24,24,24
290575,1,1,17,17,17,17,17,17,17,17,17,17
290576,1,1,18,18,18,18,18,18,18,18,18,18
290576,2,1,0,0,0,0,0,0,0,0,0,0
290577,1,1,0,14,24,0,23,0,0,0,0,17
290577,2,1,0,0,0,0,0,0,0,0,0,0
290578,1,1,0,0,0,0,0,0,0,0,0,0
290579,1,1,0,0,0,0,0,0,0,0,0,0
290579,2,1,0,0,0,0,0,0,0,0,0,0
290580,1,1,16,16,16,16,16,16,16,16,16,16
290581,1,1,25,25,25,25,25,25,25,25,25,25
290581,2,1,0,0,0,0,0,0,0,0,0,0
290582,1,1,0,0,0,0,0,0,0,0,0,0
290582,2,1,2,2,2,2,2,2,2,2,2,2
290583,1,1,0,0,0,0,0,0,0,0,0,0
290583,2,1,0,0,0,0,0,0,0,0,0,0
290584,1,1,0,0,0,0,0,0,0,0,0,0
290585,1,1,0,0,13,0,0,0,0,0,0,0
290585,2,1,0,5,0,0,10,0,7,0,0,0
290585,3,1,0,3,27,0,4,18,0,0,23,16
290586,1,1,16,16,16,16,16,16,16,16,16,16
290586,2,1,5,5,5,5,5,5,5,5,5,5
290587,1,1,11,11,11,11,11,11,11,11,11,11
290588,1,1,0,0,0,0,0,0,0,0,0,0
290589,1,1,0,0,0,19,0,0,5,0,0,0
290590,1,1,0,0,0,0,0,0,0,0,0,0
290590,2,1,0,0,0,0,0,0,0,0,0,0
290590,3,1,0,0,0,0,0,0,0,0,0,0
290591,1,1,20,20,20,20,20,20,20,20,20,20
290592,1,1,0,0,0,0,0,0,0,0,0,0
290593,0,1,0,0,0,0,0,0,0,0,0,0
290593,1,1,0,0,0,0,0,0,0,0,0,0
290594,1,1,17,17,17,17,17,17,17,17,17,17
290595,1,1,7,16,8,20,14,15,21,9,6,10
290595,2,1,23,23,23,23,23,23,23,23,23,23
290596,1,1,0,0,0,0,0,0,0,0,0,0
290596,2,1,0,0,0,0,0,0,0,0,0,0
290597,1,1,19,19,19,19,19,19,19,19,19,19
290598,1,1,9,9,9,9,9,9,9,9,9,9
290599,1,1,27,27,27,27,27,27,27,27,27,27
290600,1,1,0,0,0,0,13,0,0,0,0,0
290601,1,1,2,2,2,2,2,2,2,2,2,2
290602,1,1,12,12,12,12,12,12,12,12,12,12
290603,1,1,7,7,7,7,7,7,7,7,7,7
290604,1,1,19,0,13,17,0,0,0,0,0,0
290604,2,1,5,5,5,5,5,5,5,5,5,5
290605,1,1,0,24,0,0,0,0,10,0,0,0
290605,2,1,0,0,0,0,0,0,0,0,0,0
290606,0,1,21,21,21,21,21,21,21,21,21,21
290606,1,1,8,8,8,8,8,8,8,8,8,8
290607,1,1,11,11,11,11,11,11,11,11,11,11
290607,2,1,0,0,0,0,0,0,0,0,0,0
290608,0,1,0,0,0,0,0,0,0,0,0,0
290608,1,1,0,0,0,0,0,0,0,0,0,0
290609,1,1,0,26,18,0,25,0,23,3,0,34
290610,0,1,19,19,19,19,19,19,19,19,19,19
290610,1,1,7,33,13,0,6,0,23,0,18,25
290611,1,1,0,0,0,0,0,0,0,0,0,0
290611,2,1,0,0,0,0,0,0,0,0,0,0
290612,1,1,0,0,0,0,0,0,0,0,0,0
290613,1,1,14,0,0,20,0,0,15,0,0,0
290614,0,1,0,0,0,13,0,0,0,0,21,0
290614,1,1,0,0,0,0,0,0,0,0,0,0
290615,1,1,0,0,0,0,0,0,0,0,0,0
290615,2,1,0,0,0,0,0,0,0,0,0,0
290616,1,1,11,16,23,21,33,15,13,0,19,7
290617,1,1,0,0,0,0,0,0,0,0,0,0
290617,2,1,0,0,0,0,0,10,0,0,0,0
290618,1,1,0,0,0,0,0,0,0,0,0,0
290618,2,1,0,0,0,0,0,0,28,0,0,0
290619,1,1,0,0,0,0,0,0,0,0,0,0
290619,2,1,0,17,0,0,0,0,0,0,0,0
290620,1,1,0,0,5,0,0,0,0,0,0,0
290621,1,1,0,0,0,0,0,0,0,0,0,0
290622,1,1,13,13,13,13,13,13,13,13,13,13
290622,2,1,0,21,0,0,15,0,0,7,0,0
290623,1,1,0,0,0,0,0,0,0,0,0,0
290624,1,1,0,0,0,0,0,0,0,0,0,0
290624,2,1,0,0,0,0,0,0,0,0,0,0
290625,0,1,17,0,0,0,0,9,0,0,0,0
290625,1,1,0,0,0,0,6,0,0,0,0,0
290626,1,1,0,0,0,0,0,18,19,0,21,12
290627,1,1,0,0,0,0,0,0,0,0,0,0
290628,1,1,0,0,0,0,0,0,0,0,0,0
290628,2,1,0,0,0,0,0,0,0,0,0,0
290629,1,1,20,27,24,0,15,14,0,20,0,0
290630,1,1,15,15,15,15,15,15,15,15,15,15
290631,1,1,0,18,0,0,15,0,17,21,12,0
290632,1,1,0,0,0,0,0,5,0,0,0,0
290633,1,1,11,11,11,11,11,11,11,11,11,11
290634,1,1,0,0,0,0,0,0,0,0,0,0
290635,1,1,0,0,0,0,0,0,0,0,0,0
290635,2,1,0,0,0,0,0,0,0,0,0,0
290636,1,1,0,0,0,0,0,0,0,0,0,0
290636,2,1,0,0,0,0,0,0,0,0,0,0
290636,3,1,0,0,0,0,0,0,0,0,0,0
290637,1,1,0,0,0,0,0,0,0,0,0,0
290638,1,1,0,0,0,0,0,0,0,0,0,0
290639,1,1,16,16,16,16,16,16,16,16,16,16
290639,2,1,0,0,0,0,0,0,0,0,0,0
290640,1,1,0,0,0,0,0,0,0,0,0,0
290641,1,1,0,0,0,0,0,0,0,0,0,0
290641,2,1,0,0,0,0,0,0,0,0,0,0
290642,1,1,8,8,8,8,8,8,8,8,8,8
290643,0,1,28,28,28,28,28,28,28,28,28,28
290643,1,1,0,8,0,24,0,0,0,0,0,0
290644,0,1,0,0,0,0,0,0,0,0,0,0
290644,1,1,0,0,0,0,0,0,0,0,0,0
290645,1,1,14,14,14,14,14,14,14,14,14,14
290646,1,1,0,0,0,0,0,0,0,0,0,0
290646,2,1,0,0,0,0,0,0,0,0,0,0
290647,1,1,0,0,0,0,0,0,0,0,0,0
290647,2,1,0,36,0,0,21,0,0,0,0,0
290648,1,1,0,0,0,0,0,0,0,0,0,0
290649,1,1,25,25,25,25,25,25,25,25,25,25
290649,2,1,0,0,0,0,6,0,0,0,0,0
290650,1,1,0,0,0,0,15,0,17,0,0,0
290650,2,1,0,0,0,0,0,0,0,0,0,0
290651,1,1,1,1,1,1,1,1,1,1,1,1
290651,2,1,0,0,0,0,0,0,0,0,0,0
290652,1,1,11,0,24,0,0,15,28,0,13,15
290653,0,1,9,9,9,9,9,9,9,9,9,9
290653,1,1,15,14,0,0,0,0,20,0,7,0
290654,0,1,0,0,0,0,0,0,0,0,0,0
290654,1,1,28,0,0,11,12,21,0,0,18,9
290655,1,1,15,15,15,15,15,15,15,15,15,15
290656,1,1,29,29,29,29,29,29,29,29,29,29
290656,2,1,0,0,0,0,0,0,0,0,0,0
290657,1,1,0,0,0,0,0,0,0,0,0,0
290657,2,1,0,0,0,0,0,0,0,0,0,0
290658,1,1,0,0,0,0,0,0,0,0,0,0
290660,1,1,0,0,0,0,0,0,0,0,0,0
290660,2,1,18,0,14,9,0,9,10,0,16,19
290661,1,1,20,20,20,20,20,20,20,20,20,20
290662,1,1,16,16,16,16,16,16,16,16,16,16
290662,2,1,0,0,0,0,0,0,0,0,0,0
290663,1,1,0,0,0,0,0,0,0,0,0,0
290665,1,1,0,0,0,0,0,0,0,0,0,0
290665,2,1,0,0,0,0,0,0,0,0,0,0
290665,3,1,0,0,0,0,0,0,0,0,0,0
290665,4,1,0,0,0,0,0,0,0,0,0,0
290666,1,1,26,26,26,26,26,26,26,26,26,26
290667,1,1,21,21,21,21,21,21,21,21,21,21
290667,2,1,0,0,0,0,37,16,0,36,0,0
290668,1,1,0,0,0,0,0,0,0,0,0,0
290668,2,1,0,0,0,0,0,0,0,0,0,0
290669,1,1,0,0,0,0,0,0,0,0,0,0
290669,2,1,0,0,0,0,0,0,0,0,0,0
290669,3,1,0,0,0,0,0,0,0,0,0,0
290670,1,1,0,0,0,0,0,0,0,0,0,0
290670,2,1,0,0,0,0,0,0,0,0,0,0
290671,1,1,0,0,0,0,0,0,0,0,0,0
290671,2,1,0,0,0,0,0,0,0,0,0,0
290672,1,1,14,23,12,22,16,12,23,13,15,4
290673,1,1,0,0,0,25,0,7,0,0,0,19
290674,0,1,0,0,0,0,0,0,0,0,0,0
290675,0,1,0,22,15,0,0,23,0,0,0,0
290675,1,1,0,0,0,0,0,0,0,0,0,0
290676,1,1,0,0,18,0,0,0,0,0,7,0
290677,1,1,0,0,0,0,0,0,0,0,14,0
290677,2,1,24,24,24,24,24,24,24,24,24,24
290678,1,1,20,20,20,20,20,20,20,20,20,20
290679,0,1,0,0,0,0,0,0,0,0,0,0
290679,1,1,0,0,0,0,0,0,0,0,0,0
290680,1,1,0,0,0,0,0,0,0,0,0,0
290681,0,1,20,9,0,20,31,22,15,34,7,25
290681,1,1,0,0,0,0,0,0,0,0,0,0
290682,1,1,24,0,0,0,22,0,29,34,27,0
290683,1,1,0,0,0,0,0,0,0,0,0,0
290683,2,1,0,0,0,0,0,0,0,0,0,0
290684,1,1,13,10,15,22,20,0,10,0,0,2
290685,1,1,18,18,18,18,18,18,18,18,18,18
290685,2,1,0,0,0,0,0,0,0,0,0,0
290686,1,1,0,0,0,0,0,0,0,0,0,0
290686,2,1,14,0,0,0,14,0,0,0,0,0
290686,3,1,0,0,0,0,0,0,0,0,0,0
290687,1,1,0,0,0,0,0,21,0,0,0,0
290687,2,1,0,0,0,0,0,0,0,0,0,0
290688,1,1,32,32,32,32,32,32,32,32,32,32
290689,1,1,0,0,0,0,0,0,0,0,0,0
290690,0,1,0,34,35,0,0,0,0,15,0,0
290690,1,1,0,0,0,0,0,0,0,0,0,0
290691,1,1,0,0,0,0,0,0,0,0,0,0
290691,2,1,0,32,0,0,0,0,19,0,0,0
290692,1,1,0,0,0,0,0,0,0,0,0,0
290693,0,1,22,22,22,22,22,22,22,22,22,22
290693,1,1,0,6,0,0,0,0,0,26,0,0
290693,2,1,0,0,0,30,0,0,0,29,0,0
290694,1,1,25,25,25,25,25,25,25,25,25,25
290695,1,1,0,0,0,0,0,0,0,0,0,0
290695,2,1,0,0,0,0,0,0,0,0,0,0
290696,1,1,19,19,19,19,19,19,19,19,19,19
290697,1,1,0,0,0,15,0,0,0,0,0,0
290697,2,1,0,0,0,0,0,0,0,0,0,0
290698,1,1,5,5,5,5,5,5,5,5,5,5
290699,0,1,0,0,0,0,0,0,0,0,0,0
290699,1,1,0,0,0,0,0,0,0,0,0,0
290700,1,1,0,0,0,0,0,0,18,0,0,0
290701,1,1,0,0,0,0,0,0,0,0,0,0
290702,1,1,0,0,0,0,0,0,0,0,0,0
290702,2,1,0,0,0,0,0,0,0,0,0,0
290703,1,1,0,0,0,0,0,0,0,0,0,0
290703,2,1,0,0,0,0,0,0,0,0,0,0
290704,1,1,0,0,0,0,0,0,0,0,0,0
290705,1,1,0,0,0,0,0,0,0,0,0,0
290706,1,1,13,0,0,0,0,0,0,0,0,18
290707,1,1,23,23,23,23,23,23,23,23,23,23
290708,0,1,0,0,25,0,0,0,0,0,9,0
290708,1,1,0,0,0,23,0,14,15,0,11,13
290709,1,1,25,25,25,25,25,25,25,25,25,25
290710,1,1,10,10,10,10,10,10,10,10,10,10
290710,2,1,11,11,11,11,11,11,11,11,11,11
290711,1,1,0,0,0,0,25,14,12,0,15,0
290712,1,1,0,0,0,0,0,0,0,0,0,0
290713,1,1,0,0,0,0,0,0,0,0,0,0
290714,0,1,0,0,0,0,0,0,0,0,0,0
290714,1,1,0,0,0,0,0,0,0,0,0,0
290715,1,1,16,16,16,16,16,16,16,16,16,16
290716,1,1,0,0,0,0,0,0,0,0,0,0
290716,2,1,0,0,0,0,0,0,0,0,0,0
290716,3,1,0,0,0,0,0,0,0,0,0,0
290717,1,1,0,0,0,0,0,0,0,0,0,0
290717,2,1,0,0,0,0,0,0,0,0,0,0
290718,1,1,13,0,0,0,0,11,0,0,0,8
290719,1,1,23,23,23,23,23,23,23,23,23,23
290720,0,1,16,16,16,16,16,16,16,16,16,16
290720,2,1,0,0,0,0,0,0,0,0,0,0
290721,0,1,13,13,13,13,13,13,13,13,13,13
290721,1,1,0,0,0,0,0,0,0,0,0,0
290722,1,5,39,44,10,22,9,9,0,0,19,0
290722,2,1,0,0,0,0,0,0,0,0,0,0
290723,1,1,0,0,0,0,0,0,0,0,0,0
290723,2,1,0,0,0,0,0,0,0,0,0,0
290724,1,1,0,0,0,0,0,0,0,0,0,0
290724,2,1,0,0,5,0,0,13,4,7,0,2
290725,1,1,0,0,0,0,0,0,0,0,0,0
290726,1,1,0,0,0,0,0,0,0,0,0,42
290727,1,1,0,16,0,0,0,10,10,8,0,0
290727,2,1,0,0,0,0,0,0,0,0,0,0
290728,0,1,0,0,0,0,0,0,0,0,0,0
290728,1,1,0,0,0,0,0,0,0,0,0,0
290729,1,1,0,0,20,13,0,0,28,0,0,0
290729,2,1,0,0,0,0,0,0,0,0,0,0
290730,1,1,0,0,0,0,0,0,0,0,0,0
290730,2,1,0,0,0,0,0,0,0,11,0,0
290731,1,1,11,11,11,11,11,11,11,11,11,11
290732,1,1,0,0,0,0,0,0,0,0,0,0
290732,2,1,0,0,0,0,0,0,0,0,0,0
290733,1,1,5,12,0,0,14,0,0,0,17,22
290734,1,1,0,0,0,36,0,0,0,25,0,0
290735,1,1,1,1,1,1,1,1,1,1,1,1
290736,1,1,19,19,19,19,19,19,19,19,19,19
290737,1,1,0,0,0,0,0,0,0,0,0,0
290738,1,1,0,0,0,0,0,0,0,0,0,0
290738,2,1,0,0,0,0,0,0,0,0,0,0
290739,1,1,15,15,15,15,15,15,15,15,15,15
290739,2,1,0,0,0,0,0,0,0,0,0,0
290740,1,1,0,0,0,0,0,0,0,0,0,0
290740,2,1,0,0,0,0,0,0,0,0,0,0
290741,0,1,0,0,0,0,0,0,0,0,0,0
290741,1,1,0,0,0,0,0,0,0,0,0,0
290742,1,1,0,0,0,0,0,0,0,0,0,0
290743,1,1,16,16,16,16,16,16,16,16,16,16
290744,0,1,0,0,0,0,0,0,0,0,0,0
290744,1,1,0,0,0,24,0,0,0,0,0,0
290745,1,1,0,0,0,0,0,0,0,0,0,0
290747,1,1,0,0,0,0,0,0,0,0,0,0
290747,2,1,0,0,0,0,0,0,0,0,0,0
290748,1,1,0,0,0,0,0,0,0,0,0,0
290748,2,1,0,0,0,0,0,0,0,0,0,0
290748,3,1,0,0,0,0,0,0,0,0,0,0
290749,1,1,0,9,0,0,0,0,0,18,0,19
290750,1,1,0,0,0,0,0,0,0,0,0,0
290750,2,1,0,0,0,0,0,19,0,0,0,0
290750,3,1,0,0,0,0,0,0,0,0,0,0
290751,1,1,0,0,0,0,0,0,0,0,0,0
290751,2,1,0,0,0,0,0,0,0,0,0,0
290752,1,1,0,0,0,0,0,0,0,0,0,0
290753,1,1,0,0,0,0,0,0,0,0,0,0
290753,2,1,0,0,0,0,0,0,33,0,0,0
290754,1,1,0,0,0,0,0,0,0,0,0,0
290754,2,1,0,0,0,0,0,0,0,0,0,0
290755,1,1,36,36,36,36,36,36,36,36,36,36
290756,1,1,0,0,0,0,0,0,0,0,6,0
290756,2,1,0,0,0,0,0,0,0,0,0,0
290757,1,1,17,17,17,17,17,17,17,17,17,17
290758,1,1,0,0,0,0,0,0,0,0,0,0
290758,2,1,0,0,0,0,0,0,0,0,0,0
290758,3,1,0,0,0,0,0,0,0,0,0,0
290758,4,1,0,0,0,0,0,0,0,0,0,0
290758,5,1,0,0,0,0,0,0,0,0,0,0
290759,1,1,0,0,0,0,0,0,0,0,0,0
290759,2,1,0,0,0,0,0,0,0,0,0,0
290760,1,1,14,51,23,0,13,21,0,0,0,0
290760,2,1,0,0,0,0,0,0,0,0,0,0
290761,1,1,29,29,29,29,29,29,29,29,29,29
290762,0,1,11,11,11,11,11,11,11,11,11,11
290762,1,1,14,14,14,14,14,14,14,14,14,14
290763,1,1,22,0,0,0,15,10,0,29,11,5
290764,1,1,23,5,9,0,6,10,10,11,0,20
290765,1,1,0,3,14,11,22,0,0,0,0,0
290765,2,1,0,0,0,13,0,0,0,0,0,0
290766,1,1,22,22,22,22,22,22,22,22,22,22
290766,2,1,0,0,0,0,0,0,0,0,0,0
290766,3,1,0,0,0,0,0,0,0,0,0,0
290766,4,1,0,0,0,16,0,8,0,0,0,0
290767,1,1,0,0,0,0,0,0,0,0,0,0
290768,0,1,0,0,0,0,0,0,0,0,0,0
290768,0,2,0,0,0,0,0,0,0,0,0,0
290768,1,1,0,0,0,0,0,0,0,0,0,0
290768,2,1,0,0,0,0,0,0,0,0,0,0
290769,0,1,0,0,0,0,0,0,0,0,0,0
290769,1,1,0,0,0,0,0,0,0,0,0,0
290770,0,1,0,13,0,0,0,0,0,12,0,6
290770,1,1,0,0,0,0,0,0,0,0,0,0
290771,0,1,0,0,0,0,0,0,0,0,0,0
290771,1,1,0,0,0,0,0,0,0,0,0,0
290772,1,1,13,13,13,13,13,13,13,13,13,13
290772,2,1,0,0,0,0,0,0,0,0,0,0
290773,1,1,26,26,26,26,26,26,26,26,26,26
290774,1,1,0,0,0,0,0,0,0,0,0,0
290774,2,1,0,0,0,0,0,0,0,0,0,0
290775,0,1,18,0,24,0,13,0,0,0,0,25
290775,1,1,0,0,0,0,0,0,0,0,0,0
290776,1,1,0,0,0,0,0,0,0,0,0,0
290777,0,1,0,0,0,0,0,0,0,9,0,0
290777,1,1,0,0,0,0,0,0,0,0,0,0
290778,1,1,18,18,18,18,18,18,18,18,18,18
290779,1,1,0,0,0,0,0,0,0,0,0,0
290780,1,1,0,0,0,0,0,0,0,0,0,0
290780,2,1,0,0,0,0,0,0,0,0,0,0
290781,1,1,0,0,0,0,0,0,0,0,0,0
290781,2,1,23,0,0,0,0,25,0,0,14,0
290782,1,1,0,0,28,0,0,0,0,0,15,0
290782,2,1,0,0,0,0,0,0,0,0,0,0
290783,1,1,0,0,0,0,0,0,0,0,0,0
290784,0,1,3,0,0,0,29,13,0,0,0,0
290784,1,1,25,0,0,26,25,0,0,0,0,11
290785,1,1,6,6,6,6,6,6,6,6,6,6
290786,1,1,20,20,20,20,20,20,20,20,20,20
290787,1,1,0,0,0,0,0,0,0,0,0,0
290787,2,1,0,0,0,0,0,0,0,0,0,0
290787,3,1,0,0,0,0,0,0,0,0,0,0
290788,1,1,4,4,4,4,4,4,4,4,4,4
290789,1,1,0,0,0,0,0,0,0,16,0,16
290789,2,1,0,0,0,0,0,0,0,0,0,0
290790,1,3,0,0,0,0,26,0,15,0,5,0
290791,1,1,0,0,0,0,0,0,0,0,0,0
290792,1,1,0,0,0,0,0,0,0,0,0,0
290792,2,1,0,0,0,0,0,0,0,0,0,0
290794,0,1,0,0,0,0,0,0,0,0,0,0
290794,1,1,0,0,0,0,0,0,0,0,0,0
290795,1,1,0,0,0,0,0,0,0,0,0,0
290796,1,1,0,0,0,0,0,0,0,0,0,0
290796,2,1,0,0,0,0,0,0,0,0,0,0
290797,0,1,12,12,12,12,12,12,12,12,12,12
290797,1,1,0,0,0,0,0,0,0,0,0,0
290798,1,1,5,5,5,5,5,5,5,5,5,5
290798,2,1,0,0,0,0,0,0,0,0,0,0
290799,1,1,0,0,0,0,0,0,0,0,0,0
290799,2,1,0,0,0,0,0,0,0,0,0,0
290800,1,1,0,23,0,21,0,0,0,0,0,0
290801,1,1,0,0,0,0,0,0,0,0,0,0
290801,2,1,0,0,0,0,0,0,0,0,0,0
290802,0,1,0,0,0,0,0,0,0,0,0,0
290802,1,1,0,0,0,0,0,0,0,0,0,0
290803,1,1,0,0,0,0,0,0,0,0,0,0
290803,2,1,0,0,0,0,0,0,0,0,0,0
290803,3,1,0,0,0,0,0,0,0,0,0,0
290803,4,1,0,0,0,0,0,0,0,0,0,0
290803,5,1,0,0,0,0,0,0,0,0,0,0
290804,1,1,0,0,16,33,0,0,0,0,0,0
290804,2,1,0,0,0,0,0,0,0,0,0,0
290805,1,1,0,0,0,0,0,0,0,0,0,0
290805,2,1,0,0,0,0,0,0,0,0,0,0
290806,1,1,0,0,0,0,0,0,0,0,0,0
290807,1,1,0,0,0,0,0,0,0,0,0,0
290807,2,1,0,0,0,0,0,0,0,0,0,0
290808,1,1,2,2,2,2,2,2,2,2,2,2
290809,1,2,0,0,0,1,0,0,0,0,0,26
290810,1,1,20,20,20,20,20,20,20,20,20,20
290810,2,1,0,0,0,0,0,0,0,0,0,0
290812,1,1,22,22,22,22,22,22,22,22,22,22
290813,1,1,0,0,0,0,0,0,0,0,0,0
290813,2,1,0,0,0,0,0,0,0,0,0,0
290815,0,1,0,0,0,0,0,0,0,0,0,0
290815,1,1,0,0,0,0,0,0,0,0,0,0
290816,1,1,0,0,0,0,0,0,0,0,0,0
290817,1,1,0,0,0,0,0,0,0,0,0,0
290817,2,1,0,0,0,0,0,0,0,0,0,0
290817,3,1,0,0,0,0,0,0,0,0,0,0
290818,0,1,0,0,0,0,0,0,0,0,0,0
290818,1,1,0,0,0,0,0,0,0,0,0,0
290819,1,1,0,0,0,0,0,9,0,13,0,0
290819,2,1,0,0,0,0,0,0,22,0,0,17
290820,1,1,0,0,0,0,0,0,0,0,0,0
290820,2,1,0,0,0,0,0,0,0,0,0,0
290821,1,1,0,0,0,0,0,0,0,0,0,0
290821,2,1,16,0,0,0,0,0,21,0,0,0
290822,1,1,0,24,0,10,0,0,0,0,0,0
290822,2,1,0,0,0,0,0,0,0,0,0,0
290823,1,1,0,14,0,0,0,10,0,5,0,6
290823,2,1,0,0,0,0,0,0,0,0,0,0
290824,1,1,19,19,19,19,19,19,19,19,19,19
290825,1,1,0,0,0,0,0,0,0,0,0,0
290825,2,1,0,0,0,0,0,0,0,0,0,0
290825,3,1,0,0,0,0,0,0,0,0,0,0
290825,4,1,0,0,0,0,0,0,0,0,0,0
290825,5,1,0,0,10,0,0,0,0,0,0,0
290825,6,1,40,0,0,0,0,0,0,0,0,0
290826,1,1,6,6,6,6,6,6,6,6,6,6
290826,2,1,23,0,0,0,0,0,0,0,0,0
290827,0,1,0,0,0,0,0,0,0,0,0,0
290827,0,2,0,0,0,0,0,0,0,0,0,0
290827,0,3,0,0,0,0,0,0,0,0,0,0
290827,1,1,0,0,0,0,0,0,0,0,0,0
290828,1,1,0,0,0,0,0,0,0,0,0,0
290828,2,1,0,0,0,0,0,0,0,0,0,0
290829,1,1,0,0,0,0,0,0,0,0,0,0
290830,0,1,19,19,19,19,19,19,19,19,19,19
290830,1,1,0,0,0,0,0,0,0,0,0,0
290831,1,1,0,0,0,0,0,0,0,0,0,0
290831,2,1,0,0,0,0,0,0,0,0,0,0