ST_CASE,VEH_NO,PER_NO,P1,P2,P3,P4,P5,P6,P7,P8,P9,P10
290832,1,1,0,0,0,0,0,0,0,0,0,0
290833,0,1,21,21,21,21,21,21,21,21,21,21
290833,1,1,0,0,0,0,0,0,0,0,0,0
290834,0,1,21,21,21,21,21,21,21,21,21,21
290834,1,1,0,0,18,14,18,20,0,13,9,24
290835,1,1,0,0,0,0,0,0,0,0,0,0
290835,2,1,0,0,0,0,0,0,0,0,0,0
290835,3,1,0,0,0,0,0,0,0,0,0,0
290836,1,1,0,0,0,0,0,0,0,0,0,0
290836,2,1,0,0,0,0,0,0,0,0,0,0
290837,1,1,18,10,11,8,21,13,27,5,13,18
290838,1,1,19,10,0,0,0,0,0,15,0,0
290838,2,1,0,0,0,0,0,0,0,0,0,0
290839,1,1,0,0,0,0,0,0,0,0,0,0
290840,1,1,16,16,16,16,16,16,16,16,16,16
290841,1,1,0,17,0,5,8,0,21,0,19,0
290841,2,1,0,0,0,0,0,0,0,0,0,0
290842,1,1,0,0,0,0,0,0,0,0,0,0
290843,1,1,0,0,0,0,0,0,0,0,0,0
290844,1,1,0,0,0,0,0,0,0,0,0,0
290846,0,1,37,0,12,0,12,0,23,0,13,4
290846,2,1,0,0,0,0,0,0,0,0,0,0
290847,1,1,0,0,0,0,0,0,0,0,0,0
290848,1,1,0,0,0,0,0,0,0,0,0,0
290849,0,1,20,20,20,20,20,20,20,20,20,20
290849,1,1,0,0,0,0,0,0,0,0,0,0
290850,1,1,0,0,0,0,0,0,0,0,0,0
290851,1,1,0,37,0,0,0,5,0,0,0,0
290852,1,1,17,0,0,0,20,10,14,10,0,14
290853,1,1,30,30,30,30,30,30,30,30,30,30
290855,1,1,0,24,26,0,0,0,0,0,0,14
290856,1,1,0,0,0,0,0,0,0,0,0,0
290856,2,1,0,0,0,0,0,0,0,0,0,0
290857,0,1,0,0,0,0,0,0,0,0,0,0
290857,1,1,14,0,0,0,0,0,0,13,9,0
290858,0,1,1,1,1,1,1,1,1,1,1,1
290858,1,1,0,0,0,0,0,0,0,0,0,0
290859,1,1,0,0,0,0,0,0,0,0,0,0
290859,2,1,0,0,0,0,0,0,0,0,0,0
290860,1,1,0,0,0,0,0,19,7,15,0,0
290861,1,1,0,0,0,0,0,0,0,0,0,0
290861,2,1,0,0,0,0,0,0,0,0,0,0
290861,3,1,0,0,0,0,0,0,0,0,0,0
290862,1,1,0,0,0,0,0,0,0,0,0,0
290863,0,1,0,0,0,11,0,0,0,0,0,0
290863,1,1,0,0,0,0,0,0,0,0,0,0
290864,1,1,0,0,0,0,0,0,0,0,0,0
290865,1,1,11,11,11,11,11,11,11,11,11,11
290865,2,1,0,0,0,0,0,0,0,0,0,0
290866,0,1,10,16,0,0,0,0,0,9,0,0
290866,1,1,0,0,0,0,0,0,0,0,0,0
290867,1,1,23,23,23,23,23,23,23,23,23,23
290867,2,1,0,0,0,0,0,0,0,0,0,0
290868,1,1,0,0,0,0,0,0,0,0,0,0
290869,0,1,0,0,0,0,0,0,0,0,0,0
290869,1,1,0,0,0,39,0,0,24,0,13,0
290870,0,1,0,8,0,25,13,5,23,0,18,22
290870,1,1,0,0,0,0,0,0,0,0,0,0
290871,0,1,26,26,26,26,26,26,26,26,26,26
290871,1,1,0,0,0,0,0,0,0,0,0,0
290872,1,1,0,0,0,0,0,0,19,0,0,0
290873,1,1,11,11,11,11,11,11,11,11,11,11
290874,1,1,0,0,0,0,0,0,0,0,0,0
290875,0,1,17,17,17,17,17,17,17,17,17,17
290875,0,2,0,31,9,0,0,0,16,0,0,25
290875,1,1,0,0,0,0,0,0,0,0,0,17
290875,2,1,0,0,0,0,0,0,0,0,0,0
290876,1,1,13,13,0,0,0,0,0,0,0,0
290877,1,1,0,0,0,0,0,0,0,0,0,0
290878,1,1,24,24,24,24,24,24,24,24,24,24
290879,0,1,26,26,26,26,26,26,26,26,26,26
290879,1,1,0,0,0,11,0,0,0,0,0,0
290880,1,1,16,16,16,16,16,16,16,16,16,16
290880,2,1,0,0,0,0,0,0,0,0,0,0
290881,1,1,25,25,25,25,25,25,25,25,25,25
290882,1,1,0,0,0,0,0,0,0,0,0,0
290882,2,1,0,0,0,0,0,0,0,0,0,0
290884,1,1,15,15,15,15,15,15,15,15,15,15
290885,0,1,36,40,21,36,15,0,15,10,2,10
290885,1,1,13,12,14,17,9,17,15,30,7,32
290886,1,1,0,0,0,0,0,0,0,0,0,0
290887,1,1,26,26,26,26,26,26,26,26,26,26
290888,1,1,17,17,17,17,17,17,17,17,17,17
290889,1,1,0,0,0,0,0,0,0,0,0,0
290889,2,1,0,0,0,0,0,0,0,0,0,0
290890,1,1,0,0,0,0,5,0,0,0,0,0
290891,1,1,0,0,0,0,0,0,0,0,0,0
290891,2,1,0,0,0,0,0,0,0,0,0,0
290892,1,1,0,0,0,0,0,0,0,0,0,0
290893,1,1,0,0,0,0,0,0,0,0,0,0
290894,1,1,0,0,0,0,0,0,0,0,0,0
290895,1,1,0,0,0,0,0,0,0,0,0,0
290895,2,1,0,0,0,0,0,0,0,0,0,0
290896,1,1,0,0,0,0,0,0,0,0,0,0
290897,1,1,22,22,22,22,22,22,22,22,22,22
290898,1,1,15,19,20,0,23,0,3,0,0,7
290899,1,1,29,29,29,29,29,29,29,29,29,29
290900,1,1,0,0,0,0,16,0,36,5,0,0
290900,2,1,0,0,0,0,0,0,0,0,0,0
290900,3,1,0,0,19,0,0,0,0,9,0,0
290900,4,1,0,0,0,0,0,0,0,0,0,0
290901,0,1,0,0,0,0,0,0,0,0,0,0
290901,1,1,0,0,0,0,0,0,0,0,0,0
290903,1,1,0,0,0,0,0,0,0,0,0,0
290903,2,1,0,0,0,0,0,0,0,0,0,0
290904,1,1,0,0,0,0,0,0,0,0,0,0
290905,0,1,0,0,0,0,0,0,0,0,0,0
290905,1,1,0,0,0,0,0,0,0,0,0,0
290906,1,1,0,0,0,0,0,0,0,0,0,0
290907,1,1,23,23,23,23,23,23,23,23,23,23
290908,1,1,0,0,0,0,0,0,0,0,0,0
290909,1,1,0,0,27,0,0,0,0,0,0,0
290911,0,1,0,0,0,0,0,0,0,0,0,0
290911,1,1,0,0,0,0,0,0,0,0,0,0
290912,1,1,0,0,0,0,0,0,0,0,0,0
290913,0,1,0,0,0,0,0,0,0,0,0,0
290913,1,1,0,0,0,0,0,0,0,0,0,0
290914,0,1,0,0,0,0,0,0,0,0,0,0
290914,0,2,0,0,0,0,0,0,0,0,0,0
290914,1,1,0,0,0,0,0,0,0,0,0,0
290915,1,1,0,0,28,0,0,0,0,0,0,0
290916,1,1,0,0,0,0,0,0,0,0,0,0
290916,2,1,0,7,0,0,0,0,0,0,0,0
290917,0,1,0,0,0,0,0,0,0,0,0,0
290917,1,1,19,0,0,28,0,0,0,17,0,14
290918,1,1,32,32,32,32,32,32,32,32,32,32
290918,2,1,0,0,0,14,0,0,0,0,0,0
290918,3,1,0,0,0,0,0,0,0,0,0,0
290918,4,1,0,0,0,0,0,0,0,0,0,0
290919,0,1,0,0,0,0,0,0,0,0,0,0
290919,1,1,0,0,0,0,0,0,0,0,0,0
290920,1,1,29,29,29,29,29,29,29,29,29,29
290920,2,1,0,0,0,0,12,0,0,0,0,0
290920,3,1,0,0,0,0,0,0,0,0,0,0
290920,4,1,0,0,0,0,0,0,0,0,0,0
290920,5,1,0,0,0,0,0,0,0,0,0,0
290921,1,1,4,4,4,4,4,4,4,4,4,4
290922,0,1,14,32,30,21,7,33,29,13,38,30
290922,1,1,17,0,0,15,0,16,0,21,0,0
290923,1,1,0,0,0,0,0,0,0,0,0,0
290923,2,1,0,0,0,0,0,0,0,0,0,0
290924,1,1,0,0,0,0,0,0,0,0,8,11
290925,1,1,0,0,0,0,0,0,0,0,0,0
290925,2,1,12,12,12,12,12,12,12,12,12,12
290926,1,1,19,19,19,19,19,19,19,19,19,19
290927,1,1,18,18,18,18,18,18,18,18,18,18
290928,1,1,22,22,22,22,22,22,22,22,22,22
290929,1,1,18,0,11,0,20,0,19,0,0,18
290930,1,1,3,3,3,3,3,3,3,3,3,3
290931,1,1,9,3,10,0,7,19,14,6,17,0
290931,2,1,0,0,0,0,0,0,0,0,0,0
290932,0,1,13,13,13,13,13,13,13,13,13,13
290933,1,1,0,0,0,0,0,0,0,0,0,0
290934,0,1,46,46,46,46,46,46,46,46,46,46
290934,1,1,0,0,0,0,28,0,0,18,21,0
290935,0,1,0,0,0,0,0,0,0,0,0,0
290935,1,1,12,12,12,12,12,12,12,12,12,12
290936,1,1,10,24,0,30,0,0,0,0,0,0
300001,1,1,0,0,0,0,0,0,0,0,0,0
300001,2,1,0,0,0,0,0,0,0,0,0,0
300002,1,1,0,0,0,0,0,0,0,0,0,0
300003,1,1,14,8,21,23,6,21,16,25,19,10
300004,0,1,0,0,0,0,0,0,0,0,0,0
300004,1,1,0,0,0,0,0,0,0,0,0,0
300005,1,1,0,0,0,0,0,0,0,0,0,0
300006,1,1,0,0,0,7,0,0,0,0,0,0
300006,2,1,0,0,0,0,0,0,0,0,0,0
300007,1,1,17,0,0,0,0,0,0,0,0,0
300007,2,1,0,0,0,0,0,0,0,0,0,0
300008,1,1,16,16,16,16,16,16,16,16,16,16
300009,1,1,0,0,0,0,0,0,0,0,0,0
300010,1,1,0,0,0,0,0,0,0,0,0,0
300011,1,1,0,0,0,0,0,0,0,0,0,0
300012,0,1,0,0,0,0,0,0,0,0,0,0
300012,1,1,0,0,0,0,0,0,0,0,0,0
300013,0,1,24,24,24,24,24,24,24,24,24,24
300013,1,1,0,0,0,0,0,0,0,0,0,0
300014,1,1,0,0,0,0,0,0,0,19,0,0
300015,1,1,0,0,0,0,0,0,0,0,0,0
300015,2,1,0,0,0,0,0,0,0,0,0,0
300015,3,1,0,0,0,0,0,0,0,0,0,0
300016,1,1,17,17,17,17,17,17,17,17,17,17
300016,2,1,0,0,0,0,0,0,0,0,0,0
300017,1,1,0,0,0,0,0,0,0,0,0,0
300017,2,1,0,0,0,0,0,0,0,0,0,0
300017,3,1,0,0,0,0,0,0,0,0,0,0
300018,1,1,15,15,15,15,15,15,15,15,15,15
300019,1,1,9,9,9,9,9,9,9,9,9,9
300020,1,1,14,14,14,14,14,14,14,14,14,14
300021,1,1,13,13,13,13,13,13,13,13,13,13
300021,2,1,0,0,0,0,0,0,0,0,0,0
300022,1,1,6,6,6,6,6,6,6,6,6,6
300023,1,1,0,0,0,0,0,0,0,0,0,0
300023,2,1,2,2,2,2,2,2,2,2,2,2
300024,1,1,0,0,0,0,0,0,0,0,0,0
300025,1,1,13,13,13,13,13,13,13,13,13,13
300026,1,1,13,13,13,13,13,13,13,13,13,13
300027,1,1,28,28,28,28,28,28,28,28,28,28
300028,1,1,5,5,5,5,5,5,5,5,5,5
300029,1,1,27,27,27,27,27,27,27,27,27,27
300030,1,1,11,11,11,11,11,11,11,11,11,11
300031,1,1,18,18,18,18,18,18,18,18,18,18
300032,1,1,26,26,26,26,26,26,26,26,26,26
300033,1,1,10,10,10,10,10,10,10,10,10,10
300034,1,1,11,11,11,11,11,11,11,11,11,11
300035,1,1,0,0,0,0,0,0,0,0,24,0
300036,1,1,0,0,0,0,0,0,0,0,0,0
300037,1,1,2,2,2,2,2,2,2,2,2,2
300038,1,1,0,0,0,0,0,0,0,0,0,0
300039,1,1,34,34,34,34,34,34,34,34,34,34
300040,1,1,0,0,0,0,0,0,0,0,0,0
300041,1,1,11,11,11,11,11,11,11,11,11,11
300042,1,1,0,0,0,0,0,0,0,0,0,0
300043,1,1,0,0,0,0,0,0,0,0,0,0
300043,2,1,0,0,0,0,0,0,0,0,0,0
300044,1,1,0,0,0,0,0,0,0,0,0,0
300044,2,1,0,0,0,0,0,0,0,0,0,0
300045,1,1,0,0,0,0,0,0,0,0,0,0
300046,1,1,2,2,2,2,2,2,2,2,2,2
300047,1,1,25,10,4,13,20,27,17,2,26,7
300048,1,1,0,0,0,0,0,0,0,0,0,0
300049,1,1,4,4,4,4,4,4,4,4,4,4
300050,1,1,13,13,13,13,13,13,13,13,13,13
300050,2,1,14,14,14,14,14,14,14,14,14,14
300051,1,1,14,12,13,12,22,8,21,21,20,16
300052,1,1,0,0,0,0,0,0,0,0,0,0
300053,1,1,0,0,0,0,0,0,0,0,0,0
300054,1,1,0,0,0,0,0,0,0,0,0,0
300055,1,1,11,11,11,11,11,11,11,11,11,11
300056,1,1,11,11,11,11,11,11,11,11,11,11
300057,1,1,0,0,0,0,0,0,0,0,0,0
300058,1,1,0,18,15,8,13,13,10,1,6,5
300058,2,1,0,0,0,0,0,0,0,0,0,0
300059,0,1,0,0,0,0,0,0,0,0,0,0
300059,1,1,26,26,26,26,26,26,26,26,26,26
300060,1,1,10,10,10,10,10,10,10,10,10,10
300060,2,1,0,0,0,0,0,0,0,0,0,0
300061,1,1,0,0,0,0,0,0,0,0,0,0
300061,2,1,0,0,0,0,0,0,0,0,0,0
300062,1,1,0,0,0,0,0,0,0,0,0,0
300063,1,1,36,36,36,36,36,36,36,36,36,36
300064,1,1,18,18,18,18,18,18,18,18,18,18
300064,2,1,0,0,0,0,0,0,0,0,0,0
300065,1,1,0,0,0,0,0,0,0,0,0,0
300065,2,1,0,0,0,0,0,0,0,0,0,0
300066,0,1,17,17,17,17,17,17,17,17,17,17
300066,0,2,0,0,0,0,0,0,0,0,0,0
300066,1,1,0,0,0,0,0,0,0,0,0,0
300067,1,1,12,12,12,12,12,12,12,12,12,12
300068,1,1,20,20,20,20,20,20,20,20,20,20
300069,1,1,0,0,0,0,0,0,0,0,0,0
300070,1,1,0,0,0,0,0,0,0,0,0,0
300071,1,1,26,26,26,26,26,26,26,26,26,26
300072,1,1,22,22,22,22,22,22,22,22,22,22
300073,1,1,24,24,24,24,24,24,24,24,24,24
300074,1,1,0,0,0,0,0,0,0,0,0,0
300075,1,1,0,0,0,5,7,0,0,0,0,0
300076,1,1,0,0,0,0,0,0,0,0,0,0
300077,1,1,0,0,0,12,0,5,0,0,0,0
300077,2,1,16,0,4,20,0,0,0,0,26,11
300078,1,1,13,13,13,13,13,13,13,13,13,13
300079,1,1,0,0,0,0,0,0,0,0,0,0
300080,1,1,18,18,18,18,18,18,18,18,18,18
300081,1,1,0,0,0,0,0,0,0,0,0,0
300082,1,1,19,19,19,19,19,19,19,19,19,19
300083,1,1,2,2,2,2,2,2,2,2,2,2
300084,1,1,0,0,0,0,0,0,0,0,0,0
300084,2,1,0,0,0,0,0,0,0,0,0,0
300085,1,1,0,0,0,0,0,0,0,0,0,0
300085,2,1,0,0,0,0,0,0,0,0,0,0
300086,1,1,9,9,9,9,9,9,9,9,9,9
300087,1,1,29,29,29,29,29,29,29,29,29,29
300087,2,1,3,3,3,3,3,3,3,3,3,3
300088,1,1,9,16,25,16,4,9,23,15,18,14
300088,2,1,0,0,0,0,0,0,0,0,0,0
300089,1,1,19,19,19,19,19,19,19,19,19,19
300090,1,1,15,19,12,14,5,0,8,7,26,17
300091,1,1,16,16,16,16,16,16,16,16,16,16
300092,1,1,29,29,29,29,29,29,29,29,29,29
300093,1,1,21,21,21,21,21,21,21,21,21,21
300094,1,1,25,25,25,25,25,25,25,25,25,25
300094,2,1,0,0,0,0,0,0,0,0,0,0
300095,1,1,0,0,0,0,0,0,0,0,0,0
300096,1,1,7,3,3,11,16,8,4,8,18,13
300097,1,1,0,0,0,0,0,0,0,0,0,0
300098,1,1,13,13,13,13,13,13,13,13,13,13
300098,2,1,0,0,0,0,0,0,0,0,0,0
300099,1,1,0,0,0,0,0,0,0,0,0,0
300099,2,1,0,0,0,0,0,0,0,0,0,0
300100,1,1,17,17,17,17,17,17,17,17,17,17
300100,2,1,0,0,0,0,0,0,0,0,0,0
300101,1,1,0,0,0,0,0,0,0,0,0,0
300101,2,1,0,0,0,0,0,0,0,0,0,0
300102,1,1,0,0,0,0,0,0,0,0,0,0
300102,2,1,0,0,0,0,0,0,0,0,0,0
300103,1,1,11,0,23,26,19,8,8,16,14,25
300104,1,1,25,21,5,29,26,24,20,29,18,39
300105,1,1,0,0,7,0,0,0,0,0,0,0
300105,2,1,0,0,0,0,0,0,0,0,0,0
300106,1,1,0,0,0,0,0,23,0,0,0,0
300106,2,1,0,0,0,0,0,0,0,0,0,0
300107,1,1,31,31,31,31,31,31,31,31,31,31
300108,1,1,0,0,0,0,0,0,0,0,0,0
300109,1,1,20,20,20,20,20,20,20,20,20,20
300110,1,1,21,21,21,21,21,21,21,21,21,21
300111,1,1,9,9,9,9,9,9,9,9,9,9
300112,1,1,22,22,22,22,22,22,22,22,22,22
300113,1,1,0,0,0,0,0,0,0,0,0,0
300114,1,1,0,0,0,0,0,0,0,0,0,0
300114,2,1,0,0,0,0,0,0,0,0,0,0
300115,1,1,23,23,23,23,23,23,23,23,23,23
300116,1,1,0,0,0,0,0,0,0,0,0,0
300117,1,1,28,11,13,30,18,35,13,13,14,6
300118,1,1,5,19,19,14,18,12,0,13,44,18
300119,1,1,17,17,17,17,17,17,17,17,17,17
300120,0,1,0,0,0,0,0,0,0,0,0,0
300120,1,1,0,0,0,0,0,0,0,0,0,0
300121,1,1,19,19,19,19,19,19,19,19,19,19
300122,1,1,17,17,17,17,17,17,17,17,17,17
300123,1,1,0,0,0,0,0,0,0,0,0,0
300124,1,1,12,8,3,0,21,16,11,32,0,24
300125,1,1,0,0,0,0,0,0,0,0,0,0
300126,1,1,0,0,0,0,0,0,0,0,0,0
300126,2,1,0,0,0,0,0,0,0,0,0,0
300126,3,1,0,0,0,0,0,0,0,0,0,0
300127,1,1,11,11,11,11,11,11,11,11,11,11
300128,1,1,0,0,0,0,0,0,0,0,0,0
300129,1,1,0,0,0,0,0,0,0,0,0,0
300130,0,1,25,25,25,25,25,25,25,25,25,25
300130,1,1,0,0,0,0,0,0,0,0,0,0
300131,1,1,0,0,0,0,0,0,0,0,0,0
300131,2,1,0,0,0,0,0,0,0,0,0,0
300132,1,1,0,0,0,0,0,0,0,0,0,0
300133,1,1,12,12,12,12,12,12,12,12,12,12
300133,2,1,0,0,0,0,0,0,0,0,0,0
300134,1,1,14,14,14,14,14,14,14,14,14,14
300135,1,1,0,0,0,0,0,0,0,0,0,0
300135,2,1,0,0,0,0,0,0,0,40,0,0
300136,1,1,4,4,4,4,4,4,4,4,4,4
300137,1,1,0,0,0,0,0,0,0,0,0,0
300138,1,1,0,0,0,0,0,0,0,0,0,0
300139,1,1,0,8,7,0,13,16,11,17,13,0
300140,1,1,0,0,0,0,0,0,0,0,0,0
300140,2,1,0,0,0,0,0,0,0,0,0,0
300141,1,1,0,0,0,0,0,4,0,0,0,0
300142,1,1,4,4,4,4,4,4,4,4,4,4
300143,1,1,26,26,26,26,26,26,26,26,26,26
300144,1,1,0,0,0,0,0,0,0,0,0,0
300144,2,1,0,0,0,0,0,0,0,0,0,0
300145,0,1,0,0,0,0,0,0,0,0,0,0
300145,1,1,0,0,0,0,0,0,0,0,0,0
300146,0,1,12,12,12,12,12,12,12,12,12,12
300146,1,1,0,0,0,0,0,0,0,0,0,0
300147,1,1,32,32,32,32,32,32,32,32,32,32
300147,2,1,0,0,0,0,0,0,0,0,0,0
300147,3,1,0,0,0,0,0,0,0,0,0,0
300148,0,1,20,20,20,20,20,20,20,20,20,20
300148,1,1,0,0,0,0,0,0,0,0,0,0
300149,1,1,0,7,6,38,8,10,14,14,14,17
300149,2,1,21,0,0,0,0,0,0,0,0,0
300150,1,1,0,0,0,0,0,0,0,0,0,0
300151,1,1,29,29,29,29,29,29,29,29,29,29
300152,0,1,0,0,0,0,0,0,0,0,0,0
300152,1,1,0,0,0,0,0,0,0,0,0,0
300153,1,1,28,28,28,28,28,28,28,28,28,28
300154,1,1,0,0,0,0,0,0,0,0,0,0
300154,2,1,0,0,0,0,0,0,0,0,0,0
300155,0,1,0,0,0,0,0,0,0,0,0,0
300155,0,2,0,0,0,0,0,0,0,0,0,0
300155,1,1,0,0,0,0,0,0,0,0,0,0
300155,3,1,0,0,0,0,0,0,0,0,0,0
300156,1,1,0,0,0,0,0,0,0,0,0,0
300157,1,1,14,14,14,14,14,14,14,14,14,14
300157,2,1,0,0,0,0,0,0,0,0,0,0
300158,1,1,0,0,0,0,0,0,0,0,0,0
300158,2,1,0,0,0,0,0,0,0,0,0,0
300159,0,1,26,26,26,26,26,26,26,26,26,26
300159,1,1,0,0,0,0,0,0,0,0,0,0
300160,1,1,3,3,3,3,3,3,3,3,3,3
300160,2,1,0,0,0,0,0,0,0,0,0,0
300161,1,1,19,19,19,19,19,19,19,19,19,19
300162,1,1,24,24,24,24,24,24,24,24,24,24
300163,0,1,0,0,17,24,19,0,0,0,0,0
300163,1,1,0,6,0,18,0,25,0,0,0,0
300164,1,1,0,0,0,0,0,0,0,0,0,0
300165,1,1,0,0,0,0,0,0,0,0,0,0
300166,1,1,0,0,0,0,0,0,0,0,0,0
300166,2,1,0,0,0,0,0,0,0,0,0,0
300167,1,1,0,0,0,0,0,0,0,0,0,0
300168,1,1,17,17,17,17,17,17,17,17,17,17
300169,1,1,0,0,0,0,0,0,0,0,0,0
300170,1,1,0,0,0,0,0,0,0,0,0,0
300171,1,1,8,8,8,8,8,8,8,8,8,8
300171,2,1,0,0,0,0,0,0,0,0,0,0
300172,0,1,0,0,0,0,0,0,0,0,0,0
300172,1,1,21,22,0,0,14,0,0,24,27,0
300173,1,1,19,11,7,10,18,9,32,38,7,9
300174,1,1,0,0,0,0,0,0,0,0,0,0
300174,2,1,0,0,0,0,0,0,0,0,0,0
300175,1,1,0,0,0,0,0,0,0,0,0,0
300176,1,1,14,14,14,14,14,14,14,14,14,14
300176,2,1,0,0,0,0,0,0,0,0,0,0
300177,1,1,8,8,8,8,8,8,8,8,8,8
300178,1,1,0,0,0,0,0,0,0,0,0,0
300179,1,1,48,48,48,48,48,48,48,48,48,48
300180,1,1,22,22,22,22,22,22,22,22,22,22
300181,1,1,19,19,19,19,19,19,19,19,19,19
300182,1,1,0,0,0,0,0,0,0,0,0,0
300183,1,1,0,0,0,0,0,0,0,0,0,0
300183,2,1,0,0,0,0,0,0,0,0,0,0
300184,1,1,27,27,27,27,27,27,27,27,27,27
300184,2,1,0,0,0,0,0,0,0,0,0,0
300185,1,1,25,25,25,25,25,25,25,25,25,25
300186,0,1,0,0,0,0,0,0,0,0,0,0
300186,1,1,0,0,0,0,0,0,0,0,0,0
300187,1,1,0,0,0,0,0,0,0,0,0,0
300188,1,1,17,29,17,40,30,30,24,0,17,16
300189,1,1,0,0,0,0,0,0,0,0,0,0
300190,1,1,30,30,30,30,30,30,30,30,30,30
310001,1,1,0,0,14,0,0,0,0,0,0,0
310002,1,1,0,0,0,0,0,0,0,0,0,0
310003,1,1,14,14,14,14,14,14,14,14,14,14
310004,1,1,26,26,26,26,26,26,26,26,26,26
310005,0,1,0,0,0,0,0,27,15,0,0,0
310005,1,1,0,0,0,0,0,0,0,0,0,0
310006,1,1,34,34,34,34,34,34,34,34,34,34
310007,1,1,0,0,0,0,0,0,0,0,0,0
310007,2,1,0,0,0,0,0,0,0,0,0,0
310008,1,1,0,0,0,0,0,0,0,0,0,0
310008,2,1,0,0,0,0,0,0,0,0,0,0
310009,1,1,19,19,19,19,19,19,19,19,19,19
310010,1,1,8,0,11,0,0,0,0,5,12,0
310010,2,1,0,0,0,0,0,0,0,0,0,0
310011,1,1,18,18,18,18,18,18,18,18,18,18
310011,2,1,0,0,0,0,0,0,0,0,0,0
310011,3,1,0,0,0,0,0,0,0,0,0,0
310012,1,1,0,0,0,0,0,0,0,0,0,0
310012,2,1,17,17,17,17,17,17,17,17,17,17
310013,1,1,0,0,0,0,0,0,0,0,0,0
310014,1,1,35,35,35,35,35,35,35,35,35,35
310015,1,1,19,19,19,19,19,19,19,19,19,19
310016,1,1,0,0,0,0,0,0,0,0,0,0
310016,2,1,0,0,0,0,0,0,0,0,0,0
310017,1,1,0,0,0,0,3,0,0,0,0,0
310018,1,1,0,0,0,0,0,0,0,0,0,0
310018,2,1,0,0,0,0,0,0,0,0,0,0
310019,1,1,24,24,24,24,24,24,24,24,24,24
310019,2,1,0,0,0,0,0,0,0,0,0,0
310020,1,1,0,0,0,0,0,0,0,0,0,0
310020,2,1,0,0,0,0,0,0,0,0,0,0
310021,0,1,0,30,0,0,0,0,0,0,44,10
310021,1,1,0,0,0,0,0,0,0,0,0,0
310022,1,1,0,0,0,0,0,0,0,0,0,0
310022,2,1,0,0,0,0,0,0,0,0,0,0
310023,1,1,0,0,0,0,0,0,0,0,0,0
310023,2,1,0,0,0,0,0,0,0,0,0,0
310024,1,1,0,0,0,0,0,0,0,0,0,0
310024,2,1,0,0,0,0,0,0,0,0,0,0
310025,1,1,0,0,0,0,0,0,0,0,0,0
310025,2,1,0,0,0,0,0,0,0,0,0,0
310026,1,1,5,5,5,5,5,5,5,5,5,5
310026,2,1,0,0,0,0,0,0,0,0,0,0
310027,1,1,28,28,28,28,28,28,28,28,28,28
310028,1,1,0,0,0,0,0,0,0,0,0,0
310028,2,1,0,0,0,0,0,0,0,0,0,0
310029,1,1,0,0,0,0,0,0,0,0,0,0
310029,2,1,3,3,3,3,3,3,3,3,3,3
310029,3,1,0,0,0,0,0,0,15,0,0,0
310030,1,1,0,0,0,0,0,0,0,0,0,0
310030,2,1,0,0,0,0,0,0,0,0,0,0
310031,1,1,0,0,0,0,0,0,0,0,0,0
310031,2,1,8,8,8,8,8,8,8,8,8,8
310032,1,1,0,0,0,0,0,0,0,0,0,0
310033,1,1,0,0,0,0,0,0,0,0,0,0
310033,2,1,0,0,0,0,0,0,0,0,0,0
310034,1,1,17,17,17,17,17,17,17,17,17,17
310035,1,1,0,0,0,0,0,0,0,0,0,0
310035,2,1,0,0,0,0,0,0,0,0,0,0
310036,1,1,1,5,0,0,20,0,0,0,7,7
310036,2,1,0,0,0,0,0,0,0,0,0,0
310037,1,1,30,30,30,30,30,30,30,30,30,30
310038,0,1,0,0,0,12,0,0,31,16,0,0
310038,1,1,0,0,0,0,0,0,0,0,0,0
310039,1,1,10,10,10,10,10,10,10,10,10,10
310040,1,1,0,0,0,0,0,0,0,0,0,0
310041,1,1,0,31,0,0,18,0,15,0,0,0
310042,1,1,0,0,0,0,0,0,0,0,0,0
310043,1,1,17,17,17,17,17,17,17,17,17,17
310045,1,1,0,0,0,0,0,0,0,0,0,0
310045,2,1,0,0,0,0,0,0,0,0,0,0
310046,1,1,0,0,0,0,0,0,0,0,0,0
310046,2,1,0,0,0,0,0,0,0,0,0,0
310047,1,1,0,0,0,0,0,0,0,0,0,0
310047,2,1,0,0,0,0,0,0,0,0,0,0
310048,1,1,0,0,0,0,0,0,0,0,0,0
310049,1,1,15,15,15,15,15,15,15,15,15,15
310050,1,1,5,5,5,5,5,5,5,5,5,5