ST_CASE,VEH_NO,PER_NO,P1,P2,P3,P4,P5,P6,P7,P8,P9,P10
320129,2,1,0,0,0,0,0,0,0,0,0,0
320130,1,1,0,0,0,0,0,0,0,0,0,0
320131,0,1,0,0,0,0,0,0,0,0,0,0
320131,0,2,0,0,0,0,0,0,0,0,0,0
320131,1,1,0,0,0,0,0,0,0,0,0,0
320131,2,1,0,0,0,0,0,0,0,0,0,0
320131,3,1,0,0,0,0,0,0,0,0,0,0
320131,4,1,0,0,0,0,0,11,0,0,0,0
320132,1,1,0,0,0,0,0,0,0,0,0,0
320132,2,1,0,0,9,0,0,0,34,0,29,0
320133,0,1,0,0,0,0,0,0,0,0,0,0
320133,0,2,0,0,31,0,0,0,0,0,0,0
320133,0,3,0,0,29,0,14,0,0,0,0,0
320133,1,1,0,0,0,10,0,0,0,6,0,0
320134,0,1,3,3,3,3,3,3,3,3,3,3
320134,1,1,0,0,7,0,0,0,0,0,15,0
320135,1,1,0,0,0,0,0,0,0,0,0,0
320136,0,1,0,0,0,0,0,0,0,0,0,0
320136,1,1,0,0,0,0,0,0,0,0,0,0
320136,2,1,6,14,2,0,13,14,0,6,6,0
320137,1,1,0,0,0,0,0,0,0,0,0,0
320138,1,1,0,0,0,0,0,0,0,0,0,0
320139,1,1,2,2,2,2,2,2,2,2,2,2
320140,1,1,22,22,22,22,22,22,22,22,22,22
320141,1,1,15,15,15,15,15,15,15,15,15,15
320142,1,1,0,0,0,0,0,0,0,0,0,0
320142,2,1,0,0,0,0,0,0,0,0,0,0
320144,0,1,0,0,0,0,0,0,0,0,0,26
320144,1,1,0,0,0,0,0,0,0,0,0,0
320145,1,1,0,0,0,0,0,0,0,0,0,0
320146,1,1,0,0,0,0,0,7,12,0,0,0
320146,2,1,0,0,0,0,0,0,0,0,0,0
320147,0,1,0,0,0,0,0,0,0,0,0,0
320147,1,1,0,0,0,0,0,0,7,0,0,6
320148,0,1,16,27,0,31,0,0,0,10,0,0
320148,1,1,0,0,0,0,0,0,0,0,0,0
320149,1,1,0,22,0,0,0,17,0,0,14,0
320149,2,1,0,0,0,0,0,0,0,0,0,0
320149,3,1,0,0,0,0,0,0,0,0,0,0
320150,0,1,0,0,0,0,0,0,0,0,0,0
320150,1,1,0,0,0,0,0,0,0,0,0,5
320151,0,1,0,0,0,0,0,0,0,0,0,0
320151,1,1,0,0,0,0,6,0,0,0,0,0
320152,1,1,19,0,0,0,0,0,10,29,0,21
320153,1,1,2,2,2,2,2,2,2,2,2,2
320154,0,1,49,49,49,49,49,49,49,49,49,49
320154,1,1,0,0,0,0,0,0,0,0,0,0
320155,1,1,0,0,0,0,0,0,0,0,0,0
320155,2,1,0,0,0,0,0,0,0,0,0,0
320156,0,1,0,0,0,0,0,0,0,0,0,0
320156,1,1,0,9,12,0,11,0,0,15,0,0
320157,1,1,4,4,4,4,4,4,4,4,4,4
320158,1,1,0,0,0,0,17,6,0,7,0,0
320159,1,1,20,20,20,20,20,20,20,20,20,20
320159,2,1,20,20,20,20,20,20,20,20,20,20
320159,3,1,0,24,0,0,0,0,0,0,0,5
320159,4,1,0,0,0,0,0,0,0,0,0,0
320160,0,1,0,0,0,0,45,60,0,0,0,11
320160,1,1,0,0,0,0,0,0,0,0,0,0
320161,0,1,0,0,0,11,0,0,0,32,0,12
320161,1,1,0,0,0,0,0,0,0,0,0,0
320162,0,1,0,0,0,0,0,0,0,0,0,34
320162,1,1,0,0,0,0,0,0,0,0,0,0
320163,1,1,0,0,0,0,0,0,0,0,0,0
320164,0,1,8,0,0,0,10,21,0,0,0,0
320164,1,1,0,17,0,0,0,0,0,0,14,0
320165,1,1,0,22,0,0,0,22,0,0,21,0
320165,2,1,0,0,0,0,0,0,0,0,0,0
320165,3,1,0,0,0,0,0,0,0,0,0,0
320166,1,1,0,0,0,0,0,0,0,0,0,0
320166,2,1,0,0,0,0,0,0,0,0,0,0
320167,1,1,0,0,0,0,0,0,0,0,0,0
320168,0,1,0,0,0,0,0,0,0,0,0,0
320168,1,1,0,0,0,0,0,0,0,0,0,0
320169,1,1,0,0,0,0,0,0,0,0,0,0
320170,0,1,0,0,0,0,0,0,32,17,0,0
320170,1,1,0,0,0,0,0,0,0,0,0,0
320171,1,1,0,0,0,0,0,0,0,0,0,0
320171,2,1,0,0,0,0,0,0,0,0,0,0
320171,3,1,0,0,0,0,0,0,0,0,0,0
320172,1,1,23,23,23,23,23,23,23,23,23,23
320172,2,1,0,0,0,0,0,0,0,0,0,0
320172,3,1,0,0,0,14,0,0,0,0,0,8
320173,0,1,0,0,0,0,13,0,0,20,0,16
320174,1,1,18,18,18,18,18,18,18,18,18,18
320175,1,1,0,0,0,0,0,0,0,0,0,0
320176,0,1,0,0,0,0,0,0,0,0,0,0
320176,1,1,0,0,0,0,0,0,0,0,0,0
320177,1,1,0,0,0,0,0,0,0,0,0,0
320177,2,1,0,0,0,0,29,0,0,0,0,0
320177,3,1,0,0,0,8,0,0,0,0,0,0
320178,1,1,0,0,0,0,0,0,0,0,0,0
320179,0,1,9,9,9,9,9,9,9,9,9,9
320179,1,1,0,0,0,30,0,0,0,0,28,0
320180,1,1,5,5,5,5,5,5,5,5,5,5
320180,2,1,0,0,0,0,0,0,0,0,0,0
320181,0,1,0,8,0,0,0,25,0,23,11,0
320181,1,1,0,0,0,0,0,0,0,0,0,0
320182,0,1,0,0,0,0,0,0,0,0,0,0
320182,1,1,12,11,0,8,0,10,32,19,4,34
320183,1,1,0,0,0,0,0,0,0,0,0,0
320183,2,1,0,0,0,0,0,0,0,0,0,0
320184,0,1,6,0,0,11,9,0,0,0,60,21
320184,1,1,0,0,0,0,0,0,0,16,0,0
320185,1,1,0,0,0,0,7,0,0,0,0,0
320185,2,1,0,13,23,0,0,0,0,0,0,0
320186,1,1,0,0,0,0,0,0,0,0,0,0
320187,1,1,0,0,0,0,0,0,0,0,0,0
320188,1,1,15,15,15,15,15,15,15,15,15,15
320189,1,1,0,0,0,0,0,0,0,0,0,0
320189,2,1,0,0,0,0,0,0,0,0,0,0
320190,1,1,0,0,14,0,0,0,0,0,0,8
320191,1,1,10,10,10,10,10,10,10,10,10,10
320191,2,1,0,0,0,0,0,0,0,0,0,0
320192,1,1,0,0,0,0,0,0,0,0,0,0
320193,1,1,0,0,0,0,0,0,0,0,0,0
320194,1,1,0,0,0,0,0,0,0,0,0,0
320194,2,1,0,0,0,0,14,0,20,0,0,0
320195,1,1,0,0,0,0,0,0,19,0,0,0
320196,0,1,0,0,0,0,0,0,0,0,0,0
320196,1,1,0,0,0,0,0,0,0,0,0,0
320197,1,1,0,0,0,0,0,14,0,0,0,3
320198,1,1,0,0,0,0,0,2,0,0,0,0
320198,2,1,0,0,0,0,0,0,0,0,0,0
320199,1,1,0,0,18,15,0,0,0,0,0,0
320199,2,1,0,0,0,0,0,0,0,0,0,0
320200,1,1,0,0,0,0,0,0,0,0,0,0
320200,2,1,0,0,0,0,0,0,0,0,0,0
320201,0,1,0,0,0,0,0,0,0,0,0,0
320201,1,1,0,0,0,0,0,0,0,0,0,0
320202,1,1,14,14,14,14,14,14,14,14,14,14
320202,2,1,12,12,12,12,12,12,12,12,12,12
320203,1,1,0,0,0,0,0,18,0,0,0,0
320204,0,1,0,0,0,0,0,0,0,0,0,0
320204,1,1,8,8,8,8,8,8,8,8,8,8
320205,0,1,0,0,0,0,0,0,0,0,0,0
320205,1,1,0,0,0,0,6,0,0,0,0,0
320206,1,1,0,0,0,0,0,0,0,0,0,0
320207,1,1,0,0,0,0,0,0,0,0,0,0
320208,1,1,3,3,3,3,3,3,3,3,3,3
320208,2,1,3,3,3,3,3,3,3,3,3,3
320209,1,1,0,0,0,0,0,0,0,0,0,0
320209,2,1,0,0,0,0,0,0,0,0,0,0
320210,1,1,25,25,25,25,25,25,25,25,25,25
320211,1,1,20,20,20,20,20,20,20,20,20,20
320212,1,1,11,0,0,0,0,0,0,18,12,0
320213,0,1,0,0,0,0,0,0,0,0,0,0
320213,1,1,0,0,0,0,0,0,0,0,0,0
320213,2,1,0,0,13,0,0,0,0,0,0,0
320213,3,1,0,0,0,0,0,0,16,0,0,0
320214,1,1,0,0,0,0,0,0,0,0,0,0
320214,2,1,15,0,0,0,12,0,6,0,0,0
320215,1,1,16,27,20,9,18,13,8,10,0,8
320215,2,1,0,0,0,0,0,0,0,0,0,0
320216,1,1,0,0,0,0,0,0,0,0,0,0
320217,1,1,17,17,17,17,17,17,17,17,17,17
320217,2,1,0,0,0,0,0,6,0,0,0,0
320218,1,1,18,18,18,18,18,18,18,18,18,18
320218,2,1,0,0,14,17,0,0,0,0,0,0
320219,1,1,17,17,17,17,17,17,17,17,17,17
320220,0,1,0,0,0,0,0,0,0,0,0,0
320220,0,2,11,11,11,11,11,11,11,11,11,11
320220,1,1,0,0,0,0,0,0,0,0,0,0
320221,1,1,8,0,4,0,0,0,6,0,0,0
320221,2,1,0,0,20,0,0,0,0,0,0,0
320222,1,1,0,0,0,0,0,0,0,0,0,0
320223,1,1,0,17,0,0,0,0,0,0,0,0
320224,0,1,0,0,0,0,0,0,0,0,0,0
320224,1,1,0,0,0,0,23,0,0,0,15,0
320225,1,1,0,0,0,0,0,0,0,0,0,0
320226,1,1,0,0,0,0,0,0,0,0,0,0
320227,0,1,33,33,33,33,33,33,33,33,33,33
320227,1,1,3,0,0,0,0,0,0,0,0,0
320228,1,1,0,0,0,0,0,0,0,3,0,0
320228,2,1,0,0,0,0,0,0,0,0,0,0
320229,0,1,0,0,0,0,0,0,0,0,0,0
320229,1,1,0,0,0,0,0,0,0,0,0,0
320230,1,1,0,0,0,0,0,0,0,0,0,0
320230,2,1,0,0,0,0,0,0,0,0,0,0
320230,3,1,0,0,0,0,0,0,0,0,0,0
320231,1,1,23,0,0,0,0,0,0,33,0,0
320232,1,1,18,18,18,18,18,18,18,18,18,18
320232,2,1,4,4,4,4,4,4,4,4,4,4
320233,1,1,0,0,0,0,0,0,0,0,0,0
320234,1,1,7,7,7,7,7,7,7,7,7,7
320234,2,1,0,0,0,0,6,0,0,0,0,0
320235,1,1,0,0,0,0,0,0,0,0,0,0
320235,2,1,20,20,20,20,20,20,20,20,20,20
320236,1,1,0,0,0,0,0,0,0,13,0,0
320237,1,1,0,0,0,0,0,0,0,0,0,0
320237,2,1,0,0,0,0,0,0,0,0,0,0
320237,3,1,0,0,0,0,0,0,0,0,0,0
320237,4,1,0,0,0,0,0,0,0,0,0,0
320238,0,1,0,0,0,0,12,0,0,0,0,0
320238,1,1,0,0,9,0,0,22,0,0,0,0
320239,1,1,0,0,0,0,0,0,0,0,0,0
320239,2,1,0,0,0,0,0,0,0,0,0,0
320241,1,1,0,0,0,0,0,0,0,0,0,0
320242,0,1,0,0,0,0,0,0,0,0,0,0
320242,1,1,0,0,0,0,0,16,0,0,0,0
320243,1,1,0,0,0,0,0,0,0,0,0,0
320243,2,1,0,0,0,0,0,0,0,0,0,0
320244,1,1,11,13,0,0,19,0,37,12,0,16
320245,1,1,15,15,15,15,15,15,15,15,15,15
320245,2,1,0,0,8,0,0,0,0,0,0,0
320246,1,1,20,20,20,20,20,20,20,20,20,20
320246,2,1,0,11,0,0,0,0,0,0,0,0
320246,3,1,0,0,0,0,0,0,0,0,0,0
320247,1,1,0,0,0,0,0,0,0,0,12,0
320247,2,1,0,0,0,0,0,0,0,0,0,0
320248,0,1,0,0,0,0,0,0,0,0,0,0
320248,0,2,0,0,0,0,0,0,0,0,0,0
320248,0,3,0,0,0,0,0,0,0,0,0,0
320248,0,4,0,0,0,0,0,0,0,0,0,0
320248,0,5,0,0,0,0,0,0,0,0,0,0
320248,0,6,0,9,0,0,0,0,0,0,0,0
320248,0,7,37,0,0,10,0,0,0,0,0,0
320248,1,1,0,0,0,0,0,0,0,0,0,0
320248,2,1,0,0,0,0,0,0,0,0,0,0
320249,1,1,0,0,0,0,0,0,0,0,0,0
320250,0,1,0,0,0,0,0,0,15,0,0,0
320250,0,2,0,0,0,0,0,0,0,0,0,0
320250,0,3,0,0,0,0,0,0,0,0,0,0
320250,1,1,0,0,0,0,0,0,0,0,0,0
320250,2,1,0,0,0,0,0,0,0,0,0,0
320251,0,1,21,21,21,21,21,21,21,21,21,21
320251,1,1,0,0,0,0,0,0,0,0,0,0
320252,0,1,16,25,0,0,13,0,0,0,0,0
320252,1,1,0,0,0,0,0,0,0,0,0,0
320253,0,1,0,0,0,0,0,0,0,0,0,0
320253,1,1,0,0,0,0,0,0,0,0,17,0
320253,2,1,13,0,0,0,0,0,0,0,0,0
320253,3,1,0,11,0,5,0,0,0,0,0,0
320253,4,1,0,0,0,0,0,0,0,0,0,0
320253,5,1,0,0,0,0,0,0,0,0,0,0
320253,6,1,11,20,0,20,0,0,0,0,0,0
320253,7,1,0,10,0,9,0,0,0,0,0,0
320254,1,1,21,21,21,21,21,21,21,21,21,21
320254,2,1,0,0,0,0,0,0,19,0,0,0
320254,3,1,0,0,0,0,0,9,28,0,0,0
320255,1,1,18,18,18,18,18,18,18,18,18,18
320255,3,1,32,0,0,0,0,12,0,0,0,0
320256,1,1,0,0,0,17,0,0,0,0,5,16
320257,1,1,0,0,0,0,0,0,0,0,0,0
320257,2,1,0,0,0,0,0,0,0,0,0,0
320258,1,1,0,0,0,0,0,0,0,0,0,0
320258,2,1,0,0,0,0,0,0,0,0,0,0
320259,1,1,22,22,22,22,22,22,22,22,22,22
320260,0,1,0,0,0,0,0,0,0,0,0,0
320260,1,1,10,0,15,18,21,8,29,9,20,21
320261,0,1,0,0,0,0,0,0,0,27,24,16
320261,1,1,0,0,0,0,0,0,0,0,0,0
320262,1,1,0,0,0,0,0,0,0,0,0,0
320262,2,1,0,0,0,0,0,0,0,0,0,0
320263,1,1,20,20,20,20,20,20,20,20,20,20
320264,1,1,15,15,15,15,15,15,15,15,15,15
320264,2,1,0,0,0,0,0,0,0,0,0,0
320265,1,1,0,0,0,0,0,0,0,0,0,0
320265,2,1,0,0,0,0,0,0,0,0,0,0
320266,1,1,0,0,0,0,0,0,0,0,0,0
320267,1,1,17,11,0,0,0,8,24,9,13,20
320267,2,1,0,0,0,0,0,0,0,0,0,0
320268,1,1,0,0,0,0,10,13,12,0,0,0
320269,0,1,0,0,0,0,27,0,0,32,0,0
320269,1,1,0,0,0,0,0,0,0,0,0,0
320270,1,1,0,0,0,0,0,0,0,0,0,0
320270,2,1,0,0,0,0,0,0,0,4,0,0
320271,0,1,21,21,21,21,21,21,21,21,21,21
320271,1,1,0,0,0,0,0,0,0,0,0,0
320272,0,1,0,0,0,0,0,0,0,0,0,8
320272,1,1,9,0,0,0,16,17,0,0,0,0
320273,0,1,0,0,18,0,0,18,0,28,11,41
320273,1,1,0,0,0,0,0,0,0,0,0,0
320274,0,1,0,0,0,0,0,0,0,0,19,18
320274,1,1,7,19,15,29,9,14,20,10,7,22
320275,1,1,0,13,0,11,0,23,0,0,0,0
320275,2,1,0,0,0,0,0,0,0,0,0,0
320276,1,1,0,0,0,0,0,0,0,0,0,0
320277,1,2,0,0,0,31,0,0,20,0,13,21
320278,1,1,18,18,18,18,18,18,18,18,18,18
320278,2,1,0,0,0,0,0,0,0,0,0,0
320279,1,1,0,0,0,0,10,0,15,0,0,0
320280,1,1,0,0,0,0,0,0,0,0,0,0
320281,1,1,0,0,0,0,0,0,0,0,28,0
320281,2,1,0,0,0,0,0,0,0,0,0,0
320282,1,1,0,0,0,0,0,0,0,0,0,0
320283,1,1,0,0,0,0,0,0,18,0,0,0
320283,2,1,0,0,0,0,0,0,0,0,0,0
320284,1,1,0,0,0,0,0,0,0,0,0,0
320284,2,1,0,0,0,0,0,0,0,0,0,0
320285,1,1,0,0,0,0,0,0,0,0,0,0
320285,2,1,0,0,0,0,0,0,0,0,0,0
320286,1,1,0,0,0,0,0,0,0,0,0,0
320287,1,1,0,0,0,0,0,0,0,0,0,0
320287,2,1,0,0,0,0,0,0,0,0,0,0
320288,1,1,22,22,22,22,22,22,22,22,22,22
320289,0,1,0,0,0,0,0,0,0,0,0,0
320289,1,1,0,0,0,0,0,0,0,0,0,0
320290,0,1,12,12,12,12,12,12,12,12,12,12
320290,1,1,0,0,0,0,0,0,0,0,0,0
320291,1,1,20,20,20,20,20,20,20,20,20,20
320292,1,1,0,0,0,0,0,0,0,0,0,0
320292,2,1,0,0,0,0,0,0,0,0,0,0
320293,0,1,0,0,0,0,0,0,0,0,0,0
320293,1,1,0,0,19,13,12,39,28,15,20,22
320295,1,1,0,0,0,0,0,0,0,0,0,0
320295,2,1,0,0,0,18,0,0,0,0,0,0
320296,0,1,0,0,0,0,0,0,0,0,0,0
320296,1,1,0,0,0,0,0,0,0,0,0,0
320296,2,1,0,0,0,0,0,0,0,0,0,0
320296,3,1,0,0,0,0,0,0,0,0,0,0
320296,4,1,0,0,0,0,0,0,0,0,0,0
320297,1,1,15,15,15,15,15,15,15,15,15,15
320298,0,1,0,0,0,0,0,0,0,0,0,0
320298,1,1,0,0,29,0,0,0,0,0,0,0
320298,2,1,0,0,0,0,0,0,0,0,0,0
320298,3,1,0,0,18,0,0,0,17,0,0,0
320299,1,1,24,24,24,24,24,24,24,24,24,24
320300,1,1,0,0,0,0,0,0,0,0,0,0
320300,2,1,0,0,0,0,0,0,0,0,0,0
320301,1,1,0,0,0,0,0,0,0,0,0,0
320301,2,1,0,0,0,0,0,0,0,0,0,0
320302,1,1,0,7,20,16,5,8,0,26,9,0
320303,1,1,24,24,24,24,24,24,24,24,24,24
320304,1,1,0,0,0,0,0,0,0,0,0,0
320304,2,1,0,0,0,0,0,0,0,0,0,0
320306,0,1,0,0,0,0,0,0,0,0,0,0
320306,1,1,0,0,0,0,0,0,0,0,0,0
320307,1,1,0,19,0,0,0,0,12,0,0,0
320307,2,1,0,0,0,0,0,0,0,0,0,0
320308,1,1,0,0,0,0,0,0,0,0,0,0
320308,2,1,0,0,0,0,0,0,0,0,0,0
320309,1,1,0,0,0,0,0,0,0,0,0,0
320310,1,1,16,16,16,16,16,16,16,16,16,16
320311,1,1,15,15,15,15,15,15,15,15,15,15
320312,1,1,18,18,18,18,18,18,18,18,18,18
320313,1,1,0,0,0,0,0,0,0,0,0,0
320314,1,1,2,14,16,16,26,0,20,25,19,13
320315,0,1,0,0,0,0,0,0,0,0,0,0
320315,1,1,0,0,7,7,18,12,0,0,0,8
320316,1,1,0,3,7,7,0,0,33,12,0,0
320316,2,1,0,0,5,0,0,0,0,0,0,0
330001,0,1,18,18,18,18,18,18,18,18,18,18
330001,1,1,0,0,0,0,0,0,0,0,0,0
330002,0,1,22,22,22,22,22,22,22,22,22,22
330002,1,1,0,0,0,0,0,0,0,0,0,0
330002,2,1,0,0,0,0,0,0,0,0,0,0
330002,3,1,0,0,0,0,0,0,0,0,0,0
330003,1,1,8,8,8,8,8,8,8,8,8,8
330004,1,1,20,20,20,20,20,20,20,20,20,20
330005,1,1,0,0,0,0,0,0,0,0,0,0
330005,2,1,0,0,0,0,0,0,0,0,0,0
330006,1,1,18,18,18,18,18,18,18,18,18,18
330007,1,1,0,0,0,0,0,0,0,0,0,0
330007,2,1,0,0,0,0,0,9,0,0,0,0
330008,1,1,0,0,0,0,0,0,0,0,0,0
330008,2,1,0,0,0,0,0,0,0,0,0,0
330008,3,1,0,0,0,0,0,0,0,0,0,0
330008,4,1,0,0,0,0,0,0,0,0,0,0
330009,1,1,3,3,3,3,3,3,3,3,3,3
330010,1,1,0,0,26,0,0,17,0,3,21,0
330010,2,1,0,0,0,0,24,0,0,0,0,0
330011,1,1,0,0,0,0,0,0,0,0,0,0
330012,0,1,0,0,0,0,0,0,0,0,0,0
330012,1,1,2,2,2,2,2,2,2,2,2,2
330013,1,1,37,37,37,37,37,37,37,37,37,37
330013,2,1,5,17,0,0,28,14,29,17,0,16
330014,0,1,14,0,0,0,0,0,0,0,0,0
330014,1,1,0,0,0,0,0,0,0,0,0,5
330015,1,1,23,23,23,23,23,23,23,23,23,23
330016,1,1,13,13,13,13,13,13,13,13,13,13
330016,2,1,0,0,0,0,0,0,0,0,11,0
330016,3,1,0,22,0,0,0,0,0,0,0,24
330017,1,1,0,0,0,0,0,0,0,0,0,0
330017,2,1,0,0,0,0,0,0,0,5,0,0
330017,3,1,0,0,0,0,0,0,0,0,0,0
330018,1,1,11,11,11,11,11,11,11,11,11,11
330019,0,1,0,0,0,0,0,0,0,0,0,0
330019,1,1,0,0,0,0,0,0,0,0,0,0
330020,0,1,0,0,0,0,0,0,0,0,0,0
330020,1,1,0,0,0,0,0,0,0,0,0,0
330021,1,1,0,0,0,0,0,0,0,0,0,0
330021,2,1,0,0,0,0,0,0,0,0,0,0
330022,0,1,0,0,16,24,0,0,0,0,0,0
330022,1,1,0,0,0,0,0,0,0,0,0,0
330023,0,1,0,0,0,26,0,0,0,0,0,0
330023,1,1,0,0,0,0,0,0,0,0,0,0
330024,1,1,0,0,0,0,0,0,0,0,0,0
330024,2,1,0,0,0,0,0,0,0,0,0,0
330025,1,1,0,0,0,0,0,0,0,0,0,0
330026,1,1,41,0,0,0,0,0,0,0,0,0
330026,2,1,0,0,0,0,0,0,0,0,0,0
330027,1,1,0,0,0,0,0,0,0,0,0,0
330027,2,1,0,0,0,0,8,0,0,0,0,0
330027,3,1,0,16,0,0,0,0,0,0,0,0
330028,1,1,40,40,40,40,40,40,40,40,40,40
330028,2,1,0,0,0,0,0,0,0,0,0,0
330029,1,1,20,20,20,20,20,20,20,20,20,20
330029,2,1,0,0,0,0,0,0,0,0,11,5
330030,1,1,23,23,23,23,23,23,23,23,23,23
330031,1,1,0,0,0,0,0,0,0,0,0,0
330031,2,1,0,0,0,0,0,0,0,0,0,0
330032,1,1,0,0,0,0,0,0,0,0,0,0
330032,2,1,0,16,0,14,0,0,25,17,0,0
330032,3,1,0,0,0,0,0,4,0,0,0,0
330033,1,1,0,0,0,0,0,0,0,0,0,0
330033,2,1,0,0,0,0,0,0,0,0,0,0
330034,1,1,0,0,0,0,0,0,0,0,0,0
330034,2,1,0,0,0,0,0,0,0,0,0,0
330035,1,1,19,19,19,19,19,19,19,19,19,19
330036,0,1,0,0,0,0,0,0,7,0,13,0
330036,1,1,19,0,0,0,0,11,0,0,0,0
330037,1,1,30,30,30,30,30,30,30,30,30,30
330038,1,1,0,16,0,0,14,33,0,0,0,15
330038,2,1,2,6,0,0,0,0,15,0,0,17
330039,1,1,0,0,0,0,0,0,0,0,0,0
330039,2,1,0,0,0,0,0,0,0,0,0,0
330040,1,1,19,19,19,19,19,19,19,19,19,19
330041,1,1,0,0,0,0,0,0,0,0,0,0
330041,2,1,0,0,0,0,0,0,0,0,0,0
330042,1,1,0,0,0,0,0,0,0,0,0,0
330043,1,1,0,0,0,0,0,0,0,0,0,0
330043,2,1,0,0,0,0,0,0,0,0,0,0
330044,1,1,0,0,0,0,0,0,0,0,0,0
330045,1,1,0,20,0,0,0,0,11,0,0,0
330045,2,1,0,0,0,0,0,0,0,0,0,0
330046,0,1,22,22,22,22,22,22,22,22,22,22
330046,1,1,0,5,24,13,18,0,25,18,0,0
330047,1,1,0,0,0,0,0,0,0,0,0,0
330047,2,1,0,0,0,0,0,0,0,0,0,0
330048,1,1,26,26,26,26,26,26,26,26,26,26
330049,1,1,18,18,18,18,18,18,18,18,18,18
330051,1,1,0,0,0,0,0,0,0,0,0,0
330052,1,1,0,0,0,0,0,0,0,0,0,0
330052,2,1,7,0,0,0,0,0,0,0,0,0
330053,1,1,17,17,17,17,17,17,17,17,17,17
330054,1,1,0,0,0,0,0,0,0,0,0,0
330055,1,1,0,0,0,0,0,0,0,0,0,0
330056,1,1,14,14,14,14,14,14,14,14,14,14
330056,2,1,0,0,0,0,0,0,0,0,0,0
330057,1,1,22,22,22,22,22,22,22,22,22,22
330058,1,1,18,18,18,18,18,18,18,18,18,18
330059,1,1,9,9,9,9,9,9,9,9,9,9
330060,0,1,24,24,24,24,24,24,24,24,24,24
330060,1,1,0,0,0,8,0,0,0,0,0,0
330061,1,1,0,0,0,0,0,0,0,0,0,0
330062,0,1,0,0,0,0,0,0,0,0,0,0
330062,1,1,0,0,0,0,0,0,0,0,0,0
330063,1,1,14,14,14,14,14,14,14,14,14,14
330064,1,1,0,0,0,0,0,0,0,0,0,0
330065,1,1,22,22,22,22,22,22,22,22,22,22
330066,1,1,5,5,5,5,5,5,5,5,5,5
330067,1,1,11,11,11,11,11,11,11,11,11,11
330067,2,1,0,0,0,0,0,0,0,0,0,0
330067,3,1,0,0,0,0,0,0,0,0,0,28
330067,4,1,0,0,0,0,0,0,0,0,0,0
330068,1,1,0,0,0,0,0,0,0,0,0,0
330068,2,1,4,12,4,37,7,12,16,12,19,5
330069,1,1,0,0,0,0,0,0,0,0,0,0
330069,2,1,0,0,0,0,0,0,0,0,0,0
330070,1,1,16,16,16,16,16,16,16,16,16,16
330071,1,1,0,0,0,0,0,0,0,0,0,0
330072,1,1,0,0,0,0,0,0,0,0,0,0
330072,2,1,0,21,0,0,0,13,0,0,0,0
330073,1,1,0,0,27,0,0,0,0,0,0,0
330074,1,1,9,9,9,9,9,9,9,9,9,9
330075,1,1,0,0,0,21,0,15,0,0,0,0
330076,1,1,0,0,0,0,0,0,0,0,0,0
330076,2,1,0,0,0,0,0,0,0,0,0,5
330077,1,1,0,0,0,0,0,0,0,0,0,0
330077,2,1,0,0,0,0,14,0,0,0,0,0
330078,1,1,0,0,0,0,0,0,0,0,0,0
330079,1,1,0,0,0,0,0,0,0,0,0,0
330079,2,1,0,0,0,0,0,0,0,0,0,0
330080,0,1,0,0,22,0,16,0,0,0,0,0
330080,1,1,0,13,0,0,0,0,0,0,0,0
330080,2,1,0,0,0,0,0,0,0,0,0,0
330081,1,1,19,19,19,19,19,19,19,19,19,19
330083,1,1,0,0,0,0,0,0,0,0,0,0
330084,1,1,0,0,0,0,0,0,0,0,0,0
330084,2,1,0,0,0,0,0,0,0,0,0,0
330086,1,1,0,0,0,0,0,0,0,0,0,0
330086,2,1,0,0,0,16,0,0,0,0,0,0
330087,1,1,6,6,6,6,6,6,6,6,6,6
330088,1,1,12,12,12,12,12,12,12,12,12,12
330089,0,1,0,0,0,0,0,0,0,0,0,0
330089,1,1,0,0,0,0,0,0,0,0,0,0
330090,1,1,0,0,0,0,0,0,0,0,0,0
330091,1,1,0,0,0,0,0,0,0,0,0,0
330091,2,1,0,0,0,0,0,0,0,0,0,0
330092,1,1,22,22,22,22,22,22,22,22,22,22
330092,2,1,0,0,0,0,14,0,0,0,0,0
330092,3,1,15,0,0,0,0,0,0,0,0,10
330093,0,1,0,0,0,0,0,0,0,0,0,0
330093,1,1,0,0,0,0,0,0,0,0,0,0
330094,1,1,36,36,36,36,36,36,36,36,36,36
330095,0,1,0,0,0,0,0,0,0,0,0,0
330095,1,1,0,0,0,0,0,0,0,0,0,0
330096,1,1,0,0,0,0,0,0,0,0,0,0
330096,2,1,0,0,0,0,0,0,0,0,0,0
330097,0,1,0,0,0,0,0,0,0,0,0,0
330097,0,2,0,0,33,0,0,0,0,0,0,0
330097,1,1,0,0,0,0,0,0,0,0,0,0
330098,0,1,0,0,0,0,0,0,0,0,0,0
330098,1,1,0,0,0,0,0,0,0,0,0,0
330099,1,1,0,0,39,22,0,0,0,16,12,21
330100,1,1,0,0,0,0,0,0,0,0,0,0
330100,2,1,0,14,0,0,0,0,0,0,0,0
330101,1,1,14,14,14,14,14,14,14,14,14,14
340001,0,1,0,0,0,0,0,0,0,0,0,0
340001,1,1,0,0,0,0,0,0,0,0,0,0