ST_CASE,VEH_NO,PER_NO,P1,P2,P3,P4,P5,P6,P7,P8,P9,P10
340292,3,1,21,0,4,12,11,13,0,10,0,0
340293,1,1,20,14,0,10,0,9,0,0,0,21
340293,2,1,0,0,0,0,16,0,28,0,0,0
340294,1,1,12,12,12,12,12,12,12,12,12,12
340295,1,1,0,0,0,0,0,0,0,0,0,0
340296,1,1,0,0,0,0,0,0,0,0,0,0
340297,0,1,30,30,30,30,30,30,30,30,30,30
340297,1,1,0,0,0,0,0,0,0,0,0,0
340298,1,1,18,18,18,18,18,18,18,18,18,18
340299,1,1,10,10,10,10,10,10,10,10,10,10
340299,2,1,0,0,0,0,0,0,0,0,0,0
340300,1,1,0,0,0,0,0,0,0,0,0,0
340300,2,1,0,0,0,0,0,0,0,0,0,0
340301,1,1,0,0,0,0,0,0,0,0,0,0
340301,2,1,0,0,0,0,0,0,0,0,0,0
340302,1,1,0,0,0,0,0,0,0,0,0,0
340303,1,1,0,0,0,0,0,0,0,0,0,0
340303,2,1,0,0,21,16,0,0,13,0,0,16
340303,3,1,0,0,0,0,0,0,0,0,0,0
340304,1,1,0,0,0,23,0,0,0,14,15,13
340304,2,1,0,0,0,0,0,6,0,5,0,0
340305,1,1,0,0,0,0,0,0,0,0,0,0
340305,2,1,0,13,0,0,0,0,0,0,0,0
340305,3,1,0,0,0,0,0,0,3,0,0,0
340306,1,1,21,21,21,21,21,21,21,21,21,21
340307,1,1,5,5,5,5,5,5,5,5,5,5
340308,1,1,0,0,0,0,0,0,0,0,0,0
340308,2,1,0,0,0,0,0,0,0,0,0,0
340309,1,1,11,11,11,11,11,11,11,11,11,11
340309,2,1,0,0,0,0,0,0,0,0,0,0
340310,0,1,0,0,0,0,0,0,0,0,0,0
340310,1,1,0,0,0,0,0,0,0,0,0,0
340310,2,1,13,14,19,7,6,17,7,0,10,15
340311,1,1,0,0,0,0,0,0,0,0,0,0
340312,1,1,0,0,0,0,0,0,0,0,0,0
340312,2,1,0,20,24,14,0,0,0,12,10,24
340313,1,1,0,0,0,0,0,0,0,0,0,0
340313,2,1,0,0,0,0,0,0,0,0,0,0
340313,3,1,0,0,0,0,0,0,0,0,0,0
340314,1,1,0,0,0,0,0,0,0,0,0,0
340314,2,1,6,6,6,6,6,6,6,6,6,6
340315,1,1,0,0,0,0,0,0,0,0,0,0
340316,0,1,0,0,0,0,0,0,0,0,0,0
340316,1,1,0,0,0,0,0,0,0,0,0,0
340317,1,1,0,0,0,0,0,0,0,0,0,0
340318,1,1,18,18,18,18,18,18,18,18,18,18
340318,2,1,0,0,14,0,0,0,0,0,0,0
340319,1,1,0,0,0,0,0,0,0,0,0,0
340320,1,1,27,27,27,27,27,27,27,27,27,27
340321,1,1,31,0,0,0,0,0,0,0,17,0
340321,2,1,0,0,0,0,0,0,0,0,0,0
340321,3,1,0,0,0,0,0,0,0,0,0,0
340321,4,1,0,0,0,0,0,0,0,0,0,0
340321,5,1,0,0,0,0,0,0,0,0,0,0
340321,6,1,0,0,0,0,0,0,0,0,0,0
340321,7,1,0,0,0,0,0,0,0,0,0,0
340322,1,1,0,0,0,0,0,0,0,0,0,0
340323,1,1,0,0,0,0,0,0,0,0,0,0
340323,2,1,7,7,7,7,7,7,7,7,7,7
340324,1,1,0,0,0,0,0,0,0,0,0,0
340324,2,1,0,0,0,0,0,13,0,0,0,0
340325,0,1,0,0,0,0,0,0,0,0,0,0
340325,1,1,0,0,0,0,0,0,0,0,0,0
340326,1,1,0,0,0,0,0,0,0,0,0,0
340326,2,1,13,0,11,6,9,21,0,0,0,34
340327,0,1,33,0,25,0,0,0,32,0,0,0
340327,1,1,12,12,29,8,6,27,21,0,0,0
340328,1,1,0,0,0,0,0,0,0,0,0,0
340329,0,1,14,14,14,14,14,14,14,14,14,14
340329,1,1,0,0,0,0,0,0,0,0,0,0
340329,2,1,0,0,0,0,0,0,0,0,0,0
340330,0,1,8,8,8,8,8,8,8,8,8,8
340330,1,1,17,0,0,0,9,0,0,0,0,0
340331,1,1,0,0,0,0,0,0,0,0,0,0
340331,2,1,0,0,16,0,0,0,0,0,0,5
340332,1,3,0,0,0,0,0,0,0,0,0,0
340332,2,1,0,0,0,0,0,0,0,0,0,24
340333,0,1,0,0,0,0,0,0,0,0,0,0
340333,1,1,0,0,0,0,0,0,0,0,0,0
340333,2,1,0,0,0,0,19,0,0,0,0,0
340334,1,1,0,0,0,0,0,0,0,0,0,0
340335,1,1,17,17,17,17,17,17,17,17,17,17
340336,1,1,19,19,19,19,19,19,19,19,19,19
340337,1,1,29,18,22,24,15,12,34,32,17,16
340337,2,1,0,0,0,0,0,0,0,0,0,0
340338,1,1,0,0,0,0,0,0,0,0,0,0
340338,2,1,0,0,0,0,0,0,0,0,0,0
340339,1,1,0,0,0,0,0,0,0,0,0,0
340340,1,1,0,0,0,0,0,0,0,0,17,0
340341,1,1,0,0,0,0,0,0,0,0,0,0
340342,0,1,23,23,23,23,23,23,23,23,23,23
340342,1,1,0,0,0,0,0,0,0,0,0,0
340343,0,1,11,0,21,0,30,0,17,22,18,13
340343,1,1,0,0,0,0,0,0,0,0,0,0
340344,1,1,0,0,0,0,0,0,0,0,0,0
340344,2,1,0,0,28,0,0,0,0,0,0,0
340345,0,1,0,9,0,0,0,0,0,0,0,0
340345,1,1,0,0,0,0,0,0,0,0,0,0
340346,0,1,0,0,0,0,0,0,0,0,19,0
340346,1,1,0,0,0,0,0,0,0,0,0,0
340347,1,1,3,3,3,3,3,3,3,3,3,3
340347,2,1,0,0,0,0,0,0,0,0,0,0
340347,3,1,0,0,0,0,0,0,0,0,0,0
340347,4,1,25,0,0,0,0,0,0,0,0,0
340347,5,1,0,0,0,0,0,0,0,0,0,0
340348,0,1,0,0,0,0,0,0,0,0,0,0
340348,0,2,11,0,13,0,0,30,0,0,0,0
340348,1,1,14,14,14,14,14,14,14,14,14,14
340349,1,1,0,0,0,0,0,0,0,0,0,0
340350,1,1,0,0,0,0,0,0,0,0,0,0
340350,2,1,0,0,0,0,0,0,0,0,0,0
340351,1,1,0,0,0,0,0,0,0,0,0,0
340351,2,1,0,0,0,0,0,0,0,0,0,0
340352,0,1,6,6,6,6,6,6,6,6,6,6
340352,1,1,0,0,0,0,0,0,0,0,0,0
340353,0,1,0,0,0,0,0,0,0,0,0,0
340353,1,1,17,17,17,17,17,17,17,17,17,17
340354,1,1,27,27,27,27,27,27,27,27,27,27
340355,1,1,0,0,0,0,15,0,0,0,0,0
340355,2,1,0,0,0,0,0,0,15,0,0,0
340355,3,1,0,0,0,0,0,0,0,0,0,0
340356,0,1,5,5,5,5,5,5,5,5,5,5
340356,1,1,9,0,0,0,0,0,0,0,0,0
340357,0,1,0,0,21,0,0,0,0,9,0,0
340357,1,1,13,0,11,0,0,0,0,0,0,0
340358,0,1,0,0,0,0,0,0,0,0,0,0
340358,1,1,0,0,0,0,0,0,0,0,0,0
340359,0,1,15,15,15,15,15,15,15,15,15,15
340359,1,1,0,0,0,0,0,0,0,0,0,0
340360,0,1,24,24,24,24,24,24,24,24,24,24
340360,1,1,0,0,0,0,0,0,0,0,0,0
340361,0,1,0,0,0,0,0,0,0,0,0,0
340361,1,1,0,0,0,0,0,0,0,0,0,0
340362,1,1,14,14,14,14,14,14,14,14,14,14
340362,2,1,0,0,0,0,0,0,0,0,0,0
340363,1,1,0,0,0,0,0,0,0,0,0,0
340363,2,1,0,0,0,0,0,0,0,0,0,0
340363,3,1,0,0,0,0,0,0,0,0,0,0
340363,4,1,0,18,0,0,0,19,0,0,0,0
340364,0,1,0,0,0,0,0,0,0,0,0,0
340364,1,1,0,0,0,0,0,0,0,0,0,0
340365,1,1,23,23,23,23,23,23,23,23,23,23
340365,2,1,12,0,0,0,0,22,14,0,0,0
340366,1,1,17,17,17,17,17,17,17,17,17,17
340367,1,1,0,0,0,0,0,10,0,0,0,0
340367,2,1,0,0,0,0,0,0,0,0,0,0
340368,0,1,4,4,4,4,4,4,4,4,4,4
340368,1,1,0,0,0,0,0,0,0,0,0,0
340369,1,1,0,0,0,0,0,0,0,0,0,0
340369,2,1,0,0,0,0,0,0,0,0,0,0
340370,1,1,8,8,8,8,8,8,8,8,8,8
340371,1,1,23,23,23,23,23,23,23,23,23,23
340372,0,1,24,24,24,24,24,24,24,24,24,24
340372,1,1,23,0,0,0,27,0,0,0,13,0
340373,1,1,0,0,0,0,0,0,0,0,0,0
340374,1,1,0,0,0,0,0,0,0,0,0,0
340375,0,1,0,0,0,0,0,0,0,0,0,0
340375,1,1,0,0,0,0,0,0,0,0,0,0
340376,1,1,0,0,0,0,0,0,0,0,0,0
340376,2,1,0,0,0,0,0,0,0,0,0,0
340377,1,1,2,2,2,2,2,2,2,2,2,2
340377,2,1,0,0,0,20,0,0,0,0,0,0
340377,3,1,0,0,0,20,9,0,0,0,0,0
340378,0,1,37,37,37,37,37,37,37,37,37,37
340378,1,1,11,0,0,0,24,0,0,0,0,0
340379,0,1,0,0,0,0,0,0,0,0,0,0
340379,1,1,0,0,0,0,0,0,0,0,0,0
340380,1,1,0,0,0,0,0,0,32,0,0,0
340381,1,1,0,0,10,0,0,0,0,0,0,0
340381,2,1,8,8,8,8,8,8,8,8,8,8
340382,1,1,0,0,0,0,0,0,0,0,0,0
340382,2,1,0,0,0,0,0,0,0,0,0,0
340383,1,1,0,0,0,0,0,0,0,0,0,0
340384,1,1,27,27,27,27,27,27,27,27,27,27
340384,2,1,20,20,20,20,20,20,20,20,20,20
340385,1,1,0,0,0,0,0,0,0,0,0,0
340386,1,1,0,0,0,0,0,0,0,0,0,0
340387,1,1,0,0,0,0,0,0,0,0,0,0
340387,2,1,0,0,0,0,0,0,0,0,0,0
340388,1,1,0,0,0,0,0,0,0,0,0,0
340388,2,1,0,0,0,0,0,0,0,0,0,0
340389,0,1,0,0,0,0,0,0,0,0,0,0
340389,1,1,19,19,19,19,19,19,19,19,19,19
340390,1,1,19,19,19,19,19,19,19,19,19,19
340391,1,1,15,0,0,0,0,16,10,0,0,0
340392,1,1,0,0,0,0,0,0,0,0,0,0
340392,2,1,0,0,0,0,0,0,0,0,0,0
340393,0,1,0,0,0,0,0,0,0,0,0,0
340393,1,1,0,27,0,0,0,0,0,0,15,21
340394,1,1,0,0,0,0,0,0,0,0,0,0
340394,2,1,0,0,0,0,0,0,0,0,0,0
340395,1,1,0,0,0,0,0,0,0,0,0,0
340396,1,1,0,0,0,0,0,0,0,13,0,0
340396,2,1,0,0,0,0,0,0,0,0,0,0
340397,1,1,0,0,0,0,0,0,0,0,0,0
340397,2,1,0,0,0,0,0,0,0,0,0,0
340398,1,1,18,0,0,0,0,0,0,0,0,0
340398,2,1,0,0,0,0,0,0,0,0,0,0
340399,1,1,7,7,7,7,7,7,7,7,7,7
340399,2,1,0,0,0,0,0,0,0,0,0,0
340400,1,1,0,0,0,0,0,0,0,0,0,0
340401,0,1,0,0,0,0,0,0,0,0,0,0
340401,1,1,13,0,0,13,18,0,10,0,8,14
340401,2,1,11,0,5,6,0,14,0,0,20,6
340402,0,1,0,0,0,0,0,0,0,0,0,0
340402,1,1,0,0,0,0,0,0,0,0,0,0
340403,1,1,0,0,0,0,0,0,13,9,6,19
340404,0,1,38,38,38,38,38,38,38,38,38,38
340404,1,1,0,0,0,0,0,0,0,0,0,0
340405,0,1,7,7,7,7,7,7,7,7,7,7
340405,1,1,0,0,0,0,0,0,0,4,6,0
340406,0,1,0,0,0,0,0,0,0,0,0,0
340406,1,1,11,7,7,17,0,10,0,25,0,17
340407,0,1,0,0,0,0,0,0,0,0,0,0
340407,1,1,0,0,0,0,0,0,0,0,0,0
340408,0,1,0,0,0,0,0,0,0,0,0,0
340408,1,1,0,5,0,0,0,0,0,0,0,0
340409,0,1,0,0,0,0,0,0,0,0,0,0
340409,1,1,0,0,0,0,0,0,0,0,0,0
340410,1,1,23,23,23,23,23,23,23,23,23,23
340410,2,1,0,0,0,0,0,0,0,0,0,0
340410,3,1,0,0,0,0,0,0,0,0,0,0
340411,1,1,4,0,0,0,0,0,0,0,0,4
340411,2,1,0,0,0,0,0,0,0,0,0,0
340412,1,1,0,0,0,0,0,7,0,0,0,0
340412,2,1,0,0,0,0,15,0,0,0,0,0
340413,1,1,0,0,12,0,0,0,0,0,0,24
340413,2,1,0,0,0,0,0,0,0,0,0,0
340414,1,1,0,0,0,0,0,0,0,0,0,0
340415,0,1,9,9,9,9,9,9,9,9,9,9
340415,1,1,27,17,0,0,0,0,0,3,0,0
340415,2,1,17,0,0,0,0,23,0,6,0,0
340415,3,1,10,0,0,0,10,14,8,0,0,5
340416,1,1,0,0,0,0,0,0,0,0,0,0
340416,2,1,0,0,0,0,0,0,0,18,0,0
340416,3,1,0,0,0,0,0,0,0,0,0,0
340417,1,1,22,22,22,22,22,22,22,22,22,22
340417,2,1,0,0,0,0,34,0,0,0,0,0
340418,0,1,18,18,18,18,18,18,18,18,18,18
340418,1,1,0,0,0,0,0,0,0,0,0,0
340419,1,1,17,17,17,17,17,17,17,17,17,17
340420,1,1,21,21,21,21,21,21,21,21,21,21
340420,2,1,0,0,0,0,0,0,0,0,0,24
340421,0,1,0,0,0,0,0,0,0,0,0,0
340421,1,1,0,0,0,0,0,0,0,0,0,0
340422,1,1,32,0,0,0,0,0,0,0,0,0
340422,2,1,0,0,0,0,0,0,0,0,0,0
340423,0,1,0,0,0,0,0,0,0,0,0,0
340423,1,1,0,0,0,0,0,0,0,0,0,0
340424,0,1,19,19,19,19,19,19,19,19,19,19
340424,1,1,0,0,0,0,0,0,0,0,0,0
340425,1,1,9,9,9,9,9,9,9,9,9,9
340426,1,1,23,23,23,23,23,23,23,23,23,23
340427,0,1,0,0,0,0,0,0,0,0,0,0
340427,1,1,0,0,16,0,0,22,0,0,0,0
340428,1,1,28,28,28,28,28,28,28,28,28,28
340429,1,1,0,0,0,0,0,0,0,0,0,0
340429,2,1,0,3,0,0,0,0,0,0,0,0
340429,3,1,10,0,24,0,0,0,0,0,0,0
340430,1,1,14,14,14,14,14,14,14,14,14,14
340430,2,1,0,0,0,0,7,0,0,0,0,0
340430,3,1,0,0,0,0,0,0,0,0,0,0
340431,0,1,9,9,9,9,9,9,9,9,9,9
340431,1,1,0,0,0,0,0,0,0,0,0,0
340432,0,1,0,0,0,0,0,0,0,0,0,0
340432,1,1,21,0,0,0,16,17,5,6,26,0
340433,1,1,0,0,0,0,0,0,0,0,0,0
340434,1,1,14,14,14,14,14,14,14,14,14,14
340435,0,1,0,0,0,0,0,0,0,0,0,0
340435,1,1,0,28,0,0,0,0,0,0,0,8
340436,0,1,0,0,0,0,0,0,0,0,0,0
340436,1,1,0,0,0,0,0,0,0,0,4,0
340437,1,1,0,0,0,0,0,0,0,0,0,0
340437,2,1,0,0,0,0,0,0,0,0,0,0
340437,3,1,0,0,7,0,0,0,0,0,0,0
340438,0,1,0,0,0,0,0,20,9,0,0,25
340438,1,1,0,0,0,0,0,0,0,0,0,0
340439,1,1,0,0,0,0,0,0,0,0,0,0
340439,2,1,0,0,0,0,0,0,0,0,0,0
340439,3,1,0,0,0,0,0,0,0,0,0,0
340440,1,1,0,0,0,0,0,0,0,0,0,0
340440,2,1,18,0,0,0,16,0,22,0,0,0
340441,0,1,0,0,0,0,0,0,0,0,0,0
340441,1,1,0,9,0,0,0,0,6,0,0,0
340442,0,1,32,32,32,32,32,32,32,32,32,32
340442,1,1,0,11,0,2,0,15,19,17,0,0
340443,1,1,5,5,5,5,5,5,5,5,5,5
340443,2,1,0,0,0,0,0,0,0,0,0,0
340443,3,1,0,0,0,0,0,0,0,0,0,0
340444,0,1,0,0,0,0,0,0,0,0,0,0
340444,1,1,0,0,0,0,0,0,0,0,0,0
340445,1,1,22,22,22,22,22,22,22,22,22,22
340445,2,1,0,0,0,0,0,0,0,0,0,0
340446,1,1,19,19,19,19,19,19,19,19,19,19
340446,2,1,0,0,0,0,0,0,0,0,0,0
340447,1,1,0,0,0,0,0,0,0,0,0,0
340447,2,1,0,0,0,0,0,0,0,0,0,0
340448,0,1,2,2,2,2,2,2,2,2,2,2
340448,0,2,0,8,0,24,25,0,0,0,0,17
340448,2,1,0,0,0,0,0,0,0,0,0,0
340449,1,1,0,0,0,0,0,0,0,0,0,0
340449,2,1,1,1,1,1,1,1,1,1,1,1
340450,0,1,25,25,25,25,25,25,25,25,25,25
340450,1,1,0,0,0,0,0,0,0,0,0,0
340451,1,1,0,0,0,0,0,0,0,0,0,0
340451,2,1,0,0,0,0,0,0,0,0,0,0
340452,1,1,20,20,20,20,20,20,20,20,20,20
340453,1,1,0,0,0,0,0,0,0,0,0,0
340453,2,1,0,0,11,0,0,0,0,2,0,0
340453,3,1,0,0,0,0,0,0,0,0,0,0
340454,1,1,0,0,0,0,0,0,0,0,0,0
340455,0,1,0,0,0,0,0,0,0,0,0,0
340455,1,1,0,0,0,0,0,0,0,0,0,0
340456,0,1,0,0,0,0,0,0,0,0,0,0
340456,1,1,15,0,0,0,0,0,0,13,25,0
340457,1,1,0,0,0,0,0,0,0,0,0,0
340458,1,1,0,0,0,0,0,0,0,0,0,0
340458,2,1,0,0,0,0,0,0,0,0,0,0
340459,0,1,16,16,16,16,16,16,16,16,16,16
340459,1,1,14,0,28,0,0,0,0,9,0,0
340460,1,1,14,14,14,14,14,14,14,14,14,14
340460,2,1,11,0,0,0,0,0,0,0,0,0
340461,1,1,9,9,9,9,9,9,9,9,9,9
340461,2,1,0,0,0,0,0,0,0,0,0,0
340462,1,1,0,0,0,0,0,0,0,0,0,0
340463,1,1,20,20,20,20,20,20,20,20,20,20
340463,2,1,0,0,0,0,0,0,0,0,0,0
340464,1,1,0,0,0,0,0,0,0,0,0,0
340464,2,1,6,6,6,6,6,6,6,6,6,6
340465,0,1,0,0,0,0,0,0,0,0,0,0
340465,1,1,0,0,0,0,0,0,0,0,5,0
340466,0,1,23,23,23,23,23,23,23,23,23,23
340466,1,1,0,0,0,0,0,5,0,0,0,0
340467,1,1,0,0,0,0,0,0,0,0,0,0
340468,1,1,6,6,6,6,6,6,6,6,6,6
340469,0,1,36,0,0,0,0,0,28,27,0,0
340469,1,1,0,0,0,0,0,0,0,9,0,0
340470,0,1,0,0,0,0,0,0,0,0,0,0
340470,1,1,0,0,0,0,0,0,0,0,0,0
340471,1,1,20,20,20,20,20,20,20,20,20,20
340471,2,1,0,0,0,0,0,0,0,0,0,0
340472,1,1,27,35,0,0,13,0,21,14,0,0
340472,2,1,0,12,0,4,0,0,0,0,0,0
340473,1,1,20,20,20,20,20,20,20,20,20,20
340473,2,1,0,0,0,0,0,0,0,0,0,0
340474,1,1,0,0,0,0,0,0,0,0,0,0
340474,2,1,0,0,0,0,0,0,0,0,0,0
340475,1,1,0,0,0,0,0,0,0,0,0,0
340475,2,1,0,0,0,0,0,0,0,0,0,0
340475,3,1,0,0,0,0,0,0,0,0,0,0
340475,4,1,0,0,0,0,0,0,0,0,0,0
340475,5,1,0,0,0,0,0,0,0,0,0,0
340476,1,1,0,0,0,0,0,0,0,0,0,0
340476,2,1,0,0,0,0,0,0,0,0,0,0
340476,3,1,0,0,0,0,0,0,0,0,0,0
340477,1,1,0,0,0,0,0,0,0,0,0,0
340478,1,1,0,0,0,0,0,0,0,0,0,0
340479,1,1,0,0,0,0,0,0,0,0,0,0
340480,1,1,17,17,17,17,17,17,17,17,17,17
340480,2,1,0,0,0,0,0,0,0,0,0,0
340481,1,1,0,0,0,0,0,0,0,0,0,0
340481,2,1,0,0,0,0,0,0,0,0,0,0
340482,1,1,0,0,0,0,0,0,0,0,0,0
340483,1,1,15,15,15,15,15,15,15,15,15,15
340484,0,1,28,28,28,28,28,28,28,28,28,28
340484,1,1,0,24,0,0,0,0,0,0,0,21
340485,0,1,0,0,0,0,0,0,0,0,0,0
340485,1,1,24,0,0,0,0,0,0,0,0,0
340486,1,1,0,0,0,0,0,0,0,0,0,0
340486,2,1,0,0,0,0,0,0,0,0,0,0
340487,1,1,6,6,6,6,6,6,6,6,6,6
340488,1,1,16,16,16,16,16,16,16,16,16,16
340489,1,1,13,13,13,13,13,13,13,13,13,13
340490,0,1,0,0,0,0,0,0,0,0,0,0
340490,1,1,11,0,0,0,0,0,0,0,0,0
340491,1,1,0,0,0,0,0,0,0,0,0,0
340491,2,1,0,0,0,0,0,0,0,0,0,0
340492,1,1,0,0,0,17,0,0,0,0,0,12
340492,2,1,0,0,0,0,0,0,0,0,0,0
340493,0,1,0,0,0,0,0,0,0,0,0,0
340493,1,1,0,0,0,0,0,0,0,0,0,0
340494,1,1,0,0,0,0,0,0,0,0,0,0
340495,1,1,0,0,0,0,0,0,0,0,0,0
340495,2,1,0,0,0,0,0,0,0,0,14,0
340495,3,1,0,0,0,0,0,21,0,0,0,0
340496,0,1,12,12,12,12,12,12,12,12,12,12
340496,1,1,0,0,16,0,0,0,0,0,0,0
340497,1,1,0,0,0,0,0,0,0,0,0,0
340497,2,1,0,0,0,0,0,0,0,0,0,0
340498,1,1,0,0,0,0,0,0,0,0,0,0
340499,0,1,0,0,0,0,0,0,0,0,0,0
340499,1,1,0,0,0,0,0,0,0,0,0,0
340500,1,1,0,0,0,0,0,0,0,0,0,0
340500,2,1,0,0,0,0,0,0,0,0,0,0
340501,1,1,18,18,18,18,18,18,18,18,18,18
340502,0,1,0,0,0,0,0,0,0,0,0,0
340502,1,1,0,0,0,0,0,0,0,0,0,0
340503,1,1,0,0,0,14,0,13,0,0,0,0
340504,1,1,11,0,0,0,0,0,0,0,0,0
340504,2,1,0,0,0,0,0,0,0,0,0,0
340505,1,1,15,15,15,15,15,15,15,15,15,15
340505,2,1,0,0,0,0,0,22,0,0,0,0
340506,1,1,0,0,0,0,0,0,0,0,0,0
340507,1,1,20,20,20,20,20,20,20,20,20,20
340508,1,1,0,43,18,0,18,14,0,0,0,5
340509,0,1,11,0,0,16,27,13,18,34,17,17
340509,1,1,0,0,0,0,0,0,7,25,16,0
340510,0,1,38,38,38,38,38,38,38,38,38,38
340510,1,1,0,0,0,0,0,20,0,0,12,0
340510,2,1,9,0,0,0,0,0,0,0,0,0
340511,0,1,0,0,0,0,0,0,0,0,0,0
340511,1,1,0,0,0,0,0,0,0,0,0,0
340512,1,1,0,0,0,0,30,0,0,0,36,3
340512,2,1,0,0,6,0,19,14,10,0,0,0
340513,0,1,0,0,0,0,0,0,0,0,0,0
340513,1,1,0,0,0,0,0,0,0,0,0,0
340514,0,1,0,0,0,0,0,0,0,0,0,0
340514,1,1,0,0,0,0,0,14,0,0,0,0
340515,0,1,0,0,0,0,0,0,0,0,0,0
340515,1,1,0,0,0,0,0,0,0,0,0,0
340516,1,1,7,6,0,0,0,0,0,0,0,2
340516,2,1,0,0,0,0,0,0,0,0,0,0
340517,0,1,27,27,27,27,27,27,27,27,27,27
340517,1,1,22,0,18,0,0,7,0,24,0,0
340518,0,1,0,0,0,0,0,0,0,0,0,0
340518,1,1,0,0,0,0,0,0,0,0,0,0
340519,0,1,0,0,0,0,0,0,0,0,0,0
340519,1,1,0,0,0,0,0,0,0,0,0,0
340520,0,1,0,0,0,0,0,0,0,0,0,0
340520,1,1,0,0,0,0,0,0,0,0,0,0
340521,1,1,15,15,15,15,15,15,15,15,15,15
340522,0,1,0,0,0,0,0,0,0,0,0,0
340522,1,1,0,0,0,0,0,0,0,0,0,0
340523,0,1,0,0,0,0,0,0,0,0,0,0
340523,1,1,12,0,0,0,0,0,0,0,0,0
340524,0,1,0,0,0,0,0,0,0,0,0,0
340524,1,1,0,0,0,0,0,0,0,0,0,0
340525,1,1,0,0,0,0,0,0,0,0,0,0
340526,0,1,25,0,34,22,0,7,5,32,0,25
340526,1,1,0,0,0,5,4,0,0,0,0,7
340527,0,1,0,0,0,0,0,0,0,0,0,0
340527,1,1,0,0,0,0,0,0,0,0,0,0
340528,0,1,6,6,6,6,6,6,6,6,6,6
340528,1,1,0,0,0,0,0,0,0,0,0,0
340529,1,1,1,1,1,1,1,1,1,1,1,1
340530,0,1,0,0,0,0,0,0,0,0,0,0
340530,1,1,0,0,0,0,0,0,7,0,25,0
340531,1,1,10,10,10,10,10,10,10,10,10,10
340532,1,1,0,0,0,0,0,0,0,0,0,0
340532,2,1,0,0,0,0,0,0,0,0,0,0
340533,1,1,0,0,0,0,0,0,0,0,0,0
340533,2,1,0,0,0,0,0,0,0,0,0,0
340534,0,1,0,0,7,0,23,0,32,39,0,0
340534,1,1,0,0,0,0,0,0,0,0,0,0
340535,0,1,0,0,0,0,0,0,0,0,0,0
340535,1,1,19,11,18,13,7,24,0,0,10,25
340536,0,1,0,0,0,0,0,0,0,0,0,0
340536,1,1,0,0,0,0,0,21,0,0,24,0
340537,1,1,0,15,0,0,0,0,0,0,9,0
340538,1,1,0,0,0,0,0,0,0,0,0,0
340538,2,1,0,0,0,0,0,0,0,0,0,8
340538,3,1,0,0,0,0,0,0,0,0,0,0
340538,4,1,0,0,0,0,0,0,0,0,0,0
340538,5,1,0,0,0,0,0,0,0,0,0,0
340539,1,1,0,0,0,0,0,0,0,0,0,0
340539,2,1,0,0,0,0,0,0,0,10,0,0
340539,3,1,0,0,0,0,0,0,0,0,0,0
340540,1,1,20,20,20,20,20,20,20,20,20,20
340541,1,1,14,14,14,14,14,14,14,14,14,14
340542,1,1,0,0,0,0,0,0,0,0,0,0
340542,2,1,0,0,0,0,0,0,0,0,0,0
340543,1,1,0,0,0,0,4,0,0,0,0,23
340543,2,1,0,0,0,0,0,0,0,0,0,0
340544,1,1,0,0,0,0,0,0,0,0,0,0
340544,2,1,0,0,0,0,0,0,0,0,0,0
340545,1,1,2,2,2,2,2,2,2,2,2,2
340545,2,1,0,0,0,0,0,0,0,0,0,0
340545,3,1,37,0,19,0,0,19,16,0,0,18
340545,4,1,0,0,0,0,15,0,0,0,0,0
340545,5,1,27,0,0,32,0,0,0,0,0,13
340546,1,1,0,0,0,0,0,0,0,0,0,0
340546,2,1,0,0,0,0,0,0,0,0,0,0
340546,3,1,0,0,0,0,0,0,0,0,0,0
340547,0,1,26,26,26,26,26,26,26,26,26,26
340547,1,1,0,0,0,0,0,0,0,0,0,0
340548,0,1,0,0,0,0,0,0,0,0,0,0
340548,1,1,0,0,0,0,0,0,0,0,0,0
340549,1,1,0,0,0,0,26,0,0,6,0,0
340549,2,1,0,0,0,0,0,0,0,0,0,0
340550,1,1,0,0,18,0,0,0,0,0,10,0
340550,2,1,24,24,24,24,24,24,24,24,24,24
340550,3,1,29,11,19,17,10,11,10,11,15,7
340551,1,1,0,0,0,0,0,0,0,0,0,0
340552,1,1,0,0,0,0,0,0,0,0,0,0
340552,2,1,0,0,0,24,4,7,0,13,11,31
340553,1,1,0,0,0,0,0,0,0,0,0,0
340554,1,1,1,1,1,1,1,1,1,1,1,1
340555,0,1,0,0,0,0,0,0,0,0,0,0
340555,1,1,0,0,0,0,0,0,7,4,0,0
350001,1,1,14,14,14,14,14,14,14,14,14,14
350002,1,1,28,23,11,0,19,4,5,17,26,13
350003,0,1,32,32,32,32,32,32,32,32,32,32
350003,1,1,0,0,15,0,0,0,0,0,0,0
350003,2,1,0,0,0,0,15,0,0,0,0,32
350004,1,1,20,20,20,20,20,20,20,20,20,20
350005,1,1,0,0,0,0,0,0,0,0,0,0
350005,2,1,0,0,0,0,0,0,0,0,0,0
350006,1,1,0,0,0,0,0,0,0,0,0,0
350007,1,1,0,0,0,0,0,0,0,0,0,0
350007,2,1,0,0,0,0,0,0,0,0,0,0
350008,1,1,0,0,0,0,0,0,0,0,0,0