ST_CASE,VEH_NO,PER_NO,P1,P2,P3,P4,P5,P6,P7,P8,P9,P10
350009,0,1,30,30,30,30,30,30,30,30,30,30
350009,1,1,0,0,0,0,0,0,0,0,0,7
350010,1,1,0,0,0,0,0,0,0,0,0,0
350010,2,1,0,0,0,0,0,0,0,0,0,0
350010,3,1,0,0,0,0,0,0,0,0,0,0
350011,1,1,18,18,18,18,18,18,18,18,18,18
350011,2,1,0,0,0,0,0,0,0,0,0,0
350012,1,1,0,0,0,0,0,0,0,0,0,0
350013,1,1,0,0,0,0,0,0,0,0,0,0
350013,2,1,0,0,0,0,0,0,0,0,0,0
350014,0,1,0,22,0,0,0,0,0,0,0,0
350014,1,1,0,0,0,17,0,0,0,0,0,0
350015,1,1,0,0,0,0,0,0,0,0,0,0
350015,2,1,0,0,0,0,0,0,0,0,0,0
350016,1,1,15,15,15,15,15,15,15,15,15,15
350017,0,1,42,42,42,42,42,42,42,42,42,42
350017,1,1,0,0,0,0,0,0,0,0,0,0
350018,1,1,24,24,24,24,24,24,24,24,24,24
350018,2,1,0,0,0,0,0,0,0,0,0,0
350019,0,1,22,22,22,22,22,22,22,22,22,22
350019,1,1,0,0,0,0,0,0,0,0,0,0
350020,0,1,14,14,14,14,14,14,14,14,14,14
350020,1,1,0,0,0,0,0,0,0,0,15,0
350021,0,1,26,26,26,26,26,26,26,26,26,26
350021,1,1,0,0,0,0,0,0,0,0,0,0
350022,1,1,0,0,0,0,0,20,0,2,0,13
350023,1,1,0,0,0,0,0,0,0,0,0,0
350023,2,1,0,0,0,0,0,0,0,0,0,0
350024,0,1,0,0,0,0,0,0,0,0,0,0
350024,1,1,0,0,0,0,0,0,0,0,0,0
350025,1,1,0,0,15,0,0,0,0,0,9,0
350026,1,1,0,0,0,0,0,0,0,0,0,0
350027,1,1,0,0,0,0,0,0,0,0,0,0
350027,2,1,0,0,0,0,0,0,0,0,0,0
350028,1,1,0,0,0,0,0,0,0,0,0,0
350029,1,1,24,24,24,24,24,24,24,24,24,24
350030,1,1,36,36,36,36,36,36,36,36,36,36
350031,0,1,0,0,0,0,0,0,0,0,0,0
350031,1,1,0,0,0,0,0,0,0,17,0,0
350032,1,1,0,0,0,0,0,0,0,0,0,0
350032,2,1,0,23,0,0,0,0,0,0,0,0
350033,0,1,41,41,41,41,41,41,41,41,41,41
350033,1,1,0,0,0,0,0,0,0,0,0,0
350034,1,1,0,0,0,0,0,0,0,0,0,0
350034,2,1,0,0,0,0,0,0,0,0,0,0
350035,1,1,0,0,0,0,0,0,0,0,0,0
350035,2,1,31,0,0,0,0,0,30,0,0,0
350036,0,1,0,0,0,0,10,0,29,0,0,0
350036,1,1,0,0,0,0,0,16,0,0,0,0
350036,2,1,0,0,0,0,0,0,0,0,0,0
350037,1,1,0,0,0,0,0,0,0,0,0,0
350037,2,1,0,0,0,0,0,0,0,0,0,0
350038,1,1,0,0,0,0,19,0,0,0,0,0
350038,2,1,0,0,0,0,0,0,0,0,0,0
350039,0,1,29,29,29,29,29,29,29,29,29,29
350039,1,1,0,13,0,0,0,7,0,0,0,0
350040,0,1,7,7,7,7,7,7,7,7,7,7
350040,1,1,0,0,0,0,0,0,0,0,0,0
350041,1,1,0,0,0,0,0,0,0,0,0,0
350041,2,1,10,10,10,10,10,10,10,10,10,10
350042,1,1,0,0,0,0,0,0,18,0,0,0
350042,2,1,0,0,0,0,0,0,0,0,0,0
350043,0,1,22,22,22,22,22,22,22,22,22,22
350043,1,1,0,0,0,0,0,0,0,0,0,0
350044,1,1,11,11,11,11,11,11,11,11,11,11
350045,1,1,0,0,0,0,0,0,0,0,0,0
350045,2,1,0,19,0,0,0,0,0,0,0,0
350046,1,1,0,0,0,0,0,0,0,0,0,0
350046,2,1,0,0,0,0,0,0,0,0,0,0
350047,1,1,0,0,0,0,0,0,0,0,0,0
350048,1,1,0,0,0,0,0,0,0,0,0,0
350048,2,1,0,0,0,0,0,0,0,0,0,0
350049,1,1,0,0,0,0,0,0,0,0,0,0
350050,1,1,0,0,0,0,0,0,0,0,0,0
350050,2,1,0,0,0,0,0,0,0,0,0,0
350051,1,1,28,28,28,28,28,28,28,28,28,28
350052,1,1,0,0,0,16,0,0,0,0,0,0
350053,1,1,20,20,20,20,20,20,20,20,20,20
350054,1,1,0,0,8,0,0,0,0,5,19,0
350055,0,1,33,33,33,33,33,33,33,33,33,33
350055,1,1,42,0,0,0,0,0,0,0,0,0
350056,1,1,0,0,0,0,0,0,0,0,0,0
350056,2,1,0,0,0,0,0,0,0,0,0,0
350057,1,1,0,0,0,0,0,0,0,0,0,0
350057,2,1,0,0,11,0,0,0,0,0,0,0
350058,1,1,0,0,0,0,0,0,0,0,0,0
350058,2,1,0,0,0,0,0,0,0,0,0,0
350058,3,1,0,0,0,0,0,0,18,0,0,0
350058,4,1,0,0,0,0,0,0,0,0,0,0
350059,1,1,0,0,0,0,0,0,0,0,0,0
350060,0,1,31,31,31,31,31,31,31,31,31,31
350060,1,1,0,21,0,11,0,8,8,0,25,0
350061,0,1,0,0,18,0,0,18,0,0,0,0
350061,1,1,0,0,0,0,0,0,0,0,0,0
350062,1,1,0,0,0,0,0,0,0,0,0,0
350062,2,1,0,0,0,0,0,0,0,0,0,0
350063,1,1,16,16,16,16,16,16,16,16,16,16
350064,0,1,0,0,0,0,0,0,0,0,0,0
350064,1,1,0,0,0,0,0,0,0,0,0,0
350065,1,1,33,33,33,33,33,33,33,33,33,33
350066,1,1,20,23,0,18,0,0,0,0,0,0
350067,1,1,0,0,0,0,0,0,0,0,0,0
350068,0,1,20,20,20,20,20,20,20,20,20,20
350068,1,1,0,0,0,0,0,0,0,0,0,0
350069,1,1,33,33,33,33,33,33,33,33,33,33
350070,0,1,37,37,37,37,37,37,37,37,37,37
350070,1,1,0,0,0,0,0,0,31,0,0,17
350071,1,1,0,0,0,0,0,0,0,0,0,0
350071,2,1,14,14,14,14,14,14,14,14,14,14
350072,1,1,22,22,22,22,22,22,22,22,22,22
350073,1,1,10,15,15,18,9,16,15,19,19,35
350073,2,1,4,4,4,4,4,4,4,4,4,4
350074,1,1,25,25,25,25,25,25,25,25,25,25
350074,2,1,17,24,9,14,44,19,28,9,24,11
350075,0,1,0,0,0,0,0,0,0,0,0,0
350075,1,1,0,0,0,0,0,0,0,0,0,0
350076,1,1,0,16,0,0,0,0,4,0,0,0
350076,2,1,14,14,14,14,14,14,14,14,14,14
350077,0,1,7,7,7,7,7,7,7,7,7,7
350077,1,1,0,0,0,0,0,0,0,0,0,0
350078,1,1,0,0,0,0,0,0,0,0,0,0
350079,0,1,0,0,0,19,0,0,0,0,6,9
350079,1,1,0,0,0,0,0,0,0,0,0,0
350080,0,1,0,0,0,0,0,0,0,0,0,0
350080,1,1,0,0,8,0,4,0,0,12,12,13
350081,1,1,0,0,0,0,0,0,0,0,0,0
350082,0,1,12,25,0,0,13,0,0,0,0,28
350082,1,1,0,0,0,0,0,0,0,0,0,0
350083,1,1,0,0,0,0,0,0,0,0,0,0
350084,1,1,0,0,0,0,0,0,0,0,0,0
350084,2,1,0,0,0,0,0,0,0,0,0,0
350084,3,1,0,0,0,0,0,0,0,0,0,0
350084,4,1,0,0,0,0,0,0,0,0,0,0
350084,5,1,0,0,0,0,0,0,0,0,0,0
350085,1,1,0,0,0,0,0,0,0,0,0,0
350085,2,1,0,0,0,0,0,0,0,0,0,0
350086,1,1,0,0,0,0,0,0,0,0,0,0
350087,1,1,0,0,0,0,0,0,0,0,0,0
350088,1,1,0,0,0,0,0,0,0,0,0,0
350088,2,1,0,0,0,0,0,0,0,0,0,0
350089,0,1,0,0,0,0,0,0,0,0,0,0
350089,1,1,0,26,17,0,0,11,13,0,24,9
350090,0,1,0,0,0,0,0,0,0,0,0,0
350090,1,1,0,0,0,0,0,0,0,7,8,20
350091,1,1,12,12,12,12,12,12,12,12,12,12
350092,1,1,17,8,6,13,42,10,20,10,13,23
350093,0,1,0,0,0,0,0,0,0,0,0,0
350093,1,1,0,0,0,0,0,0,0,0,0,0
350094,0,1,0,0,0,0,0,0,0,0,0,0
350094,1,1,0,9,0,0,0,0,0,0,0,0
350095,1,1,0,0,0,0,0,0,0,0,0,0
350095,2,1,0,0,0,0,0,0,0,0,0,0
350096,1,1,12,12,12,12,12,12,12,12,12,12
350097,1,1,0,0,0,0,0,0,0,0,0,0
350097,2,1,0,0,0,0,0,0,0,0,0,0
350098,0,1,0,0,0,0,0,0,0,0,0,0
350098,1,1,0,0,0,0,0,37,0,0,0,0
350099,1,1,0,0,0,0,0,0,0,0,0,0
350099,2,1,0,0,0,0,0,0,0,0,0,0
350100,0,1,0,0,0,0,0,0,0,0,0,0
350100,1,1,0,0,0,35,0,0,0,0,0,13
350101,1,1,0,0,0,0,0,0,0,0,0,0
350101,2,1,0,0,0,0,0,0,0,0,0,0
350102,1,1,0,0,0,0,0,0,0,0,0,0
350103,0,1,0,0,0,0,0,0,0,0,0,0
350103,1,1,0,33,34,19,14,5,0,0,0,0
350104,1,1,0,0,0,0,0,0,0,0,0,0
350105,0,1,0,0,0,0,0,0,0,0,0,0
350105,1,1,0,0,0,0,0,0,0,0,0,0
350106,1,1,13,13,13,13,13,13,13,13,13,13
350107,0,1,43,43,43,43,43,43,43,43,43,43
350107,1,1,0,0,0,0,0,0,0,0,0,0
350108,0,1,0,0,0,0,0,0,0,0,0,12
350108,1,1,0,0,0,28,0,0,0,0,9,0
350109,0,1,9,20,5,25,32,12,7,40,33,16
350109,1,1,0,0,0,0,0,0,16,0,0,15
350110,1,1,0,0,0,0,0,0,0,0,0,0
350111,1,1,11,11,11,11,11,11,11,11,11,11
350112,1,1,0,0,0,0,10,0,0,0,13,0
350112,2,1,0,0,0,0,0,0,0,0,0,0
350112,3,1,0,9,0,0,0,0,0,0,0,0
350112,4,1,0,0,0,0,0,0,0,0,0,0
350113,1,1,0,0,0,0,0,0,0,0,0,0
350114,1,1,0,0,0,12,0,0,0,0,22,0
350114,2,1,0,0,0,0,0,0,0,0,0,0
350115,1,1,24,24,24,24,24,24,24,24,24,24
350116,1,1,19,19,19,19,19,19,19,19,19,19
350117,1,1,0,0,13,13,0,0,20,5,0,0
350117,2,1,0,0,0,0,0,0,0,0,0,0
350118,1,1,15,15,15,15,15,15,15,15,15,15
350119,1,1,0,0,0,0,0,0,0,0,0,0
350119,2,1,0,0,0,0,0,0,0,16,0,0
350120,1,1,0,0,0,0,0,0,0,0,0,0
350121,1,1,25,25,25,25,25,25,25,25,25,25
350121,2,1,0,0,0,0,0,0,0,0,0,0
350122,1,1,17,17,17,17,17,17,17,17,17,17
350123,1,1,0,0,0,0,0,0,0,0,0,0
350124,1,1,14,14,14,14,14,14,14,14,14,14
350125,1,1,18,18,18,18,18,18,18,18,18,18
350126,1,1,10,10,10,10,10,10,10,10,10,10
350127,1,1,21,21,21,21,21,21,21,21,21,21
350127,2,1,0,0,0,0,0,0,0,0,0,0
350127,3,1,0,0,0,0,6,0,0,0,0,0
350128,1,1,22,22,22,22,22,22,22,22,22,22
350129,1,1,0,0,0,0,0,0,0,0,0,0
350130,1,1,18,18,18,18,18,18,18,18,18,18
350131,1,1,0,0,0,0,0,0,0,0,0,0
350131,2,1,0,0,0,0,0,0,0,0,0,0
350132,1,1,0,0,0,0,0,0,0,0,0,0
350132,2,1,0,0,0,0,0,0,0,0,0,0
350132,3,1,0,0,0,0,0,0,0,0,0,0
350133,1,1,26,26,26,26,26,26,26,26,26,26
350134,1,1,0,0,0,0,0,0,0,0,0,0
350135,1,1,0,0,0,0,0,0,0,0,0,0
350135,2,1,0,0,0,0,0,0,0,0,0,0
350136,1,1,17,17,17,17,17,17,17,17,17,17
350136,2,1,0,0,0,0,0,0,0,0,0,0
350137,1,1,19,6,9,0,13,6,13,29,14,13
350138,1,1,0,0,0,0,0,0,0,0,0,0
350138,2,1,0,0,0,0,13,0,0,0,0,0
350139,1,1,0,0,0,0,0,0,0,0,0,0
350140,1,1,0,0,0,0,0,0,0,0,0,0
350140,2,1,0,0,0,0,0,0,0,0,0,0
350141,1,1,0,0,0,0,0,0,0,0,0,0
350142,1,1,33,33,33,33,33,33,33,33,33,33
350143,1,1,20,20,20,20,20,20,20,20,20,20
350143,2,1,0,0,0,0,0,17,0,0,0,0
350143,3,1,0,0,0,0,0,0,0,0,0,0
350144,1,1,0,0,0,0,0,0,0,0,0,0
350145,1,1,0,0,0,0,0,0,0,0,0,0
350145,2,1,0,19,0,20,0,0,0,0,0,0
350145,3,1,0,0,0,0,0,0,0,0,0,0
350145,4,1,0,0,0,0,0,0,0,0,0,0
350146,0,1,39,22,24,12,22,10,21,14,16,27
350146,1,1,9,9,9,9,9,9,9,9,9,9
350147,1,1,0,0,0,0,0,0,0,0,0,0
350147,2,1,0,0,0,0,0,0,0,0,0,0
350148,1,1,7,7,7,7,7,7,7,7,7,7
350149,1,1,0,0,0,0,0,0,0,0,0,0
350149,2,1,0,0,0,0,0,0,0,0,0,0
350149,3,1,0,0,0,0,0,0,0,0,0,0
350150,0,1,0,18,6,0,0,20,24,0,0,0
350150,1,1,21,8,5,0,19,5,21,20,14,0
350151,1,1,0,0,0,0,0,0,0,0,0,0
350152,1,1,18,11,29,16,33,15,14,7,0,27
350153,1,1,6,6,6,6,6,6,6,6,6,6
350153,2,1,4,10,0,10,0,22,0,24,0,27
350154,1,1,0,0,0,0,0,0,0,0,0,0
350155,1,1,0,0,0,0,0,0,0,0,0,0
350155,2,1,0,0,0,0,0,0,0,0,0,0
350156,0,1,0,0,0,0,0,0,0,0,0,0
350156,1,1,0,0,0,0,0,13,0,0,0,0
350156,2,1,0,0,0,0,0,0,0,0,10,0
350157,0,1,0,0,0,0,0,0,0,0,0,0
350157,1,1,0,0,0,0,0,0,0,0,0,0
350158,1,1,0,0,0,0,0,0,0,0,0,0
350159,1,1,0,0,0,0,0,0,0,0,0,0
350160,1,1,0,0,0,0,0,0,0,0,0,0
350160,2,1,0,0,0,0,0,0,0,0,0,0
350161,1,1,0,0,0,0,0,0,0,0,0,12
350161,2,1,18,18,18,18,18,18,18,18,18,18
350162,1,1,0,8,0,0,0,31,0,0,0,22
350162,2,1,0,0,0,0,0,0,0,0,0,0
350162,3,1,0,0,0,0,0,0,0,0,0,0
350163,0,1,0,0,0,0,0,0,0,0,0,0
350163,1,1,0,0,0,11,2,0,0,0,0,0
350164,1,1,26,23,24,5,0,0,23,11,12,16
350165,1,1,4,4,4,4,4,4,4,4,4,4
350165,2,1,0,0,0,0,0,0,0,0,0,0
350166,1,1,0,0,0,0,0,0,0,0,0,0
350167,1,1,0,0,0,0,0,0,0,0,0,0
350168,1,1,14,14,14,14,14,14,14,14,14,14
350169,1,1,0,0,0,0,0,0,0,0,0,0
350170,0,1,33,33,33,33,33,33,33,33,33,33
350170,1,1,0,0,0,0,0,0,0,0,0,0
350171,1,1,0,0,21,0,0,0,0,0,0,0
350172,1,1,0,0,0,0,0,0,0,0,0,0
350172,2,1,18,12,15,0,13,0,0,0,0,0
350172,3,1,0,0,0,0,0,0,0,0,0,0
350173,1,1,0,0,0,0,0,0,0,0,0,0
350173,2,1,0,0,0,0,0,0,0,0,0,0
350174,1,1,29,7,17,4,19,0,11,21,0,22
350174,2,1,0,0,0,0,0,0,0,0,0,0
350175,1,1,25,7,14,34,26,13,0,15,11,14
350176,0,1,0,0,0,0,0,0,0,0,0,0
350176,1,1,0,21,0,0,0,0,0,0,0,0
350177,1,1,0,0,0,0,20,0,0,0,0,0
350177,2,1,0,0,0,0,0,0,0,0,0,0
350178,1,1,0,0,0,0,0,0,0,0,0,0
350179,1,1,0,0,0,0,0,0,0,0,0,0
350179,2,1,0,0,0,0,0,0,0,0,0,0
350180,1,1,0,0,0,0,0,0,0,0,0,0
350181,1,1,19,33,0,0,0,0,0,32,0,0
350182,1,1,0,0,0,0,0,0,0,0,0,0
350182,2,1,0,0,0,0,0,0,0,0,0,0
350183,0,1,0,0,0,0,0,0,0,0,0,0
350183,1,1,0,43,0,0,0,0,0,0,0,0
350184,1,1,0,0,0,0,0,0,0,0,0,0
350185,1,1,29,11,12,30,23,13,19,4,12,22
350186,1,1,0,0,0,0,0,0,14,0,0,0
350186,2,1,0,0,0,0,0,0,0,0,0,0
350187,1,1,0,0,0,0,0,0,0,0,0,0
350188,0,1,0,0,0,0,0,0,0,0,0,0
350188,1,1,17,29,15,23,8,14,10,0,0,0
350189,1,1,0,0,0,0,0,0,0,0,0,0
350190,1,1,31,31,31,31,31,31,31,31,31,31
350190,2,1,0,0,0,0,0,0,0,0,0,0
350191,1,1,10,10,10,10,10,10,10,10,10,10
350192,1,1,0,0,0,0,0,0,0,10,0,0
350193,1,1,0,19,19,39,0,30,4,28,14,13
350194,1,1,22,3,16,2,11,9,12,8,11,11
350195,1,1,18,6,0,0,0,31,0,16,17,0
350196,1,1,12,0,0,0,0,0,0,0,15,0
350197,1,1,20,20,20,20,20,20,20,20,20,20
350198,1,1,6,16,0,0,0,0,0,11,0,0
350198,2,1,0,0,0,0,0,0,0,0,0,0
350199,1,1,16,16,16,16,16,16,16,16,16,16
350199,2,1,0,0,0,8,0,0,0,0,0,17
350200,1,1,14,21,26,27,19,21,11,4,19,8
350201,0,1,0,0,0,0,0,0,0,0,0,0
350201,1,1,0,0,0,0,0,0,0,0,0,0
350202,1,1,25,17,11,18,20,41,17,26,34,19
350203,1,1,0,0,0,0,0,0,0,0,0,0
350203,2,1,0,0,0,0,0,0,0,0,0,0
350204,1,1,0,0,0,0,0,0,0,0,0,0
350205,1,1,0,0,0,0,0,0,0,0,0,5
350205,2,1,0,0,0,0,0,0,0,0,0,0
350206,1,1,0,0,0,0,0,0,0,0,0,0
350206,2,1,0,0,0,5,0,0,0,0,0,8
350207,1,1,0,0,0,0,0,0,0,0,0,0
350208,1,1,0,0,0,0,0,0,0,0,0,0
350208,2,1,21,21,21,21,21,21,21,21,21,21
350209,1,1,0,0,0,0,0,0,0,0,0,0
350210,1,1,18,6,30,10,18,14,18,0,4,17
350211,1,1,18,18,18,18,18,18,18,18,18,18
350211,2,1,0,0,0,18,0,22,0,0,0,0
350212,1,1,0,0,0,0,0,15,0,24,0,11
350213,0,1,0,0,0,0,0,0,0,0,0,0
350213,1,1,0,0,0,0,0,15,0,0,13,0
350214,1,1,0,0,0,0,0,0,0,0,0,0
350215,1,1,0,0,0,0,0,0,0,0,0,0
350216,0,1,28,28,28,28,28,28,28,28,28,28
350216,0,2,8,8,8,8,8,8,8,8,8,8
350216,1,1,0,0,0,0,0,0,0,0,11,0
350216,2,1,0,0,0,0,0,0,0,0,0,0
350217,1,1,17,17,17,17,17,17,17,17,17,17
350218,1,1,0,0,0,0,0,0,0,0,0,0
350218,2,1,0,0,0,0,0,0,0,0,0,0
350219,1,1,0,0,13,0,0,19,0,9,14,0
350220,1,1,0,0,0,0,0,0,0,0,0,0
350220,2,1,0,0,0,0,0,0,0,0,0,0
350220,3,1,0,0,0,0,0,0,0,0,0,0
350221,1,1,0,0,0,0,0,0,0,0,0,0
350221,2,1,0,0,0,0,0,0,0,0,0,0
350222,1,1,6,6,6,6,6,6,6,6,6,6
350223,1,1,18,18,18,18,18,18,18,18,18,18
350223,2,1,0,0,0,0,0,0,0,0,0,0
350224,1,1,0,0,0,0,0,0,0,0,0,0
350224,2,1,0,0,18,0,0,0,0,0,0,0
350224,3,1,4,0,0,0,0,0,0,0,0,0
350225,0,1,0,0,0,0,0,0,0,0,0,0
350225,1,1,0,0,0,0,0,0,0,0,0,0
350226,1,1,8,8,8,8,8,8,8,8,8,8
350227,1,1,0,0,0,0,0,0,0,0,0,0
350227,2,1,20,20,20,20,20,20,20,20,20,20
350228,1,1,0,0,0,0,0,0,0,0,0,0
350229,1,1,21,6,24,10,24,28,7,0,12,10
350229,2,1,0,0,0,0,0,0,0,0,0,0
350230,1,1,0,0,0,0,0,0,0,0,0,0
350231,0,1,0,0,0,0,0,0,0,0,0,0
350231,1,1,0,0,0,0,0,0,0,0,0,0
350232,1,1,0,0,0,0,0,0,0,0,0,0
350232,2,1,6,0,0,0,0,0,0,0,0,7
350233,1,1,15,15,15,15,15,15,15,15,15,15
350234,1,1,10,10,10,10,10,10,10,10,10,10
350234,2,1,0,0,0,0,0,0,0,0,0,0
350235,1,1,12,12,12,12,12,12,12,12,12,12
350236,1,1,0,0,0,0,0,0,0,0,0,0
350236,2,1,23,23,23,23,23,23,23,23,23,23
350237,0,1,23,23,23,23,23,23,23,23,23,23
350237,1,1,0,0,0,31,0,0,0,0,0,0
350238,1,1,0,0,0,0,0,0,0,0,0,0
350238,2,1,0,0,0,0,0,0,0,0,0,0
350239,1,1,0,0,0,0,0,0,0,0,0,8
350239,2,1,0,0,0,0,0,0,15,11,0,4
350240,1,1,12,12,12,12,12,12,12,12,12,12
350241,1,1,0,0,0,0,0,0,0,0,0,0
350241,2,1,0,0,10,0,0,0,0,0,28,0
350242,0,1,0,0,0,0,0,0,0,0,0,0
350242,1,1,0,0,0,0,0,0,0,0,0,0
350243,1,1,0,0,0,0,0,0,6,0,0,0
350243,2,1,0,0,0,0,0,0,0,0,0,0
350244,1,1,0,0,0,0,0,0,0,0,0,0
350245,1,1,18,18,18,18,18,18,18,18,18,18
350246,0,1,0,0,0,0,0,0,0,0,0,0
350246,1,1,0,0,0,0,0,0,0,0,0,0
350247,1,1,0,0,0,0,7,8,0,0,15,0
350248,1,1,0,0,0,0,0,0,0,0,0,0
350248,2,1,0,0,0,0,0,0,0,0,0,0
350248,3,1,0,0,0,0,0,26,0,0,0,0
350248,4,1,0,0,0,0,0,0,0,0,0,0
350249,0,1,0,0,49,0,0,42,0,7,0,45
350249,1,1,0,0,0,0,0,0,0,0,0,0
350250,1,1,27,27,27,27,27,27,27,27,27,27
350250,2,1,0,0,0,0,0,9,0,0,16,0
350251,1,1,19,19,19,19,19,19,19,19,19,19
350252,1,1,0,0,0,0,0,0,0,0,0,0
350252,2,1,0,0,16,0,0,0,0,0,0,10
350253,1,1,0,0,0,0,0,0,0,0,0,0
350254,1,1,0,0,0,0,0,0,0,0,0,0
350254,2,1,0,0,0,0,0,0,0,0,0,0
350254,3,1,0,0,0,0,0,0,0,0,0,0
350255,1,1,17,17,17,17,17,17,17,17,17,17
350256,1,1,0,32,0,0,0,0,0,0,0,0
350256,2,1,0,0,0,0,0,0,0,0,0,0
350257,1,1,0,10,0,0,0,0,8,0,0,0
350258,1,1,26,8,4,8,14,9,19,11,16,24
350258,2,1,0,0,0,0,0,0,0,0,0,0
350259,1,1,18,18,18,18,18,18,18,18,18,18
350260,1,1,0,30,0,0,0,0,0,0,0,0
350260,2,1,0,0,0,0,0,0,0,0,0,0
350261,1,1,7,7,7,7,7,7,7,7,7,7
350262,0,1,0,0,0,0,0,0,0,0,0,0
350262,1,1,0,0,0,0,0,0,0,0,0,0
350263,0,1,0,0,0,0,0,0,0,0,0,0
350263,0,2,11,26,0,0,0,19,28,0,0,0
350263,1,1,25,0,0,0,0,0,0,0,16,0
350264,1,1,0,0,0,0,0,0,0,0,0,0
350265,1,1,13,0,4,15,29,17,2,26,0,0
350266,0,1,32,32,32,32,32,32,32,32,32,32
350266,1,1,0,0,0,12,0,0,0,0,3,0
350267,1,1,27,27,27,27,27,27,27,27,27,27
350267,2,1,0,10,0,10,12,5,10,0,0,0
350268,1,1,30,30,30,30,30,30,30,30,30,30
350269,0,1,0,0,0,0,0,0,0,0,0,0
350269,1,1,0,0,0,0,0,0,0,0,0,0
350270,1,1,0,0,0,0,0,0,0,0,0,0
350271,0,1,18,18,18,18,18,18,18,18,18,18
350271,1,1,16,26,10,0,12,16,0,19,0,0
350272,1,1,0,0,0,0,0,0,0,0,0,0
350273,0,1,22,0,15,32,0,6,0,0,0,20
350273,1,1,0,0,0,0,0,0,0,0,0,0
350273,2,1,0,0,0,0,0,0,0,0,0,0
350274,1,1,0,0,0,0,0,0,0,0,0,0
350274,2,1,0,0,0,0,0,0,0,0,0,0
350275,1,1,0,0,0,0,0,0,0,0,0,0
350276,1,1,30,30,30,30,30,30,30,30,30,30
350277,0,1,0,0,0,0,0,0,0,0,0,0
350278,1,1,0,0,0,0,0,0,0,0,0,0
350279,1,1,18,18,18,18,18,18,18,18,18,18
350279,2,1,0,0,6,0,0,0,0,0,9,0
350279,3,1,0,0,0,0,0,0,0,0,15,6
350280,1,1,18,18,18,18,18,18,18,18,18,18
350281,0,1,0,0,0,0,0,0,0,0,18,0
350281,1,1,0,0,0,0,0,0,0,0,0,0
350281,2,1,0,0,0,0,0,0,0,0,0,0
350282,0,1,27,27,27,27,27,27,27,27,27,27
350282,1,1,17,17,17,17,17,17,17,17,17,17
350283,1,1,10,10,10,10,10,10,10,10,10,10
350284,0,1,0,0,0,0,0,0,0,0,0,0
350284,1,1,0,0,0,0,21,0,0,7,0,2
350285,1,1,0,0,0,0,0,0,0,0,0,0
350285,2,1,0,0,0,0,0,0,0,0,0,0
350285,3,1,0,0,0,0,0,0,0,0,0,0
350285,4,1,0,0,0,0,0,0,0,0,0,0
350286,1,1,16,44,41,10,19,10,13,24,19,20
350286,2,1,0,0,0,0,0,0,0,0,15,12
350287,0,1,21,21,21,21,21,21,21,21,21,21
350287,1,1,8,10,15,19,25,12,0,7,0,0
350288,1,1,0,0,0,0,0,0,0,0,0,0
350289,0,1,0,0,0,0,0,0,0,0,0,0
350289,1,1,4,0,6,10,21,5,0,0,0,1
350289,2,1,7,28,6,11,7,0,18,0,9,7
350290,1,1,3,0,4,20,12,0,6,5,14,11
350291,1,1,0,0,0,0,0,0,0,0,0,0
350291,2,1,0,0,0,0,0,0,0,0,0,0
350292,1,1,0,0,0,0,0,0,0,0,0,0
350293,1,1,0,29,18,0,0,0,13,0,0,0
350294,1,1,15,0,0,0,0,18,0,0,0,0
350294,2,1,0,0,0,0,0,0,0,0,0,0
350295,1,1,21,21,21,21,21,21,21,21,21,21
350296,1,1,0,0,0,0,0,0,0,0,0,0
350296,2,1,0,0,0,0,8,16,0,0,21,0
350297,0,1,34,34,34,34,34,34,34,34,34,34
350297,1,1,0,0,10,0,10,0,0,0,12,0
350297,2,1,0,0,0,0,0,0,0,0,0,0
350297,3,1,13,0,0,0,0,0,0,0,0,0
350297,4,1,0,6,0,0,0,0,0,0,0,0
350297,5,1,0,0,0,0,0,0,0,0,0,0
350297,6,1,0,0,0,0,0,0,0,0,0,0
350298,1,1,10,0,0,0,0,11,0,0,0,20
350299,1,1,0,0,0,0,0,0,0,0,0,0
350299,2,1,15,10,6,0,29,12,20,19,22,11
350300,0,1,0,18,0,0,0,0,24,0,0,0
350300,1,1,0,0,10,0,0,0,0,0,0,0
350301,0,1,11,25,24,0,0,0,0,0,0,0
350301,1,1,0,0,0,0,0,22,0,0,0,0
350302,1,1,0,0,0,0,0,0,0,0,0,0
350302,2,1,0,0,0,0,0,0,0,0,0,0
350303,1,1,28,28,28,28,28,28,28,28,28,28
350304,0,1,0,0,0,0,0,0,0,0,0,0
350304,1,1,0,0,0,0,0,0,0,0,0,0
350305,1,1,0,17,0,0,0,11,0,0,0,0