ST_CASE,VEH_NO,PER_NO,P1,P2,P3,P4,P5,P6,P7,P8,P9,P10
360536,2,1,0,0,0,0,0,0,0,0,0,0
360537,1,1,0,0,0,0,0,0,0,0,0,0
360538,1,1,17,17,17,17,17,17,17,17,17,17
360539,1,1,0,13,20,11,19,20,14,27,5,19
360540,0,1,0,0,0,0,0,0,0,0,0,0
360540,1,1,0,0,0,0,0,0,15,0,0,0
360541,1,1,0,0,0,0,0,0,0,0,0,0
360542,1,1,0,0,0,0,0,11,0,0,0,0
360542,2,1,0,0,0,0,0,0,0,0,0,0
360542,3,1,0,18,0,0,0,0,0,0,0,9
360543,0,1,12,12,12,12,12,12,12,12,12,12
360543,1,1,0,0,0,0,0,0,0,0,0,0
360544,1,1,0,0,0,0,0,0,26,0,0,0
360544,2,1,0,0,6,0,0,17,0,0,0,0
360545,1,1,0,0,0,0,0,0,0,0,0,0
360545,2,1,0,0,0,0,0,0,0,0,0,0
360546,1,1,0,0,0,0,0,0,0,0,0,0
360546,2,1,0,0,0,0,0,0,0,0,0,0
360547,1,1,0,0,0,0,0,0,0,0,0,0
360547,2,1,0,0,0,0,0,0,0,0,0,0
360548,1,1,19,0,0,0,0,0,0,0,0,0
360549,0,1,0,0,0,0,0,0,0,0,0,0
360549,1,1,0,0,0,24,18,0,0,0,0,0
360550,1,1,0,0,0,0,0,0,0,0,0,0
360551,1,1,7,7,7,7,7,7,7,7,7,7
360552,1,1,0,0,0,0,0,0,0,0,0,0
360552,2,1,0,0,0,0,0,0,0,0,0,0
360553,1,1,0,0,0,0,0,0,0,0,0,0
360553,2,1,0,0,0,0,0,0,0,0,0,0
360554,1,1,15,15,15,15,15,15,15,15,15,15
360555,1,1,0,0,0,0,0,0,0,0,0,0
360555,2,1,0,0,0,0,0,0,0,0,0,0
360556,1,1,0,0,0,0,0,0,0,0,0,0
360557,1,1,0,0,0,0,0,0,0,0,0,0
360558,0,1,0,0,0,0,0,0,0,10,11,0
360558,1,1,0,0,0,0,0,0,0,0,0,17
360559,1,1,0,0,33,17,12,0,0,0,11,0
360560,1,1,0,5,0,15,0,0,0,0,16,8
360561,1,1,11,11,11,11,11,11,11,11,11,11
360562,1,1,7,7,7,7,7,7,7,7,7,7
360562,2,1,0,0,0,0,0,0,0,0,0,0
360563,1,1,0,18,0,0,0,0,0,8,0,0
360563,2,1,0,0,0,0,0,0,0,0,0,0
360564,0,1,28,28,28,28,28,28,28,28,28,28
360564,1,1,0,0,0,0,0,0,0,0,0,0
360565,1,1,22,0,0,0,0,0,0,0,0,26
360565,2,1,0,0,0,0,0,0,0,0,0,0
360566,1,1,0,0,0,0,0,0,0,0,0,0
360566,2,1,0,0,0,0,0,0,0,0,0,0
360567,1,1,15,15,15,15,15,15,15,15,15,15
360568,1,1,0,0,0,0,0,0,0,0,0,0
360569,1,1,0,0,0,0,0,0,0,0,0,0
360569,2,1,0,0,0,15,0,0,0,0,0,0
360570,1,1,24,18,5,22,20,18,27,8,24,15
360571,1,1,5,0,38,0,0,0,0,0,10,0
360571,2,1,0,0,0,0,0,0,0,0,0,0
360572,1,1,0,0,0,0,0,0,0,0,0,0
360573,1,1,0,0,0,19,11,0,0,0,0,0
360573,2,1,0,0,0,0,0,0,0,0,0,0
360574,1,1,0,0,0,0,0,0,0,0,0,0
360574,2,1,0,0,0,0,0,0,0,6,0,0
360574,3,1,0,0,0,0,0,0,0,0,0,0
360575,1,1,6,6,6,6,6,6,6,6,6,6
360576,1,1,0,0,0,0,0,0,0,0,0,0
360577,1,1,0,0,0,0,3,0,0,0,0,0
360578,1,1,0,0,0,0,0,0,0,0,0,0
360578,2,1,0,0,0,0,0,0,0,0,0,0
360579,0,1,0,0,0,0,0,0,0,0,0,0
360579,1,1,7,0,0,0,0,0,0,0,0,0
360580,1,1,0,0,0,0,0,0,0,0,0,0
360581,1,1,21,15,19,12,9,0,18,3,11,7
360582,0,1,0,0,0,0,0,0,0,0,0,0
360582,1,1,23,0,0,9,12,0,0,0,8,0
360583,1,1,0,0,0,0,0,0,0,0,0,0
360584,0,1,0,0,0,0,0,0,0,0,0,0
360584,1,1,12,0,0,43,16,0,0,0,4,0
360585,1,1,0,0,0,0,0,0,0,0,0,0
360585,2,1,0,0,0,0,0,0,0,0,0,0
360586,0,1,0,0,0,0,0,0,0,0,0,0
360586,1,1,0,0,0,0,0,0,14,0,8,0
360587,0,1,0,0,0,0,0,0,0,0,0,0
360587,1,1,0,0,0,0,0,0,0,0,23,0
360588,1,1,0,0,0,0,0,0,0,0,0,0
360588,2,1,0,0,0,0,0,0,0,0,0,0
360589,1,1,0,0,0,0,0,0,0,0,0,0
360589,2,1,5,12,11,19,0,0,13,0,2,0
360590,0,1,0,13,0,0,10,0,18,0,0,0
360590,0,2,1,1,1,1,1,1,1,1,1,1
360590,1,1,15,15,15,15,15,15,15,15,15,15
360591,1,1,0,0,9,0,13,4,14,19,0,19
360591,2,1,0,0,0,0,0,0,0,0,0,0
360592,0,1,19,20,28,28,9,24,18,10,40,26
360592,1,1,0,21,0,0,25,30,0,0,23,0
360593,1,1,0,0,0,0,0,0,0,0,0,0
360593,2,1,0,0,0,0,0,0,0,0,5,0
360594,0,1,33,0,16,0,0,0,0,0,10,0
360594,1,1,0,6,0,0,0,10,0,0,6,0
360595,0,1,20,0,0,0,0,0,15,0,26,22
360595,1,1,0,9,0,28,0,17,0,0,13,3
360596,0,1,0,0,0,0,0,0,0,0,0,0
360596,1,1,0,0,0,0,0,0,0,0,33,0
360597,1,1,0,0,0,0,0,0,0,0,0,0
360597,2,1,0,0,0,0,0,0,0,0,0,0
360598,1,1,0,30,0,0,15,0,21,6,0,0
360598,2,1,0,0,0,0,0,0,0,0,0,0
360599,1,1,0,0,0,0,0,0,0,0,0,0
360599,2,1,0,0,0,0,0,23,0,17,18,0
360600,1,1,23,23,23,23,23,23,23,23,23,23
360600,2,1,0,20,0,0,0,0,0,10,0,0
360601,1,1,0,0,0,0,0,0,0,0,0,0
360601,2,1,0,0,0,0,0,0,0,0,0,0
360602,1,1,0,0,0,17,0,0,13,0,0,0
360602,2,1,0,5,4,0,0,0,11,0,0,10
360603,1,1,0,0,0,0,0,0,0,0,0,0
360603,2,1,0,0,0,0,0,0,0,0,0,0
360604,1,1,0,0,0,0,0,0,0,0,0,0
360604,2,1,0,0,0,0,15,0,0,0,0,0
360605,1,1,0,0,0,0,0,0,0,0,0,0
360605,2,1,27,0,0,0,5,0,0,0,0,0
360606,0,1,0,0,0,0,0,0,0,0,0,0
360606,1,1,0,8,0,0,0,0,0,0,0,0
360607,1,1,0,0,17,14,16,8,0,5,0,0
360607,2,1,0,0,0,0,0,16,27,0,0,0
360608,1,1,0,0,0,0,0,0,0,0,0,0
360608,2,1,0,0,0,0,0,0,0,0,0,0
360609,1,1,0,0,0,0,22,0,0,0,0,11
360609,2,1,19,0,0,0,19,5,17,0,28,0
360609,3,1,0,0,0,0,0,0,0,0,0,0
360609,4,1,0,0,0,0,0,0,0,0,0,0
360610,1,1,0,0,0,0,0,0,0,0,0,0
360612,1,1,31,31,31,31,31,31,31,31,31,31
360612,2,1,0,0,18,0,0,0,0,0,0,0
360612,3,1,0,0,0,0,0,0,0,0,0,0
360612,4,1,0,0,0,0,0,0,0,0,0,0
360613,0,1,0,0,0,0,0,0,0,0,0,0
360613,1,1,0,0,0,0,0,0,0,0,0,0
360614,1,1,0,0,0,0,15,0,0,17,0,21
360614,2,1,0,0,0,0,0,0,21,0,0,0
360614,3,1,0,0,0,11,10,0,0,0,0,0
360615,1,1,17,17,17,17,17,17,17,17,17,17
360615,2,1,0,0,0,0,0,0,0,0,0,0
360616,1,1,25,25,25,25,25,25,25,25,25,25
360617,1,1,0,0,13,0,0,0,0,0,0,0
360618,1,1,22,22,22,22,22,22,22,22,22,22
360619,0,1,0,0,0,0,0,0,0,0,0,0
360619,1,1,5,5,5,5,5,5,5,5,5,5
360620,1,1,0,0,0,0,0,0,6,0,16,21
360620,2,1,0,0,0,0,0,0,0,0,0,0
360621,1,1,28,0,0,0,0,10,0,0,0,0
360621,2,1,0,0,0,0,0,0,0,0,0,11
360622,1,1,0,30,10,0,20,0,0,40,0,0
360623,0,1,0,0,0,0,0,0,0,39,0,0
360623,1,1,0,0,14,0,0,0,0,0,0,10
360624,1,1,0,0,0,0,0,0,0,0,0,0
360625,0,1,0,0,0,0,0,0,0,0,0,0
360625,1,1,0,18,0,0,0,0,0,0,0,0
360626,0,1,0,0,0,0,0,28,0,0,0,0
360626,1,1,0,0,0,0,0,0,0,0,0,0
360627,0,1,0,0,0,0,0,0,0,0,0,0
360627,1,1,0,0,0,0,0,0,0,0,0,0
360628,1,1,5,23,0,21,0,0,0,14,3,0
360628,2,1,0,0,0,0,0,0,0,0,0,0
360629,1,1,0,0,0,0,0,0,0,0,0,0
360629,2,1,0,0,0,0,0,0,0,0,0,0
360630,1,1,23,23,23,23,23,23,23,23,23,23
360631,1,4,0,15,0,11,0,0,0,0,0,0
360632,1,1,0,0,0,0,0,0,0,0,0,0
360633,0,1,30,30,30,30,30,30,30,30,30,30
360633,1,1,0,0,0,0,0,0,0,0,0,0
360634,1,1,0,0,0,0,0,0,0,0,0,0
360634,2,1,0,0,0,0,0,0,0,0,0,0
360635,1,1,0,0,0,0,0,0,0,0,0,0
360635,2,1,0,10,8,0,0,0,10,0,0,0
360635,3,1,0,0,0,14,0,0,17,0,0,0
360635,4,1,0,20,0,0,26,0,0,0,0,0
360635,5,1,0,0,0,0,0,13,0,0,0,0
360636,1,1,0,0,0,0,0,0,0,0,0,0
360636,2,1,0,0,0,0,0,0,0,0,0,0
360637,1,1,0,0,0,0,0,0,0,0,0,0
360637,2,1,0,0,0,0,0,0,0,0,0,0
360638,0,1,0,7,0,0,0,0,0,0,0,0
360638,1,1,0,0,0,0,0,26,0,0,0,0
360639,1,1,0,21,0,0,0,0,8,0,0,0
360640,0,1,0,0,0,0,0,0,0,0,0,0
360640,1,1,0,21,0,9,0,0,13,0,20,17
360641,1,1,24,0,0,7,0,11,0,10,0,0
360642,1,1,0,0,0,0,0,0,19,0,0,7
360643,1,1,0,0,0,0,0,0,0,0,0,0
360644,0,1,8,8,8,8,8,8,8,8,8,8
360644,1,1,0,0,0,0,11,0,0,0,0,0
360644,2,1,0,14,0,0,35,10,24,0,0,0
360645,1,1,0,0,0,0,0,0,0,0,0,0
360646,1,1,0,0,0,0,0,0,0,0,0,0
360646,2,1,0,0,0,0,0,0,0,0,0,0
360647,1,1,0,0,0,0,0,0,0,0,0,0
360647,2,1,0,0,0,0,10,13,0,0,0,0
360647,3,1,0,0,0,0,0,0,0,0,0,0
360648,1,1,0,0,18,0,0,0,0,11,0,0
360649,1,1,21,21,21,21,21,21,21,21,21,21
360650,1,1,0,0,0,0,0,0,0,0,0,0
360651,1,1,17,17,17,17,17,17,17,17,17,17
360652,1,1,0,0,0,0,0,0,0,0,0,0
360652,2,1,25,25,25,25,25,25,25,25,25,25
360653,1,1,0,0,16,26,0,0,25,0,0,14
360653,2,1,0,8,0,0,0,8,9,44,0,0
360654,1,1,8,8,8,8,8,8,8,8,8,8
360655,0,1,0,0,0,0,0,0,0,0,0,0
360655,1,1,0,0,0,0,0,0,0,0,0,0
360656,1,1,0,21,0,0,0,16,0,0,0,0
360656,2,1,0,0,0,0,0,0,0,0,0,0
360657,0,1,0,0,0,0,0,0,0,0,0,0
360657,1,1,10,0,6,0,0,14,24,0,0,0
360657,2,1,0,20,0,0,0,0,10,14,0,0
360658,0,1,0,0,0,0,0,0,0,0,0,0
360658,1,1,0,3,0,0,0,0,14,0,0,0
360659,1,1,0,0,0,0,0,0,0,0,0,0
360660,0,1,0,0,0,0,0,0,0,0,0,0
360660,1,1,0,0,0,0,0,0,0,0,0,0
360661,0,1,0,0,0,0,0,0,0,0,0,0
360661,1,1,0,0,0,0,0,0,0,33,0,0
360662,0,1,42,42,42,42,42,42,42,42,42,42
360662,1,1,0,0,0,0,0,0,0,11,8,0
360663,1,1,0,0,0,0,0,0,0,0,0,0
360664,0,1,0,0,0,0,0,0,0,0,0,0
360664,1,1,0,0,0,7,0,0,21,0,0,25
360665,1,1,0,0,0,0,0,0,0,0,0,0
360666,1,1,2,2,2,2,2,2,2,2,2,2
360667,1,1,0,0,0,0,0,0,0,0,0,0
360667,2,1,0,0,0,0,0,0,0,0,0,0
360669,1,1,2,2,2,2,2,2,2,2,2,2
360669,2,1,9,9,25,0,0,0,0,11,0,0
360670,1,1,0,0,0,0,0,0,0,0,0,0
360670,2,1,0,0,0,0,0,0,0,0,0,0
360670,3,1,0,0,0,0,0,0,0,0,0,0
360670,4,1,12,25,0,0,4,0,0,0,0,0
360671,1,1,0,0,0,0,0,0,0,0,0,0
360672,1,1,26,26,26,26,26,26,26,26,26,26
360672,2,1,18,17,31,0,23,6,6,0,0,0
360672,3,1,0,7,10,0,30,15,0,25,8,0
360672,4,1,18,0,0,0,0,0,0,11,0,16
360673,1,1,13,0,0,0,0,0,0,0,0,24
360674,1,1,5,5,5,5,5,5,5,5,5,5
360675,1,1,29,29,29,29,29,29,29,29,29,29
360675,2,1,0,0,0,0,0,0,0,0,0,0
360676,1,1,0,0,0,0,0,0,0,0,0,0
360676,2,1,0,0,0,0,0,0,0,0,0,0
360677,1,1,0,0,0,0,0,0,0,0,0,0
360677,2,1,0,0,0,0,0,0,0,0,0,0
360677,3,1,0,0,0,0,0,0,0,0,0,0
360677,4,1,0,0,0,0,0,0,0,0,0,0
360677,5,1,0,0,0,0,0,0,0,0,0,0
360677,6,1,0,0,0,0,0,0,0,0,0,0
360677,7,1,0,0,0,0,13,0,0,0,0,0
360678,0,1,0,0,0,0,0,0,0,0,0,0
360678,1,1,0,13,0,0,0,0,0,0,0,0
360679,1,1,0,18,0,0,27,0,0,0,0,0
360679,2,1,0,7,12,8,0,0,11,0,9,0
360680,0,1,5,5,5,5,5,5,5,5,5,5
360680,1,1,4,4,4,4,4,4,4,4,4,4
360680,2,1,0,0,20,0,0,0,0,0,0,0
360680,3,1,0,27,0,0,0,0,4,0,0,0
360681,1,1,0,0,0,0,0,0,0,0,0,0
360682,1,1,8,20,26,34,14,11,0,0,26,0
360683,1,1,14,14,14,14,14,14,14,14,14,14
360684,1,1,0,0,0,0,0,0,0,0,0,0
360685,1,1,1,1,1,1,1,1,1,1,1,1
360686,1,1,0,0,0,0,0,0,0,0,0,0
360686,2,1,14,0,0,0,0,0,0,0,0,0
360687,1,1,0,0,24,0,0,28,0,12,0,0
360688,1,1,0,0,0,0,0,0,0,0,0,0
360688,2,1,0,0,0,0,0,0,0,0,0,0
360689,1,1,0,0,0,0,0,0,0,0,0,0
360690,0,1,0,0,0,0,0,0,0,0,0,0
360690,1,1,0,0,0,0,0,0,0,0,0,0
360691,1,1,0,0,0,0,0,0,0,0,0,0
360692,1,1,8,0,0,0,21,0,14,0,0,0
360692,2,1,0,0,0,0,0,0,0,0,0,0
360693,0,1,0,0,0,0,0,0,0,0,0,0
360693,1,1,0,0,16,11,15,0,13,19,0,0
360695,1,1,0,0,0,0,0,0,0,0,0,0
360696,1,1,0,0,0,0,0,0,0,0,0,0
360696,2,1,0,0,0,0,0,0,0,0,0,0
360697,1,1,0,0,0,0,0,0,0,0,0,0
360697,2,1,0,0,0,0,0,0,0,0,0,0
360699,1,1,0,24,0,0,0,0,0,22,23,0
360700,0,1,0,0,0,0,0,0,0,0,0,0
360700,1,1,0,1,28,0,17,0,0,45,0,0
360701,0,1,4,30,25,30,18,20,0,0,13,12
360701,1,1,16,7,20,15,16,17,3,9,10,16
360702,0,1,0,0,0,0,0,0,0,0,0,0
360702,1,1,0,0,0,0,0,0,0,0,0,0
360703,1,1,34,7,0,0,0,0,0,0,0,0
360704,0,1,28,28,28,28,28,28,28,28,28,28
360704,1,1,0,27,0,0,0,0,0,0,0,16
360706,1,1,0,0,0,0,0,0,0,0,0,0
360706,2,1,0,0,0,0,0,0,0,0,0,0
360707,1,1,0,0,0,0,0,0,0,0,0,0
360707,2,1,0,0,0,0,0,0,0,0,0,0
360708,1,1,0,0,0,0,0,0,0,0,0,0
360708,2,1,0,0,0,0,0,0,0,0,0,0
360709,1,1,26,26,26,26,26,26,26,26,26,26
360710,1,1,0,0,0,0,0,0,0,0,0,0
360711,0,1,0,0,0,0,0,0,0,0,0,0
360711,1,1,0,0,0,16,0,0,0,0,0,13
360712,1,1,0,0,0,0,0,0,0,0,0,0
360712,2,1,0,0,0,0,0,0,0,0,0,0
360713,0,1,0,0,0,0,0,0,0,0,0,0
360713,1,1,15,0,0,0,18,46,0,0,0,0
360714,1,1,0,13,8,0,0,32,0,0,0,0
360714,2,1,3,3,3,3,3,3,3,3,3,3
360715,1,1,0,0,0,0,14,0,0,0,0,0
360715,2,1,0,0,0,0,0,0,0,0,0,0
360716,1,1,0,0,0,0,0,0,0,0,0,0
360716,2,1,0,0,0,0,0,0,0,0,0,0
360717,0,1,22,22,22,22,22,22,22,22,22,22
360717,1,1,14,0,0,0,0,15,0,0,22,0
360718,0,1,0,0,0,0,0,0,0,0,0,0
360718,1,1,0,0,0,0,0,0,0,0,0,33
360719,0,1,0,0,0,0,0,0,0,0,0,0
360719,1,1,8,0,31,18,0,0,22,26,9,15
360720,0,1,30,15,0,13,0,0,0,20,0,0
360720,1,1,0,28,0,23,26,0,10,11,9,0
360721,0,1,0,0,18,33,0,0,19,9,0,16
360721,1,1,0,0,0,0,4,17,0,0,0,0
360722,1,1,0,0,0,21,0,0,0,0,0,0
360723,1,1,9,0,27,14,0,18,9,21,0,0
360724,1,1,20,20,20,20,20,20,20,20,20,20
360724,2,1,0,0,0,0,0,0,0,0,0,0
360725,0,1,0,0,0,0,0,0,0,0,0,0
360725,0,2,0,0,0,0,0,0,0,0,0,0
360725,0,3,0,0,0,16,0,11,0,0,19,20
360725,0,4,0,0,0,0,0,0,0,8,0,0
360725,0,5,0,0,26,0,0,0,0,0,55,0
360725,1,1,0,0,0,0,0,0,0,0,0,0
360726,1,1,0,0,0,19,0,0,0,0,0,0
360726,2,1,0,0,0,0,0,0,0,0,0,0
360727,0,1,0,0,0,0,0,0,0,0,0,0
360727,1,1,0,0,26,20,4,17,21,31,7,0
360728,0,1,31,31,31,31,31,31,31,31,31,31
360728,1,1,0,0,15,0,11,0,0,0,0,0
360729,0,1,0,0,0,0,0,0,0,0,0,0
360729,1,1,0,0,0,7,0,0,0,0,0,0
360730,1,1,0,0,0,13,0,0,0,0,0,0
360730,2,1,0,0,0,0,0,0,0,0,0,0
360731,0,1,0,0,0,0,0,0,0,0,0,0
360731,1,1,0,0,0,0,0,16,0,0,0,0
360731,2,1,0,0,0,20,2,0,0,15,9,17
360732,0,1,0,0,0,0,0,0,19,27,0,0
360732,1,1,0,0,16,0,0,0,0,27,0,0
360733,1,1,0,0,3,0,15,0,0,18,0,0
360733,2,1,0,0,0,0,0,0,0,0,0,0
360734,1,1,0,0,0,0,0,0,0,0,0,0
360734,2,1,23,0,0,0,0,32,0,0,0,0
360735,1,1,25,0,0,0,21,0,0,0,0,0
360735,2,1,20,10,0,2,14,13,4,24,4,10
360736,1,1,25,0,19,0,0,0,0,0,0,0
360736,2,1,0,0,0,8,0,0,0,0,0,0
360736,3,1,0,0,9,0,0,0,0,0,0,0
360737,1,1,0,0,6,0,24,0,22,0,12,27
360738,1,1,27,27,27,27,27,27,27,27,27,27
360739,1,1,0,0,0,0,0,0,0,0,0,0
360740,1,1,24,0,6,0,0,0,28,0,0,0
360741,1,1,0,0,0,0,0,0,0,0,0,0
360742,1,1,0,0,0,0,0,0,0,0,0,0
360743,1,1,36,0,19,0,0,0,29,0,0,6
360744,1,1,22,22,22,22,22,22,22,22,22,22
360745,1,1,0,0,0,0,0,0,0,0,0,0
360747,0,1,39,39,39,39,39,39,39,39,39,39
360747,1,1,0,0,0,0,0,0,0,0,0,0
360748,0,1,0,0,0,0,0,0,0,0,0,0
360748,1,1,0,0,10,0,34,0,0,0,0,0
360748,2,1,0,0,0,0,0,0,0,0,0,0
360749,1,1,0,0,0,0,0,0,0,0,0,0
360749,2,1,0,0,0,0,0,0,0,18,0,0
360750,1,1,0,0,0,0,0,0,0,0,0,0
360750,2,1,0,0,0,0,0,0,0,0,0,0
360752,1,1,0,0,0,0,0,0,0,0,0,0
360752,2,1,18,18,18,18,18,18,18,18,18,18
360753,1,1,0,0,0,35,17,11,15,0,17,0
360753,2,1,0,0,0,0,0,0,0,0,0,0
360754,1,1,8,0,0,0,8,29,14,0,0,11
360754,2,1,0,0,0,0,0,0,0,0,0,0
360754,3,1,0,0,0,0,0,0,31,0,0,5
360755,1,1,14,29,40,19,29,16,11,17,23,20
360755,2,1,0,0,0,0,0,0,0,0,0,0
360756,1,1,0,0,0,0,0,0,0,25,0,0
360756,2,1,0,0,0,0,0,0,0,0,0,0
360757,1,1,6,0,0,0,0,0,0,0,0,0
360757,2,1,0,0,0,0,23,0,0,0,0,0
360757,3,1,0,0,0,0,0,0,0,0,0,0
360757,4,1,0,0,0,0,0,0,0,0,0,0
360758,1,1,18,18,18,18,18,18,18,18,18,18
360759,0,1,0,0,0,0,0,0,0,0,0,0
360759,1,1,0,0,0,0,0,0,0,0,0,0
360760,1,1,10,0,0,0,0,0,0,0,0,0
360760,2,1,0,0,0,0,0,0,0,0,0,0
360761,1,1,1,1,1,1,1,1,1,1,1,1
360761,2,1,0,0,0,0,0,0,0,0,0,0
360761,3,1,14,22,0,16,13,0,25,22,0,0
360762,1,1,0,0,0,0,0,29,29,0,0,0
360762,2,1,0,0,0,0,0,0,0,0,0,0
360763,0,1,0,0,0,36,0,0,0,15,0,0
360763,1,1,11,0,0,15,13,11,0,0,0,7
360764,1,1,0,0,0,7,0,0,26,0,21,0
360764,2,1,0,0,0,0,0,0,0,0,10,6
360765,0,1,0,0,0,0,0,0,0,0,0,0
360765,0,2,13,0,29,0,12,0,0,0,0,0
360765,1,1,0,0,0,0,0,0,0,0,0,0
360766,0,1,0,0,0,0,0,0,0,0,0,0
360766,1,1,0,0,0,24,0,0,0,0,0,0
360767,0,1,20,0,0,0,0,0,0,12,0,22
360767,1,1,0,0,0,0,0,0,0,0,0,0
360768,1,1,0,0,0,0,0,0,0,0,0,0
360769,0,1,0,0,0,0,0,0,0,0,0,0
360769,1,1,0,0,0,0,0,0,0,0,8,0
360771,0,1,0,0,0,0,0,0,0,0,0,0
360771,2,1,17,0,0,0,0,0,0,0,0,0
360772,0,1,0,0,0,0,0,0,0,0,0,0
360772,1,1,27,0,0,0,0,0,0,0,0,0
360773,0,1,0,0,0,0,0,0,0,0,0,0
360773,1,1,0,0,0,0,0,0,0,0,0,0
360774,0,1,0,0,0,0,0,0,0,0,0,0
360774,0,2,0,0,0,0,0,0,0,0,0,0
360774,0,3,0,0,0,0,0,0,0,0,0,0
360774,1,1,0,0,0,0,0,0,0,0,0,0
360775,1,1,9,0,0,0,0,0,8,0,0,0
360775,2,1,0,0,0,0,0,0,0,0,0,0
360776,0,1,0,0,0,0,0,0,0,0,0,0
360776,1,1,0,0,0,0,0,0,0,8,0,0
360777,1,1,0,0,0,0,19,0,17,15,0,0
360777,2,1,0,0,0,0,7,0,0,0,0,0
360777,3,1,0,0,0,0,0,26,0,0,18,8
360777,4,1,34,0,17,0,0,0,0,0,0,34
360778,1,1,0,0,0,0,0,0,0,0,0,0
360778,2,1,22,8,30,12,18,17,19,16,0,24
360779,1,1,0,37,12,27,11,29,13,10,0,15
360780,1,1,0,0,0,0,0,0,0,0,0,0
360781,1,1,24,11,22,31,10,16,40,23,14,12
360782,1,1,0,0,0,0,0,0,0,0,0,0
360783,0,1,16,16,16,16,16,16,16,16,16,16
360783,1,1,0,0,0,0,0,0,0,14,0,0
360784,1,1,26,26,26,26,26,26,26,26,26,26
360785,1,1,7,19,7,7,5,9,25,16,8,20
360787,1,1,0,0,0,0,0,0,0,0,0,0
360787,2,1,0,0,0,0,0,0,0,0,0,0
360788,0,1,0,0,0,0,0,0,0,0,0,0
360788,1,1,0,0,0,0,0,0,0,0,0,0
360789,0,1,0,0,0,11,0,8,0,28,36,31
360789,1,1,0,0,11,0,16,0,0,0,25,0
360790,1,1,0,0,0,0,0,0,0,0,0,21
360791,0,1,27,27,27,27,27,27,27,27,27,27
360791,1,1,0,0,10,0,15,0,0,0,0,17
360792,0,1,0,0,0,0,0,0,0,0,0,0
360792,1,1,0,0,9,0,0,7,0,0,0,0
360793,0,1,0,0,0,0,0,0,0,0,0,0
360793,1,1,0,0,0,0,0,0,0,0,0,0
360794,0,1,0,0,0,0,0,0,0,0,0,0
360794,1,1,0,0,0,0,0,0,0,0,0,0
360796,0,1,0,0,0,0,0,0,0,0,0,0
360796,1,1,0,0,0,15,0,0,0,0,0,0
360797,1,1,0,0,0,0,0,0,0,0,0,0
360797,2,1,0,0,0,0,0,0,0,0,0,0
360798,1,1,0,0,0,8,0,0,0,0,0,0
360798,2,1,0,0,16,0,0,0,0,0,0,0
360799,1,1,0,0,0,0,0,0,0,0,0,0
360799,2,1,0,0,0,0,0,0,0,0,0,0
360800,1,1,0,0,0,0,0,17,0,12,0,0
360800,2,1,0,0,0,0,13,0,0,16,0,0
360801,1,1,16,16,16,16,16,16,16,16,16,16
360801,2,1,5,29,6,0,0,0,0,10,0,0
360802,1,1,0,0,0,0,17,0,0,0,0,0
360802,2,1,0,0,0,9,0,17,26,5,7,0
360803,1,1,0,0,0,0,20,0,0,11,0,0
360803,2,1,0,0,0,0,0,0,0,0,0,0
360804,1,1,0,0,0,0,0,12,0,0,0,0
360804,2,1,0,0,0,0,0,0,0,0,0,0
360805,1,1,0,0,0,0,0,0,0,0,0,0
360805,2,1,0,0,0,0,0,0,0,0,0,0
360806,0,1,0,0,0,0,0,0,0,0,0,0
360806,1,1,0,0,0,0,0,0,0,5,0,0
360807,1,1,16,0,0,0,0,0,0,0,30,0
360807,2,1,0,0,0,0,0,0,0,0,0,0
360807,3,1,0,0,0,0,0,0,0,0,0,0
360808,1,1,16,16,16,16,16,16,16,16,16,16
360809,1,1,0,0,0,0,0,0,0,0,0,0
360809,2,1,0,0,0,0,0,0,0,0,0,0
360810,0,1,0,0,0,0,0,0,0,0,0,0
360810,0,2,0,0,0,0,0,0,27,0,0,0
360810,1,1,0,0,0,0,0,0,0,0,0,0
360811,0,1,18,18,18,18,18,18,18,18,18,18
360811,1,1,7,0,0,0,0,0,12,0,0,0
360812,0,1,0,0,0,0,0,0,0,0,0,0
360812,1,1,0,0,0,0,0,0,0,0,0,0
360813,1,1,0,0,0,0,0,0,0,0,0,0
360813,2,1,0,0,0,0,0,0,0,0,0,0
360813,3,1,0,0,0,0,0,0,0,8,25,0
360814,1,1,0,0,0,0,0,0,0,0,0,0
360814,2,1,0,0,0,0,0,0,0,0,0,0
360815,1,1,0,0,0,0,0,0,0,0,0,0
360815,2,1,6,6,6,6,6,6,6,6,6,6
360816,0,1,0,6,0,0,28,0,0,0,20,0
360816,1,1,0,0,0,0,0,0,0,0,0,0
360817,1,1,2,2,2,2,2,2,2,2,2,2
360818,0,1,0,0,0,0,0,0,0,0,0,0
360818,1,1,0,5,0,0,0,0,0,0,0,0
360819,1,1,0,0,0,0,0,0,17,0,0,0
360820,0,1,36,36,36,36,36,36,36,36,36,36
360820,1,1,0,0,28,11,0,0,0,13,0,0
360822,1,1,0,0,0,0,0,0,0,0,0,0
360822,2,1,0,0,0,0,0,0,0,0,0,0
360822,3,1,0,0,0,22,0,0,0,0,0,0
360823,1,1,15,15,15,15,15,15,15,15,15,15
360824,1,1,0,0,0,0,0,0,13,0,0,0
360824,2,1,0,0,0,0,0,0,0,0,0,0
360825,0,1,11,11,11,11,11,11,11,11,11,11