ST_CASE,VEH_NO,PER_NO,P1,P2,P3,P4,P5,P6,P7,P8,P9,P10
371017,1,1,26,15,9,26,0,0,8,0,0,0
371018,1,1,0,0,0,0,0,0,0,0,0,0
371019,0,1,0,0,0,0,0,0,0,0,0,0
371019,1,1,0,0,0,13,25,0,0,0,0,0
371020,1,1,15,0,9,41,6,0,31,19,18,0
371021,1,1,13,13,13,13,13,13,13,13,13,13
371022,1,1,0,0,0,0,0,0,0,0,0,0
371022,2,1,0,0,0,0,0,0,0,14,0,0
371023,0,1,0,0,0,11,14,6,11,7,7,0
371023,1,1,0,0,0,0,0,0,0,0,0,0
371024,1,1,0,0,0,0,0,0,0,0,0,0
371024,2,1,0,0,0,0,0,0,0,0,0,0
371025,1,1,0,0,0,0,0,0,0,0,0,0
371025,2,1,0,0,0,0,0,0,0,0,0,0
371026,1,1,0,7,0,0,0,0,0,0,0,8
371027,1,1,0,0,0,3,17,0,29,0,0,0
371027,2,1,0,0,0,0,0,0,3,0,16,0
371028,1,1,7,7,7,7,7,7,7,7,7,7
371029,1,1,0,0,0,0,0,0,0,0,23,0
371029,2,1,0,0,0,0,0,0,0,0,0,0
371029,3,1,0,0,0,0,0,0,0,0,0,0
371029,4,1,0,0,0,0,0,0,0,13,0,0
371030,1,1,0,7,0,0,0,0,0,12,0,0
371031,0,1,0,0,0,0,0,0,21,0,18,0
371031,1,1,0,0,0,0,0,0,0,0,0,19
371032,1,1,0,41,0,0,0,0,0,0,0,0
371032,2,1,0,0,0,0,0,0,0,0,0,0
371034,0,1,0,0,0,0,0,0,0,0,0,0
371034,1,1,0,0,0,0,0,0,0,0,0,0
371035,1,1,0,0,0,0,0,0,0,14,0,0
371035,2,1,0,0,0,0,0,11,0,32,0,0
371036,1,1,0,0,0,0,0,0,0,0,0,0
371036,2,1,0,0,0,0,0,0,0,0,0,0
371037,1,1,0,0,0,0,0,0,0,0,0,0
371037,2,1,0,0,0,0,0,0,0,0,0,0
371038,1,1,0,30,0,0,0,0,0,0,16,0
371039,1,1,9,9,9,9,9,9,9,9,9,9
371039,2,1,0,0,0,0,0,0,0,0,0,13
371040,0,1,16,16,16,16,16,16,16,16,16,16
371040,1,1,0,0,0,0,0,0,0,0,0,0
371041,1,1,0,0,0,0,8,0,0,0,7,0
371042,1,1,0,19,0,0,0,0,0,0,0,11
371043,0,1,13,13,13,13,13,13,13,13,13,13
371043,0,2,0,0,0,0,0,0,21,0,0,49
371043,0,3,0,0,0,0,0,0,0,0,0,0
371043,0,4,0,0,0,0,0,0,0,0,0,0
371043,1,1,11,30,33,0,0,0,14,11,22,5
371044,1,1,0,0,0,0,39,0,31,0,28,0
371044,2,1,0,0,4,0,0,0,0,0,0,0
371045,1,1,0,0,0,0,0,0,0,0,0,0
371046,1,1,0,0,0,0,0,0,0,0,0,0
371047,1,1,8,8,8,8,8,8,8,8,8,8
371047,2,1,0,0,0,0,0,0,0,0,0,0
371047,3,1,0,0,0,0,0,0,0,0,0,0
371047,4,1,0,0,0,0,0,0,0,0,0,0
371048,1,1,0,0,0,0,0,0,0,0,0,0
371048,2,1,0,0,0,0,0,0,0,16,0,0
371049,1,1,0,0,0,0,0,0,0,0,0,0
371049,2,1,0,0,14,0,0,0,0,0,18,0
371050,1,1,0,0,0,0,0,0,0,0,16,0
371050,2,1,0,0,0,19,0,0,0,0,0,0
371051,0,1,0,0,0,0,0,0,0,0,12,0
371051,1,1,0,0,0,0,0,0,0,0,0,0
371052,1,1,7,0,0,0,0,0,0,0,0,0
371053,1,1,21,26,0,0,0,0,9,0,0,0
371054,1,1,0,0,0,0,12,0,0,0,0,17
371055,1,1,0,0,0,0,0,0,0,0,0,0
371055,2,1,0,0,0,0,0,0,0,0,0,0
371055,3,1,0,0,0,13,0,0,0,0,0,23
371056,1,1,0,0,0,0,0,0,26,0,0,0
371057,1,1,0,0,0,0,0,0,0,12,0,0
371057,2,1,0,0,0,0,0,0,0,0,0,0
371058,1,1,0,0,0,0,0,0,0,0,41,0
371059,1,1,13,13,13,13,13,13,13,13,13,13
371060,1,1,0,0,0,0,0,0,0,0,0,0
371061,1,1,18,0,0,0,0,2,0,0,0,0
371062,1,1,0,0,0,0,0,0,0,0,0,0
371063,1,1,0,0,0,0,0,0,0,21,0,0
371064,1,1,0,0,0,0,0,0,0,0,0,0
371065,1,1,14,24,27,8,27,23,40,17,12,6
371066,1,1,29,0,0,0,0,0,0,0,0,0
371067,1,1,10,0,0,21,0,0,19,0,0,0
371067,2,1,0,0,0,0,0,0,0,0,0,0
371068,1,1,19,19,19,19,19,19,19,19,19,19
371069,1,1,0,0,0,0,0,25,17,12,0,0
371069,2,1,0,0,0,0,0,0,0,0,0,0
371070,1,1,0,0,0,0,0,0,0,0,0,0
371071,0,1,0,0,0,0,0,0,0,0,0,0
371071,1,1,0,0,0,0,0,0,0,0,0,0
371072,1,1,0,0,0,0,0,0,0,0,0,0
371072,2,1,0,0,0,0,0,0,0,0,0,0
371072,3,1,0,15,0,0,0,0,0,0,20,0
371072,4,1,0,0,0,0,0,0,0,0,0,0
371072,5,1,0,0,0,0,0,0,0,0,0,0
371072,6,1,0,0,0,0,0,0,0,0,0,0
371073,1,1,31,7,20,16,20,27,29,24,9,10
371074,1,1,0,0,0,0,0,0,0,0,0,0
371074,2,1,0,0,0,0,0,0,0,0,0,0
371075,1,1,0,0,0,0,0,0,0,0,0,0
371076,1,1,0,0,0,0,0,0,0,0,0,0
371076,2,1,0,6,0,0,0,0,0,0,0,0
371077,1,1,0,0,0,0,18,0,0,0,18,20
371077,2,1,0,32,0,0,14,0,0,24,0,0
371078,1,1,0,0,0,0,0,0,0,0,0,0
371078,2,1,0,0,0,0,0,0,0,0,0,0
371079,1,1,9,9,9,9,9,9,9,9,9,9
371080,1,1,0,0,0,0,0,0,0,0,0,0
371081,1,1,0,18,0,0,15,21,15,0,0,38
371082,1,1,24,24,24,24,24,24,24,24,24,24
371083,1,1,0,0,0,0,0,0,0,0,0,0
371083,2,1,0,0,0,0,0,7,0,0,0,0
371084,1,1,0,0,0,0,0,0,0,0,0,0
371084,2,1,0,0,0,0,0,0,0,0,0,0
371085,1,1,0,0,0,0,0,0,0,0,0,0
371085,2,1,0,0,0,0,0,0,0,0,0,0
371086,1,1,0,0,0,0,0,0,0,17,15,0
371087,1,1,0,0,9,0,0,39,13,8,0,20
371087,2,1,16,16,16,16,16,16,16,16,16,16
371088,1,1,10,10,10,10,10,10,10,10,10,10
371088,2,1,18,18,18,18,18,18,18,18,18,18
371089,1,1,9,0,0,0,0,0,15,0,0,23
371090,1,1,13,13,13,13,13,13,13,13,13,13
371091,0,1,0,0,0,0,0,0,0,0,9,0
371091,1,1,0,0,9,0,0,0,0,0,0,0
371092,1,1,17,17,17,17,17,17,17,17,17,17
371093,1,1,9,19,19,6,15,0,18,0,0,20
371094,1,1,7,7,7,7,7,7,7,7,7,7
371094,2,1,17,17,17,17,17,17,17,17,17,17
371095,1,1,0,0,0,0,0,0,0,0,0,0
371095,2,1,0,0,0,0,0,0,0,0,0,0
371095,3,1,0,0,0,0,0,0,0,0,0,0
371096,1,1,0,0,0,0,0,0,0,0,0,0
371096,2,1,0,0,0,0,0,0,0,0,0,0
371097,1,1,0,8,7,11,11,2,26,17,23,13
371098,1,1,0,0,0,0,0,0,0,0,0,0
371099,1,1,0,21,13,0,0,5,0,0,16,6
371099,2,1,0,0,0,0,0,0,26,0,0,0
371100,1,1,13,13,13,13,13,13,13,13,13,13
371100,2,1,0,0,0,0,0,0,0,0,0,0
371101,0,1,0,0,0,0,0,0,0,0,0,0
371101,1,1,5,5,5,5,5,5,5,5,5,5
371102,1,1,0,0,0,0,17,0,0,0,0,0
371103,1,1,31,21,0,0,24,0,14,0,24,0
371103,2,1,0,0,0,0,0,0,0,0,0,0
371104,1,1,5,5,5,5,5,5,5,5,5,5
371105,1,1,0,0,0,20,0,0,0,0,0,0
371105,2,1,0,0,0,0,0,0,0,0,0,0
371106,1,1,0,0,0,0,0,32,0,0,0,0
371107,1,1,0,0,0,0,0,0,0,0,0,0
371107,2,1,0,0,0,0,0,0,0,0,0,0
371108,1,1,0,0,0,0,0,0,0,0,0,0
371109,1,1,0,0,0,0,0,0,0,0,0,0
371109,2,1,0,0,0,0,0,0,0,0,0,0
371110,1,1,18,18,18,18,18,18,18,18,18,18
371111,0,1,0,0,0,0,0,0,0,0,0,0
371111,1,1,0,0,0,0,0,0,0,0,40,0
371112,1,1,0,0,0,0,0,0,0,0,0,0
371112,2,1,0,0,0,0,0,0,0,0,0,0
371113,1,1,0,0,0,0,0,0,0,0,0,0
371113,2,1,0,0,0,0,0,0,0,0,0,0
371114,1,1,0,0,0,0,0,0,0,0,0,0
371115,1,1,21,0,0,0,19,0,0,0,23,0
371116,1,1,11,11,11,11,11,11,11,11,11,11
371117,1,1,0,0,0,0,0,0,0,0,0,0
371117,2,1,0,0,0,0,0,0,0,0,0,0
371118,1,1,0,0,18,16,0,7,10,0,0,0
371118,2,1,0,0,0,0,0,0,0,0,0,0
371119,0,1,0,0,0,11,0,0,0,9,14,28
371119,1,1,13,9,25,0,0,0,10,33,24,0
371120,1,1,0,0,0,0,0,0,23,0,0,0
371120,2,1,0,0,0,0,0,0,0,0,0,0
371121,1,1,0,0,0,0,0,0,0,0,0,0
371121,2,1,0,0,0,0,0,0,0,0,0,0
371122,1,1,0,0,0,0,0,0,0,0,0,0
371122,2,1,0,0,0,0,0,0,0,0,0,0
371123,1,1,0,0,0,0,0,0,0,0,0,0
371124,1,1,15,15,15,15,15,15,15,15,15,15
371124,2,1,15,0,0,0,0,0,0,0,17,0
371124,3,1,0,0,0,0,0,0,0,0,0,0
371125,1,1,0,0,0,0,25,0,0,0,0,21
371125,2,1,0,0,0,0,0,0,15,0,0,0
371126,1,1,0,0,0,0,0,0,0,0,0,0
371126,2,1,0,31,0,0,0,0,0,0,0,0
371127,1,1,13,13,13,13,13,13,13,13,13,13
371128,1,1,0,0,0,0,0,0,0,0,0,0
371128,2,1,0,0,0,0,0,0,0,0,0,0
371129,1,1,25,5,22,16,25,13,3,20,7,17
371129,2,1,15,23,0,11,16,0,7,17,7,0
371130,0,1,0,12,0,0,6,12,0,0,0,19
371130,1,1,0,0,0,0,0,0,0,10,0,0
371131,1,1,14,23,0,5,18,18,17,21,27,21
371131,2,1,0,0,0,0,0,0,0,0,0,0
371132,1,1,14,14,14,14,14,14,14,14,14,14
371133,1,1,0,0,0,0,0,0,0,0,0,0
371133,2,1,0,0,0,0,0,0,0,0,0,0
371133,3,1,0,0,0,0,0,0,0,17,0,0
371134,1,1,0,0,0,22,0,15,0,21,33,3
371135,0,1,8,8,8,8,8,8,8,8,8,8
371135,1,1,4,4,4,4,4,4,4,4,4,4
371136,1,1,0,0,0,0,0,0,0,0,0,0
371136,2,1,0,0,0,0,0,0,0,0,0,0
371137,0,1,0,0,0,0,0,0,28,0,0,0
371137,1,1,0,0,0,0,0,0,9,0,0,0
371137,2,1,0,0,0,0,0,0,0,20,0,0
371137,3,1,0,0,0,0,0,0,0,0,0,0
371138,1,1,22,22,22,22,22,22,22,22,22,22
371139,1,1,21,21,21,21,21,21,21,21,21,21
371139,2,1,0,0,10,0,0,0,0,0,0,0
371140,0,1,20,0,0,20,21,0,0,12,0,0
371140,1,1,0,0,0,0,0,0,0,0,0,0
371141,1,1,0,0,0,0,0,0,0,0,0,0
371141,2,1,0,0,0,0,0,0,0,0,0,0
371142,1,1,0,0,0,0,10,0,0,0,0,0
371143,0,1,0,0,0,0,0,0,33,0,0,0
371143,1,1,0,0,23,0,0,0,0,0,5,0
371144,0,1,28,28,28,28,28,28,28,28,28,28
371144,1,1,0,0,0,0,0,14,0,0,0,12
371145,0,1,0,0,16,0,0,0,0,33,31,0
371145,1,1,0,0,0,0,0,0,0,0,0,0
371146,1,1,0,0,0,33,0,0,0,18,0,0
371146,2,1,0,0,0,0,0,0,0,0,0,0
371147,1,1,0,42,0,0,0,0,0,0,0,0
371147,2,1,0,0,0,0,0,0,0,0,0,0
371148,0,1,33,0,8,0,0,24,0,0,0,0
371148,1,1,0,0,24,0,0,29,0,25,0,0
371149,1,1,0,0,0,0,0,0,0,0,37,0
371150,0,1,14,14,14,14,14,14,14,14,14,14
371150,0,2,0,0,0,0,0,0,0,0,0,0
371150,1,1,11,11,11,11,11,11,11,11,11,11
371151,1,1,0,0,0,0,0,0,0,0,0,0
371152,1,1,0,0,0,7,7,0,0,0,0,7
371152,2,1,0,0,0,0,0,0,0,0,0,0
371152,3,1,0,0,0,0,0,0,0,0,0,0
371153,0,1,0,0,0,0,0,0,0,0,0,0
371153,1,1,0,0,0,0,0,0,0,0,0,0
371154,0,1,0,0,0,0,0,0,0,0,0,0
371154,1,1,9,9,9,9,9,9,9,9,9,9
371155,1,1,4,0,0,0,10,9,0,0,0,0
371156,1,1,0,0,0,0,0,0,18,0,0,0
371156,2,1,0,0,0,26,0,0,0,0,0,0
371157,1,1,0,0,0,0,0,0,0,0,0,0
371157,2,1,0,0,0,0,0,0,0,0,0,0
371158,0,1,0,0,0,0,34,0,15,0,27,0
371158,1,1,0,0,0,0,0,0,0,0,0,0
371159,1,1,0,0,0,0,0,0,0,0,0,0
371159,2,1,0,0,0,0,0,0,0,30,0,0
371160,1,1,0,13,12,0,0,0,0,0,0,0
371161,1,1,0,0,0,0,0,0,0,0,0,0
371162,1,1,13,13,13,13,13,13,13,13,13,13
371163,1,1,0,0,0,0,0,0,0,0,0,0
371164,1,1,8,28,15,14,20,10,22,28,9,10
371165,1,1,0,0,0,0,0,26,0,11,17,0
371166,1,1,20,20,20,20,20,20,20,20,20,20
371167,0,1,0,0,0,0,0,0,0,0,0,0
371167,1,1,0,0,0,0,0,0,0,0,0,0
371167,2,1,0,0,29,0,0,0,5,0,0,0
371167,3,1,0,0,3,28,0,0,0,0,7,0
371167,4,1,0,0,4,0,0,0,0,17,12,20
371168,1,1,0,0,18,5,0,0,0,27,0,21
371168,2,1,0,0,0,0,0,0,0,13,0,0
371169,1,1,0,0,0,0,0,0,0,0,0,0
371170,1,1,0,0,0,0,0,0,0,0,0,0
371170,2,1,0,0,0,0,24,0,0,0,0,0
371171,1,1,0,0,0,0,0,0,0,0,0,0
371171,2,1,0,15,0,0,0,0,0,16,0,0
371172,0,1,0,0,0,0,0,0,0,0,0,0
371172,1,1,0,0,0,0,0,6,0,0,0,0
371173,1,1,4,4,4,4,4,4,4,4,4,4
371174,1,1,0,0,0,0,0,0,0,0,0,0
371175,1,1,0,0,0,0,2,0,0,0,0,0
371175,2,1,0,0,0,0,0,0,0,0,0,0
371176,1,1,0,0,0,0,0,0,0,0,0,0
371176,2,1,0,0,0,0,0,14,0,0,0,0
371176,3,1,0,11,0,0,0,25,0,0,0,0
371177,1,1,11,11,11,11,11,11,11,11,11,11
371177,2,1,0,0,0,0,0,0,0,0,0,0
371178,1,1,9,9,9,9,9,9,9,9,9,9
371178,2,1,0,26,0,0,0,0,0,0,11,8
371179,1,1,28,16,0,0,0,0,0,10,0,0
371179,2,1,0,0,0,0,0,0,0,0,0,0
371180,1,1,0,0,0,0,0,0,0,13,0,0
371181,1,1,0,0,0,0,0,0,0,0,0,0
371182,1,1,0,0,0,0,0,0,0,0,0,0
371182,2,1,0,0,0,0,0,0,0,0,0,0
371183,0,1,24,24,24,24,24,24,24,24,24,24
371183,1,1,0,0,0,0,0,0,0,0,0,0
371184,1,1,23,16,14,21,0,24,31,30,28,17
371184,2,1,0,21,16,34,15,28,0,29,12,31
371185,0,1,0,0,0,0,0,0,0,0,0,0
371185,1,1,0,0,0,0,0,0,0,0,0,0
371186,1,1,0,0,0,0,0,0,0,14,0,17
371187,0,1,0,0,0,0,0,0,26,19,0,0
371187,1,1,0,0,24,14,0,0,0,0,0,0
371188,1,1,0,0,0,0,17,0,0,0,0,0
371188,2,1,0,0,0,0,0,0,0,0,0,0
371188,3,1,0,0,0,0,0,0,0,0,0,0
371189,1,1,0,0,0,0,0,0,0,0,0,14
371190,1,1,0,0,0,0,0,0,0,0,0,0
371190,2,1,0,0,0,0,0,0,0,0,0,0
371191,1,1,8,8,8,8,8,8,8,8,8,8
371191,2,1,0,0,0,0,0,0,0,0,0,0
371192,1,1,0,0,0,0,30,0,0,0,0,0
371193,0,1,0,0,0,0,0,25,0,0,23,0
371193,0,2,0,0,0,0,0,0,0,0,0,0
371193,1,1,0,0,0,0,0,0,0,0,0,0
371194,1,1,0,0,0,0,0,0,0,0,0,0
371195,1,1,15,19,5,7,14,19,8,15,8,5
371196,1,1,11,11,11,11,11,11,11,11,11,11
371196,2,1,0,0,0,0,0,0,0,0,0,0
371196,3,1,0,0,20,0,0,0,0,0,0,0
371197,1,1,0,0,0,0,0,0,0,0,0,0
371197,2,1,0,0,0,0,0,0,0,0,0,0
371198,0,1,9,20,0,0,24,16,8,36,7,8
371198,1,1,0,0,0,0,0,0,0,0,0,0
371199,1,1,43,0,0,0,0,27,4,47,0,20
371199,2,1,0,0,0,0,0,0,0,0,0,0
371200,0,1,0,0,0,0,0,0,3,0,0,33
371200,1,1,0,0,0,0,0,0,0,0,0,0
371201,1,1,12,12,15,14,15,9,21,15,16,6
371202,1,1,0,0,0,0,0,0,0,0,0,0
371203,1,1,0,0,0,0,0,0,0,0,0,0
371203,2,1,0,24,0,0,0,0,0,0,0,0
371204,1,1,0,0,0,0,0,0,0,0,0,0
371204,2,1,0,0,0,0,0,0,0,0,0,0
371205,1,1,0,24,0,0,0,0,0,0,0,0
371205,2,1,0,0,0,0,0,0,0,0,0,0
371205,3,1,0,0,0,0,0,0,0,0,0,0
371206,1,1,0,0,0,0,0,0,0,0,0,0
371206,2,1,0,0,0,0,0,0,0,0,0,0
371207,1,1,0,0,27,0,0,0,0,0,0,0
371207,2,1,0,0,14,0,0,0,0,0,0,0
371208,1,1,0,0,0,0,0,0,0,0,0,0
371209,1,1,10,10,10,10,10,10,10,10,10,10
371210,1,1,19,19,19,19,19,19,19,19,19,19
371211,0,1,0,0,0,0,0,0,0,34,0,0
371211,1,1,0,0,0,0,0,0,0,0,0,0
371212,1,1,0,0,0,0,0,0,0,0,0,0
371212,2,1,0,0,0,0,0,0,0,0,0,0
371212,3,1,0,0,0,0,0,0,0,0,0,0
371213,1,1,11,11,11,11,11,11,11,11,11,11
371214,1,1,6,6,6,6,6,6,6,6,6,6
371215,1,1,0,0,0,0,0,0,0,0,0,0
371215,2,1,0,0,0,0,0,0,0,0,0,0
371216,1,1,0,0,0,0,0,0,0,0,0,0
371216,2,1,0,0,0,0,0,0,0,0,0,0
371216,3,1,0,0,0,0,0,0,0,0,0,0
371217,1,1,0,38,0,20,0,17,0,35,19,8
371218,0,1,0,0,0,0,28,0,0,24,0,0
371218,1,1,15,0,0,0,0,0,0,0,13,0
371219,0,1,0,0,0,0,0,0,0,12,19,0
371219,1,1,24,14,0,33,5,0,0,0,0,0
371220,1,1,0,0,0,0,0,0,0,0,19,0
371221,1,1,0,0,0,0,0,0,0,0,0,0
371222,1,1,21,21,21,21,21,21,21,21,21,21
371223,1,1,0,0,0,0,0,0,3,0,0,0
371224,1,1,0,0,0,0,0,0,8,0,0,0
371224,2,1,0,0,0,0,24,0,0,5,0,0
371225,1,1,0,0,0,0,0,0,0,0,0,0
371225,2,1,0,0,0,0,0,0,17,0,0,0
371226,1,1,0,15,19,0,0,2,24,26,15,0
371227,1,1,6,6,6,6,6,6,6,6,6,6
371228,0,1,0,9,0,0,0,0,0,0,0,0
371228,1,1,0,0,0,0,0,0,20,0,0,12
371229,1,1,5,5,5,5,5,5,5,5,5,5
371229,2,1,23,23,23,23,23,23,23,23,23,23
371230,0,1,0,12,0,0,18,0,0,0,0,0
371230,0,2,0,0,0,0,29,20,0,0,0,0
371230,1,1,0,0,0,0,0,0,0,0,0,0
371231,1,1,0,0,0,0,0,0,0,0,0,0
371232,1,1,0,0,0,0,0,0,0,0,0,0
371233,1,1,38,38,38,38,38,38,38,38,38,38
371234,1,1,0,0,0,0,0,0,0,0,0,0
371234,2,1,0,0,0,0,0,0,35,0,0,0
371235,1,1,24,24,24,24,24,24,24,24,24,24
371235,2,1,0,0,0,9,0,0,24,0,15,0
371236,1,1,0,0,25,0,0,0,0,0,0,15
371236,2,1,0,0,0,0,0,0,0,0,0,0
371237,1,1,0,13,0,0,13,10,0,0,0,0
371237,2,1,0,0,35,6,8,0,0,12,0,0
371238,1,1,17,15,0,0,0,39,0,0,19,23
371239,1,1,0,0,0,0,0,0,0,0,0,0
371239,2,1,0,12,0,0,19,21,0,0,41,0
371240,1,1,15,15,15,15,15,15,15,15,15,15
371240,2,1,0,0,0,0,0,0,0,0,0,0
371241,1,1,10,10,10,10,10,10,10,10,10,10
371242,1,1,0,0,0,0,0,0,0,0,0,0
371242,2,1,20,20,20,20,20,20,20,20,20,20
371243,0,1,0,0,0,0,0,0,0,0,0,0
371243,1,1,0,0,0,0,0,0,0,0,0,0
371244,1,1,22,22,22,22,22,22,22,22,22,22
371245,1,1,7,24,10,12,22,5,15,20,13,16
371245,2,1,13,14,0,0,29,12,15,0,20,30
371246,0,1,15,0,21,0,0,22,0,0,21,19
371246,1,1,15,0,24,12,14,27,5,27,0,12
371247,1,1,0,0,0,0,0,0,0,0,0,0
371247,2,1,0,0,0,0,0,0,0,0,0,0
371248,1,1,0,0,0,0,0,0,0,0,0,0
371248,2,1,0,0,0,0,0,0,0,0,0,0
371248,3,1,0,0,0,0,0,0,0,0,0,0
371249,1,1,0,0,0,29,0,0,0,0,0,0
371249,2,1,0,0,0,0,0,0,0,0,0,0
371250,1,1,0,0,0,0,0,0,0,0,0,0
371250,2,1,0,0,0,0,0,0,0,0,0,0
371251,1,1,0,0,0,0,0,0,0,0,0,0
371251,2,1,0,0,0,0,0,0,0,0,0,0
371252,1,1,0,0,0,0,0,0,0,0,37,0
371252,2,1,0,0,0,0,0,0,0,0,0,0
371253,1,1,0,0,0,0,0,0,0,0,0,0
371253,2,1,0,0,0,0,0,0,0,0,0,0
371254,1,1,0,0,0,0,0,0,0,0,0,0
371254,2,1,0,0,0,0,0,0,0,0,0,0
371255,0,1,0,0,0,0,0,0,0,0,0,0
371255,1,1,0,0,0,0,0,0,0,0,0,0
371256,1,1,3,3,3,3,3,3,3,3,3,3
371257,1,1,0,0,0,0,0,0,0,0,0,0
371257,2,1,0,0,0,0,0,0,0,0,0,0
371258,1,1,0,0,0,0,0,0,0,0,0,0
371258,2,1,0,0,0,0,0,24,0,0,0,0
371259,0,1,0,0,0,0,0,0,0,0,0,0
371259,1,1,0,0,0,0,0,0,0,0,0,0
371260,0,1,0,0,0,0,0,0,0,0,24,0
371260,1,1,0,0,0,0,0,0,0,0,0,0
371261,1,1,0,0,0,0,0,0,0,9,0,0
371261,2,1,0,11,0,0,0,0,0,0,0,0
371262,1,1,0,0,0,20,0,0,0,0,0,0
371262,2,1,0,0,0,0,0,0,0,0,0,0
371263,1,1,5,8,16,21,21,13,22,26,36,8
371264,1,1,13,13,13,13,13,13,13,13,13,13
371264,2,1,0,0,0,0,0,5,0,0,0,0
371265,0,1,17,28,23,12,21,6,10,30,30,22
371265,1,1,0,0,0,0,0,0,0,0,0,0
371266,0,1,0,0,0,0,0,0,0,0,0,0
371266,1,1,0,0,0,0,0,0,0,0,28,0
371267,1,1,0,19,7,0,24,26,4,25,0,0
371268,1,1,0,0,0,0,0,0,0,0,0,0
371268,2,1,0,0,0,0,0,0,0,0,6,0
371269,0,1,9,9,9,9,9,9,9,9,9,9
371269,1,1,0,0,0,0,0,0,0,0,0,22
371270,1,1,13,0,0,0,0,0,0,0,0,0
371270,2,1,4,4,4,4,4,4,4,4,4,4
371270,3,1,15,12,21,5,6,12,12,8,17,22
371271,1,1,0,19,9,0,0,0,0,18,0,0
371272,1,1,14,14,14,14,14,14,14,14,14,14
371272,2,1,18,18,18,18,18,18,18,18,18,18
371273,1,1,10,0,0,0,0,0,0,33,0,0
371274,1,1,15,0,0,0,0,0,0,0,0,0
371274,2,1,18,0,0,0,0,0,0,26,0,0
371275,1,1,0,0,0,0,0,0,0,0,0,0
371275,2,1,0,0,0,0,0,0,0,0,0,0
371276,1,1,0,0,0,0,0,0,0,0,0,0
371276,2,1,0,0,0,0,0,0,0,0,0,0
371277,1,1,0,0,0,0,0,0,0,0,0,0
371278,1,1,13,13,13,13,13,13,13,13,13,13
371279,1,1,0,0,0,0,0,0,0,0,0,0
371280,1,1,0,30,11,0,0,0,0,0,0,0
371281,0,1,0,0,23,0,0,0,0,0,0,0
371281,1,1,0,0,0,0,0,0,0,0,0,0
371281,2,1,0,0,0,0,0,0,0,0,9,0
371282,1,1,0,0,0,0,0,0,0,0,0,24
371283,1,1,0,0,0,0,0,0,0,0,0,0
371283,2,1,0,0,0,0,0,0,0,0,0,0
371284,1,1,0,0,0,0,0,0,0,0,0,0
371284,2,1,0,8,0,0,0,0,0,0,0,0
371285,1,1,22,11,13,14,27,9,22,14,30,18
371286,1,1,29,29,29,29,29,29,29,29,29,29
371287,1,1,14,14,14,14,14,14,14,14,14,14
371288,1,1,0,0,0,0,0,0,0,0,0,0
371289,1,1,0,0,0,0,0,0,0,0,0,0
371289,2,1,0,0,0,0,0,0,0,0,0,0
371290,1,1,11,11,11,11,11,11,11,11,11,11
371291,1,1,13,13,13,13,13,13,13,13,13,13
371291,2,1,0,0,0,0,0,0,0,0,0,0
371292,0,1,0,0,0,0,0,0,0,0,0,0
371292,1,1,0,0,0,0,0,0,0,0,0,0
371293,1,1,0,0,0,0,0,0,0,0,0,0
371294,1,1,25,25,25,25,25,25,25,25,25,25
371294,2,1,0,0,37,0,0,0,0,0,9,0
371294,3,1,0,0,0,0,0,0,0,0,0,0
371295,1,1,3,3,3,3,3,3,3,3,3,3
371296,1,1,0,0,0,0,0,0,0,0,0,0
371296,2,1,0,0,0,0,0,0,0,0,0,0
371297,1,1,0,15,0,0,0,0,0,0,16,0
371298,1,1,6,0,0,17,0,0,0,0,0,0
371298,2,1,0,0,0,0,0,0,0,17,0,0
371299,1,1,0,0,0,0,0,0,26,17,6,0
371300,1,1,0,0,0,0,0,0,0,0,0,0
371300,2,1,0,0,19,13,0,0,0,0,0,13
371301,1,1,9,9,9,9,9,9,9,9,9,9
371302,1,1,0,0,0,0,0,0,0,0,0,0
371302,2,1,0,0,0,0,0,0,0,0,0,0
371303,0,1,0,0,0,0,0,0,0,0,0,0
371303,1,1,0,18,0,0,0,0,0,0,0,0
371304,1,1,17,17,17,17,17,17,17,17,17,17
371305,1,1,0,0,0,0,0,0,0,0,0,0
371305,2,1,0,0,0,0,0,0,0,0,0,0
371306,1,1,6,6,6,6,6,6,6,6,6,6
371306,2,1,0,0,0,0,0,0,0,0,0,0
371307,0,1,0,0,0,0,0,0,0,0,0,0
371307,1,1,0,0,0,0,0,0,0,0,0,0
371307,2,1,0,0,0,0,0,0,0,0,0,0
371307,3,1,0,0,0,0,0,0,0,0,0,0
371307,4,1,0,0,0,0,0,0,0,0,0,0
371307,5,1,7,0,14,0,0,0,0,0,0,0
371307,6,1,0,0,0,0,0,0,0,0,0,0
371308,0,1,0,0,0,52,0,0,0,0,0,0
371308,1,1,0,25,0,0,0,0,0,0,0,0
371309,1,1,0,0,0,0,0,0,0,0,0,0
371310,0,1,0,0,0,0,0,0,0,0,0,0
371310,1,1,8,0,0,0,13,0,0,28,0,0
371311,1,1,0,0,0,0,0,0,0,0,0,0
371311,2,1,0,0,0,0,0,0,0,0,0,0
371311,3,1,0,0,0,0,0,0,0,0,0,0