ST_CASE,VEH_NO,PER_NO,P1,P2,P3,P4,P5,P6,P7,P8,P9,P10
390107,0,1,0,0,0,0,0,0,0,0,0,0
390107,1,1,0,0,0,0,0,0,0,0,0,0
390108,1,1,0,0,0,0,0,0,0,0,0,0
390109,1,1,0,0,0,0,0,0,0,0,0,0
390109,2,1,0,0,0,0,0,0,0,0,0,0
390110,1,1,0,0,18,0,28,0,0,0,0,0
390110,2,1,0,0,0,0,22,5,0,22,0,0
390110,3,1,0,0,0,9,0,0,0,0,11,0
390111,0,1,0,0,0,0,0,0,0,0,0,0
390111,1,1,0,0,0,0,0,0,0,0,6,0
390112,1,1,0,0,0,0,0,0,0,0,0,0
390112,2,1,0,0,0,0,0,0,0,0,0,0
390112,3,1,0,0,0,0,0,0,0,0,0,0
390113,0,1,7,0,0,0,0,0,0,0,0,0
390113,1,1,0,0,0,0,0,0,0,0,0,0
390114,0,1,17,0,0,20,0,0,0,0,6,0
390114,1,1,14,0,22,36,0,0,0,0,15,7
390115,0,1,0,0,0,0,0,0,0,24,0,0
390115,1,1,16,0,0,0,12,0,0,23,0,28
390116,1,1,0,0,0,0,0,0,0,0,0,0
390117,1,1,0,0,5,0,0,0,0,18,22,0
390117,2,1,15,0,16,6,0,4,0,13,13,0
390117,3,1,0,0,20,15,0,15,17,0,0,0
390117,4,1,22,0,36,3,0,22,19,0,14,0
390118,1,1,25,25,25,25,25,25,25,25,25,25
390119,1,1,0,0,0,0,0,0,0,0,0,0
390119,2,1,0,0,0,0,0,0,0,0,0,0
390121,1,1,33,0,8,0,15,0,13,0,0,0
390122,1,1,0,0,0,0,0,0,0,0,0,0
390123,1,1,19,19,19,19,19,19,19,19,19,19
390124,1,1,12,12,12,12,12,12,12,12,12,12
390125,1,1,0,0,0,0,0,0,0,0,0,0
390125,2,1,0,0,0,0,0,0,0,0,0,0
390126,1,1,0,0,0,0,0,15,0,0,33,0
390126,2,1,0,4,0,0,0,0,0,0,0,13
390127,1,1,10,10,10,10,10,10,10,10,10,10
390128,1,1,12,12,12,12,12,12,12,12,12,12
390129,0,1,0,0,0,0,0,0,0,0,0,0
390129,1,1,0,0,35,0,0,0,19,0,0,0
390130,1,1,0,5,0,0,0,0,18,0,0,0
390130,2,1,0,0,0,0,0,0,0,0,0,0
390131,1,1,0,0,7,0,21,0,0,0,0,0
390131,2,1,0,0,0,0,0,0,15,0,0,0
390132,1,1,10,10,10,10,10,10,10,10,10,10
390132,2,1,20,0,11,0,0,0,0,0,0,0
390133,1,1,0,0,0,0,0,0,0,0,0,0
390134,1,1,13,13,13,13,13,13,13,13,13,13
390134,2,1,23,23,23,23,23,23,23,23,23,23
390135,1,1,17,17,17,17,17,17,17,17,17,17
390136,0,1,16,16,16,16,16,16,16,16,16,16
390136,1,1,0,0,0,0,0,0,0,0,0,0
390137,1,1,4,4,4,4,4,4,4,4,4,4
390138,1,1,8,8,8,8,8,8,8,8,8,8
390139,1,1,11,11,11,11,11,11,11,11,11,11
390140,1,1,0,0,0,0,0,0,0,0,0,0
390141,1,1,7,7,7,7,7,7,7,7,7,7
390141,2,1,0,0,0,0,0,0,0,0,0,0
390142,1,1,0,0,0,0,0,0,0,0,0,0
390142,2,1,5,0,0,0,0,0,0,0,0,20
390143,0,1,1,1,1,1,1,1,1,1,1,1
390143,1,1,0,0,0,8,20,0,0,0,0,0
390145,1,1,0,0,0,0,0,0,0,0,0,0
390145,2,1,27,0,0,0,0,0,0,0,0,0
390145,3,1,0,0,0,0,0,0,0,0,0,0
390146,1,1,0,0,0,0,0,10,0,0,15,0
390146,2,1,0,0,0,0,0,0,0,0,0,0
390147,1,1,0,0,0,0,0,0,0,0,0,0
390148,1,1,0,14,0,0,0,0,0,13,0,0
390148,2,1,0,0,0,0,0,0,0,0,0,0
390149,0,1,0,0,0,0,0,0,0,0,0,0
390149,1,1,0,0,0,0,0,0,0,0,0,0
390150,0,1,0,0,0,0,0,0,0,0,0,0
390150,1,1,0,10,0,0,0,0,0,10,0,0
390151,1,1,0,0,11,0,0,31,0,0,0,0
390152,1,1,3,3,3,3,3,3,3,3,3,3
390153,0,1,0,0,0,0,0,0,0,0,0,0
390153,1,1,0,0,0,0,0,0,0,0,0,0
390154,1,1,10,10,10,10,10,10,10,10,10,10
390155,1,1,9,9,9,9,9,9,9,9,9,9
390156,0,1,0,0,0,0,0,0,0,0,0,0
390156,1,1,0,0,0,0,0,0,0,0,0,7
390157,1,1,0,0,0,0,0,0,0,0,0,0
390157,2,1,0,0,0,0,0,0,0,0,0,0
390157,3,1,0,0,0,0,0,0,0,0,0,0
390158,1,1,0,0,0,0,0,0,0,0,0,0
390158,2,1,0,0,0,0,0,0,0,0,0,0
390158,3,1,0,0,0,0,0,0,0,0,0,0
390158,4,1,0,0,0,0,0,0,0,0,0,0
390159,1,1,0,0,0,0,0,0,0,0,0,0
390160,1,1,0,0,0,0,0,0,0,0,0,0
390160,2,1,0,0,0,0,0,0,0,0,0,0
390161,1,1,0,0,0,0,0,0,0,0,0,0
390161,2,1,0,0,0,0,0,0,0,0,0,0
390162,1,1,0,0,0,19,23,12,14,7,32,27
390162,2,1,21,21,21,21,21,21,21,21,21,21
390163,0,1,0,0,0,0,0,0,0,0,0,0
390163,1,1,31,0,0,0,13,10,0,0,0,0
390164,1,1,0,0,0,0,0,0,0,0,0,0
390164,2,1,0,0,0,0,0,0,0,0,0,0
390165,1,1,19,19,19,19,19,19,19,19,19,19
390166,1,1,0,0,0,0,0,0,0,0,0,0
390166,2,1,0,0,28,0,0,0,30,0,0,0
390167,1,1,0,0,19,0,0,0,0,0,0,0
390167,2,1,0,0,0,0,0,0,0,0,0,0
390168,1,1,0,0,0,0,0,0,0,0,0,0
390168,2,1,0,22,0,0,0,35,0,15,15,0
390169,1,1,32,32,32,32,32,32,32,32,32,32
390170,1,1,0,0,0,0,0,0,0,0,0,0
390171,1,1,0,0,0,0,0,0,0,0,0,0
390172,1,1,11,11,11,11,11,11,11,11,11,11
390172,2,1,0,11,33,0,0,0,0,0,0,0
390173,1,1,0,23,0,5,24,25,19,13,20,19
390174,1,1,0,0,0,0,0,0,0,0,0,0
390174,2,1,0,0,0,0,0,0,0,0,0,0
390175,0,1,34,34,34,34,34,34,34,34,34,34
390175,1,1,23,0,12,21,15,22,13,13,16,0
390176,1,1,21,21,21,21,21,21,21,21,21,21
390176,2,1,15,0,15,0,0,11,0,0,0,4
390177,1,1,24,24,24,24,24,24,24,24,24,24
390177,2,1,0,10,0,0,0,0,0,0,0,0
390178,1,1,0,0,31,27,27,11,0,0,9,30
390179,0,1,28,28,28,28,28,28,28,28,28,28
390179,1,1,12,0,0,21,22,19,0,33,14,21
390180,1,1,0,0,0,0,0,0,0,0,0,0
390181,1,1,14,14,14,14,14,14,14,14,14,14
390183,1,1,0,0,0,0,0,0,0,0,0,0
390183,2,1,0,0,0,0,0,0,0,0,0,15
390184,1,1,0,0,0,0,0,0,0,0,0,0
390185,0,1,33,33,33,33,33,33,33,33,33,33
390185,1,1,4,4,4,4,4,4,4,4,4,4
390186,0,1,0,0,0,0,0,18,0,0,0,19
390186,1,1,0,12,0,0,0,0,0,0,21,0
390187,1,1,17,17,17,17,17,17,17,17,17,17
390188,1,1,0,0,0,0,0,0,0,0,0,0
390189,1,1,0,0,0,0,0,0,0,0,0,0
390190,1,1,0,0,0,0,0,0,0,0,0,0
390190,2,1,21,21,21,21,21,21,21,21,21,21
390191,1,1,0,0,0,0,0,0,0,0,0,0
390192,1,1,0,0,0,0,0,0,0,0,0,0
390192,2,1,0,0,0,0,0,0,0,0,0,0
390193,1,1,0,0,0,0,0,0,0,0,0,0
390194,1,1,0,0,0,0,0,0,0,0,0,0
390194,2,1,0,0,0,0,0,0,0,0,0,0
390195,1,1,0,0,0,0,0,0,0,0,0,0
390196,1,1,0,0,0,0,0,0,0,0,0,0
390198,1,1,24,24,24,24,24,24,24,24,24,24
390199,1,1,0,0,0,0,0,0,15,0,0,0
390199,2,1,14,0,9,0,0,0,0,0,0,0
390200,1,1,0,20,16,0,0,0,17,0,0,0
390200,2,1,1,1,1,1,1,1,1,1,1,1
390200,3,1,0,7,0,0,0,0,0,7,0,6
390200,4,1,0,18,0,10,0,5,22,0,11,0
390201,1,1,0,0,0,34,0,0,0,0,0,0
390201,2,1,0,0,0,0,0,0,6,0,0,0
390202,0,1,0,0,0,0,0,0,0,0,0,0
390202,1,1,0,30,24,34,14,22,0,0,0,10
390203,1,1,0,0,0,0,0,0,0,0,0,0
390203,2,1,7,0,0,0,0,0,0,0,0,0
390204,1,1,23,23,23,23,23,23,23,23,23,23
390205,1,1,0,0,0,0,0,0,0,0,0,0
390205,2,1,0,22,4,0,0,0,0,0,0,0
390206,1,1,0,0,0,0,0,0,0,0,0,0
390206,2,1,0,48,0,0,0,0,0,0,0,0
390206,3,1,0,0,0,0,11,0,0,0,0,0
390207,1,1,0,0,0,0,0,0,0,0,0,0
390208,1,1,0,0,0,0,0,0,0,0,0,0
390209,0,1,4,4,4,4,4,4,4,4,4,4
390209,1,1,0,0,0,0,14,0,18,19,7,0
390210,1,1,0,0,0,0,0,0,0,0,0,0
390211,1,1,24,24,24,24,24,24,24,24,24,24
390212,0,1,0,0,0,0,0,0,0,0,0,0
390212,1,1,0,0,0,0,0,0,0,0,0,0
390212,2,1,0,0,0,0,21,0,0,0,0,0
390213,1,1,9,0,15,18,0,0,15,13,2,18
390213,2,1,0,0,0,0,0,0,0,0,0,0
390214,1,1,15,15,15,15,15,15,15,15,15,15
390215,1,1,0,0,0,0,0,0,0,0,0,0
390215,2,1,0,0,0,0,0,30,0,6,0,0
390216,0,1,18,18,18,18,18,18,18,18,18,18
390216,1,1,0,0,0,0,0,0,0,0,0,0
390217,1,1,0,0,0,0,0,0,0,0,0,0
390218,1,1,20,20,20,20,20,20,20,20,20,20
390219,1,1,25,25,25,25,25,25,25,25,25,25
390220,0,1,0,0,0,0,0,0,20,0,0,14
390220,2,1,3,0,0,0,0,0,0,21,0,0
390221,1,1,0,0,0,0,0,0,0,0,0,0
390221,2,1,0,0,0,0,0,0,0,0,0,0
390221,3,1,0,0,0,0,0,0,0,0,0,0
390222,1,1,19,19,19,19,19,19,19,19,19,19
390223,1,1,0,0,0,0,0,0,0,0,0,0
390224,1,1,9,0,24,11,10,8,22,16,0,16
390225,0,1,13,13,13,13,13,13,13,13,13,13
390225,1,1,4,0,16,1,25,0,0,5,28,22
390226,1,1,18,20,9,17,9,9,6,18,15,0
390227,0,1,39,39,39,39,39,39,39,39,39,39
390227,1,1,0,0,0,0,0,0,0,0,0,0
390228,1,1,0,0,0,0,0,0,0,0,0,0
390229,1,1,0,12,0,0,0,0,0,0,0,0
390229,2,1,0,0,0,0,6,0,0,0,0,0
390230,1,1,0,0,0,0,0,0,0,0,0,0
390231,0,1,0,0,0,0,0,0,0,0,0,0
390231,1,1,0,0,0,0,0,0,0,0,0,0
390232,1,1,0,6,0,0,21,0,14,17,15,16
390233,1,1,18,18,18,18,18,18,18,18,18,18
390234,1,1,21,21,21,21,21,21,21,21,21,21
390235,1,1,12,12,12,12,12,12,12,12,12,12
390236,1,1,14,14,14,14,14,14,14,14,14,14
390236,2,1,0,6,30,0,0,0,0,0,20,7
390237,1,1,0,0,0,0,0,0,0,0,0,0
390237,2,1,19,0,0,0,0,0,0,0,0,0
390238,1,1,22,13,23,25,10,24,8,25,4,15
390239,0,1,9,9,9,9,9,9,9,9,9,9
390239,1,1,0,20,0,0,17,11,0,26,9,0
390239,2,1,0,0,0,0,16,0,15,0,0,0
390240,1,1,0,0,0,0,0,0,0,0,0,0
390240,2,1,0,0,0,0,18,0,0,0,0,0
390241,0,1,21,21,21,21,21,21,21,21,21,21
390241,1,1,0,0,0,0,0,0,0,0,0,0
390242,1,1,18,17,0,0,0,0,0,0,0,0
390242,2,1,0,0,0,0,0,0,0,0,0,0
390242,3,1,14,0,0,0,0,0,0,0,0,0
390243,1,1,0,0,0,0,0,0,0,0,0,0
390243,2,1,0,0,0,0,0,0,0,0,0,0
390244,1,1,15,15,15,15,15,15,15,15,15,15
390246,0,1,0,0,0,0,0,0,0,0,0,0
390246,1,1,0,0,32,0,0,17,0,0,12,0
390247,0,1,1,1,1,1,1,1,1,1,1,1
390247,1,1,0,21,23,0,0,0,5,0,0,0
390248,0,1,0,0,0,0,0,0,0,0,0,0
390248,1,1,9,0,0,0,0,0,0,0,0,0
390249,1,1,0,0,0,0,0,0,0,0,0,0
390250,1,1,0,0,0,0,0,0,0,0,0,0
390250,2,1,0,11,0,0,0,0,0,0,0,10
390251,1,1,15,15,15,15,15,15,15,15,15,15
390252,1,1,23,23,23,23,23,23,23,23,23,23
390252,2,1,0,0,0,8,0,0,0,0,8,0
390253,1,1,0,0,0,0,0,0,0,0,0,0
390253,2,1,0,0,0,0,0,0,0,0,0,0
390255,1,1,16,16,16,16,16,16,16,16,16,16
390256,1,1,0,0,0,0,0,0,0,0,0,0
390258,1,1,0,0,0,0,0,0,0,0,0,0
390259,1,1,0,0,0,0,0,0,0,0,0,0
390259,2,1,0,0,0,0,0,0,0,0,0,25
390260,1,1,0,0,0,0,0,0,0,0,0,0
390261,1,1,0,0,0,0,0,0,0,0,0,0
390261,2,1,0,0,0,0,0,0,0,0,0,0
390262,1,1,5,5,5,5,5,5,5,5,5,5
390262,2,1,0,0,0,0,0,0,0,0,0,0
390262,3,1,0,0,0,0,0,0,0,0,0,0
390264,1,1,32,32,32,32,32,32,32,32,32,32
390265,1,1,0,0,0,13,0,0,25,0,0,0
390265,2,1,0,12,0,0,9,13,0,0,0,22
390265,3,1,0,0,13,0,0,0,17,0,14,0
390266,0,1,11,11,11,11,11,11,11,11,11,11
390266,1,1,0,27,7,0,30,15,0,0,0,0
390266,2,1,13,9,17,0,25,13,18,20,0,0
390267,1,1,0,0,0,0,0,0,0,0,0,0
390267,2,1,0,0,0,0,0,0,0,0,0,0
390268,1,1,0,0,0,0,0,0,0,0,0,0
390269,0,1,0,0,0,0,0,0,0,0,0,0
390269,1,1,0,0,0,0,0,0,0,0,0,0
390270,1,1,19,19,19,19,19,19,19,19,19,19
390271,1,1,0,0,0,0,0,0,0,0,0,0
390272,0,1,0,0,0,0,0,0,0,0,0,0
390272,1,1,0,0,6,7,0,0,0,0,0,5
390273,1,1,0,0,0,0,0,0,0,0,0,0
390273,2,1,0,0,0,0,0,0,0,0,0,0
390274,1,1,0,0,0,0,0,0,0,0,0,0
390274,2,1,0,0,0,0,0,0,0,0,0,0
390275,0,1,0,0,0,0,0,0,0,0,0,0
390275,1,1,0,14,0,0,17,0,0,0,0,0
390276,0,1,2,2,2,2,2,2,2,2,2,2
390276,1,1,0,0,0,0,0,0,7,0,21,0
390276,2,1,9,0,16,0,16,13,0,9,0,0
390277,1,1,0,0,0,0,0,0,0,0,0,0
390277,2,1,9,0,14,0,20,14,0,0,0,23
390278,1,1,24,24,24,24,24,24,24,24,24,24
390279,1,1,10,0,20,7,11,10,0,13,19,0
390280,1,1,26,26,26,26,26,26,26,26,26,26
390280,2,1,0,0,17,0,13,0,13,0,0,35
390281,1,1,17,17,17,17,17,17,17,17,17,17
390282,0,1,16,16,16,16,16,16,16,16,16,16
390282,1,1,17,21,7,16,17,0,0,18,8,0
390283,0,1,0,0,0,0,0,0,0,0,0,0
390283,1,1,31,0,21,22,0,0,0,6,0,21
390284,1,1,22,22,22,22,22,22,22,22,22,22
390285,1,1,0,0,0,0,0,0,0,11,0,0
390286,1,1,0,0,0,0,0,0,0,0,0,0
390286,2,1,9,9,9,9,9,9,9,9,9,9
390286,3,1,0,0,4,0,0,0,6,23,0,0
390287,1,1,18,18,18,18,18,18,18,18,18,18
390287,2,1,0,0,0,0,0,0,0,0,0,0
390288,1,1,15,15,15,15,15,15,15,15,15,15
390288,2,1,0,0,0,0,0,0,0,0,0,0
390289,1,1,0,0,0,0,0,0,0,0,0,0
390289,2,1,0,0,0,0,0,0,0,0,0,0
390290,1,1,0,0,0,0,0,0,0,0,0,0
390290,2,1,10,10,10,10,10,10,10,10,10,10
390291,1,1,18,18,18,18,18,18,18,18,18,18
390292,1,1,0,0,0,0,0,0,0,0,0,0
390293,1,1,10,10,10,10,10,10,10,10,10,10
390294,1,1,0,0,0,0,0,0,0,0,0,0
390295,1,1,7,0,6,15,8,11,10,17,14,12
390296,1,1,0,0,15,0,0,0,0,0,11,0
390297,1,1,0,0,0,0,0,0,0,0,0,0
390298,1,1,12,12,12,12,12,12,12,12,12,12
390299,1,1,0,0,0,0,5,0,15,0,13,29
390300,1,1,0,0,0,0,0,0,0,0,0,0
390301,1,1,0,0,0,0,0,0,0,0,0,0
390302,1,1,0,0,0,0,0,0,0,0,0,0
390302,2,1,0,0,0,0,0,0,0,0,0,0
390303,0,1,0,0,0,0,0,0,0,0,0,0
390303,1,1,0,47,9,21,0,0,0,13,13,0
390304,1,1,0,0,0,0,0,0,0,0,0,0
390304,2,1,0,0,0,0,0,0,0,16,0,0
390305,1,1,0,0,0,0,0,0,0,0,0,0
390305,2,1,0,0,0,0,0,0,0,0,0,0
390306,1,1,16,16,16,16,16,16,16,16,16,16
390307,1,1,16,0,0,0,20,23,0,0,0,0
390307,2,1,0,0,0,0,0,0,0,0,0,0
390307,3,1,0,4,15,7,0,0,0,21,11,0
390308,0,1,0,0,0,0,0,0,0,0,0,0
390308,1,1,0,0,0,0,0,0,0,10,0,0
390309,1,1,0,0,0,0,5,0,0,0,3,0
390309,2,1,0,0,0,0,0,0,0,0,0,0
390310,1,1,0,0,0,0,0,0,0,0,0,0
390311,1,1,11,11,11,11,11,11,11,11,11,11
390311,2,1,0,0,0,0,0,12,0,0,15,0
390312,0,1,0,0,0,0,0,0,0,0,0,0
390312,1,1,0,16,0,0,23,35,17,3,26,0
390313,1,1,14,14,14,14,14,14,14,14,14,14
390314,1,1,27,27,27,27,27,27,27,27,27,27
390315,1,1,19,19,19,19,19,19,19,19,19,19
390315,2,1,0,0,0,15,0,0,0,0,0,0
390316,1,1,6,6,6,6,6,6,6,6,6,6
390317,1,1,0,0,0,0,0,0,4,0,0,0
390317,2,1,15,15,15,15,15,15,15,15,15,15
390318,0,1,0,0,0,0,0,0,0,0,0,0
390318,1,1,0,0,0,0,0,0,0,0,0,0
390319,1,1,0,0,0,0,0,0,0,0,0,0
390319,2,1,7,0,4,0,17,29,9,10,0,9
390320,1,1,0,0,0,0,0,0,0,0,0,0
390320,2,1,0,0,0,0,0,0,0,0,0,0
390321,1,1,26,26,26,26,26,26,26,26,26,26
390322,1,1,0,0,0,0,0,0,0,0,0,0
390322,2,1,0,0,0,0,0,0,0,0,0,0
390322,3,1,0,0,0,0,0,0,0,0,0,0
390323,1,1,0,0,0,0,0,0,0,0,0,0
390324,0,1,37,0,0,0,0,0,0,7,0,0
390324,1,1,0,0,0,0,0,0,0,0,0,0
390325,1,1,0,0,0,0,0,0,0,0,0,0
390325,2,1,0,16,0,16,0,0,0,0,0,0
390326,1,1,0,0,0,0,0,0,0,0,0,0
390326,2,1,0,0,0,0,0,0,0,0,0,0
390328,1,1,0,0,0,0,0,0,0,0,0,0
390328,2,1,0,0,0,13,0,0,0,8,0,0
390329,1,1,18,18,18,18,18,18,18,18,18,18
390330,1,1,15,15,15,15,15,15,15,15,15,15
390331,1,3,0,0,0,0,0,0,0,0,0,12
390333,1,1,0,15,0,0,0,20,6,0,0,0
390333,2,1,0,0,4,0,13,0,0,0,18,0
390333,3,1,0,0,14,0,0,8,0,0,0,21
390334,1,1,0,0,0,0,0,0,0,0,0,0
390335,1,1,9,9,9,9,9,9,9,9,9,9
390335,2,1,0,0,0,0,0,0,0,0,0,0
390336,1,1,20,20,20,20,20,20,20,20,20,20
390337,0,1,0,0,0,0,0,0,0,0,0,0
390337,1,1,21,21,21,21,21,21,21,21,21,21
390338,1,1,0,0,0,0,0,0,0,0,0,0
390339,1,1,21,21,21,21,21,21,21,21,21,21
390340,1,1,0,0,19,0,0,0,0,0,0,0
390340,2,1,0,0,0,0,0,9,14,0,0,0
390341,0,1,0,0,0,0,0,0,0,0,0,0
390341,1,1,9,9,9,9,9,9,9,9,9,9
390342,1,1,23,0,0,0,0,18,0,0,0,0
390342,2,1,0,0,0,0,0,0,0,0,0,0
390343,1,1,0,0,0,0,0,0,0,0,0,0
390343,2,1,0,0,0,0,0,0,0,0,0,0
390344,1,1,21,21,21,21,21,21,21,21,21,21
390345,1,1,18,18,18,18,18,18,18,18,18,18
390345,2,1,0,0,0,0,0,0,0,0,0,0
390346,1,1,0,0,0,0,0,0,0,0,0,0
390346,2,1,6,0,0,0,0,35,0,0,0,0
390347,1,1,5,5,5,5,5,5,5,5,5,5
390347,2,1,0,0,15,0,0,0,0,25,0,0
390348,1,1,25,25,25,25,25,25,25,25,25,25
390349,1,1,0,0,0,0,0,0,0,0,0,0
390349,2,1,0,0,0,0,0,0,0,0,0,0
390350,1,1,38,38,38,38,38,38,38,38,38,38
390350,2,1,0,0,0,0,0,0,16,8,16,0
390350,4,1,0,0,8,0,18,0,17,0,0,0
390351,1,1,15,15,15,15,15,15,15,15,15,15
390352,1,1,10,10,10,10,10,10,10,10,10,10
390353,1,1,0,0,0,0,0,0,0,0,0,0
390353,2,1,0,0,0,0,0,0,0,0,0,0
390354,1,1,22,22,22,22,22,22,22,22,22,22
390355,1,1,0,0,0,0,0,0,0,0,0,0
390355,2,1,20,29,0,0,0,0,25,0,0,0
390356,0,1,0,0,0,0,0,0,0,0,0,0
390356,1,1,0,0,0,2,0,0,0,0,0,0
390356,2,1,0,0,0,0,0,0,0,0,0,0
390357,1,1,0,0,0,0,0,5,0,0,10,0
390357,2,1,21,0,0,0,0,0,0,0,0,0
390358,1,1,30,20,6,23,19,4,17,22,13,24
390360,1,1,0,0,0,0,0,0,0,0,0,0
390361,1,1,0,0,0,0,0,0,0,0,0,0
390361,2,1,0,0,0,0,0,0,12,0,0,0
390362,1,1,0,0,0,0,0,29,0,0,0,0
390362,2,1,0,0,0,0,0,0,0,0,0,0
390363,0,1,0,0,0,0,0,0,0,0,0,0
390363,1,1,8,0,11,0,0,0,24,0,0,16
390364,1,1,0,0,0,0,6,28,0,0,0,0
390365,1,1,0,0,0,0,0,0,24,0,0,0
390365,2,1,0,0,0,0,0,0,0,0,0,0
390366,1,1,12,12,12,12,12,12,12,12,12,12
390366,2,1,10,0,11,0,0,0,0,20,12,17
390367,1,1,21,21,21,21,21,21,21,21,21,21
390368,1,1,25,25,25,25,25,25,25,25,25,25
390369,1,1,0,0,0,0,0,0,0,0,0,0
390370,1,1,0,0,0,0,0,0,0,0,0,0
390370,2,1,0,0,0,0,0,0,0,0,0,0
390370,3,1,0,0,0,0,0,0,0,0,0,0
390370,4,1,17,0,0,0,0,0,0,0,0,0
390371,1,1,0,0,0,0,0,0,0,0,0,0
390372,1,1,0,0,0,0,0,0,0,0,0,0
390372,2,1,0,0,0,0,0,0,0,0,0,0
390372,3,1,9,9,9,9,9,9,9,9,9,9
390373,1,1,0,0,0,0,0,0,0,0,0,0
390374,1,1,0,0,0,16,28,0,0,0,0,0
390374,2,1,19,19,19,19,19,19,19,19,19,19
390375,1,1,0,0,0,0,0,0,0,0,0,0
390375,2,1,0,0,0,0,0,0,0,0,7,0
390376,1,1,0,0,0,0,0,0,0,0,0,0
390377,1,1,11,11,11,11,11,11,11,11,11,11
390378,1,1,0,0,0,0,0,0,0,0,0,0
390379,1,1,18,0,0,26,0,0,17,0,0,34
390380,1,1,0,0,0,0,0,0,0,0,0,0
390380,2,1,0,0,0,0,0,0,0,0,0,0
390381,1,1,15,15,15,15,15,15,15,15,15,15
390382,1,1,21,21,21,21,21,21,21,21,21,21
390382,2,1,0,0,0,0,0,0,0,0,0,0
390382,3,1,16,17,14,0,0,7,0,0,6,0
390383,1,1,0,0,0,0,0,0,0,0,0,0
390384,0,1,24,24,24,24,24,24,24,24,24,24
390384,1,1,0,0,16,0,10,0,11,0,0,0
390385,0,1,0,0,0,0,0,0,0,0,0,0
390385,1,1,0,0,0,0,0,0,0,0,0,0
390387,1,1,0,3,0,0,0,0,0,13,14,0
390388,1,1,0,0,0,0,0,0,0,0,0,0
390389,1,1,0,0,0,0,0,0,0,0,0,0
390390,1,1,0,0,0,0,0,0,0,0,0,0
390392,1,1,0,0,0,0,0,0,0,0,0,0
390392,2,1,0,0,0,0,0,0,0,0,0,0
390393,1,1,0,0,0,0,0,0,0,0,0,0
390393,2,1,0,0,0,0,0,0,0,0,0,0
390394,1,1,8,8,8,8,8,8,8,8,8,8
390395,0,1,0,0,41,0,0,0,0,0,0,0
390395,1,1,16,16,16,16,16,16,16,16,16,16
390395,2,1,0,0,0,0,0,0,0,0,14,0
390396,0,1,16,16,16,16,16,16,16,16,16,16
390396,1,1,18,9,0,20,5,0,15,0,0,0
390397,0,1,0,0,0,0,0,0,0,0,0,0
390397,1,1,23,0,10,0,16,0,0,0,0,31
390398,2,1,0,0,0,0,0,0,0,0,0,0
390399,1,1,0,0,0,0,0,0,0,0,0,0
390399,2,1,0,0,0,25,0,10,0,0,0,0
390400,0,1,0,14,0,0,0,39,0,0,25,0
390400,1,1,0,0,0,0,0,0,0,0,0,0
390401,1,1,13,13,13,13,13,13,13,13,13,13
390402,1,1,0,0,0,0,14,0,0,0,0,0
390403,1,1,0,0,0,0,0,0,0,0,0,0
390403,2,1,0,0,0,0,0,0,0,0,0,0
390404,1,1,10,12,14,9,11,6,15,13,8,6
390404,2,1,0,0,26,0,9,11,7,15,23,0
390405,0,1,0,0,0,0,0,0,0,0,0,0
390405,1,1,3,0,0,0,0,5,0,0,0,0
390406,1,1,17,17,17,17,17,17,17,17,17,17
390407,1,1,0,0,0,0,0,0,0,0,0,0
390407,2,1,0,0,0,21,0,0,30,0,0,0
390408,1,1,7,7,7,7,7,7,7,7,7,7
390408,2,1,6,36,0,0,29,0,13,0,0,18
390409,1,1,9,9,9,9,9,9,9,9,9,9
390409,2,1,0,0,0,0,0,0,0,0,0,0
390410,1,1,0,0,0,0,0,0,0,0,0,0
390411,1,1,0,0,0,0,0,0,30,0,0,0
390411,2,1,14,14,14,14,14,14,14,14,14,14
390412,1,1,0,0,0,0,0,0,0,0,0,19
390412,2,1,22,22,22,22,22,22,22,22,22,22
390413,0,1,0,0,0,0,0,0,0,0,0,0
390413,1,1,0,40,0,28,8,0,0,0,22,14
390414,1,1,0,0,0,0,0,0,0,0,0,0
390415,1,1,5,5,5,5,5,5,5,5,5,5
390416,1,1,0,0,0,0,0,0,0,0,0,0
390416,2,1,9,18,0,0,0,0,0,0,0,0
390417,1,1,0,0,0,0,0,0,0,0,0,0
390418,1,1,32,32,32,32,32,32,32,32,32,32
390418,2,1,0,0,15,0,0,0,0,24,10,0
390419,1,1,13,13,13,13,13,13,13,13,13,13
390420,1,1,0,0,0,0,0,0,0,0,0,0
390421,1,1,26,26,26,26,26,26,26,26,26,26