ST_CASE,VEH_NO,PER_NO,P1,P2,P3,P4,P5,P6,P7,P8,P9,P10
390727,1,1,16,16,16,16,16,16,16,16,16,16
390728,1,1,0,0,0,0,0,0,0,0,0,0
390728,2,1,0,0,0,0,0,0,0,0,0,0
390729,1,1,0,0,0,0,0,0,0,0,0,0
390729,2,1,0,5,22,0,2,0,0,0,0,0
390730,1,1,0,0,0,0,0,0,0,0,0,0
390731,1,1,0,23,19,0,0,0,18,13,0,16
390731,2,1,0,0,12,0,0,0,0,0,0,0
390732,1,1,0,0,0,0,0,0,0,0,0,0
390733,1,1,0,0,0,0,0,0,0,0,0,0
390733,2,1,0,0,0,0,0,0,0,0,0,0
390734,1,1,7,7,7,7,7,7,7,7,7,7
390734,2,1,0,0,0,0,0,0,0,0,0,0
390735,1,1,8,8,8,8,8,8,8,8,8,8
390735,2,1,15,18,17,0,3,0,11,0,24,0
390736,1,1,0,0,24,5,7,0,0,22,0,27
390736,2,1,10,10,10,10,10,10,10,10,10,10
390737,1,1,0,0,0,0,0,0,0,0,0,0
390738,1,1,0,0,0,0,0,0,0,0,0,0
390738,2,1,0,0,0,0,0,0,0,0,0,0
390739,1,1,0,0,0,0,0,0,0,0,0,0
390740,1,1,2,0,0,0,0,0,0,28,0,21
390741,1,1,17,17,17,17,17,17,17,17,17,17
390741,2,1,0,0,0,3,10,0,0,0,14,0
390742,1,1,0,0,0,0,0,0,0,0,0,0
390742,2,1,0,0,0,0,0,0,0,0,0,7
390743,1,1,0,0,33,0,0,0,0,0,0,7
390743,2,1,0,0,0,0,0,0,0,0,0,0
390743,3,1,0,0,0,0,0,0,0,0,0,0
390744,0,1,0,0,0,0,0,0,0,0,0,0
390744,1,1,0,0,0,23,7,2,0,18,9,0
390744,2,1,0,0,18,23,14,0,0,0,0,0
390744,3,1,0,0,13,14,0,0,0,0,0,19
390745,0,1,22,0,0,0,0,0,14,0,0,0
390746,1,1,0,0,0,0,0,0,0,0,0,0
390746,2,1,22,0,0,0,28,0,16,11,0,2
390747,1,1,18,18,18,18,18,18,18,18,18,18
390748,0,1,25,25,25,25,25,25,25,25,25,25
390748,1,1,9,0,0,0,9,20,26,20,9,0
390749,1,1,0,0,0,0,0,0,0,0,0,0
390750,1,1,0,0,0,0,0,0,0,0,0,0
390750,2,1,0,0,0,0,0,0,0,0,0,0
390751,0,1,0,0,0,0,0,0,0,0,0,0
390751,1,1,0,0,0,17,24,7,0,25,18,18
390752,1,1,0,0,0,0,0,0,0,0,0,0
390752,2,1,0,0,0,0,0,0,0,0,4,0
390753,1,1,0,0,0,0,0,0,0,0,0,0
390753,2,1,0,0,0,0,0,0,0,0,0,0
390754,1,1,0,0,0,0,0,0,0,0,0,0
390754,2,1,12,15,0,0,4,0,9,19,0,0
390755,1,1,0,0,0,0,0,0,0,0,0,0
390755,2,1,5,5,5,5,5,5,5,5,5,5
390756,0,1,0,0,0,0,0,0,0,0,0,0
390756,1,1,0,19,0,0,0,0,10,0,0,0
390757,1,2,18,0,23,8,0,0,6,30,24,11
390758,1,1,0,0,0,0,0,0,0,0,0,0
390759,1,1,0,0,0,0,0,0,0,0,0,0
390760,1,1,9,9,9,9,9,9,9,9,9,9
390760,2,1,0,0,0,0,9,0,0,0,0,0
390760,3,1,0,0,0,0,0,0,0,0,0,0
390761,1,1,19,19,19,19,19,19,19,19,19,19
390762,0,1,0,0,0,0,0,0,0,0,0,0
390762,1,1,15,0,0,16,0,24,0,16,0,0
390763,1,1,18,18,18,18,18,18,18,18,18,18
390765,1,1,0,0,0,0,0,0,0,0,0,0
390765,2,1,0,0,0,0,0,0,0,0,0,0
390767,1,1,0,0,0,0,0,0,0,0,0,0
390767,2,1,0,0,0,0,0,0,0,0,0,0
390768,1,1,0,0,0,0,0,0,0,0,0,0
390768,2,1,8,16,0,14,15,0,0,23,0,14
390769,1,1,12,12,12,12,12,12,12,12,12,12
390769,2,1,0,0,0,0,0,0,0,0,0,0
390770,1,1,35,0,18,0,23,0,0,21,11,21
390771,1,1,8,0,0,0,0,0,0,0,0,0
390772,0,1,0,0,0,0,0,0,0,0,0,0
390772,1,1,0,0,18,0,0,19,0,14,16,0
390773,0,1,11,11,11,11,11,11,11,11,11,11
390773,1,1,0,0,0,0,0,0,0,0,0,0
390774,1,1,0,0,0,0,0,0,0,0,0,0
390775,1,1,18,0,5,0,0,0,0,0,0,27
390775,2,1,0,0,0,0,0,0,0,0,0,0
390776,1,1,0,0,0,0,0,0,0,0,0,0
390777,1,1,0,0,0,0,0,0,0,0,12,0
390777,2,1,0,0,0,0,0,0,0,0,0,10
390778,1,1,23,23,23,23,23,23,23,23,23,23
390779,1,1,0,0,0,0,0,0,0,0,0,0
390779,2,1,0,0,0,0,0,0,0,0,0,0
390780,1,1,23,23,23,23,23,23,23,23,23,23
390781,1,1,0,0,0,0,0,0,0,0,0,0
390781,2,1,0,0,0,0,0,0,0,0,0,0
390782,1,1,0,0,0,0,0,0,0,0,0,0
390782,2,1,0,0,0,0,0,0,0,0,0,0
390783,1,1,0,0,0,0,0,0,0,0,0,0
390784,0,1,37,37,37,37,37,37,37,37,37,37
390784,1,1,0,2,0,0,0,0,0,0,0,0
390785,1,1,0,0,0,0,0,0,0,0,0,0
390785,2,1,0,0,0,0,0,0,0,0,0,0
390785,3,1,0,0,0,0,0,0,0,0,0,0
390785,4,1,0,0,0,0,0,0,0,0,0,0
390786,1,1,0,0,0,0,0,0,0,0,0,0
390786,2,1,0,0,0,0,0,16,0,0,0,0
390787,1,1,0,16,0,0,0,0,0,0,20,0
390788,1,1,0,0,0,0,0,0,0,0,0,0
390788,2,1,0,0,0,0,0,0,0,0,0,0
390789,1,1,0,0,0,0,0,0,0,0,0,0
390789,2,1,0,0,0,0,0,0,16,0,0,0
390790,1,1,17,17,17,17,17,17,17,17,17,17
390791,1,1,0,0,0,0,0,0,0,0,0,0
390791,2,1,0,2,0,9,0,0,0,0,0,0
390792,1,1,21,21,21,21,21,21,21,21,21,21
390793,2,1,0,0,0,0,0,0,0,0,0,0
390794,1,1,18,18,18,18,18,18,18,18,18,18
390795,1,1,22,22,22,22,22,22,22,22,22,22
390796,1,1,0,0,0,0,0,0,0,0,0,0
390798,1,1,17,17,17,17,17,17,17,17,17,17
390799,1,1,0,0,0,0,0,0,0,0,0,0
390800,1,1,19,19,19,19,19,19,19,19,19,19
390801,1,1,0,0,0,19,0,0,0,6,12,24
390801,2,1,10,0,12,0,0,0,0,0,0,0
390802,1,1,0,0,0,0,0,0,0,0,0,0
390802,2,1,0,0,0,0,0,0,12,0,17,0
390803,1,1,0,0,0,0,0,0,0,0,0,0
390803,2,1,0,0,0,0,0,0,0,0,0,2
390804,1,1,11,11,11,11,11,11,11,11,11,11
390804,2,1,0,0,0,0,0,0,0,0,0,0
390805,1,1,12,12,12,12,12,12,12,12,12,12
390805,2,1,0,0,0,0,0,0,0,0,0,0
390807,1,1,0,0,0,0,0,0,0,0,0,0
390807,2,1,0,0,0,0,0,0,0,0,9,0
390808,1,1,0,0,0,0,0,0,0,0,0,0
390808,2,1,0,0,0,0,0,0,0,0,0,0
390808,3,1,4,15,0,0,0,0,0,0,0,0
390808,4,1,0,0,0,13,0,0,0,0,0,0
390808,5,1,0,0,0,0,0,0,0,0,0,0
390808,6,1,0,0,0,19,10,0,0,0,18,24
390808,7,1,0,0,0,0,0,0,0,0,0,16
390809,1,1,17,17,17,17,17,17,17,17,17,17
390810,1,1,16,16,16,16,16,16,16,16,16,16
390810,2,1,0,0,26,0,0,0,27,16,0,0
390811,1,1,20,20,20,20,20,20,20,20,20,20
390811,2,1,0,25,0,20,14,23,0,27,0,0
390812,1,1,0,0,0,0,0,0,0,0,0,0
390812,2,1,0,0,0,0,28,0,0,0,0,0
390813,0,1,0,0,0,0,0,0,0,0,0,0
390813,1,1,0,0,0,0,0,0,0,0,0,0
390814,0,1,0,0,0,0,0,0,0,0,0,0
390814,1,1,19,19,19,19,19,19,19,19,19,19
390815,1,1,0,9,0,0,0,0,0,0,12,0
390815,2,1,0,0,0,0,0,0,0,0,0,0
390817,1,1,0,0,0,0,0,0,0,0,0,0
390818,1,1,21,21,21,21,21,21,21,21,21,21
390818,2,1,0,0,0,0,0,0,0,0,0,0
390819,1,1,0,0,0,0,0,0,0,0,0,0
390820,1,1,0,0,0,0,0,0,0,0,0,0
390820,2,1,0,0,0,0,0,0,0,0,0,0
390821,0,1,0,0,0,0,0,0,0,0,0,0
390821,2,1,15,0,0,21,8,26,0,19,12,0
390822,1,1,21,21,21,21,21,21,21,21,21,21
390823,1,1,0,0,0,0,0,0,0,0,0,0
390823,2,1,12,12,12,12,12,12,12,12,12,12
390823,3,1,25,10,3,9,19,8,22,10,20,11
390824,1,1,26,28,22,0,12,0,9,0,30,6
390825,1,1,0,0,0,0,0,0,0,0,0,0
390826,1,1,0,0,0,0,0,0,0,10,24,20
390826,2,1,11,11,11,11,11,11,11,11,11,11
390827,1,1,0,30,0,0,0,0,0,0,0,0
390827,2,1,0,0,0,0,0,0,0,0,0,0
390828,1,1,18,18,18,18,18,18,18,18,18,18
390828,2,1,0,0,0,0,0,0,0,0,0,0
390828,3,1,0,0,0,0,0,0,0,0,0,0
390828,4,1,0,0,0,0,0,0,0,0,0,0
390829,1,1,19,19,19,19,19,19,19,19,19,19
390830,1,1,12,12,12,12,12,12,12,12,12,12
390831,1,1,0,0,0,0,0,0,0,0,0,0
390832,1,1,21,21,21,21,21,21,21,21,21,21
390832,2,1,0,0,0,0,0,0,0,0,0,0
390832,3,1,0,0,0,0,0,0,0,0,0,0
390832,4,1,0,0,12,0,0,0,0,11,0,0
390832,5,1,6,0,0,4,0,0,0,3,10,0
390833,1,1,15,0,0,0,0,0,0,0,0,0
390833,2,1,20,0,0,0,13,0,18,0,0,0
390834,1,1,10,0,0,0,0,0,0,19,0,0
390835,0,1,18,18,18,18,18,18,18,18,18,18
390835,1,1,14,19,7,3,14,13,11,0,24,0
390836,1,1,0,0,0,0,0,0,0,0,0,0
390836,2,1,0,0,0,0,0,0,0,0,0,0
390837,1,1,0,0,0,0,0,16,0,0,0,11
390837,2,1,0,34,8,0,13,0,0,0,0,0
390838,0,1,0,0,0,0,0,0,0,0,0,0
390838,1,1,0,0,0,0,15,1,0,0,28,15
390839,1,1,24,8,12,15,20,16,14,9,15,19
390840,1,1,0,0,0,0,0,0,0,0,0,0
390841,1,1,0,0,0,0,0,0,0,0,0,0
390842,1,1,0,13,0,0,0,0,24,14,0,0
390842,2,1,0,0,0,0,0,0,0,0,0,0
390843,1,1,0,0,0,0,0,0,0,0,0,0
390843,2,1,0,0,0,0,0,0,0,0,0,0
390844,1,1,16,16,16,16,16,16,16,16,16,16
390845,1,1,0,0,0,0,0,0,0,0,0,0
390846,1,1,0,0,0,0,0,0,0,0,0,0
390848,0,1,26,26,26,26,26,26,26,26,26,26
390848,1,1,0,0,7,16,11,0,22,16,14,18
390849,1,1,14,14,14,14,14,14,14,14,14,14
390850,1,1,3,3,3,3,3,3,3,3,3,3
390850,2,1,0,0,0,0,0,0,0,0,0,0
390851,1,1,14,14,14,14,14,14,14,14,14,14
390852,1,1,1,1,1,1,1,1,1,1,1,1
390852,2,1,0,0,16,11,25,0,12,24,0,0
390853,1,1,0,0,0,0,0,0,0,0,0,0
390853,2,1,0,0,0,0,0,0,0,0,0,0
390854,1,1,0,0,0,0,0,0,0,0,0,0
390855,0,1,0,0,0,0,0,0,0,0,0,0
390855,1,1,21,10,0,17,29,4,0,0,22,19
390856,1,1,38,38,38,38,38,38,38,38,38,38
390857,1,1,0,0,0,0,0,0,0,0,0,0
390857,2,1,52,0,42,22,0,0,0,0,0,0
390858,1,1,0,0,0,0,0,0,0,0,0,0
390858,2,1,0,9,8,0,0,0,23,0,0,0
390860,1,1,16,19,0,0,0,0,15,0,0,0
390861,1,1,0,36,0,5,0,19,19,19,9,16
390862,1,1,0,0,0,0,0,0,0,0,0,0
390863,1,1,0,0,0,0,0,0,0,0,0,0
390863,2,1,0,0,0,0,0,0,0,0,0,27
390863,3,1,0,0,0,0,0,0,0,0,0,27
390864,1,1,0,0,0,0,0,0,0,0,0,0
390865,1,1,27,27,27,27,27,27,27,27,27,27
390866,1,1,0,0,0,0,0,0,0,0,0,0
390866,2,1,0,0,0,0,9,0,0,0,0,0
390867,1,1,16,16,16,16,16,16,16,16,16,16
390868,1,1,14,14,14,14,14,14,14,14,14,14
390869,1,1,0,0,0,0,0,0,0,0,0,0
390870,1,1,0,0,0,0,0,0,0,0,0,0
390870,2,1,0,0,0,0,0,0,0,0,0,0
390871,1,1,0,0,0,0,0,0,0,0,0,0
390871,2,1,14,8,25,22,13,26,23,24,0,0
390871,3,1,0,0,0,0,0,0,0,0,0,0
390872,1,1,0,0,0,0,0,0,0,0,0,0
390872,2,1,0,0,0,0,0,0,0,0,0,0
390872,3,1,0,0,0,0,0,0,0,0,0,0
390873,0,1,22,22,22,22,22,22,22,22,22,22
390873,1,1,0,0,0,0,0,0,0,0,0,0
390874,1,1,0,0,0,0,0,0,0,0,0,0
390874,2,1,0,0,0,0,0,0,0,0,0,0
390875,1,1,0,0,0,0,0,0,0,0,0,0
390876,1,1,0,0,0,0,17,0,0,0,0,0
390876,2,1,7,7,7,7,7,7,7,7,7,7
390877,1,1,16,7,0,0,15,15,15,7,0,0
390878,0,1,0,0,0,0,0,0,0,0,0,0
390878,1,1,0,0,0,0,0,0,0,0,0,0
390879,1,1,0,0,0,0,0,0,0,0,0,0
390879,2,1,0,15,0,0,0,0,13,0,0,0
390880,1,1,12,12,12,12,12,12,12,12,12,12
390881,0,1,33,0,0,10,24,6,0,0,0,0
390881,0,2,0,0,20,28,17,0,27,0,0,0
390881,0,3,0,0,0,0,0,0,0,0,0,0
390881,1,1,0,16,5,16,14,2,17,0,0,0
390883,0,1,2,2,2,2,2,2,2,2,2,2
390883,1,1,0,0,0,4,0,6,0,0,7,0
390883,2,1,8,0,13,0,0,0,0,0,0,0
390883,3,1,16,0,4,0,0,8,0,0,0,23
390884,0,1,30,0,0,0,0,0,0,0,11,0
390884,1,1,0,0,0,19,0,0,0,0,0,0
390884,2,1,0,0,0,0,0,0,0,0,0,0
390885,1,1,0,0,0,0,0,0,0,0,0,0
390885,2,1,0,0,0,0,0,0,0,0,0,0
390885,3,1,14,23,5,10,0,10,7,11,0,0
390886,1,1,17,17,17,17,17,17,17,17,17,17
390887,0,1,30,30,30,30,30,30,30,30,30,30
390887,1,1,24,0,8,0,8,13,0,0,0,7
390888,1,1,0,0,0,0,0,0,0,0,0,0
390889,1,1,21,21,21,21,21,21,21,21,21,21
390890,1,1,0,0,0,0,0,0,0,0,0,0
390890,2,1,13,0,0,24,21,0,0,0,0,0
390891,1,1,0,0,0,0,0,0,0,0,0,0
390892,1,1,15,15,15,15,15,15,15,15,15,15
390893,0,1,0,0,0,0,0,0,0,0,0,0
390894,1,1,16,23,16,9,0,10,23,22,10,29
390894,2,1,0,0,0,35,0,0,0,0,16,0
390895,1,1,0,0,0,0,0,0,0,0,0,0
390895,2,1,0,0,0,0,0,0,0,0,0,0
390896,1,1,0,0,0,0,0,0,0,0,0,0
390897,1,1,0,0,0,0,0,0,0,0,0,8
390897,2,1,0,0,0,0,0,0,16,0,0,0
390898,1,1,0,0,0,0,0,0,0,0,0,0
390898,2,1,0,0,0,12,0,0,0,0,0,0
390899,0,1,0,0,0,0,0,0,0,0,0,0
390899,1,1,0,0,37,0,0,14,0,0,4,4
390900,1,1,0,0,0,0,0,0,0,0,0,0
390900,2,1,0,4,0,0,0,0,2,11,18,16
390901,1,1,15,0,0,2,0,10,0,21,0,0
390901,2,1,0,0,0,0,0,0,0,0,0,0
390902,1,1,0,0,0,0,0,0,0,0,0,0
390902,2,1,0,0,0,0,0,0,0,0,0,0
390903,0,1,0,0,0,0,0,0,0,0,0,0
390903,1,1,0,0,20,0,11,0,0,0,0,0
390904,1,1,0,0,0,0,0,0,0,0,0,0
390904,2,1,0,0,0,0,0,0,0,0,0,12
390905,0,1,10,10,10,10,10,10,10,10,10,10
390905,1,1,0,0,0,0,0,0,0,0,0,16
390905,3,1,0,16,27,15,25,21,0,0,22,8
390906,1,1,0,0,0,0,0,0,0,0,0,0
390907,1,1,5,5,5,5,5,5,5,5,5,5
390907,2,1,0,0,0,0,4,0,27,0,0,16
390908,1,1,0,0,0,0,0,0,0,0,0,0
390908,2,1,26,26,26,26,26,26,26,26,26,26
390908,3,1,0,0,5,0,0,0,12,0,0,0
390909,0,1,0,0,0,0,0,0,0,0,0,0
390909,1,1,24,0,17,26,21,14,0,8,16,16
390910,0,1,0,0,0,0,0,0,0,0,0,0
390910,1,1,0,0,0,0,0,0,0,0,0,0
390911,0,1,0,0,0,0,0,0,0,0,26,25
390911,1,1,0,0,0,0,0,0,0,0,0,0
390912,1,1,0,0,0,0,0,0,0,0,0,0
390912,2,1,0,0,0,0,8,0,0,0,0,15
390913,1,1,0,0,0,0,0,0,0,0,0,0
390913,2,1,0,0,0,0,0,0,0,0,0,0
390914,1,1,0,0,0,0,0,0,0,0,0,0
390915,1,1,11,11,11,11,11,11,11,11,11,11
390916,0,1,0,0,0,0,0,0,0,0,0,0
390916,1,1,14,12,21,38,10,0,10,14,0,0
390917,1,1,0,0,0,0,0,12,24,0,0,0
390918,1,1,0,0,0,0,0,0,0,0,0,0
390918,2,1,0,0,0,0,0,0,0,0,0,0
390918,3,1,0,0,0,0,0,0,0,0,0,0
390919,1,1,30,0,0,0,0,0,4,0,0,0
390920,1,1,0,0,0,0,0,0,0,0,0,0
390921,1,1,21,21,21,21,21,21,21,21,21,21
390922,0,1,0,0,0,0,0,0,0,0,22,0
390922,1,1,0,0,0,0,0,0,10,0,0,0
390923,1,1,0,0,0,0,0,0,0,15,0,0
390923,2,1,0,0,0,0,0,9,0,0,0,9
390924,1,1,0,0,0,0,0,28,0,0,0,0
390924,2,1,0,0,0,0,0,5,6,0,0,0
390924,3,1,0,0,0,0,0,0,0,0,0,0
390924,4,1,0,0,0,0,0,0,0,0,0,0
390924,5,1,19,0,0,0,0,0,0,0,0,12
390925,1,1,0,0,0,0,0,0,0,0,0,0
390926,0,1,1,1,1,1,1,1,1,1,1,1
390926,1,1,0,0,0,0,0,0,0,0,14,6
390927,1,1,0,35,0,0,0,0,0,0,0,0
390927,2,1,0,0,0,0,0,0,0,0,0,0
390928,1,1,0,0,20,0,5,26,13,20,19,0
390929,1,1,22,22,22,22,22,22,22,22,22,22
390930,1,1,5,5,5,5,5,5,5,5,5,5
390931,1,1,23,23,23,23,23,23,23,23,23,23
390932,1,1,0,0,9,0,0,12,0,0,0,0
390933,1,1,0,0,0,0,0,0,0,0,0,0
390933,2,1,0,0,0,0,0,0,0,0,0,0
390934,1,1,23,23,23,23,23,23,23,23,23,23
390935,1,1,0,0,0,0,0,0,0,0,0,0
390935,2,1,0,0,18,7,0,0,11,0,0,0
390935,3,1,18,18,18,18,18,18,18,18,18,18
390936,1,1,27,27,27,27,27,27,27,27,27,27
390937,0,1,0,0,0,0,0,0,0,0,0,0
390937,1,1,0,0,0,0,0,0,0,0,0,0
390938,1,1,0,0,9,0,0,0,0,0,0,0
390938,2,1,0,0,0,0,0,0,22,18,0,0
390939,2,1,0,0,0,0,0,0,0,0,0,0
390940,1,1,25,25,25,25,25,25,25,25,25,25
390940,2,1,0,0,0,0,0,0,0,0,0,0
390941,0,1,31,31,31,31,31,31,31,31,31,31
390941,1,1,13,13,13,13,13,13,13,13,13,13
390942,0,1,0,0,0,0,0,0,0,0,0,0
390942,1,1,17,16,3,15,19,5,22,20,11,5
390943,1,1,0,0,0,0,0,0,0,0,0,0
390943,2,1,5,5,5,5,5,5,5,5,5,5
390944,1,1,0,0,0,0,0,0,0,0,0,0
390945,1,1,22,23,18,11,10,22,36,28,9,12
390946,1,1,0,0,0,0,0,0,0,0,0,0
390947,1,1,0,0,0,0,0,0,0,0,0,0
390947,2,1,0,0,0,0,0,0,28,0,0,22
390948,1,1,0,0,0,12,0,0,0,0,0,0
390948,2,1,0,0,0,0,0,0,0,0,0,0
390949,1,1,0,0,0,0,0,0,0,0,0,0
390950,1,1,0,0,0,0,0,0,0,0,0,0
390951,1,1,0,0,0,0,0,0,0,0,0,0
390952,1,1,0,0,0,0,0,0,0,0,0,0
390952,2,1,0,0,0,0,0,23,0,0,0,0
390953,0,1,0,0,0,0,0,0,0,0,0,0
390953,1,1,0,19,0,0,27,0,8,14,0,0
390953,2,1,0,0,0,0,0,0,0,0,0,0
390954,0,1,0,0,0,0,0,0,0,0,0,0
390954,1,1,27,19,0,0,0,26,13,0,0,6
390955,1,1,0,0,0,0,0,0,0,0,0,0
390955,2,1,0,0,0,0,0,0,0,0,0,0
390956,1,1,15,15,15,15,15,15,15,15,15,15
390957,1,1,0,13,10,0,0,19,16,0,0,0
390957,2,1,19,0,23,0,0,0,11,0,37,4
390958,1,1,0,0,0,0,0,0,0,0,0,0
390958,2,1,0,0,0,23,0,18,0,0,16,0
390959,1,1,9,9,9,9,9,9,9,9,9,9
390960,0,1,0,0,0,0,0,0,0,0,0,0
390960,1,1,0,0,0,0,0,0,0,0,0,0
390961,1,1,0,0,0,0,0,0,0,0,0,0
390961,2,1,0,0,0,0,0,0,0,0,0,0
390962,1,1,9,10,28,14,21,15,11,7,7,1
390963,1,1,13,24,14,0,0,0,0,0,0,0
390963,2,1,0,0,0,26,8,40,0,0,0,0
390964,1,1,0,0,0,0,0,0,0,0,0,0
390965,1,1,7,7,7,7,7,7,7,7,7,7
390965,2,1,15,0,12,19,12,0,0,0,13,0
390966,1,1,13,13,13,13,13,13,13,13,13,13
390967,1,1,0,19,19,4,0,23,0,22,0,0
390968,1,1,0,0,0,0,0,0,0,0,0,0
390968,2,1,0,0,0,0,0,0,0,0,0,0
390969,0,1,0,0,0,0,0,0,0,0,0,0
390969,1,1,0,0,0,0,0,0,0,0,0,0
390970,0,1,0,0,0,2,0,35,6,27,0,29
390970,0,2,0,0,24,0,37,0,23,12,18,0
390970,1,1,15,0,0,0,21,12,18,0,0,0
390971,1,1,17,17,17,17,17,17,17,17,17,17
390971,2,1,0,0,0,0,0,0,0,0,0,0
390972,1,1,0,9,0,0,0,4,0,0,0,0
390972,2,1,0,17,0,0,0,0,0,0,0,11
390973,1,1,0,0,0,0,0,0,0,0,0,0
390974,1,1,0,0,0,18,0,16,10,15,0,0
390974,2,1,0,0,0,36,27,24,0,0,0,0
390974,3,1,0,0,0,0,12,33,0,0,0,0
390974,4,1,0,0,0,0,3,0,0,7,0,0
390975,0,1,0,0,0,0,0,0,0,0,0,0
390975,1,1,0,0,0,4,0,0,0,0,0,0
390976,1,1,0,0,9,23,0,18,0,31,0,0
390976,2,1,0,0,6,0,0,0,0,0,0,0
390977,1,1,0,0,0,0,0,0,0,0,0,0
390977,2,1,0,0,0,0,0,0,0,0,0,0
390978,1,1,31,31,31,31,31,31,31,31,31,31
390979,1,1,24,24,24,24,24,24,24,24,24,24
390980,1,1,0,21,37,10,0,5,0,0,19,0
390981,1,1,0,17,25,0,0,0,20,0,0,8
390981,2,1,0,0,0,0,0,0,10,0,0,0
390982,1,1,0,0,0,0,0,17,0,9,19,6
390982,2,1,0,0,0,0,0,0,0,0,0,0
390983,1,1,7,7,7,7,7,7,7,7,7,7
390983,2,1,0,0,0,0,0,0,31,15,0,0
390984,1,1,0,0,0,0,0,0,0,0,0,0
390985,1,1,0,0,0,0,0,0,0,0,0,0
390986,0,1,0,0,0,0,0,0,0,0,0,0
390986,1,1,0,0,0,0,0,0,0,0,0,0
390987,1,1,0,0,0,0,0,0,0,0,0,0
390987,2,1,0,23,22,0,0,0,26,0,0,0
390988,1,1,0,0,0,0,0,0,0,0,0,0
390988,2,1,0,0,0,0,0,0,0,0,0,0
390990,1,1,0,0,0,0,0,0,0,0,12,5
390990,2,1,29,29,29,29,29,29,29,29,29,29
390991,1,1,0,0,8,0,12,14,0,0,29,0
390992,1,1,0,0,0,0,0,0,0,0,0,0
390992,2,1,0,10,0,0,0,0,0,0,0,0
390993,1,1,0,0,0,0,0,0,0,0,0,0
390993,2,1,0,0,0,0,0,0,0,0,0,0
390994,1,1,0,0,0,0,0,0,0,0,0,0
390995,1,1,0,0,7,0,0,0,0,0,0,0
390995,2,1,0,0,0,0,0,0,0,0,0,0
390995,3,1,23,8,3,7,17,2,9,9,15,12
390996,1,1,4,8,38,0,33,23,0,29,0,0
390996,2,1,0,0,0,0,0,0,0,0,0,0
390997,1,1,0,0,0,0,0,0,0,0,0,0
390999,1,1,18,23,17,28,33,13,21,12,20,13
391000,1,1,0,0,16,0,0,0,0,0,0,25
391000,2,1,0,0,14,0,0,21,0,0,0,0
391001,1,1,21,15,14,8,28,9,12,22,28,19
391002,1,1,22,22,22,22,22,22,22,22,22,22
391003,0,1,17,17,17,17,17,17,17,17,17,17
391003,1,1,0,0,18,0,0,0,0,0,5,0
391004,1,1,0,0,0,0,0,0,0,0,0,0
391005,0,1,0,0,0,0,57,0,0,23,0,0
391005,1,1,14,6,0,22,4,15,6,19,15,3
391006,1,1,0,0,0,0,0,0,0,0,0,0
391008,0,1,22,22,22,22,22,22,22,22,22,22
391008,1,1,0,0,0,0,0,0,0,0,0,0
391009,1,1,0,0,0,0,0,0,0,0,0,0
391010,1,1,0,0,0,0,0,0,0,0,0,0
391011,1,1,32,32,32,32,32,32,32,32,32,32
391011,2,1,0,0,0,0,7,10,0,0,0,0
391012,1,1,0,0,0,0,0,0,0,0,0,0
391012,2,1,0,0,0,0,0,0,0,0,0,0
391013,1,1,0,0,0,0,0,0,0,0,0,0
391014,1,1,0,0,0,0,0,0,0,0,0,0
391014,2,1,0,0,0,0,0,0,0,0,0,0
391015,1,1,0,0,0,0,0,0,0,0,0,0
391015,2,1,0,0,0,0,0,0,0,13,0,0
391016,1,1,0,0,0,0,0,0,0,0,0,0
391016,2,1,0,0,0,0,0,0,0,0,0,0
391016,3,1,0,0,0,0,0,0,0,0,0,0
391016,4,1,0,0,0,0,12,6,0,0,18,0
391016,5,1,0,0,0,7,0,0,0,25,0,0
391016,6,1,0,0,0,0,0,11,0,0,0,0
391016,7,1,0,0,0,0,0,0,5,4,0,0
391017,1,1,21,21,21,21,21,21,21,21,21,21
391018,1,1,9,9,9,9,9,9,9,9,9,9
391019,1,1,0,19,0,20,0,0,10,15,0,18
391019,2,1,22,22,22,22,22,22,22,22,22,22
391020,1,1,0,0,0,0,0,0,0,0,0,0
391020,2,1,0,0,0,0,0,0,0,0,0,0
391021,1,1,21,35,9,37,17,8,21,18,15,14
391022,1,1,0,0,0,0,0,0,0,0,0,0
391023,1,1,0,0,17,8,0,0,0,0,10,0
391023,2,1,0,0,0,0,0,0,0,0,0,0
391024,0,1,36,0,0,0,0,19,7,36,0,0
391024,1,1,0,0,0,0,0,0,8,17,0,0
391025,1,1,0,0,0,0,0,0,0,0,0,0
391025,2,1,13,0,0,0,0,0,0,15,0,0
391025,3,1,0,16,0,0,0,0,0,0,0,0
391026,1,1,0,14,0,0,0,0,4,0,0,8
391026,2,1,0,0,0,0,0,0,0,0,0,0