ST_CASE,VEH_NO,PER_NO,P1,P2,P3,P4,P5,P6,P7,P8,P9,P10
410146,0,1,27,27,27,27,27,27,27,27,27,27
410146,1,1,14,22,0,0,34,23,0,37,0,0
410147,1,1,6,0,0,0,0,0,0,0,0,0
410147,2,1,0,0,0,0,0,0,0,0,0,0
410147,3,1,0,0,0,0,0,0,0,0,0,0
410148,1,1,13,13,13,13,13,13,13,13,13,13
410149,1,1,38,38,38,38,38,38,38,38,38,38
410149,2,1,0,0,0,0,0,0,0,0,0,0
410150,1,1,0,0,0,0,0,0,0,0,0,0
410151,1,1,18,18,18,18,18,18,18,18,18,18
410152,1,1,0,0,0,0,0,0,0,0,0,0
410152,2,1,0,0,0,0,0,0,0,0,0,0
410153,1,1,0,0,0,0,0,0,0,0,0,0
410153,2,1,0,0,0,0,0,0,0,0,0,0
410154,0,1,23,23,23,23,23,23,23,23,23,23
410154,1,1,0,0,0,0,0,0,0,0,0,0
410155,1,1,14,0,16,17,0,0,0,0,0,8
410156,1,1,10,27,17,0,28,0,8,0,0,19
410157,1,1,0,0,0,0,0,0,0,0,0,0
410158,1,1,0,0,0,0,0,0,0,0,0,0
410158,2,1,0,0,0,0,0,20,0,0,0,0
410158,3,1,0,0,0,0,0,7,0,0,0,0
410158,4,1,0,35,0,0,0,0,0,0,0,0
410159,1,1,0,0,26,0,0,0,0,0,0,0
410160,0,1,0,0,0,0,0,0,0,0,0,0
410160,1,1,27,19,30,9,13,0,12,10,7,6
410161,0,1,0,0,0,0,0,0,0,0,0,0
410161,1,1,0,0,0,0,0,0,0,0,0,0
410162,1,1,0,0,0,0,0,13,0,0,0,0
410163,0,1,0,0,0,0,0,0,0,0,0,0
410163,1,1,0,0,0,0,0,0,0,0,0,0
410164,1,1,5,5,5,5,5,5,5,5,5,5
410165,1,1,10,10,10,10,10,10,10,10,10,10
410165,2,1,0,0,0,0,0,0,7,3,0,0
410166,1,1,0,0,0,0,0,5,0,0,0,0
410166,2,1,0,0,0,0,0,0,0,21,0,0
410167,1,1,10,10,10,10,10,10,10,10,10,10
410168,1,1,0,0,0,0,19,8,0,0,0,0
410168,2,1,0,0,0,0,0,0,0,0,0,0
410169,1,1,0,0,0,0,16,0,18,0,0,0
410169,2,1,0,0,0,14,10,0,0,0,0,0
410170,0,1,0,0,0,0,0,0,0,0,0,0
410170,1,1,0,0,0,0,0,0,0,0,0,0
410171,1,1,0,0,0,0,0,0,0,0,0,0
410172,1,1,0,33,0,0,9,29,26,14,24,24
410172,2,1,0,8,0,0,0,0,6,0,0,0
410173,0,1,1,1,1,1,1,1,1,1,1,1
410173,0,2,0,10,0,0,18,0,31,3,0,0
410173,1,1,16,0,0,0,0,23,6,14,17,0
410174,1,1,17,17,17,17,17,17,17,17,17,17
410175,1,1,0,0,0,0,0,0,0,0,0,0
410176,1,1,0,0,0,0,0,19,0,0,11,0
410176,2,1,0,0,0,14,0,0,0,14,0,13
410176,3,1,0,0,0,0,0,0,0,0,0,0
410177,1,1,11,20,0,0,0,9,0,0,0,12
410178,1,1,29,29,29,29,29,29,29,29,29,29
410178,2,1,0,0,0,5,15,0,0,0,19,0
410179,1,1,15,0,14,30,0,16,8,5,0,0
410179,2,1,1,1,1,1,1,1,1,1,1,1
410180,1,1,11,11,11,11,11,11,11,11,11,11
410180,2,1,0,0,0,0,0,0,0,0,0,0
410181,1,1,0,0,0,0,0,0,0,0,0,0
410182,1,1,27,27,27,27,27,27,27,27,27,27
410182,2,1,8,0,10,0,10,25,0,40,0,0
410183,1,1,0,0,0,0,0,0,0,0,0,0
410183,2,1,0,0,0,0,0,0,0,0,0,0
410183,3,1,0,0,0,0,0,0,0,0,0,0
410184,1,1,0,0,0,0,0,0,13,0,0,0
410184,2,1,0,0,0,0,0,0,0,0,0,0
410185,1,1,1,1,1,1,1,1,1,1,1,1
410186,1,1,0,0,0,0,0,0,0,0,0,0
410187,1,1,19,19,19,19,19,19,19,19,19,19
410188,1,1,0,0,0,0,0,0,0,0,0,0
410189,1,1,4,3,0,0,8,0,0,10,0,21
410189,2,1,9,9,9,9,9,9,9,9,9,9
410190,1,1,10,34,5,22,29,23,11,13,20,26
410191,1,1,0,0,0,0,0,0,0,0,0,0
410192,1,1,0,0,0,0,0,0,0,0,0,0
410193,1,1,0,18,0,9,0,28,33,5,10,0
410194,0,1,31,31,31,31,31,31,31,31,31,31
410194,1,1,0,0,0,0,0,0,0,0,0,0
410195,1,1,0,20,16,31,32,0,0,9,20,0
410196,1,1,0,0,12,9,20,9,16,0,20,15
410196,2,1,0,0,0,0,0,0,0,0,0,0
410197,1,1,0,0,0,13,0,0,0,0,0,0
410198,1,1,0,0,0,0,0,0,0,0,0,0
410199,1,1,0,20,0,0,0,0,0,24,13,0
410199,2,1,0,0,0,0,0,0,0,0,0,0
410200,1,1,0,0,0,0,0,0,0,0,0,0
410201,1,1,0,0,17,0,0,0,0,0,0,0
410201,2,1,0,0,0,0,0,0,18,0,0,0
410202,0,1,5,5,5,5,5,5,5,5,5,5
410202,1,1,35,0,0,0,20,30,0,0,18,3
410203,1,1,0,0,0,0,0,0,0,0,0,0
410203,2,1,0,0,0,0,4,0,0,0,0,0
410204,1,1,0,0,0,0,0,0,0,0,0,0
410205,0,1,24,0,12,0,0,0,0,0,0,0
410205,1,1,15,5,23,0,32,0,0,17,0,13
410205,2,1,0,0,0,0,0,0,0,0,0,0
410206,1,1,0,0,0,0,0,12,0,0,0,17
410206,2,1,0,0,0,0,0,0,0,0,0,0
410207,1,1,0,0,0,0,0,0,0,0,0,0
410207,2,1,0,0,0,0,0,0,0,0,0,0
410207,3,1,0,0,0,0,0,0,12,28,0,0
410208,0,1,0,0,0,0,0,0,0,0,0,0
410208,1,1,12,12,12,12,12,12,12,12,12,12
410208,2,1,0,0,0,0,0,0,13,0,0,0
410210,1,1,0,0,0,0,0,0,0,0,0,0
410210,2,1,3,0,0,0,0,0,0,21,0,0
410211,1,1,23,23,23,23,23,23,23,23,23,23
410213,1,1,0,0,0,0,0,0,0,0,0,0
410213,2,1,0,0,0,0,0,0,0,0,0,0
410215,1,1,0,0,0,0,0,0,0,0,0,0
410215,2,1,19,0,13,0,0,0,0,0,0,0
410216,1,1,0,7,0,0,0,0,0,0,0,26
410217,1,1,16,0,13,9,0,0,28,0,24,0
410218,1,1,36,36,36,36,36,36,36,36,36,36
410219,1,1,0,0,0,0,0,0,0,0,0,0
410220,1,1,14,14,14,14,14,14,14,14,14,14
410221,1,1,0,0,0,0,0,0,0,0,0,0
410222,1,1,0,0,0,0,0,0,0,0,0,0
410223,1,1,0,0,0,0,0,0,0,0,0,0
410223,2,1,0,0,0,0,0,0,0,0,0,14
410224,1,1,0,0,22,0,0,0,0,0,0,0
410224,2,1,0,0,0,6,0,10,8,0,0,0
410224,3,1,0,0,7,0,18,13,0,0,0,0
410225,1,1,23,23,23,23,23,23,23,23,23,23
410225,2,1,5,5,5,5,5,5,5,5,5,5
410226,1,1,0,0,0,0,0,0,0,0,0,0
410227,1,1,22,22,22,22,22,22,22,22,22,22
410228,1,1,13,0,5,0,0,0,0,0,0,0
410229,0,1,14,0,0,0,16,32,0,0,0,0
410229,0,2,10,10,10,10,10,10,10,10,10,10
410229,1,1,26,22,0,9,36,16,32,4,13,15
410230,1,1,9,9,9,9,9,9,9,9,9,9
410231,1,1,0,0,0,16,0,0,0,0,22,13
410232,1,1,0,0,25,0,0,18,0,19,0,0
410232,2,1,0,0,0,0,0,0,0,0,0,11
410233,0,1,0,0,0,0,0,0,0,0,0,0
410233,1,1,0,0,0,0,0,0,0,0,0,25
410234,0,1,0,0,0,0,0,0,0,0,0,0
410234,1,1,0,0,0,0,0,0,0,21,0,5
410235,1,1,0,0,0,0,0,0,0,0,0,0
410235,2,1,0,0,11,9,0,27,30,0,0,0
410236,1,1,24,0,0,0,0,0,18,0,0,3
410237,1,1,0,0,20,0,0,26,12,0,0,10
410237,2,1,18,0,0,0,10,30,0,0,0,18
410238,1,1,0,11,0,0,9,0,0,0,15,21
410239,1,1,24,24,24,24,24,24,24,24,24,24
410239,2,1,0,0,0,0,0,0,0,0,0,0
410240,1,1,0,0,0,37,0,0,0,0,17,17
410240,2,1,0,0,0,0,0,0,0,0,0,0
410240,3,1,0,0,0,0,0,0,0,0,0,0
410241,0,1,20,20,20,20,20,20,20,20,20,20
410241,1,1,28,0,6,15,7,12,0,18,0,14
410242,0,1,0,0,0,0,0,0,0,0,0,0
410242,1,1,0,0,18,0,0,0,0,0,0,0
410243,0,1,0,0,0,0,0,0,0,0,0,0
410243,1,1,0,0,0,0,0,0,0,25,0,0
410245,0,1,0,0,0,0,0,0,0,0,0,0
410245,1,1,0,0,0,0,0,0,0,0,0,0
410246,0,1,0,0,0,0,0,0,0,0,0,0
410246,1,1,5,0,23,17,25,0,3,19,27,0
410247,0,1,32,32,32,32,32,32,32,32,32,32
410247,1,1,0,0,0,0,0,0,0,0,0,0
410248,1,1,0,0,0,0,0,0,0,0,0,0
410248,2,1,18,18,18,18,18,18,18,18,18,18
410249,1,1,25,25,25,25,25,25,25,25,25,25
410250,0,1,0,0,0,0,0,0,0,0,0,0
410250,1,1,14,0,0,0,0,0,0,0,0,9
410250,2,1,0,0,0,0,0,0,0,0,0,0
410251,0,1,0,0,0,0,0,0,0,0,0,0
410251,1,1,0,10,13,16,11,0,0,0,22,0
410252,1,1,23,23,23,23,23,23,23,23,23,23
410253,0,1,27,27,27,27,27,27,27,27,27,27
410253,1,1,0,0,0,0,0,17,0,0,0,0
410254,0,1,0,0,0,0,0,0,0,0,0,0
410254,1,1,0,0,0,0,24,6,0,0,8,21
410255,1,1,0,0,0,0,0,0,0,0,0,0
410255,2,1,0,0,0,0,0,0,0,0,0,0
410256,0,1,0,0,0,0,0,0,0,0,0,0
410256,1,1,0,17,0,0,0,0,0,16,0,0
410257,1,1,0,0,0,0,0,0,0,0,0,0
410257,2,1,0,19,0,14,0,0,0,0,0,0
410258,0,1,18,18,18,18,18,18,18,18,18,18
410258,1,1,0,21,0,8,11,14,5,0,41,16
410259,1,1,0,0,0,0,0,0,0,0,0,0
410260,1,1,0,0,0,0,0,0,0,0,0,0
410261,1,1,0,0,0,0,0,0,0,0,0,0
410262,1,1,0,0,0,0,0,0,0,0,0,0
410263,1,1,23,15,18,0,10,12,0,19,0,23
410263,2,1,0,0,0,0,11,0,0,0,0,0
410264,0,1,0,0,0,0,0,0,0,0,0,0
410264,1,1,22,23,0,15,11,21,14,16,0,11
410265,1,1,0,13,0,0,0,6,0,0,0,0
410266,1,1,42,42,42,42,42,42,42,42,42,42
410266,2,1,0,0,0,0,0,0,0,0,0,0
410266,3,1,0,0,0,0,0,0,0,0,0,0
410267,1,1,7,7,7,7,7,7,7,7,7,7
410268,1,1,32,4,0,0,21,0,0,0,0,18
410269,1,1,0,16,0,0,0,0,0,0,0,0
410270,0,1,0,0,0,0,0,0,0,0,0,0
410270,1,1,0,0,0,0,0,0,0,0,0,0
410271,1,1,21,0,27,45,13,20,19,0,0,13
410272,1,1,0,0,0,0,0,0,0,0,0,0
410272,2,1,0,0,0,0,0,0,0,0,0,0
410273,1,1,0,23,0,0,0,0,25,0,0,0
410273,2,1,0,0,0,0,14,0,0,0,0,0
410274,1,1,0,0,0,0,18,0,0,19,0,0
410275,1,1,0,0,0,0,0,0,0,0,0,0
410276,1,1,0,0,0,0,0,0,0,0,0,0
410276,2,1,0,0,0,0,0,0,0,0,0,0
410277,1,1,19,19,19,19,19,19,19,19,19,19
410278,1,1,0,0,0,0,0,0,0,0,0,0
410278,2,1,0,0,0,0,0,0,0,0,0,0
410279,1,1,13,13,13,13,13,13,13,13,13,13
410279,2,1,0,0,0,0,0,0,0,0,7,0
410280,1,1,4,4,4,4,4,4,4,4,4,4
410281,0,1,0,0,0,0,0,0,0,0,0,0
410281,1,1,0,9,0,0,0,9,0,0,0,8
410282,1,1,27,34,0,0,0,0,12,0,24,21
410283,1,1,5,5,5,5,5,5,5,5,5,5
410283,2,1,0,0,0,0,0,0,0,0,0,0
410284,0,1,0,0,0,0,0,0,0,0,0,0
410284,1,1,0,0,0,0,14,23,22,18,8,0
410285,1,1,0,0,0,0,0,0,0,0,0,0
410286,1,1,0,0,0,0,0,0,0,0,0,0
410286,2,1,0,0,0,0,0,0,0,0,0,0
410287,1,1,17,17,17,17,17,17,17,17,17,17
410287,2,1,4,0,7,0,0,0,21,0,0,26
410288,1,1,0,13,4,0,0,0,0,8,0,0
410288,2,1,0,0,12,0,23,0,0,0,0,0
410289,1,1,22,22,22,22,22,22,22,22,22,22
410290,1,1,0,0,0,0,0,0,0,0,0,0
410290,2,1,0,0,0,0,0,0,0,0,0,0
410291,1,1,31,31,31,31,31,31,31,31,31,31
410292,0,1,0,0,0,0,0,0,0,0,0,0
410292,1,1,0,0,23,20,32,0,0,15,0,0
410293,1,1,0,0,17,21,0,0,0,0,0,0
410293,2,1,0,0,0,0,0,0,0,0,0,0
410294,1,1,12,12,12,12,12,12,12,12,12,12
410295,1,1,0,0,0,0,0,0,0,27,0,0
410295,2,1,0,0,0,14,0,0,0,0,0,0
410296,1,1,18,18,18,18,18,18,18,18,18,18
410297,1,1,20,20,20,20,20,20,20,20,20,20
410297,2,1,0,0,0,0,0,0,0,0,0,0
410298,0,1,0,0,0,0,0,0,0,0,0,0
410298,1,1,0,0,0,0,0,0,0,0,0,0
410299,0,1,0,0,0,0,0,0,0,0,0,0
410299,1,1,0,0,13,0,0,0,18,0,18,0
410301,1,1,22,0,0,24,0,31,0,19,26,0
410302,1,1,21,21,21,21,21,21,21,21,21,21
410303,0,1,1,1,1,1,1,1,1,1,1,1
410303,1,1,13,13,10,8,11,0,0,11,0,0
410303,2,1,3,5,18,8,0,10,2,0,9,0
410304,1,1,18,18,18,18,18,18,18,18,18,18
410305,1,1,0,0,0,0,0,0,0,0,0,0
410305,2,1,7,19,0,0,0,16,0,0,16,0
410305,3,1,0,0,23,0,0,0,0,23,11,0
410306,1,1,0,0,0,0,0,0,0,0,0,0
410307,1,1,0,0,0,0,0,0,0,0,0,0
410308,1,1,0,0,0,0,0,0,0,0,0,0
410309,1,1,0,33,0,12,0,22,0,0,0,0
410309,2,1,20,0,14,0,0,0,17,0,0,0
410309,3,1,0,0,22,0,0,0,0,8,0,4
410310,1,1,19,19,19,19,19,19,19,19,19,19
410310,2,1,0,12,0,0,7,6,0,0,8,0
410310,3,1,0,0,0,0,0,11,0,6,16,11
410311,0,1,0,0,0,0,0,0,0,0,0,0
410311,1,1,11,24,17,25,0,0,0,22,0,0
410312,1,1,0,0,0,0,0,0,0,0,0,0
410314,1,1,0,0,14,0,9,8,0,0,0,0
410314,2,1,0,0,0,0,0,0,0,0,20,0
410315,1,1,5,5,5,5,5,5,5,5,5,5
410316,1,1,25,25,25,25,25,25,25,25,25,25
410317,1,1,19,19,19,19,19,19,19,19,19,19
410318,1,1,0,0,0,0,0,0,0,0,0,0
410318,2,1,0,0,0,0,0,0,0,0,0,0
410319,1,1,14,11,0,12,15,22,34,0,0,12
410319,2,1,0,0,0,25,0,11,0,0,0,29
410320,1,1,13,13,13,13,13,13,13,13,13,13
410321,1,1,0,0,0,0,5,0,11,0,8,11
410322,1,1,0,0,0,0,0,0,0,0,0,8
410322,2,1,0,0,0,0,16,0,0,16,0,0
410322,3,1,0,0,0,0,0,0,0,0,0,0
410322,4,1,0,0,0,0,0,0,0,0,0,0
410323,1,1,19,11,0,0,24,0,0,0,0,0
410324,1,1,15,15,15,15,15,15,15,15,15,15
410324,2,1,0,26,0,0,11,0,0,0,0,0
410324,3,1,0,5,0,0,0,0,0,16,0,0
410325,1,1,13,0,0,0,0,0,10,0,0,8
410326,0,1,11,24,0,0,21,9,0,30,0,18
410326,1,1,0,0,7,0,0,0,0,0,0,11
410327,1,1,0,0,0,0,0,0,0,0,0,12
410327,2,1,0,0,0,0,0,0,0,0,0,0
410328,1,1,26,14,38,26,9,16,0,14,15,17
410329,0,1,0,0,0,0,0,0,0,0,0,0
410329,1,1,0,25,0,21,6,0,0,11,0,0
410330,1,1,0,0,0,15,0,0,0,19,0,30
410331,1,1,4,4,4,4,4,4,4,4,4,4
410332,0,1,0,0,0,0,0,0,0,0,0,0
410332,1,1,0,0,0,12,19,0,0,27,0,0
410333,1,1,0,0,0,0,0,0,0,0,0,0
410333,2,1,0,0,0,0,0,0,0,0,0,0
410334,1,1,13,13,13,13,13,13,13,13,13,13
410335,1,1,14,14,14,14,14,14,14,14,14,14
410336,1,1,0,0,0,0,0,0,0,0,0,0
410337,0,1,0,25,0,0,0,0,15,0,33,0
410337,1,1,0,0,0,0,0,0,0,9,0,0
410338,1,1,0,0,0,0,0,0,0,0,0,0
410339,0,1,7,7,7,7,7,7,7,7,7,7
410339,1,1,0,0,0,0,0,0,0,0,24,20
410340,0,1,0,0,0,0,0,0,0,0,0,0
410340,1,1,17,0,0,0,18,8,22,27,29,0
410341,1,1,7,7,7,7,7,7,7,7,7,7
410342,1,1,12,12,12,12,12,12,12,12,12,12
410343,0,1,11,11,11,11,11,11,11,11,11,11
410343,1,1,16,0,0,8,0,0,0,0,0,0
410343,2,1,0,21,22,15,3,5,11,3,7,16
410344,1,1,0,0,0,0,0,0,0,0,0,0
410345,0,1,0,0,0,0,0,0,0,0,0,0
410345,1,1,0,0,20,14,0,0,0,10,0,0
410346,1,1,0,38,11,0,6,0,0,0,19,0
410348,1,1,0,0,0,0,0,0,0,0,0,0
410349,1,1,18,18,18,18,18,18,18,18,18,18
410350,0,1,0,0,0,0,0,29,27,22,0,0
410350,1,1,17,24,24,49,0,20,0,21,24,0
410351,1,1,15,15,15,15,15,15,15,15,15,15
410351,2,1,0,0,0,0,0,0,0,0,0,0
410352,1,1,0,0,0,0,0,0,0,0,21,0
410352,2,1,0,0,0,0,0,0,0,0,0,0
410353,1,1,12,0,14,0,0,0,13,0,0,5
410354,1,1,0,0,0,0,0,0,0,0,0,0
410355,0,1,26,26,26,26,26,26,26,26,26,26
410355,1,1,0,0,0,0,0,0,0,0,0,0
410356,0,1,0,0,0,0,0,0,0,0,0,0
410356,1,1,0,0,0,4,18,19,0,0,29,20
410357,1,1,0,0,0,0,0,0,0,0,0,0
410357,2,1,0,0,0,0,0,0,0,0,0,0
410358,1,1,0,0,0,0,0,0,0,0,0,0
410358,2,1,8,8,8,8,8,8,8,8,8,8
410359,1,1,0,8,25,0,0,16,0,10,0,15
410360,1,1,0,0,0,0,0,0,0,0,0,0
410360,2,1,0,0,0,0,0,0,0,0,0,0
410360,3,1,0,0,0,0,0,0,0,0,0,0
410361,0,1,0,0,0,0,0,0,0,0,0,0
410361,1,1,0,0,14,36,0,0,0,0,0,0
410362,0,1,0,0,26,9,0,13,9,0,0,0
410362,1,1,0,0,0,0,0,21,0,0,0,0
410363,1,1,22,22,22,22,22,22,22,22,22,22
410364,1,1,17,17,17,17,17,17,17,17,17,17
410365,0,1,11,11,11,11,11,11,11,11,11,11
410365,1,1,20,10,7,7,18,25,19,19,0,14
410366,1,1,28,0,0,0,0,0,0,0,0,0
410367,0,1,7,0,4,0,23,0,0,0,0,0
410367,1,1,17,0,0,7,0,0,0,12,0,10
410368,1,1,0,0,0,0,0,0,0,0,0,0
410368,2,1,0,0,7,0,0,0,5,0,0,0
410368,3,1,0,0,0,0,0,0,0,0,0,0
410368,4,1,0,0,0,0,0,12,0,0,0,0
410368,5,1,0,0,0,0,0,0,6,0,0,0
410368,6,1,29,0,0,7,0,0,0,0,0,0
410369,0,1,0,0,0,0,0,0,0,10,0,0
410369,1,1,0,0,0,0,0,0,0,0,0,0
410370,1,1,0,0,0,0,0,0,0,0,0,0
410371,1,1,0,0,0,0,0,0,0,0,0,0
410371,2,1,0,0,0,0,0,0,0,0,0,0
410372,1,1,19,19,19,19,19,19,19,19,19,19
410372,2,1,0,0,0,0,0,0,0,0,0,0
410373,1,1,8,12,0,14,0,0,0,14,11,23
410373,2,1,28,14,0,0,0,15,0,0,0,0
410374,0,1,0,0,0,0,0,0,0,0,0,0
410374,1,1,0,0,0,0,0,0,0,0,0,0
410375,1,1,0,0,0,0,0,0,0,0,0,0
410375,2,1,0,0,0,0,0,0,0,0,0,0
410376,1,1,0,0,0,0,0,0,0,0,0,0
410376,2,1,0,0,0,0,0,0,0,0,0,0
410376,3,1,0,0,0,0,0,0,0,0,0,0
410377,0,1,0,0,0,0,0,0,0,0,0,0
410377,1,1,0,0,0,0,0,0,0,21,0,0
410378,0,1,0,0,0,14,0,26,34,0,0,0
410378,1,1,0,0,0,0,19,11,0,0,0,0
410380,1,1,6,6,6,6,6,6,6,6,6,6
410380,2,1,0,0,4,0,15,0,17,18,0,0
410381,0,1,0,5,0,27,22,0,0,18,31,0
410381,1,1,25,0,6,0,45,12,7,23,12,0
410382,1,1,0,0,0,0,0,0,0,0,0,0
410382,2,1,20,20,20,20,20,20,20,20,20,20
410384,1,1,0,0,0,0,0,0,0,0,0,0
410384,2,1,0,0,19,0,0,0,0,0,16,9
410385,0,1,40,40,40,40,40,40,40,40,40,40
410385,1,1,13,21,25,32,22,32,0,15,7,10
410386,1,1,3,3,3,3,3,3,3,3,3,3
410386,2,1,0,0,0,0,0,0,0,0,0,0
410387,1,1,0,0,0,0,0,0,0,0,0,0
410388,1,1,0,0,0,0,0,0,0,0,0,0
410388,2,1,0,20,0,0,0,0,0,15,0,0
410389,0,1,19,19,19,19,19,19,19,19,19,19
410389,1,1,0,0,0,14,18,21,0,30,0,24
410390,1,1,19,0,17,0,0,0,0,0,0,0
410390,2,1,0,0,0,0,0,0,0,0,0,0
410392,1,1,0,0,0,0,0,0,0,0,0,0
410392,2,1,0,11,0,0,0,0,0,0,0,0
410394,1,1,0,0,36,15,0,22,27,18,0,28
410395,1,1,0,0,0,0,0,0,0,0,0,0
410395,2,1,0,0,0,0,0,0,0,0,0,0
410396,1,1,27,0,22,17,14,21,29,0,0,31
410396,2,1,0,0,0,13,0,0,0,0,0,0
410397,1,1,0,0,0,0,0,0,0,0,0,0
410397,2,1,0,0,0,0,0,3,15,0,0,12
410398,1,1,0,0,13,0,0,0,5,18,0,0
410398,2,1,0,0,0,0,0,0,0,0,0,0
410398,3,1,0,0,0,0,0,0,0,0,0,0
410399,0,1,13,0,0,0,16,0,0,4,0,16
410399,1,1,0,8,0,0,0,18,21,10,21,0
410400,0,1,0,38,27,24,32,0,28,45,29,0
410400,1,1,11,15,0,0,0,0,0,30,0,0
410401,0,1,0,14,0,0,0,0,32,0,25,0
410401,1,1,0,0,0,12,0,0,0,0,0,0
410402,1,1,19,19,19,19,19,19,19,19,19,19
410402,2,1,0,0,0,0,23,0,0,0,0,0
410403,1,1,12,12,12,12,12,12,12,12,12,12
410404,1,1,14,0,0,0,0,0,0,0,0,8
410405,0,1,24,11,0,14,0,0,0,0,0,0
410405,1,1,0,0,0,0,0,0,0,0,0,0
410406,1,1,0,0,0,0,0,0,0,0,0,0
410407,0,1,19,19,19,19,19,19,19,19,19,19
410407,1,1,0,0,2,0,0,0,13,0,17,0
410408,0,1,0,0,0,0,0,0,0,0,0,0
410408,1,1,0,0,0,0,0,0,0,0,0,0
410409,1,1,8,28,20,7,13,12,21,0,3,2
410412,1,1,0,0,0,0,17,0,0,0,0,0
410412,2,1,0,0,0,0,0,0,0,0,0,0
410413,1,1,0,5,22,0,14,0,0,0,0,0
410413,2,1,0,2,0,0,0,0,0,0,0,0
410414,1,1,0,0,16,0,0,0,0,0,0,0
410414,2,1,0,0,21,0,0,0,0,0,0,0
410415,0,1,35,35,35,35,35,35,35,35,35,35
410415,1,1,0,0,0,0,0,0,0,0,0,0
410416,1,1,0,0,14,18,0,0,0,0,0,0
410417,0,1,14,14,14,14,14,14,14,14,14,14
410417,1,1,17,17,17,17,17,17,17,17,17,17
410418,1,1,0,0,0,0,0,0,0,0,0,0
410419,1,1,0,0,0,0,0,0,0,0,0,0
410419,2,1,15,0,0,0,18,0,4,0,0,0
410420,1,1,0,0,0,0,0,0,0,0,0,0
410420,2,1,0,0,0,0,10,0,3,0,0,0
410421,0,1,0,0,0,0,0,0,0,0,0,0
410421,1,1,0,7,0,0,0,21,0,0,15,11
410422,1,1,16,16,16,16,16,16,16,16,16,16
410423,1,1,4,4,4,4,4,4,4,4,4,4
410424,1,1,1,1,1,1,1,1,1,1,1,1
410425,0,1,0,0,0,0,0,0,0,0,0,0
410425,1,1,0,0,0,0,33,0,29,25,6,0
410426,1,1,0,0,0,0,0,0,0,0,0,0
410427,1,1,14,14,14,14,14,14,14,14,14,14
410427,2,1,0,0,0,0,0,0,0,0,0,0
410428,1,1,0,0,0,0,0,0,0,0,0,8
410428,2,1,15,15,15,15,15,15,15,15,15,15
410429,1,1,0,0,20,0,0,0,0,0,0,0
410429,2,1,0,23,0,0,0,7,0,0,0,13
410429,3,1,0,0,0,0,0,0,0,0,0,0
410430,1,1,0,0,0,0,0,0,0,0,0,0
410430,2,1,0,0,0,0,0,0,0,0,0,0
410431,1,1,8,8,8,8,8,8,8,8,8,8
410431,2,1,0,0,0,0,0,0,0,0,0,0
410431,3,1,0,0,0,9,0,0,16,0,0,0
410431,4,1,0,0,0,0,0,0,0,28,0,0
410431,5,1,0,0,0,0,0,0,0,0,5,0
410432,1,1,0,0,0,0,0,0,0,0,0,0
410433,1,1,26,26,26,26,26,26,26,26,26,26
410434,1,1,0,10,0,0,0,0,0,0,0,0
410435,1,1,0,0,6,0,25,0,0,13,0,0
410435,2,1,3,0,0,0,0,0,0,24,0,0
410435,3,1,0,23,0,0,0,0,0,0,0,6
410436,1,1,24,24,24,24,24,24,24,24,24,24
410436,2,1,0,0,0,15,0,0,0,0,0,0
410436,3,1,0,0,0,0,0,0,0,0,0,0
410436,4,1,9,0,25,36,0,0,18,25,6,0
410437,1,1,9,9,9,9,9,9,9,9,9,9
410437,2,1,0,0,0,0,0,0,0,0,0,0
410438,1,1,9,9,9,9,9,9,9,9,9,9
410438,2,1,14,14,14,14,14,14,14,14,14,14
410439,1,1,29,29,29,29,29,29,29,29,29,29
410440,1,1,0,0,0,0,0,0,0,0,0,0
410440,2,1,0,0,0,0,0,0,0,0,0,0
410440,3,1,0,0,10,0,0,0,0,0,0,0
410441,1,1,0,0,0,0,0,0,0,0,0,0
410441,2,1,0,0,0,0,0,0,0,0,15,0
410442,1,1,21,21,21,21,21,21,21,21,21,21
410443,1,1,0,0,0,0,0,0,0,0,0,0
410444,1,1,0,0,0,0,0,12,0,0,18,0
410444,2,1,0,0,0,0,0,0,0,0,0,0
410445,0,1,0,0,0,0,0,0,0,0,22,21
410445,1,1,11,0,19,0,0,0,0,0,0,0
410446,1,1,26,26,26,26,26,26,26,26,26,26
410447,1,1,14,14,14,14,14,14,14,14,14,14
410448,0,1,0,0,0,0,0,0,0,0,0,0
410448,1,1,11,0,0,0,0,0,0,0,0,0
410449,1,1,0,0,0,0,0,0,0,0,0,0
410450,1,1,9,0,0,0,0,0,0,0,0,0