ST_CASE,VEH_NO,PER_NO,P1,P2,P3,P4,P5,P6,P7,P8,P9,P10
410450,2,1,0,0,0,0,34,0,0,0,0,0
410451,1,1,7,7,7,7,7,7,7,7,7,7
410452,1,1,17,0,7,0,0,0,25,4,0,21
410453,1,1,0,0,0,0,0,0,0,0,0,0
410453,2,1,0,0,0,0,0,0,0,0,0,0
410453,3,1,0,0,0,0,0,0,0,0,0,0
410454,1,1,0,0,0,0,0,0,0,0,0,0
410454,2,1,0,0,0,0,0,0,0,0,0,0
410456,1,1,26,20,17,0,0,0,17,24,0,0
410457,1,1,0,0,0,0,0,0,0,0,0,0
410457,2,1,0,0,0,0,0,0,0,0,6,0
410458,1,1,18,8,24,24,16,11,0,28,26,19
410458,2,1,0,0,0,0,0,0,0,0,0,0
410459,1,1,0,0,0,0,0,0,10,0,0,0
410459,2,1,0,0,0,0,0,0,0,0,19,0
410460,1,1,15,17,0,0,22,26,30,20,0,31
410461,1,1,0,0,0,0,0,0,0,0,0,0
410462,0,1,14,0,4,0,0,16,6,0,34,12
410462,1,1,0,0,0,0,0,0,0,0,0,0
410463,1,1,20,20,20,20,20,20,20,20,20,20
410464,1,1,0,0,0,0,0,0,28,0,0,10
410464,2,1,0,0,0,0,0,0,0,0,0,0
410465,0,1,0,0,0,0,0,0,0,0,0,0
410465,1,1,2,0,0,0,0,0,0,0,0,21
410466,1,1,0,0,23,0,0,0,0,0,0,0
410466,2,1,0,0,0,0,0,6,0,0,0,0
410467,1,1,0,0,0,0,0,0,0,0,0,0
410467,2,1,0,0,0,0,0,0,0,0,0,0
410467,3,1,0,0,0,0,0,0,0,0,0,0
410467,4,1,0,0,0,27,0,0,0,0,0,0
410468,1,1,0,0,0,0,0,0,0,0,0,0
410469,1,1,0,0,0,0,0,0,0,0,0,0
410469,2,1,0,0,0,0,0,0,0,0,0,0
410470,1,1,9,0,0,0,0,0,12,0,0,11
410470,2,1,0,0,0,17,0,0,11,0,0,0
410471,1,1,0,0,0,0,0,0,0,0,0,0
410472,0,1,0,0,0,0,0,0,0,0,0,0
410472,1,1,0,0,0,0,0,0,0,0,0,0
410473,1,1,17,17,17,17,17,17,17,17,17,17
410474,1,1,0,0,0,0,0,0,0,0,0,0
420001,0,1,0,0,0,8,0,0,0,0,0,0
420001,1,1,0,0,0,0,0,0,0,0,0,0
420002,1,1,22,22,22,22,22,22,22,22,22,22
420003,1,1,0,0,0,0,0,0,0,0,0,0
420004,1,1,0,0,0,0,0,0,0,0,0,0
420005,1,1,35,16,22,29,5,17,32,17,3,0
420005,2,1,0,0,0,0,0,0,0,0,0,0
420006,1,1,0,0,0,0,0,0,0,0,0,0
420006,2,1,0,0,0,0,0,0,0,0,0,0
420007,1,1,0,0,0,0,0,0,0,0,0,0
420008,1,1,10,10,10,10,10,10,10,10,10,10
420009,1,1,0,0,0,0,0,0,0,0,0,0
420009,2,1,0,0,0,0,0,0,0,15,0,0
420010,1,1,4,4,4,4,4,4,4,4,4,4
420011,1,1,29,29,29,29,29,29,29,29,29,29
420011,2,1,0,0,0,0,0,0,0,0,0,0
420012,1,1,0,0,0,0,0,0,0,0,0,0
420012,2,1,0,0,0,0,0,0,0,0,0,0
420013,1,1,22,22,22,22,22,22,22,22,22,22
420014,1,1,11,11,11,11,11,11,11,11,11,11
420015,1,1,0,0,0,0,0,0,0,0,0,0
420015,2,1,0,0,0,0,0,0,0,0,0,0
420016,1,1,21,15,37,22,26,15,16,28,23,15
420017,1,1,17,17,17,17,17,17,17,17,17,17
420018,1,1,22,22,22,22,22,22,22,22,22,22
420019,1,1,0,0,0,0,0,0,0,0,0,0
420020,0,1,14,0,10,18,18,15,12,14,15,11
420020,1,1,35,18,15,24,13,16,7,12,19,18
420020,2,1,0,0,0,0,0,0,0,0,0,0
420021,0,1,0,0,0,0,0,0,0,0,0,0
420021,1,1,0,0,0,0,0,0,0,0,0,0
420022,1,1,0,0,0,0,0,0,0,0,0,0
420022,2,1,0,0,0,0,0,0,0,0,0,0
420023,1,1,0,0,0,8,0,0,0,0,0,0
420023,2,1,0,0,0,0,0,0,0,0,0,0
420024,1,1,0,0,0,0,0,0,0,0,0,0
420025,1,1,4,22,30,20,3,14,26,24,16,45
420026,0,1,0,0,0,0,0,0,0,0,0,0
420026,1,1,0,32,0,0,0,0,8,24,0,0
420027,1,1,11,11,11,11,11,11,11,11,11,11
420028,1,1,0,0,0,0,0,0,0,0,0,0
420029,0,1,0,0,0,0,0,0,0,0,0,0
420029,1,1,0,0,0,0,0,0,0,0,0,0
420030,1,1,22,22,22,22,22,22,22,22,22,22
420031,0,1,0,0,0,0,0,0,0,0,0,0
420031,1,1,0,0,0,0,0,0,0,0,0,0
420031,2,1,24,24,9,13,0,25,0,0,0,0
420032,1,1,0,19,0,0,0,0,0,0,0,0
420032,2,1,0,0,0,0,0,0,0,0,0,0
420032,3,1,0,0,0,0,0,0,0,0,0,0
420033,1,1,0,0,0,0,0,0,0,0,0,0
420033,2,1,0,0,0,0,0,0,0,0,0,0
420034,0,1,19,0,0,26,0,0,18,0,0,43
420034,1,1,0,0,0,0,0,0,0,0,0,0
420035,1,1,0,0,0,11,0,0,0,0,0,0
420035,2,1,0,0,0,0,0,0,0,0,0,0
420036,1,1,0,0,0,0,0,0,0,0,0,0
420036,2,1,0,0,0,0,0,0,0,0,0,0
420037,1,1,13,13,13,13,13,13,13,13,13,13
420038,1,1,16,16,16,16,16,16,16,16,16,16
420039,1,1,3,3,3,3,3,3,3,3,3,3
420040,1,1,0,0,0,0,0,0,0,0,0,0
420041,1,1,0,0,0,0,0,0,0,0,0,0
420041,2,1,0,0,0,0,0,0,0,0,0,0
420042,1,1,16,16,16,16,16,16,16,16,16,16
420043,1,1,0,0,0,0,0,0,0,0,0,0
420043,2,1,0,0,0,0,0,0,0,0,0,0
420044,0,1,0,0,0,0,0,6,0,0,0,0
420044,1,1,0,0,0,0,0,0,0,0,0,0
420045,0,1,30,30,30,30,30,30,30,30,30,30
420045,1,1,26,36,26,0,0,0,0,0,0,0
420046,0,1,0,0,0,0,0,0,0,0,0,0
420046,1,1,14,0,12,6,12,0,0,24,0,0
420047,1,1,0,0,0,0,0,0,0,0,0,0
420047,2,1,0,0,0,0,0,0,0,0,0,0
420048,1,1,0,0,0,0,0,0,0,0,0,0
420048,2,1,0,0,0,0,0,0,0,0,0,0
420049,1,1,0,0,0,0,0,0,0,0,0,0
420050,1,1,0,0,0,0,0,0,0,0,0,0
420050,2,1,0,0,0,0,0,0,0,0,0,0
420051,1,1,7,10,9,4,23,25,8,13,18,2
420051,2,1,0,0,0,0,0,0,0,0,0,0
420052,1,1,0,0,0,0,0,0,0,0,0,0
420053,0,1,0,0,0,0,0,0,0,0,0,0
420053,1,1,0,0,0,0,0,0,0,0,0,0
420054,1,1,0,0,0,0,0,0,0,0,0,0
420055,1,1,0,0,0,0,0,0,0,0,0,0
420056,1,1,85,85,85,85,85,85,85,85,85,85
420057,1,1,11,11,11,11,11,11,11,11,11,11
420058,0,1,0,0,0,0,0,0,0,0,0,0
420058,1,1,17,12,0,15,0,21,26,0,9,25
420059,1,1,0,0,0,0,0,0,0,0,0,0
420059,2,1,0,0,0,0,0,0,0,0,0,0
420060,1,1,14,14,14,14,14,14,14,14,14,14
420061,1,1,0,0,0,0,0,0,0,0,0,0
420061,2,1,0,0,0,0,0,0,0,0,0,0
420061,3,1,0,0,0,0,0,0,0,0,0,0
420062,1,1,0,0,0,0,0,0,0,0,0,0
420063,1,1,53,53,53,53,53,53,53,53,53,53
420064,0,1,0,0,0,0,0,0,0,0,0,0
420064,1,1,0,0,0,0,0,0,0,0,0,0
420065,1,1,0,0,0,0,0,0,0,0,0,0
420066,1,1,20,20,20,20,20,20,20,20,20,20
420067,1,1,0,0,0,0,0,0,0,0,0,0
420067,2,1,0,0,0,26,0,0,0,0,18,0
420068,1,1,13,2,26,0,0,0,0,13,1,19
420068,2,1,0,17,0,0,0,0,0,0,0,9
420069,1,1,0,0,0,0,0,21,0,0,0,16
420070,1,1,0,0,0,0,0,0,0,0,0,0
420071,1,1,14,14,14,14,14,14,14,14,14,14
420072,1,1,0,0,0,0,0,0,0,0,0,0
420072,2,1,3,3,3,3,3,3,3,3,3,3
420073,0,1,0,0,0,0,0,0,0,0,0,0
420073,1,1,0,0,0,15,0,0,0,0,0,0
420074,1,1,0,0,0,0,0,0,0,0,0,0
420074,2,1,0,0,0,0,0,0,0,0,0,0
420074,3,1,0,21,0,0,0,0,0,0,0,0
420075,1,1,0,0,0,0,0,0,0,0,0,0
420075,2,1,0,0,0,0,0,0,0,0,0,7
420076,1,1,0,0,0,0,0,0,0,0,0,0
420076,2,1,0,0,0,0,17,0,15,0,0,0
420077,1,1,0,0,0,0,0,0,0,0,0,0
420078,1,1,28,28,28,28,28,28,28,28,28,28
420078,2,1,0,0,0,0,0,0,0,0,0,0
420079,1,1,0,0,0,0,0,0,0,0,0,0
420079,2,1,0,0,0,0,0,0,0,0,0,0
420080,1,1,18,18,18,18,18,18,18,18,18,18
420080,2,1,0,0,0,0,0,0,0,0,0,0
420081,1,1,0,0,0,0,0,0,0,0,0,0
420082,0,1,0,0,0,0,0,0,0,0,0,0
420082,1,1,0,14,0,5,18,33,0,14,11,11
420083,0,1,19,19,19,19,19,19,19,19,19,19
420083,1,1,0,17,12,12,12,24,18,0,15,0
420084,0,1,0,0,0,0,0,0,0,0,0,0
420084,1,1,0,0,0,0,0,0,0,0,0,0
420085,0,1,14,14,14,14,14,14,14,14,14,14
420085,1,1,0,19,0,0,0,0,0,0,0,0
420086,1,1,0,0,0,0,0,0,0,0,0,0
420086,2,1,0,0,0,0,0,0,0,0,0,0
420087,0,1,9,9,9,9,9,9,9,9,9,9
420087,1,1,10,0,22,0,0,0,27,0,0,27
420088,1,1,0,0,0,0,0,0,0,0,0,0
420089,1,1,0,0,0,0,19,0,0,0,0,0
420090,0,1,0,0,0,0,0,0,0,0,0,0
420090,0,2,0,30,12,0,0,0,0,0,0,0
420090,1,1,0,0,0,0,0,0,0,0,0,0
420090,2,1,23,0,0,0,0,0,13,15,0,0
420091,1,1,15,5,6,4,10,7,35,24,0,10
420091,2,1,0,0,0,0,0,0,15,0,0,0
420092,1,1,0,0,0,0,0,0,0,0,0,0
420093,1,1,0,0,0,0,0,0,0,0,0,0
420094,1,1,19,19,19,19,19,19,19,19,19,19
420095,1,1,20,0,0,0,0,0,30,0,0,0
420095,2,1,0,0,0,0,0,0,0,0,0,0
420096,1,1,0,0,0,0,0,0,0,0,0,0
420096,2,1,0,0,0,0,0,0,0,0,0,0
420097,1,1,0,0,0,0,0,0,0,0,0,0
420098,1,1,33,33,33,33,33,33,33,33,33,33
420099,0,1,11,7,34,9,0,26,0,15,0,0
420099,1,1,0,0,0,0,0,0,0,0,0,0
420100,1,1,28,28,28,28,28,28,28,28,28,28
420101,1,1,26,0,0,16,0,0,22,11,12,0
420102,0,1,0,0,0,0,0,0,0,0,0,0
420102,1,1,0,0,0,0,0,25,23,19,0,10
420103,1,1,0,0,0,0,0,0,0,0,0,0
420104,1,1,0,0,0,0,0,0,0,0,0,0
420105,1,1,0,0,0,0,0,0,0,0,0,0
420106,1,1,21,21,21,21,21,21,21,21,21,21
420107,0,1,0,0,0,0,0,0,0,0,0,0
420107,1,1,0,0,0,0,0,0,0,0,0,0
420108,2,1,0,0,0,0,0,0,0,0,0,0
420108,3,1,1,1,1,1,1,1,1,1,1,1
420109,1,1,0,0,22,0,0,0,0,0,0,0
420109,2,1,0,0,0,0,0,0,0,0,0,0
420110,1,1,0,0,0,0,0,0,0,0,0,0
420111,1,1,0,0,0,0,0,0,0,0,0,0
420112,1,1,0,0,0,0,0,0,0,0,0,0
420113,1,1,0,0,0,0,0,0,0,0,0,0
420114,0,1,0,0,0,17,18,0,0,0,0,0
420114,1,1,0,0,14,0,0,0,0,0,0,0
420115,0,1,34,34,34,34,34,34,34,34,34,34
420115,1,1,0,0,0,0,0,0,0,0,0,0
420116,1,1,0,0,0,0,0,0,0,0,0,0
420116,2,1,0,0,0,0,0,0,0,0,0,0
420117,1,1,0,0,0,0,0,0,0,0,0,0
420117,2,1,0,0,0,0,0,0,0,0,0,0
420118,0,1,13,13,13,13,13,13,13,13,13,13
420118,1,1,0,0,0,0,0,0,0,0,0,0
420119,1,1,0,0,0,0,0,0,0,0,0,0
420120,1,1,0,0,0,0,0,0,0,0,0,0
420121,1,1,0,0,0,0,0,0,0,0,0,0
420122,1,1,0,0,0,0,0,0,0,0,0,0
420123,1,1,0,0,0,0,0,0,0,0,0,0
420123,2,1,0,0,0,0,0,0,0,0,0,0
420124,1,1,17,17,17,17,17,17,17,17,17,17
420125,1,1,0,0,0,0,0,0,0,0,0,0
420126,1,1,5,0,20,18,16,11,12,33,18,18
420126,2,1,0,0,0,0,0,0,12,0,10,0
420127,0,1,0,0,0,0,0,0,0,0,0,0
420127,1,1,0,0,0,0,0,0,0,0,0,0
420128,1,1,0,0,0,0,0,0,0,0,0,0
420128,2,1,0,0,0,0,0,0,0,0,0,0
420129,1,1,0,0,0,0,0,0,0,0,0,0
420129,2,1,0,0,0,0,23,0,0,0,0,0
420130,0,1,0,0,0,0,0,0,0,0,0,0
420130,1,1,0,0,0,0,0,0,0,0,0,0
420131,1,1,0,0,0,0,0,0,0,0,0,0
420131,2,1,0,2,0,14,0,0,33,0,0,0
420132,1,1,0,0,0,0,0,0,0,0,0,0
420132,2,1,0,0,0,0,0,0,0,0,0,0
420133,1,1,0,0,9,0,25,0,0,16,0,0
420133,2,1,0,0,0,0,0,0,0,0,0,0
420134,1,1,20,20,20,20,20,20,20,20,20,20
420134,2,1,0,0,0,0,0,0,0,0,0,0
420135,1,1,0,0,0,14,0,0,0,0,0,0
420135,2,1,0,0,0,0,0,0,0,0,0,0
420136,1,1,0,0,0,0,0,0,0,0,0,0
420136,2,1,0,0,0,0,0,0,0,0,0,0
420136,3,1,0,0,0,0,0,0,0,0,0,0
420137,1,1,0,0,0,0,0,0,0,0,0,0
420138,1,1,0,0,0,0,0,0,0,0,0,0
420139,0,1,0,0,9,0,0,12,0,0,0,0
420139,1,1,0,0,0,0,0,0,0,0,0,0
420140,1,1,0,0,0,0,0,0,0,0,0,0
420141,1,2,0,0,0,0,0,0,0,0,0,0
420141,2,1,0,0,0,0,0,0,0,0,0,0
420142,1,1,0,0,0,0,0,0,0,0,0,0
420143,1,1,0,0,0,0,0,0,0,0,0,0
420144,1,1,0,0,0,0,0,0,0,0,0,18
420144,2,1,0,0,0,0,0,0,0,0,0,0
420145,1,1,0,0,0,0,0,0,0,0,0,0
420146,1,1,29,0,0,0,35,15,0,0,0,0
420147,0,1,7,7,7,7,7,7,7,7,7,7
420147,1,1,0,0,0,0,0,0,0,0,0,0
420148,0,1,0,12,0,0,29,0,0,14,0,0
420148,1,1,0,0,0,0,0,0,11,0,0,0
420149,1,1,0,0,0,0,0,0,0,0,0,19
420150,1,1,0,0,0,0,0,0,0,0,0,0
420151,0,1,0,0,0,0,0,0,0,0,0,0
420151,1,1,0,0,0,0,0,0,0,0,0,0
420152,1,1,0,0,0,0,0,0,0,0,0,0
420153,1,1,0,0,0,0,0,0,0,0,0,0
420153,2,1,0,0,0,0,0,0,0,0,0,0
420154,1,1,11,11,11,11,11,11,11,11,11,11
420155,1,1,0,0,0,0,0,0,0,0,0,0
420156,1,1,0,0,0,0,0,0,0,0,0,0
420156,2,1,0,0,0,0,0,0,0,0,0,0
420157,1,1,32,0,0,0,10,0,0,0,12,18
420158,1,1,0,0,0,0,0,0,0,0,0,0
420159,1,1,6,0,0,0,0,0,0,0,20,0
420159,2,1,0,7,0,0,0,23,0,0,0,18
420160,1,1,0,0,0,0,0,0,0,0,0,0
420161,1,1,0,22,0,0,0,13,0,0,0,0
420162,1,1,0,0,0,0,0,0,0,0,0,0
420162,2,1,0,0,0,0,0,0,0,32,0,0
420163,1,1,0,0,0,0,0,21,0,11,0,0
420164,1,1,0,0,0,0,0,0,0,0,0,0
420165,1,1,0,0,0,0,0,0,0,0,0,0
420165,2,1,0,0,0,0,0,0,0,0,0,0
420166,1,1,1,1,1,1,1,1,1,1,1,1
420167,1,1,0,0,0,0,0,0,0,0,0,0
420168,1,1,10,10,10,10,10,10,10,10,10,10
420168,2,1,0,0,0,0,0,0,0,0,0,0
420169,1,1,26,26,26,26,26,26,26,26,26,26
420170,1,1,27,0,0,0,0,0,0,0,35,0
420170,2,1,0,0,0,0,0,24,0,0,0,0
420171,1,1,24,24,24,24,24,24,24,24,24,24
420172,1,1,0,0,0,0,0,0,0,0,0,0
420173,1,1,0,0,0,0,0,17,0,19,15,0
420174,1,1,0,0,0,0,0,0,0,0,0,0
420174,2,1,0,0,0,0,0,0,0,0,0,0
420175,1,1,0,0,0,0,0,0,0,0,0,0
420175,2,1,0,0,0,0,0,0,0,0,7,0
420176,1,1,0,0,0,0,0,0,0,0,0,0
420177,0,1,10,10,10,10,10,10,10,10,10,10
420177,1,1,0,0,0,0,0,0,0,0,0,0
420178,1,1,0,0,0,0,0,0,0,0,0,14
420179,1,1,4,4,4,4,4,4,4,4,4,4
420180,1,1,3,0,18,0,0,0,0,0,0,0
420180,2,1,18,0,0,0,0,0,0,9,0,0
420181,1,1,0,0,0,0,0,0,0,0,0,0
420182,1,1,0,0,0,0,0,0,0,0,0,0
420182,2,1,0,24,0,0,0,0,0,0,27,0
420183,1,1,0,0,0,0,0,0,0,0,0,0
420183,2,1,10,10,10,10,10,10,10,10,10,10
420184,1,1,0,0,0,0,0,0,0,0,0,0
420185,1,1,0,0,0,0,0,13,0,0,0,0
420186,1,1,0,0,0,0,0,0,0,0,0,0
420186,2,1,0,0,0,0,0,0,0,0,0,0
420187,1,2,0,0,0,0,0,0,0,0,0,0
420188,0,1,0,0,0,0,0,0,0,0,0,0
420188,1,1,0,0,0,0,0,0,0,0,0,0
420189,1,1,0,0,0,0,0,0,0,0,0,0
420190,1,1,0,0,0,0,0,0,0,0,0,0
420190,2,1,0,0,0,0,0,0,0,7,0,0
420191,1,1,0,0,0,0,0,0,0,0,0,0
420192,1,1,21,13,29,6,16,32,0,16,21,31
420192,2,1,0,0,0,0,0,0,0,0,0,0
420193,1,1,7,11,33,16,19,25,0,20,19,20
420193,2,1,0,0,0,0,0,0,0,0,0,0
420194,1,1,17,17,17,17,17,17,17,17,17,17
420194,2,1,0,0,0,3,0,0,0,0,0,0
420195,1,1,0,17,0,0,8,20,0,0,0,0
420196,1,1,0,0,0,0,0,0,0,0,0,0
420197,0,1,1,1,1,1,1,1,1,1,1,1
420197,1,1,0,0,0,0,0,0,22,0,0,0
420198,1,1,0,0,0,0,0,0,0,0,0,0
420198,2,1,6,0,0,0,0,0,0,0,0,0
420199,1,1,0,0,0,0,0,0,0,0,0,0
420200,1,1,0,0,0,0,0,0,0,0,0,0
420201,1,1,17,17,17,17,17,17,17,17,17,17
420202,1,1,0,0,0,0,0,0,0,0,0,0
420202,2,1,0,0,0,0,0,0,0,0,0,0
420203,1,1,0,0,0,0,0,0,0,0,0,0
420203,2,1,0,0,0,0,0,40,0,0,0,0
420204,1,1,0,0,0,0,6,0,0,0,0,0
420205,1,1,0,0,5,8,0,0,0,0,0,15
420205,2,1,0,0,0,13,0,0,0,0,0,0
420206,1,1,0,0,0,0,0,0,0,0,0,0
420206,2,1,0,0,0,0,0,0,0,0,0,0
420207,1,1,37,37,37,37,37,37,37,37,37,37
420208,1,1,0,0,0,0,0,0,0,0,0,0
420209,1,1,0,0,0,0,0,0,0,0,0,0
420209,2,1,0,0,0,0,0,0,0,0,0,0
420210,1,1,0,0,0,0,0,0,0,0,0,0
420211,1,1,0,0,0,0,0,0,0,0,0,0
420212,1,1,0,0,0,0,0,0,34,0,0,0
420212,2,1,0,0,0,0,0,0,0,0,0,0
420213,0,1,14,9,0,0,0,33,0,4,0,0
420213,1,1,0,0,0,0,0,0,0,0,0,0
420214,1,1,8,8,8,8,8,8,8,8,8,8
420215,1,1,0,14,0,13,0,4,0,0,0,0
420215,2,1,0,0,0,0,0,0,2,0,0,0
420216,1,1,0,0,0,0,0,0,0,0,0,0
420217,1,1,51,11,0,0,0,16,17,0,26,40
420218,1,1,0,0,0,0,0,0,0,0,0,0
420219,1,1,0,0,0,0,0,0,0,0,0,0
420219,2,1,0,0,0,0,0,0,0,0,0,0
420219,3,1,0,0,0,0,0,0,0,0,0,0
420220,1,1,0,6,51,0,0,0,0,0,0,0
420221,1,1,0,0,0,0,0,0,0,0,0,0
420221,2,1,0,0,0,0,0,0,0,0,0,0
420222,1,1,2,2,2,2,2,2,2,2,2,2
420222,2,1,0,0,0,0,0,0,0,0,0,0
420223,1,1,0,0,0,0,0,0,0,0,0,0
420224,1,1,0,0,0,0,0,0,0,0,9,0
420225,1,1,0,0,0,0,16,0,21,25,0,0
420226,1,1,0,0,0,0,0,0,0,0,0,0
420226,2,1,0,0,0,0,0,0,0,0,0,0
420227,1,1,0,0,0,0,7,0,0,0,0,0
420227,2,1,0,0,0,0,0,0,0,0,0,0
420228,1,1,12,12,12,12,12,12,12,12,12,12
420229,1,1,0,0,0,0,0,0,0,0,0,0
420230,1,1,0,0,0,0,0,0,0,0,0,0
420230,2,1,0,0,0,0,0,12,0,0,13,0
420231,1,1,21,21,21,21,21,21,21,21,21,21
420232,1,1,16,0,0,0,14,38,0,0,0,0
420232,2,1,0,0,8,0,0,0,0,0,31,0
420233,1,3,0,0,0,0,8,0,0,0,0,19
420234,1,1,0,0,0,0,0,0,0,0,0,0
420235,1,1,11,15,0,0,20,20,0,8,11,13
420236,1,1,0,0,0,0,0,0,0,0,0,0
420237,1,1,0,0,0,0,0,0,0,0,0,0
420237,2,1,0,32,9,17,0,0,10,0,0,11
420238,1,1,0,10,0,39,0,0,0,0,28,0
420239,1,1,15,15,15,15,15,15,15,15,15,15
420240,1,1,0,0,0,0,0,0,0,0,0,0
420241,1,1,0,0,0,0,0,0,0,0,0,0
420241,2,1,0,0,0,0,0,0,0,0,0,0
420242,1,1,11,11,26,9,13,13,20,18,3,7
420242,2,1,0,0,0,8,0,0,0,0,0,0
420243,1,1,0,0,0,17,0,5,0,0,0,15
420244,1,1,25,25,25,25,25,25,25,25,25,25
420244,2,1,0,0,0,0,0,0,0,0,0,0
420244,3,1,0,0,0,0,0,0,0,0,0,0
420245,0,1,0,0,0,0,0,0,0,0,0,0
420245,1,1,7,0,0,0,30,5,0,0,0,0
420245,2,1,0,0,0,7,0,0,17,0,0,16
420245,3,1,0,0,0,12,0,0,0,15,0,0
420246,1,1,8,8,8,8,8,8,8,8,8,8
420246,2,1,0,0,0,0,0,0,0,0,0,0
420247,1,1,0,0,0,0,0,0,0,0,0,0
420247,2,1,0,0,0,0,22,0,0,0,0,0
420248,1,1,27,8,20,15,8,9,8,5,14,15
420248,2,1,0,0,0,0,0,0,0,0,0,0
420248,3,1,6,25,35,0,9,16,10,6,5,21
420249,1,1,20,20,20,20,20,20,20,20,20,20
420249,2,1,11,0,0,0,0,44,3,0,20,0
420250,1,1,0,17,0,0,0,0,0,0,0,0
420250,2,1,0,0,0,0,0,0,0,0,0,0
420251,1,1,4,24,14,24,31,0,30,6,28,9
420251,2,1,0,0,0,0,0,0,0,7,0,0
420252,1,1,0,0,0,0,0,25,0,0,0,0
420252,2,1,8,0,0,0,0,0,0,0,0,0
420253,1,1,0,0,0,0,0,0,0,0,0,0
420253,2,1,0,0,0,0,0,0,0,0,0,27
420253,3,1,0,0,0,0,0,0,0,0,0,0
420254,1,1,0,0,0,0,0,0,0,0,0,0
420254,2,1,0,0,0,0,0,0,0,0,0,0
420254,3,1,0,0,0,0,0,0,0,0,0,0
420254,4,1,0,0,0,0,0,0,0,0,0,0
420255,1,1,16,16,16,16,16,16,16,16,16,16
420256,1,1,32,32,32,32,32,32,32,32,32,32
420257,1,1,0,0,0,0,0,0,0,0,0,0
420258,1,1,0,0,0,0,0,0,0,0,0,0
420259,1,1,27,27,27,27,27,27,27,27,27,27
420260,1,1,0,0,0,0,0,0,0,0,13,0
420261,1,1,36,36,36,36,36,36,36,36,36,36
420262,0,1,26,7,0,10,21,24,40,0,0,0
420262,1,1,0,0,0,0,0,0,0,11,0,0
420263,1,1,0,0,0,0,0,0,0,0,0,0
420263,2,1,0,0,0,0,0,0,0,0,0,0
420264,1,1,0,0,0,0,0,0,0,0,0,0
420264,2,1,0,0,0,0,0,0,0,0,0,0
420265,1,1,0,0,0,0,0,0,0,0,0,0
420265,2,1,0,0,0,0,0,0,0,0,0,0
420266,1,1,44,21,5,9,20,21,7,18,9,16
420266,2,1,0,0,0,0,0,0,0,0,0,0
420267,1,1,0,22,11,0,0,23,20,0,0,0
420267,2,1,0,0,0,0,8,12,0,0,0,0
420268,1,1,23,23,23,23,23,23,23,23,23,23
420269,1,1,16,8,24,23,14,24,9,8,30,26
420270,1,1,0,0,0,0,0,0,0,0,0,0
420270,2,1,0,0,0,0,0,0,0,0,0,0
420270,3,1,17,0,12,0,16,0,0,0,0,0
420271,1,1,0,0,0,0,0,0,0,0,21,14
420271,2,1,0,0,0,0,0,0,0,0,0,0
420272,1,1,0,0,0,0,0,0,0,0,0,0
420272,2,1,0,0,0,0,0,0,0,0,0,0
420272,3,1,0,0,0,0,0,0,0,0,0,0
420273,1,1,0,0,0,0,0,0,0,0,0,0
420273,2,1,0,0,0,0,0,0,0,0,0,0
420274,1,1,0,0,0,0,0,0,0,0,0,0
420275,0,1,0,0,0,0,0,0,0,0,0,0
420275,1,1,0,0,0,20,0,0,0,0,0,0
420276,1,1,14,14,14,14,14,14,14,14,14,14
420276,2,1,0,0,0,0,0,0,0,0,8,0
420277,1,1,0,0,0,0,0,0,0,0,0,0
420277,2,1,0,11,0,0,24,0,0,0,0,0
420278,1,1,0,0,0,0,0,0,0,14,0,0
420279,1,1,20,10,0,19,0,0,13,24,0,0
420280,1,1,0,0,0,0,0,0,0,0,0,0
420280,2,1,0,0,0,0,0,0,0,0,0,0
420281,1,1,0,0,3,0,0,0,0,0,0,0
420282,1,1,0,0,0,0,0,0,0,0,0,0
420282,2,1,0,0,0,2,0,0,0,0,0,0
420283,1,1,18,18,18,18,18,18,18,18,18,18
420284,1,1,0,0,0,0,35,0,0,0,0,0
420284,2,1,0,0,0,0,0,0,0,0,0,0
420285,0,1,0,0,0,0,0,0,0,0,0,0
420285,1,1,0,0,0,0,0,0,0,0,0,0
420286,1,1,15,15,15,10,7,19,16,14,12,15
420286,2,1,11,11,11,11,11,11,11,11,11,11
420287,1,1,0,0,0,0,0,0,0,0,0,0
420287,2,1,0,0,0,0,0,0,0,0,0,0
420287,3,1,0,0,0,0,0,0,0,0,0,0
420287,4,1,0,0,0,0,0,0,0,0,0,0
420288,1,1,12,19,17,15,7,20,20,26,7,6
420289,1,1,0,0,21,0,0,0,0,0,0,0
420290,1,1,0,0,0,0,0,0,0,0,0,0
420290,2,1,0,16,0,0,0,14,0,0,0,0
420291,0,1,0,0,0,35,0,26,0,0,0,20
420291,1,1,17,9,0,0,0,38,0,0,0,3
420292,1,1,22,22,22,22,22,22,22,22,22,22
420293,1,1,0,0,0,0,0,0,0,0,0,0
420293,2,1,0,0,0,0,0,0,0,0,0,0
420294,1,1,0,0,0,0,0,0,0,0,0,0
420295,1,1,14,0,11,16,8,20,16,17,25,11
420295,2,1,0,0,0,14,0,0,0,0,0,0
420296,0,1,0,0,0,0,36,0,0,0,0,0
420296,1,1,0,0,0,0,0,0,0,0,0,0