ST_CASE,VEH_NO,PER_NO,P1,P2,P3,P4,P5,P6,P7,P8,P9,P10
420598,2,1,0,0,0,0,0,0,0,0,0,0
420599,1,1,12,0,16,0,24,0,0,0,0,0
420599,2,1,0,0,0,0,0,0,0,0,0,0
420600,1,1,0,0,0,0,0,0,0,0,0,0
420600,2,1,0,0,0,0,8,0,0,0,0,0
420600,3,1,0,0,0,0,0,0,0,0,0,0
420600,4,1,0,0,0,0,0,0,0,0,0,0
420601,1,1,10,0,0,0,0,0,0,0,0,24
420602,0,1,0,0,0,0,0,0,0,0,0,0
420602,1,1,0,0,0,0,0,0,0,0,0,0
420603,0,1,13,13,13,13,13,13,13,13,13,13
420603,2,1,0,0,0,0,0,0,0,0,0,0
420604,1,1,0,0,0,0,0,0,0,0,0,0
420604,2,1,6,6,6,6,6,6,6,6,6,6
420604,3,1,0,0,0,0,0,0,0,0,0,0
420604,4,1,0,0,0,0,0,0,0,0,0,0
420604,5,1,0,0,0,0,0,0,0,0,0,0
420604,6,1,0,20,0,0,0,0,0,0,0,0
420605,1,1,23,23,23,23,23,23,23,23,23,23
420606,1,1,0,0,0,0,0,0,0,0,0,0
420606,2,1,0,0,0,0,0,0,0,0,0,0
420607,1,1,0,0,16,17,0,10,21,14,19,0
420608,1,1,22,22,22,22,22,22,22,22,22,22
420609,0,1,0,0,0,0,0,0,0,0,0,0
420609,1,1,0,0,0,0,0,0,30,0,0,0
420609,2,1,0,0,0,0,0,0,0,0,0,0
420610,1,1,0,0,0,0,0,0,0,0,0,0
420610,2,1,0,0,0,0,0,0,0,0,0,0
420610,3,1,0,0,0,0,0,0,0,0,0,0
420611,1,1,21,16,16,17,22,20,16,20,13,14
420612,0,1,17,17,17,17,17,17,17,17,17,17
420612,1,1,19,32,23,0,0,0,24,0,5,14
420612,2,1,0,0,0,0,0,0,0,0,0,0
420613,1,1,0,0,0,0,0,0,0,0,0,0
420613,2,1,0,0,0,14,0,0,0,0,0,0
420614,1,1,0,0,0,0,0,0,0,0,0,0
420615,1,1,0,0,0,0,0,0,0,0,0,0
420615,2,1,0,0,0,0,0,0,0,0,0,0
420615,3,1,0,0,0,0,0,0,0,0,0,0
420616,1,1,0,0,0,0,0,0,0,0,0,0
420616,2,1,11,0,0,0,0,0,0,0,0,0
420616,3,1,0,0,0,0,0,0,0,0,0,0
420617,1,1,0,0,0,0,0,0,0,0,0,0
420617,2,1,0,0,0,0,0,0,0,0,0,0
420618,1,1,0,0,0,0,0,0,0,0,0,0
420618,2,1,0,0,0,0,0,0,0,0,0,0
420618,3,1,0,0,0,0,0,0,0,0,0,0
420619,1,1,0,0,0,0,26,0,0,0,0,0
420619,2,1,0,0,0,0,0,0,0,0,0,0
420619,3,1,0,0,0,0,0,0,0,0,0,0
420620,1,1,0,0,0,0,0,0,0,0,0,0
420620,2,1,0,0,0,19,0,0,0,0,0,0
420620,3,1,0,0,0,0,0,0,0,0,0,0
420621,0,1,0,10,0,0,0,7,24,0,0,0
420621,1,1,0,0,0,0,0,0,0,0,0,0
420622,1,1,0,0,0,0,0,0,0,0,0,0
420623,1,1,0,0,0,0,0,0,0,0,0,0
420623,2,1,0,0,0,0,0,0,0,0,0,0
420623,3,1,0,0,0,0,0,0,0,0,0,0
420623,4,1,0,0,0,0,0,0,0,0,0,0
420623,5,1,0,0,0,0,0,0,0,0,0,0
420623,6,1,0,0,0,0,0,0,0,0,0,0
420623,7,1,0,0,0,0,0,0,0,0,0,0
420623,8,1,0,0,0,0,0,0,0,0,0,0
420623,9,1,0,0,0,0,0,0,0,0,0,0
420623,10,1,0,0,0,0,0,0,0,0,0,0
420623,11,1,0,0,0,0,0,0,0,0,0,0
420623,12,1,0,0,0,0,0,0,0,0,0,0
420624,1,1,22,22,22,22,22,22,22,22,22,22
420625,1,1,22,0,0,0,0,27,0,0,23,0
420626,1,1,14,14,14,14,14,14,14,14,14,14
420627,0,1,0,0,0,0,0,0,0,0,0,0
420628,1,2,13,0,0,0,0,0,0,0,0,0
420629,1,1,0,0,0,0,0,0,0,0,0,0
420630,1,1,0,0,0,0,0,0,0,0,0,0
420630,2,1,4,4,4,4,4,4,4,4,4,4
420631,1,1,0,0,0,0,0,0,0,0,0,0
420631,2,1,0,0,0,0,0,0,0,0,0,0
420632,1,1,19,19,19,19,19,19,19,19,19,19
420632,2,1,0,0,0,0,0,0,0,0,0,0
420633,1,1,0,0,0,0,0,0,0,0,0,0
420633,2,1,0,0,0,15,0,0,0,0,0,0
420634,1,1,0,0,0,0,0,0,0,0,0,0
420635,1,1,0,0,0,0,0,0,0,0,0,0
420636,0,1,0,0,0,0,0,0,0,0,0,0
420636,1,1,0,0,0,0,0,0,0,0,0,0
420637,0,1,0,0,0,0,0,0,0,0,0,0
420637,1,1,0,0,0,0,0,0,0,0,0,0
420638,1,1,0,0,0,0,0,0,0,0,0,0
420638,2,1,0,0,0,0,0,0,0,0,0,0
420639,1,1,0,0,0,0,0,0,0,0,0,0
420639,2,1,0,0,0,0,0,0,0,0,0,0
420639,3,1,0,0,0,0,0,0,0,0,0,0
420640,1,1,0,0,0,0,0,0,0,0,0,0
420640,2,1,0,0,0,0,0,0,0,0,0,0
420640,3,1,0,0,0,0,0,0,0,0,0,0
420641,0,1,0,0,0,0,0,0,0,0,13,19
420641,1,1,0,0,0,0,0,0,0,36,0,0
420642,0,1,0,0,0,0,0,0,0,0,0,0
420642,1,1,0,0,0,0,15,26,0,0,0,0
420643,1,1,0,0,0,0,15,0,0,0,0,0
420643,2,1,0,8,0,0,11,0,0,0,0,0
420644,1,1,0,0,0,0,0,0,0,0,0,0
420645,1,2,0,13,0,32,0,29,0,11,0,0
420646,1,1,0,0,0,0,0,0,0,0,0,0
420646,2,1,0,0,0,0,0,0,0,0,0,0
420647,1,1,0,0,0,0,0,0,0,0,0,0
420647,2,1,0,0,0,0,0,0,0,0,0,0
420648,1,1,25,15,24,15,12,20,16,0,13,28
420649,1,1,0,0,0,0,0,0,0,0,0,16
420650,1,1,0,0,0,0,0,0,0,0,0,0
420650,2,1,0,0,0,0,0,0,0,0,0,0
420651,1,1,8,8,8,8,8,8,8,8,8,8
420651,2,1,0,0,0,0,0,0,0,0,0,0
420652,1,1,13,13,13,13,13,13,13,13,13,13
420652,2,1,0,0,0,0,0,0,0,0,0,8
420653,1,1,0,0,0,0,0,0,0,0,0,0
420653,2,1,0,14,0,0,0,0,0,0,0,0
420654,1,1,0,0,0,17,0,0,0,0,0,0
420654,2,1,0,0,0,0,0,0,0,0,0,0
420655,1,1,0,0,0,4,0,0,0,0,0,0
420656,1,1,0,0,0,0,17,0,0,33,20,0
420657,1,1,7,7,7,7,7,7,7,7,7,7
420658,0,1,0,0,0,0,0,0,0,0,0,0
420658,1,1,0,0,0,0,0,0,0,0,0,0
420659,1,1,22,22,22,22,22,22,22,22,22,22
420660,1,1,0,0,0,0,0,0,0,0,0,0
420660,2,1,0,0,0,0,0,0,0,0,0,0
420661,1,1,0,0,0,0,0,0,0,0,0,0
420661,2,1,0,0,0,0,0,0,0,0,0,0
420661,3,1,0,0,0,0,0,0,0,0,0,0
420662,1,1,0,0,0,0,0,0,0,0,0,0
420662,2,1,0,6,0,0,0,0,0,0,0,0
420663,1,1,0,0,0,0,0,0,0,0,0,0
420663,2,1,0,0,0,0,0,0,0,0,0,0
420664,1,1,0,0,0,0,0,0,0,0,0,0
420664,2,1,0,0,23,0,7,0,0,0,0,0
420665,1,1,17,13,8,0,16,0,20,16,0,15
420666,1,1,5,5,5,5,5,5,5,5,5,5
420667,1,1,0,0,0,0,0,0,0,0,0,0
420668,0,1,0,0,0,0,0,0,0,0,0,0
420668,1,1,0,0,0,0,0,0,0,22,0,0
420669,1,1,0,0,0,0,0,0,0,0,0,0
420670,1,1,0,0,0,0,0,0,0,0,0,0
420670,2,1,0,0,0,0,0,0,0,0,0,0
420671,0,1,0,0,0,0,0,0,0,0,0,0
420671,1,1,0,0,0,0,0,0,0,0,0,0
420672,1,1,0,0,0,0,0,0,0,0,0,0
420672,2,1,0,0,0,0,0,0,0,0,0,0
420673,1,1,2,2,2,2,2,2,2,2,2,2
420673,2,1,0,0,0,0,0,0,0,0,0,0
420674,0,1,18,18,21,35,24,24,8,16,13,23
420674,1,1,8,14,18,9,36,14,23,34,13,7
420675,1,1,0,0,0,0,0,0,0,0,0,0
420676,1,1,17,17,17,17,17,17,17,17,17,17
420677,1,1,0,0,0,0,0,0,0,0,0,0
420678,1,1,5,5,5,5,5,5,5,5,5,5
420679,1,1,24,14,0,0,0,0,0,27,0,0
420680,1,1,0,0,0,0,0,0,0,0,0,0
420681,0,1,32,0,0,20,0,0,27,0,0,45
420681,1,1,0,0,0,0,0,0,0,0,0,0
420682,1,1,15,0,0,0,0,0,0,0,0,0
420683,1,1,0,0,0,0,0,0,0,0,0,0
420683,2,1,0,0,0,0,0,0,0,0,0,0
420684,0,1,0,0,0,0,0,0,0,0,0,0
420684,1,1,0,8,39,16,0,0,0,0,8,6
420685,0,1,0,0,0,0,0,0,0,0,0,0
420685,1,1,0,0,0,0,0,0,0,0,0,0
420686,1,1,0,0,0,0,0,0,0,0,0,0
420686,2,1,0,0,0,5,0,0,0,17,0,0
420687,1,1,0,0,0,0,0,14,0,0,0,0
420687,2,1,0,0,0,21,0,0,0,0,0,0
420687,3,1,0,0,0,0,0,0,0,0,0,0
420688,1,1,5,5,5,5,5,5,5,5,5,5
420688,2,1,0,0,0,0,0,0,0,0,0,0
420689,1,1,0,0,0,0,0,0,0,0,0,0
420689,2,1,0,0,0,0,0,0,0,0,0,0
420690,1,1,0,12,0,0,10,30,0,45,0,0
420691,1,1,14,0,24,9,0,0,8,30,28,0
420692,1,1,17,17,17,17,17,17,17,17,17,17
420693,1,1,0,0,0,0,0,0,0,0,0,0
420694,1,1,12,12,12,12,12,12,12,12,12,12
420695,1,1,0,0,0,0,0,0,0,0,0,0
420696,0,1,0,28,0,0,0,30,19,0,0,0
420696,1,1,0,0,0,0,0,0,0,0,0,0
420697,0,1,20,20,20,20,20,20,20,20,20,20
420697,1,1,0,2,0,0,0,9,0,0,0,0
420698,1,1,23,23,23,23,23,23,23,23,23,23
420698,2,1,0,0,0,0,13,0,0,20,0,0
420698,3,1,0,0,0,13,0,0,0,0,0,15
420699,0,1,0,0,0,0,0,0,0,0,0,0
420699,1,1,0,0,0,0,0,0,0,0,12,0
420700,1,1,0,0,0,0,0,0,0,0,0,3
420700,2,1,17,0,0,0,0,0,0,0,0,0
420701,0,1,0,0,0,0,26,19,24,0,0,0
420701,1,1,0,0,0,0,0,0,0,0,0,0
420702,0,1,0,0,0,0,0,0,0,0,0,0
420702,1,1,0,0,0,0,0,12,0,0,0,0
420702,2,1,0,0,0,0,0,0,0,0,0,0
420703,0,1,28,0,33,0,0,0,19,23,14,8
420703,1,1,2,0,27,13,22,0,0,0,15,8
420704,1,1,21,0,19,0,0,0,0,0,0,0
420705,1,1,0,0,0,0,0,16,0,0,0,0
420706,1,1,0,0,0,0,0,0,0,0,15,0
420706,2,1,0,0,17,0,21,0,0,0,0,0
420706,3,1,0,0,0,0,0,0,0,0,0,0
420707,0,1,2,47,8,33,0,23,33,0,0,12
420707,1,1,13,23,0,0,0,0,0,0,0,7
420708,1,1,0,0,0,0,0,0,0,0,0,0
420709,0,1,10,10,10,10,10,10,10,10,10,10
420709,1,1,0,0,0,0,0,0,0,0,0,0
420710,0,1,0,0,0,0,0,0,0,0,0,0
420710,1,1,0,0,0,0,0,0,0,0,0,0
420711,1,1,9,9,9,9,9,9,9,9,9,9
420711,2,1,0,0,0,0,0,0,0,0,0,0
420712,1,1,0,0,0,0,0,0,0,0,12,0
420712,2,1,0,0,0,0,0,0,0,0,0,0
420712,3,1,0,0,0,0,0,0,0,0,0,0
420713,1,1,0,0,0,0,0,0,0,0,0,0
420713,2,1,0,0,0,0,0,0,0,0,0,0
420714,1,1,0,0,0,0,0,10,0,0,0,14
420714,2,1,0,0,0,0,0,0,0,0,0,0
420715,1,1,0,0,0,0,0,0,0,0,0,0
420715,2,1,0,0,0,0,0,0,0,0,0,0
420716,1,1,0,0,0,0,0,0,0,0,0,0
420717,1,1,10,18,27,0,47,19,14,8,0,11
420718,1,1,0,0,0,0,0,0,0,0,0,0
420718,2,1,0,0,0,0,0,0,0,0,0,0
420719,1,1,6,6,6,6,6,6,6,6,6,6
420719,2,1,0,0,0,0,0,0,0,0,0,0
420720,1,1,0,0,0,0,0,0,0,0,0,0
420721,1,1,23,23,23,23,23,23,23,23,23,23
420722,0,1,0,0,0,0,0,0,0,0,0,0
420722,1,1,0,0,0,0,0,0,0,0,31,0
420723,1,1,12,12,12,12,12,12,12,12,12,12
420724,1,1,21,21,21,21,21,21,21,21,21,21
420725,1,1,0,0,0,0,0,0,0,0,0,0
420726,0,1,0,0,0,0,0,0,0,0,0,0
420727,1,1,0,0,0,0,0,0,0,0,0,0
420728,1,1,0,0,0,0,0,0,0,0,0,0
420729,1,1,17,17,17,17,17,17,17,17,17,17
420730,1,1,0,0,0,0,0,0,0,0,0,0
420731,1,1,0,0,0,0,0,0,7,19,0,0
420732,1,1,0,0,0,0,0,0,0,0,0,0
420732,2,1,0,0,11,26,0,0,0,0,0,0
420732,3,1,0,0,0,0,0,0,0,14,0,0
420732,4,1,0,0,0,0,8,0,0,0,0,0
420732,5,1,0,0,0,0,0,0,0,0,0,0
420732,6,1,0,0,0,0,0,0,0,0,0,0
420732,7,1,0,0,13,0,0,0,0,0,0,0
420733,1,1,18,18,18,18,18,18,18,18,18,18
420734,1,1,0,0,0,0,0,0,0,0,0,0
420735,1,1,0,0,0,0,0,0,0,0,0,0
420736,1,1,19,26,15,13,0,27,0,16,11,6
420736,2,1,0,0,0,0,0,0,0,0,0,0
420737,1,1,6,6,6,6,6,6,6,6,6,6
420738,1,1,0,0,0,0,0,0,0,0,0,0
420739,1,1,29,29,29,29,29,29,29,29,29,29
420740,1,1,4,4,4,4,4,4,4,4,4,4
420740,2,1,0,0,0,0,0,0,0,0,0,0
420741,1,1,0,0,0,0,0,0,0,0,0,0
420741,2,1,0,0,0,0,0,0,0,0,0,0
420741,3,1,0,0,0,0,0,0,0,0,0,0
420741,5,1,0,0,0,0,0,0,0,0,0,0
420742,1,1,10,10,10,10,10,10,10,10,10,10
420743,1,1,0,0,0,0,0,0,0,0,0,0
420744,1,1,0,0,0,0,0,0,0,0,0,0
420744,2,1,0,15,0,0,0,0,0,0,0,0
420744,3,1,0,0,0,0,0,0,0,0,0,0
420745,0,1,0,0,0,0,0,0,0,0,0,0
420745,1,1,0,0,0,0,0,0,0,0,0,0
420746,0,1,0,10,0,0,0,0,0,0,37,31
420746,1,1,0,0,0,0,23,0,0,0,0,0
420747,1,1,0,0,0,0,0,0,0,0,0,0
420747,2,1,0,0,0,0,0,0,0,0,0,0
420748,1,1,2,2,2,2,2,2,2,2,2,2
420748,2,1,25,0,0,0,0,0,0,0,0,0
420749,1,1,0,0,0,0,0,0,0,0,0,0
420749,2,1,0,0,0,0,0,0,0,0,0,0
420750,0,1,0,0,0,0,0,0,0,0,0,0
420750,1,1,0,0,0,0,0,0,0,0,0,0
420751,1,1,0,0,0,0,0,0,0,0,0,0
420752,1,1,0,0,0,0,0,0,0,0,0,0
420752,2,1,0,0,0,0,0,0,0,0,0,0
420752,3,1,0,0,30,0,0,0,0,0,0,0
420753,1,1,0,0,3,41,0,0,23,0,0,0
420753,2,1,0,0,0,0,0,0,0,0,0,0
420754,1,1,0,0,0,0,0,0,0,0,0,0
420754,2,1,0,0,0,0,0,0,0,0,0,0
420755,0,1,0,0,0,0,0,0,0,0,0,0
420755,1,1,0,0,0,0,0,0,0,0,0,0
420756,1,1,0,0,0,0,0,0,0,0,0,0
420756,2,1,0,0,0,0,0,9,0,0,14,23
420757,1,1,0,0,0,0,0,0,0,0,0,0
420758,1,1,18,0,0,0,0,25,0,0,11,0
420759,1,1,0,0,0,18,0,0,0,0,9,0
420760,1,1,0,0,0,0,0,0,0,0,0,0
420761,1,1,0,0,0,0,0,0,0,0,0,0
420762,0,1,0,0,0,0,0,0,0,0,0,0
420762,1,1,12,0,0,21,0,18,18,0,0,35
420763,1,1,29,12,15,12,26,19,0,19,23,32
420764,1,1,19,19,19,19,19,19,19,19,19,19
420765,1,1,0,0,0,0,0,0,0,0,0,0
420765,2,1,0,0,0,0,0,0,0,0,0,0
420766,1,1,0,0,0,0,0,0,0,0,0,0
420766,2,1,0,0,0,0,0,0,0,0,0,0
420767,1,1,0,0,0,0,0,0,0,0,0,0
420767,2,1,0,0,0,0,0,0,0,0,0,0
420768,1,1,0,23,0,0,0,0,0,0,0,0
420769,1,1,0,0,0,0,0,0,0,0,0,0
420770,1,1,17,17,17,17,17,17,17,17,17,17
420771,1,1,0,0,0,0,0,0,0,0,0,0
420771,2,1,0,0,0,0,0,0,0,0,0,0
420772,0,1,0,0,0,0,0,0,0,0,0,0
420772,1,1,0,0,0,0,0,0,0,0,0,0
420773,1,1,22,0,25,31,29,16,0,0,20,17
420773,2,1,21,0,0,0,0,0,0,23,0,0
420774,1,1,0,0,0,0,0,0,0,0,0,0
420775,1,1,17,17,17,17,17,17,17,17,17,17
420776,1,1,21,21,21,21,21,21,21,21,21,21
420777,1,1,0,0,0,0,0,0,0,0,0,0
420777,2,1,0,0,0,0,0,0,0,0,0,0
420778,1,1,25,25,25,25,25,25,25,25,25,25
420779,0,1,0,0,0,0,0,0,0,0,0,0
420779,1,1,0,0,0,0,0,0,0,0,0,0
420780,1,1,0,0,0,0,0,0,0,0,0,0
420781,1,3,0,28,6,23,0,0,15,8,22,11
420782,1,1,0,0,0,0,0,0,0,0,0,0
420782,2,1,17,17,17,17,17,17,17,17,17,17
420783,1,1,0,0,0,0,0,0,0,0,0,0
420783,2,1,0,0,0,0,0,0,0,0,0,0
420784,1,1,0,0,0,0,0,0,0,0,0,0
420785,0,1,0,0,0,0,0,0,0,0,0,0
420785,1,1,0,37,0,26,14,11,6,15,0,0
420786,1,1,0,0,0,0,0,0,0,0,0,0
420786,2,1,0,0,0,0,0,0,0,0,0,0
420787,1,1,0,0,0,0,0,24,0,0,0,0
420787,2,1,0,0,0,0,0,0,0,0,0,0
420788,1,1,0,0,0,0,0,0,0,0,0,0
420788,2,1,9,9,9,9,9,9,9,9,9,9
420789,1,1,3,3,3,3,3,3,3,3,3,3
420789,2,1,0,0,0,0,0,0,0,14,0,0
420790,0,1,20,20,20,20,20,20,20,20,20,20
420790,1,1,25,9,15,16,22,9,25,17,10,21
420791,1,1,28,8,24,15,11,8,19,14,28,28
420792,1,1,0,0,14,29,0,7,0,10,0,0
420793,1,1,0,0,0,0,0,0,15,0,0,0
420793,2,1,0,0,0,0,0,0,0,0,0,0
420794,1,1,0,0,0,0,0,0,0,0,0,0
420795,1,1,14,0,0,0,0,0,0,0,0,0
420795,2,1,0,0,0,0,0,0,0,0,0,0
420796,1,1,35,35,35,35,35,35,35,35,35,35
420796,2,1,0,0,0,0,0,0,0,0,0,0
420797,1,1,0,0,0,0,0,0,0,0,0,0
420797,2,1,0,0,11,0,0,0,0,0,0,0
420798,1,1,19,19,19,19,19,19,19,19,19,19
420799,1,1,0,0,0,0,0,0,0,0,0,0
420800,1,1,0,0,3,0,0,0,0,0,0,0
420801,1,1,0,0,0,0,0,0,0,0,0,0
420802,1,1,18,18,18,18,18,18,18,18,18,18
420803,1,1,30,30,30,30,30,30,30,30,30,30
420804,1,1,0,0,0,0,0,0,0,0,6,0
420804,2,1,0,0,0,0,0,0,0,0,0,0
420804,3,1,0,0,0,0,0,0,0,0,0,0
420804,4,1,0,0,0,0,0,0,0,0,0,0
420804,5,1,0,0,0,0,0,0,0,0,0,0
420804,6,1,0,0,0,0,0,0,0,0,14,0
420805,1,1,0,0,0,0,0,0,0,0,0,0
420805,2,1,0,3,0,0,0,0,0,0,0,0
420806,1,1,11,11,11,11,11,11,11,11,11,11
420807,1,1,0,24,0,8,0,30,24,18,18,3
420807,2,1,0,0,0,0,0,0,4,0,0,0
420808,0,1,0,0,0,0,0,0,0,0,0,0
420808,0,2,0,0,0,0,0,0,0,0,0,0
420808,0,3,0,0,3,0,0,0,0,0,0,0
420808,1,1,15,0,21,10,0,21,27,0,59,0
420809,0,1,0,10,10,24,0,19,20,0,0,18
420810,1,1,0,0,0,0,0,0,0,0,0,0
420810,2,1,0,0,0,0,0,0,0,0,0,0
420811,0,1,28,28,28,28,28,28,28,28,28,28
420811,1,1,0,0,0,0,0,0,0,0,0,0
420811,2,1,0,0,0,16,0,0,0,0,0,0
420811,3,1,0,0,0,0,0,0,0,0,0,0
420812,1,1,25,25,25,25,25,25,25,25,25,25
420813,1,1,16,16,16,16,16,16,16,16,16,16
420814,1,1,0,0,0,0,0,0,0,0,0,0
420815,1,1,0,0,0,0,0,0,0,0,0,0
420815,2,1,0,0,0,0,0,0,0,0,0,0
420817,1,1,10,25,20,28,26,0,19,21,20,17
420818,0,1,0,0,0,0,0,0,0,0,0,0
420818,1,1,28,0,0,18,16,10,0,0,27,38
420819,1,1,1,1,1,1,1,1,1,1,1,1
420820,1,1,0,0,0,0,0,0,0,0,0,0
420820,2,1,0,0,0,0,0,0,0,0,0,0
420821,1,1,0,0,0,0,6,0,0,0,0,0
420821,2,1,27,0,0,0,0,0,20,0,0,0
420821,3,1,0,0,0,0,0,0,0,0,0,0
420822,0,1,0,0,0,0,0,0,0,0,0,0
420822,1,1,0,0,0,0,0,0,0,0,0,0
420822,2,1,0,0,0,0,0,0,0,0,0,0
420823,1,1,17,17,17,17,17,17,17,17,17,17
420824,1,1,0,0,0,0,0,0,0,0,0,0
420824,2,1,0,0,0,0,0,0,0,0,0,0
420824,3,1,0,0,0,0,0,0,0,0,0,0
420825,1,1,19,19,19,19,19,19,19,19,19,19
420826,1,1,12,12,12,12,12,12,12,12,12,12
420826,2,1,13,0,0,0,0,0,0,0,0,0
420827,1,1,0,0,0,0,0,0,0,0,0,0
420827,2,1,0,0,0,0,0,0,0,0,0,0
420828,1,1,0,0,0,0,0,0,0,0,0,0
420829,1,1,19,0,7,32,32,17,0,29,0,0
420830,1,1,0,0,0,0,0,0,0,0,0,26
420830,2,1,0,0,0,0,0,0,0,0,0,0
420831,1,1,0,0,0,0,0,0,0,0,0,0
420831,2,1,0,0,0,0,0,0,0,0,0,0
420832,1,1,0,32,0,0,0,0,0,0,0,0
420833,1,1,12,12,12,12,12,12,12,12,12,12
420834,1,1,0,0,0,0,0,0,0,0,0,0
420835,0,1,0,0,0,0,0,0,21,0,0,0
420835,1,1,0,0,0,0,0,0,0,0,0,0
420836,1,1,8,8,8,8,8,8,8,8,8,8
420837,1,1,0,0,0,0,0,0,0,0,0,0
420837,2,1,0,0,0,0,0,0,0,0,0,0
420837,3,1,0,0,0,0,0,0,0,0,0,0
420838,1,1,23,23,23,23,23,23,23,23,23,23
420839,1,1,19,19,19,19,19,19,19,19,19,19
420839,2,1,0,0,0,0,0,0,0,0,20,0
420839,3,1,0,0,6,0,0,0,30,0,0,0
420840,0,1,0,0,0,0,0,0,0,0,0,0
420840,1,1,0,0,0,24,0,0,0,0,15,0
420841,1,1,0,0,0,0,0,0,0,0,0,0
420841,2,1,0,0,0,0,0,0,0,0,0,0
420841,3,1,0,13,0,0,0,0,0,0,0,0
420842,1,1,0,0,0,0,0,0,0,0,0,10
420842,2,1,0,0,0,0,0,0,0,0,0,0
420843,1,1,27,0,0,0,0,0,0,0,0,0
420844,1,1,0,0,0,0,0,0,0,0,0,0
420844,2,1,0,0,0,0,0,0,0,0,9,0
420845,1,1,0,0,0,11,0,0,0,0,0,0
420846,1,1,0,0,0,0,0,0,0,0,0,0
420846,2,1,0,0,0,0,0,0,0,0,0,0
420847,1,1,13,13,5,0,11,18,10,0,0,18
420847,2,1,0,0,0,0,0,0,0,0,0,0
420847,3,1,0,0,0,0,0,0,0,0,0,0
420848,0,1,0,0,0,0,0,0,0,0,0,0
420848,1,1,0,0,24,0,0,0,0,0,0,0
420849,1,1,31,31,31,31,31,31,31,31,31,31
420850,1,1,0,0,0,0,0,0,0,0,0,0
420850,2,1,0,0,0,0,0,0,0,0,0,0
420851,0,1,0,0,0,0,0,0,0,12,0,0
420851,1,1,0,0,0,0,0,0,0,0,0,0
420852,1,1,0,0,0,0,0,0,0,0,0,0
420853,1,1,0,0,0,0,0,0,0,0,0,0
420853,2,1,0,0,0,0,0,0,6,0,0,0
420853,3,1,0,0,0,0,0,0,0,6,0,12
420854,1,1,0,0,0,0,0,0,0,0,0,0
420854,2,1,0,0,0,0,0,0,0,0,22,0
420855,1,1,17,17,17,17,17,17,17,17,17,17
420855,2,1,0,0,0,0,0,0,0,0,0,0
420856,1,1,11,16,12,3,16,13,16,13,31,25
420856,2,1,3,11,0,4,0,16,30,0,0,0
420856,3,1,0,0,0,0,0,0,0,0,0,0
420857,0,1,0,0,0,0,0,0,0,0,0,0
420857,1,1,0,0,0,0,0,0,13,0,0,0
420858,1,1,0,12,0,0,0,0,0,0,0,0
420858,2,1,0,0,0,0,0,0,0,0,0,0
420859,1,1,0,0,0,0,0,0,0,0,0,0
420860,1,1,0,0,36,0,31,20,0,0,38,0
420861,1,1,10,10,10,10,10,10,10,10,10,10
420862,1,1,0,26,0,23,12,22,18,10,0,3
420862,2,1,0,0,0,15,0,0,0,0,0,0
420863,1,1,0,0,0,0,0,0,0,0,0,0
420863,2,1,0,0,0,0,0,0,0,0,0,0
420864,1,1,22,0,9,0,0,0,0,0,0,12
420864,2,1,0,0,8,0,15,0,25,0,0,3
420865,1,1,12,12,12,12,12,12,12,12,12,12
420866,1,1,0,0,0,0,0,0,0,0,0,0
420866,2,1,0,0,0,0,0,0,0,0,0,0
420866,3,1,0,0,0,19,0,0,0,0,0,0
420867,1,1,19,19,19,19,19,19,19,19,19,19
420868,0,1,0,0,0,0,5,0,0,9,16,0
420868,1,1,0,19,0,15,25,19,16,8,0,0
420869,1,1,6,6,6,6,6,6,6,6,6,6
420870,1,1,0,0,0,16,22,0,0,14,0,17
420871,1,1,0,0,0,0,0,0,0,0,0,0
420871,2,1,0,8,0,0,0,0,0,0,9,0
420872,1,1,5,5,5,5,5,5,5,5,5,5
420873,1,1,5,5,5,5,5,5,5,5,5,5
420874,1,1,0,0,0,0,21,0,21,0,15,0
420875,1,1,18,21,0,26,0,18,0,0,0,0
420876,1,1,10,0,0,0,0,0,0,0,0,27
420876,2,1,0,0,0,0,0,0,0,0,0,0
420876,3,1,0,0,0,0,0,0,0,0,0,0
420876,4,1,0,0,0,0,19,0,0,13,0,0
420877,1,1,0,0,0,0,0,6,0,0,0,0
420878,0,1,8,8,8,8,8,8,8,8,8,8
420878,1,1,0,0,0,0,0,0,0,0,0,4
420879,1,1,0,0,0,0,0,0,0,0,0,0
420880,0,1,16,28,12,9,21,15,13,14,17,14
420880,1,1,0,0,0,0,0,0,0,0,0,0
420881,0,1,0,0,0,0,0,0,0,0,0,0
420881,1,1,8,0,0,0,0,0,0,0,0,0
420882,1,1,0,0,0,0,0,0,9,0,0,13
420882,2,1,0,14,0,0,0,0,0,0,0,0
420883,0,1,0,0,0,0,0,0,0,0,19,0
420883,1,1,0,0,0,0,0,0,0,0,0,0
420884,1,1,4,28,11,8,23,35,0,47,20,20
420885,1,1,0,0,0,0,0,0,0,0,0,0
420886,1,1,0,0,0,0,0,0,0,0,0,0
420886,2,1,0,0,0,0,0,0,6,0,0,0
420887,1,1,0,0,0,0,0,0,0,0,0,0
420888,1,1,0,9,0,0,11,0,10,21,0,0
420888,2,1,0,0,0,0,0,0,0,0,0,0
420889,1,1,0,0,0,0,0,0,0,0,0,0
420890,0,1,0,0,0,0,0,0,0,0,0,0