ST_CASE,VEH_NO,PER_NO,P1,P2,P3,P4,P5,P6,P7,P8,P9,P10
420890,1,1,0,0,0,0,0,0,0,0,10,0
420891,1,1,19,9,36,18,23,34,0,13,0,30
420892,1,1,0,0,0,0,0,0,0,0,0,0
420893,1,1,0,0,0,0,0,0,0,0,0,0
420894,1,1,10,0,4,17,0,0,0,0,0,0
420895,1,1,0,0,0,0,0,0,0,0,0,0
420895,2,1,0,0,0,7,0,0,0,0,0,0
420896,0,1,15,15,15,15,15,15,15,15,15,15
420896,1,1,20,24,0,0,24,0,0,14,27,41
420897,0,1,0,0,0,0,0,0,0,0,0,10
420897,1,1,0,0,33,0,0,0,0,9,0,0
420898,1,1,25,29,0,28,19,0,5,28,9,18
420899,1,1,0,0,0,0,0,0,0,0,0,0
420900,1,1,16,16,16,16,16,16,16,16,16,16
420901,1,1,0,0,0,0,0,0,0,0,0,0
420902,1,1,0,0,0,0,0,0,0,0,0,0
420903,1,1,0,8,0,24,0,0,0,0,0,22
420904,1,1,0,0,9,0,0,35,0,0,0,0
420904,2,1,0,0,0,0,0,0,0,0,0,0
420905,1,1,30,30,30,30,30,30,30,30,30,30
420906,0,1,0,0,0,0,0,0,0,0,0,0
420906,1,1,0,0,0,0,0,0,0,0,0,0
420907,0,1,0,0,0,0,0,0,0,0,0,0
420907,1,1,0,0,0,16,0,0,0,9,0,0
420908,1,1,0,0,0,0,0,0,0,0,0,15
420908,2,1,0,0,0,0,0,0,0,0,0,0
420909,1,1,14,14,14,14,14,14,14,14,14,14
420910,1,1,0,0,19,21,0,5,17,9,0,0
420911,1,1,20,20,20,20,20,20,20,20,20,20
420912,1,1,19,19,19,19,19,19,19,19,19,19
420913,1,1,0,16,0,0,0,0,10,0,13,0
420914,1,1,0,0,0,0,0,0,0,0,0,0
420914,2,1,0,0,0,0,0,0,0,0,0,0
420915,1,1,0,14,0,0,0,0,0,0,12,20
420915,2,1,0,9,0,0,0,0,0,0,0,0
420916,1,1,0,0,0,0,0,0,0,0,0,0
420917,1,1,0,0,0,0,0,0,0,0,0,0
420917,2,1,0,0,0,0,0,0,0,0,0,0
420918,1,1,0,0,0,0,0,0,0,0,0,0
420919,1,1,0,0,0,0,0,0,0,0,0,0
420920,0,1,0,0,0,0,0,0,0,0,0,0
420920,1,1,0,0,0,0,0,0,0,0,0,0
420921,1,1,28,28,28,28,28,28,28,28,28,28
420922,1,1,15,37,7,32,0,16,27,15,23,7
420923,1,2,0,0,0,0,0,0,0,0,0,0
420924,0,1,17,0,23,8,16,24,38,28,16,12
420924,1,1,0,0,0,0,0,0,0,0,0,0
420925,1,1,0,0,0,0,0,19,0,0,16,0
420926,1,1,0,0,0,0,0,0,0,0,0,0
420927,0,1,0,0,0,0,0,0,0,0,0,0
420927,1,1,0,0,0,0,0,0,0,0,0,0
420928,1,1,0,0,0,0,0,0,0,0,0,0
420928,2,1,0,0,0,12,0,0,0,0,0,0
420929,1,1,0,0,0,0,0,0,0,0,0,0
420929,2,1,16,16,16,16,16,16,16,16,16,16
420930,1,1,21,0,0,0,0,0,0,0,0,0
420930,2,1,0,0,0,0,0,0,0,0,0,0
420931,1,1,0,0,0,0,0,0,0,0,0,0
420932,1,1,0,0,0,0,0,0,0,0,0,0
420933,1,1,0,0,15,0,14,0,0,0,0,0
420934,1,1,25,25,25,25,25,25,25,25,25,25
420935,1,1,0,0,0,0,0,0,0,0,0,0
420936,1,1,0,0,0,0,0,0,0,0,0,0
420937,0,1,0,0,0,0,0,0,0,0,0,0
420937,1,1,0,0,0,0,0,0,0,0,0,5
420938,1,1,0,0,25,0,0,0,0,0,0,0
420938,2,1,0,0,0,0,16,0,4,0,6,0
420939,1,1,0,0,0,0,0,0,0,0,0,0
420939,2,1,0,0,0,0,0,0,0,0,0,0
420940,1,1,20,20,20,20,20,20,20,20,20,20
420941,1,1,0,0,0,0,0,0,0,0,0,0
420942,1,1,0,0,0,0,0,0,0,0,0,0
420943,1,1,13,18,7,15,15,14,6,8,9,11
420943,2,1,0,0,0,0,0,0,0,0,0,0
420944,1,1,0,0,0,0,0,0,0,0,0,0
420944,2,1,0,0,0,0,0,0,0,0,0,0
420945,1,1,18,18,18,18,18,18,18,18,18,18
420946,1,1,0,0,0,0,0,0,0,0,0,0
420947,1,1,14,14,14,14,14,14,14,14,14,14
420948,1,1,0,0,0,0,0,0,0,0,0,23
420949,1,1,2,14,8,5,0,6,15,3,16,10
420949,2,1,0,11,0,0,0,0,0,0,0,0
420950,0,1,0,0,0,0,0,0,0,0,0,0
420950,1,1,0,0,0,0,0,0,0,0,0,0
420951,1,1,0,0,0,0,0,0,0,0,0,0
420951,2,1,0,0,0,0,0,0,0,0,0,0
420952,1,1,0,0,0,0,0,0,0,0,0,0
420953,1,1,0,0,0,0,0,0,0,0,0,0
420954,1,1,21,21,21,21,21,21,21,21,21,21
420955,1,1,0,0,0,0,0,0,0,0,0,0
420956,1,1,21,17,13,13,0,9,0,0,17,2
420957,1,1,0,0,0,4,0,0,0,0,0,0
420957,2,1,0,0,0,0,0,0,0,0,0,0
420958,1,1,13,13,13,13,13,13,13,13,13,13
420958,2,1,1,1,1,1,1,1,1,1,1,1
420959,1,1,0,0,34,0,13,0,15,0,0,0
420960,1,1,0,0,0,0,0,0,0,0,0,0
420960,2,1,0,0,0,0,0,0,22,0,0,0
420961,1,1,0,0,17,0,0,0,0,0,0,0
420961,2,1,0,0,0,0,0,0,0,0,0,0
420962,1,1,11,0,25,0,0,0,0,0,0,0
420963,1,1,0,0,0,23,0,0,16,0,0,11
420964,1,1,0,0,0,0,0,0,21,0,0,0
420965,1,1,0,0,0,0,0,0,0,0,0,0
420965,2,1,0,0,15,0,0,0,0,0,0,0
420966,1,2,0,0,0,0,0,0,0,0,0,0
420967,1,1,0,0,0,0,0,0,0,0,0,0
420967,2,1,0,0,0,0,0,0,0,0,0,0
420968,1,1,0,0,0,0,0,0,0,0,0,0
420968,2,1,0,0,0,0,0,0,15,3,0,6
420969,1,1,10,19,12,8,11,0,19,11,31,24
420970,1,1,0,0,0,0,17,0,5,0,0,0
420970,2,1,19,0,0,0,0,0,0,0,0,0
420971,1,1,0,0,0,0,0,0,0,0,0,0
420972,1,1,0,0,0,0,0,0,0,0,0,0
420973,1,1,0,0,0,0,0,0,0,0,0,0
420974,1,1,32,0,23,13,0,0,0,0,0,0
420975,1,1,0,0,0,0,0,0,0,0,0,0
420975,2,1,0,0,0,0,0,0,0,0,0,0
420976,0,1,0,0,0,0,0,0,0,0,0,0
420976,1,1,0,0,0,0,21,0,0,24,0,41
420977,1,1,0,0,0,0,0,0,0,0,0,0
420977,2,1,0,0,0,0,0,0,0,0,0,0
420978,0,1,0,0,0,0,0,0,0,0,0,0
420978,1,1,0,0,0,0,0,0,0,0,0,0
420979,1,4,0,0,0,0,13,21,29,14,9,0
420980,1,1,0,0,0,0,0,0,0,0,0,0
420980,2,1,0,0,0,0,0,0,0,0,0,0
420981,1,1,0,0,21,0,0,0,12,0,0,0
420981,2,1,8,15,0,0,0,13,0,0,0,0
420982,1,1,0,0,11,0,0,0,0,5,0,11
420983,1,1,0,0,0,0,0,0,0,0,0,0
420984,1,1,21,21,21,21,21,21,21,21,21,21
420985,1,1,0,0,0,0,0,0,0,0,0,0
420986,1,1,0,0,0,0,0,0,0,0,0,0
420986,2,1,0,0,0,0,0,0,0,0,0,0
420987,0,1,6,24,0,28,0,15,0,20,0,6
420987,1,1,0,15,0,21,0,25,0,0,0,0
420988,1,1,0,0,0,0,0,20,0,0,0,0
420988,2,1,0,0,0,0,0,0,0,0,0,0
420989,1,1,0,0,0,0,0,0,0,0,0,0
420989,2,1,0,0,0,0,0,0,0,0,0,10
420990,1,1,0,0,0,0,0,0,0,0,0,0
420991,1,1,0,0,0,0,0,0,0,0,0,0
420991,2,1,0,0,0,0,0,0,0,0,0,0
420992,0,1,0,0,0,0,21,9,0,0,0,0
420992,1,1,0,0,0,0,0,0,0,0,0,0
420993,1,1,0,0,0,0,22,0,0,0,0,0
420994,1,1,26,26,26,26,26,26,26,26,26,26
420995,1,1,0,0,0,0,0,0,0,0,0,0
420996,1,1,0,16,12,0,0,0,0,0,0,0
420996,2,1,0,0,0,0,0,0,0,0,12,0
420997,1,1,0,0,0,0,0,0,0,0,0,0
420998,1,1,0,0,0,20,0,26,0,0,13,0
420999,1,1,0,0,0,0,0,0,0,0,0,0
420999,2,1,0,0,0,0,0,0,0,0,0,0
421000,1,1,7,0,0,0,0,0,0,0,0,0
421001,1,1,0,0,0,0,0,0,0,0,0,0
421001,2,1,0,0,0,0,0,0,0,0,0,7
421002,1,1,0,0,0,0,0,0,0,0,0,0
421002,2,1,0,0,0,0,0,10,0,0,0,0
421003,1,1,11,11,11,11,11,11,11,11,11,11
421003,2,1,0,0,0,0,0,0,0,0,0,0
421004,1,1,0,0,0,19,9,0,26,21,20,0
421005,0,1,0,0,0,0,0,0,0,0,0,0
421005,1,1,0,0,0,0,0,0,0,0,0,0
421006,1,1,0,0,0,0,0,0,0,0,0,0
421006,2,1,0,0,0,0,0,0,0,0,0,0
421007,1,1,0,0,12,0,0,0,0,0,0,11
421007,2,1,0,0,0,0,0,0,0,0,0,0
421008,1,1,0,0,0,0,20,0,0,0,0,0
421008,2,1,0,0,0,6,0,0,0,0,0,0
421009,1,1,0,0,0,0,0,0,0,0,9,0
421009,2,1,0,0,8,0,0,0,0,0,0,0
421010,1,1,0,0,0,0,0,0,0,0,0,0
421010,2,1,0,0,13,0,0,0,10,0,0,0
421011,0,1,5,3,18,9,24,32,12,12,34,34
421011,1,1,24,0,0,19,0,0,0,0,0,0
421012,1,1,0,0,0,0,0,0,0,0,0,0
421012,2,1,0,0,0,0,7,0,0,0,0,0
421013,0,1,0,0,0,0,0,0,0,10,0,0
421013,1,1,0,0,0,0,0,0,0,0,0,0
421014,1,1,0,0,0,0,0,0,0,0,0,0
421014,2,1,0,0,0,0,0,0,0,0,0,0
421015,1,1,0,0,0,0,0,0,0,0,0,0
421015,2,1,0,0,0,0,0,0,0,0,0,0
421016,1,1,0,0,0,0,0,0,0,0,0,0
421017,1,1,21,21,21,21,21,21,21,21,21,21
421018,1,1,0,0,0,11,0,0,0,2,0,10
421018,2,1,0,0,0,0,0,16,0,0,0,0
421019,1,1,0,0,0,0,0,0,0,0,0,0
421020,1,1,0,0,0,18,0,0,0,0,7,0
421020,2,1,0,0,0,0,0,0,0,18,21,0
421021,0,1,15,17,11,25,12,21,46,12,20,22
421021,1,1,0,0,0,0,0,0,0,0,0,0
421022,1,1,0,10,0,18,0,21,22,0,18,12
421023,1,1,0,0,0,0,0,0,0,0,0,0
421024,1,1,26,26,26,26,26,26,26,26,26,26
421025,0,1,0,0,0,10,0,0,0,40,0,0
421025,1,1,0,0,0,0,0,0,0,0,0,0
421026,1,1,0,0,0,0,0,0,0,0,0,0
421026,2,1,0,0,0,0,0,0,0,0,0,0
421027,0,1,0,0,0,0,0,16,0,0,0,0
421027,1,1,0,0,0,0,0,0,0,0,0,0
421028,1,1,8,8,8,8,8,8,8,8,8,8
421028,2,1,0,0,0,0,0,0,0,0,0,0
421029,1,1,0,0,0,0,0,0,0,32,13,0
421029,2,1,0,0,0,0,0,0,0,0,0,0
421030,1,1,14,14,14,14,14,14,14,14,14,14
421030,2,1,4,11,5,18,0,23,20,21,2,13
421031,0,1,0,0,0,0,0,0,0,0,0,0
421031,1,1,0,0,0,0,0,0,0,0,0,0
421032,1,1,0,28,0,0,0,0,0,0,0,0
421033,1,1,0,0,0,0,0,27,0,0,0,0
421033,2,1,0,0,10,0,0,0,0,0,0,0
421034,1,1,0,0,0,0,0,12,0,0,0,0
421034,2,1,0,0,0,0,0,0,0,0,0,0
421035,0,1,0,0,0,0,0,0,0,0,0,0
421035,1,1,0,0,0,0,0,0,0,0,0,0
421036,1,1,0,0,0,0,0,0,0,0,0,0
421037,1,1,21,29,13,0,0,20,0,0,0,8
421037,2,1,0,0,0,0,0,0,0,0,0,0
421038,1,1,0,0,0,0,0,0,0,0,0,0
421038,2,1,0,0,0,0,0,0,0,0,0,0
421039,1,1,0,0,0,0,0,0,0,0,0,0
421039,2,1,0,0,0,0,0,0,0,0,0,0
421040,1,1,0,0,0,0,27,25,0,0,0,11
421040,2,1,0,0,0,0,0,0,0,0,0,0
421041,1,1,0,0,0,0,0,0,0,0,0,0
421042,1,1,1,1,1,1,1,1,1,1,1,1
421042,2,1,0,0,0,0,0,0,0,0,0,0
421043,1,1,0,0,0,0,0,0,0,0,0,0
421043,2,1,0,0,0,0,0,0,0,29,0,0
421044,0,1,0,0,0,0,14,12,0,6,0,12
421044,1,1,0,0,0,0,0,0,0,0,0,0
421045,1,1,0,0,0,0,0,0,0,0,0,0
421046,1,1,17,17,17,17,17,17,17,17,17,17
421047,1,1,0,0,0,0,0,0,0,5,0,0
421047,2,1,0,0,0,0,0,0,0,0,0,0
421048,1,1,0,0,0,0,0,0,0,0,0,0
421049,1,1,0,0,0,0,0,0,0,0,0,0
421050,0,1,0,0,0,0,0,0,0,0,0,19
421050,1,1,0,0,0,0,0,0,0,0,0,0
421051,1,1,15,14,18,21,13,22,26,28,32,11
421052,1,1,15,15,15,15,15,15,15,15,15,15
421053,1,1,0,0,0,0,0,0,0,0,0,0
421054,1,5,10,10,10,10,10,10,10,10,10,10
421054,2,1,0,0,0,0,0,12,0,15,0,0
421055,1,1,0,0,0,0,0,0,0,0,0,0
421055,2,1,0,0,0,0,0,0,0,0,0,0
421056,1,1,0,0,0,0,0,0,0,0,0,0
421056,2,1,0,0,0,0,0,0,0,14,0,0
421057,1,1,0,0,0,0,0,0,0,0,0,0
421057,2,1,0,0,0,0,0,0,0,0,0,0
421058,1,1,0,0,0,0,0,0,0,0,0,0
421058,2,1,0,9,0,12,0,0,0,0,0,0
421059,1,1,0,0,0,0,0,0,0,0,0,0
421060,1,1,32,0,0,0,0,0,0,0,0,0
421061,1,1,11,8,4,12,19,20,23,12,15,5
440001,0,1,0,0,0,0,0,0,0,0,0,0
440001,1,1,0,0,0,0,0,18,12,0,0,0
440002,0,1,25,25,25,25,25,25,25,25,25,25
440002,1,1,0,0,0,24,17,0,0,0,14,0
440003,1,1,21,21,21,21,21,21,21,21,21,21
440004,0,1,0,0,0,0,0,0,0,0,0,0
440004,1,1,0,0,0,7,15,0,0,0,0,8
440005,1,1,0,0,0,0,0,0,0,0,0,0
440006,0,1,14,14,14,14,14,14,14,14,14,14
440006,1,1,0,0,0,0,0,0,0,0,0,0
440006,2,1,0,35,16,21,0,0,24,0,31,23
440006,3,1,0,17,21,0,0,0,0,0,0,11
440006,4,1,35,5,4,23,0,10,0,0,3,10
440006,5,1,0,0,0,0,0,0,0,0,0,0
440007,1,1,0,0,0,0,0,0,0,0,0,0
440009,1,1,17,17,17,17,17,17,17,17,17,17
440010,0,1,0,0,0,0,0,0,0,0,0,0
440010,1,1,19,19,19,19,19,19,19,19,19,19
440011,1,1,0,0,0,0,0,0,0,0,0,0
440012,1,1,0,0,0,0,0,0,0,0,0,0
440013,1,1,20,20,20,20,20,20,20,20,20,20
440013,2,1,0,0,0,0,0,0,0,0,0,0
440014,0,1,0,0,0,0,0,0,0,0,0,0
440014,1,1,0,0,0,0,0,0,0,0,0,0
440015,1,1,20,26,19,0,0,0,4,3,16,10
440017,0,1,10,10,10,10,10,10,10,10,10,10
440017,1,1,0,0,14,27,10,21,22,0,25,0
440018,1,1,0,0,0,0,0,0,0,0,0,0
440019,0,1,0,0,0,0,0,0,0,0,0,0
440019,1,1,0,0,0,0,0,0,0,0,0,0
440020,0,1,0,0,0,0,0,0,0,0,0,0
440020,1,1,0,0,0,19,0,0,0,0,0,0
440021,1,1,18,18,18,18,18,18,18,18,18,18
440022,1,1,0,0,0,0,0,0,0,0,0,0
440022,2,1,0,0,0,0,0,0,0,0,0,0
440022,3,1,0,0,0,0,0,0,0,0,20,0
440022,4,1,0,0,0,0,23,0,0,0,0,0
440022,5,1,0,0,0,0,0,0,0,0,0,0
440024,1,1,32,10,17,0,0,0,11,0,0,17
440025,1,1,0,0,0,0,0,0,0,6,0,0
440025,2,1,5,5,5,5,5,5,5,5,5,5
440026,1,1,6,6,6,6,6,6,6,6,6,6
440026,2,1,0,0,0,0,0,0,0,0,0,0
440027,1,1,11,11,11,11,11,11,11,11,11,11
440029,1,1,14,0,0,0,0,6,0,0,0,0
440029,2,1,0,0,0,0,0,0,0,0,0,0
440029,3,1,0,0,0,0,15,0,0,6,0,0
440030,1,1,17,17,17,17,17,17,17,17,17,17
440031,1,1,0,0,0,0,0,0,0,0,0,0
440031,2,1,0,0,0,0,0,0,0,0,0,0
440032,1,1,0,0,0,0,0,0,0,0,0,0
440032,2,1,7,0,39,0,21,0,13,0,0,0
440033,0,1,25,25,25,25,25,25,25,25,25,25
440033,1,1,0,0,0,0,0,0,0,0,0,0
440034,0,1,22,22,22,22,22,22,22,22,22,22
440034,1,1,0,0,0,0,0,0,8,11,11,0
440035,1,1,24,24,24,24,24,24,24,24,24,24
440037,1,1,13,24,0,0,0,20,8,0,0,0
440037,2,1,2,2,2,2,2,2,2,2,2,2
440038,1,1,0,0,0,0,0,0,0,0,0,0
440039,1,1,20,20,20,20,20,20,20,20,20,20
440040,1,1,0,0,0,0,0,0,0,0,0,0
440041,1,1,15,0,0,0,0,0,0,0,0,0
440041,2,1,18,18,18,18,18,18,18,18,18,18
440042,0,1,0,0,0,0,0,0,0,0,0,0
440042,1,1,0,0,0,0,0,0,9,0,0,0
440043,1,1,6,6,6,6,6,6,6,6,6,6
440044,1,1,0,0,0,0,0,0,0,0,0,0
440044,2,1,0,0,0,0,0,13,0,0,0,0
440045,1,1,20,20,20,20,20,20,20,20,20,20
440045,2,1,11,0,0,0,0,18,0,16,12,6
440047,1,1,0,0,0,0,0,0,0,0,0,0
440047,2,1,14,0,0,0,31,0,0,6,0,0
440048,1,1,0,0,0,0,0,0,0,0,0,0
440049,1,1,0,0,0,0,0,0,0,0,0,0
440050,0,1,0,0,0,0,0,0,0,0,0,0
440050,1,1,0,0,0,0,0,0,0,0,0,0
440051,1,1,20,20,20,20,20,20,20,20,20,20
440052,0,1,0,0,0,0,0,0,0,0,0,0
440052,1,1,0,0,0,0,0,12,0,0,0,21
440053,1,1,0,0,0,0,0,0,0,0,0,0
440054,1,1,0,0,0,0,0,0,0,0,0,0
440054,2,1,0,0,0,0,0,0,0,0,0,0
440055,1,1,17,17,17,17,17,17,17,17,17,17
440057,1,1,21,21,21,21,21,21,21,21,21,21
440058,0,1,4,4,4,4,4,4,4,4,4,4
440058,1,1,11,11,11,11,11,11,11,11,11,11
440059,1,1,27,27,27,27,27,27,27,27,27,27
440060,1,1,29,29,29,29,29,29,29,29,29,29
440061,1,1,14,14,14,14,14,14,14,14,14,14
440061,2,1,0,0,0,0,0,17,0,0,7,0
440062,1,1,0,0,0,0,0,0,0,0,0,0
440063,1,1,12,0,15,19,0,0,0,23,0,9
440063,2,1,0,0,0,0,0,19,30,0,0,0
440064,0,1,0,0,0,0,0,0,0,0,0,0
440064,1,1,0,0,0,0,0,0,0,0,0,0
440065,1,1,9,9,9,9,9,9,9,9,9,9
440066,1,1,0,14,16,0,0,0,0,0,0,0
440067,1,1,13,13,13,13,13,13,13,13,13,13
440068,1,1,21,21,21,21,21,21,21,21,21,21
440069,0,1,26,26,26,26,26,26,26,26,26,26
440069,1,1,0,0,10,0,0,21,0,0,14,5
440072,1,1,0,0,0,0,0,0,0,0,0,0
440072,2,1,0,0,0,0,0,0,0,0,0,8
440072,3,1,0,0,0,0,8,0,0,0,0,0
440073,0,1,0,0,0,0,0,0,0,0,0,0
440073,1,1,0,0,0,0,0,0,0,0,0,0
440074,1,1,0,0,20,0,0,0,0,3,0,0
440075,0,1,20,20,20,20,20,20,20,20,20,20
440075,1,1,0,17,0,0,17,0,4,0,16,0
450001,1,1,0,0,0,16,0,0,0,24,12,32
450002,1,1,18,18,18,18,18,18,18,18,18,18
450003,1,1,9,9,9,9,9,9,9,9,9,9
450004,1,1,0,0,0,15,0,0,0,0,0,13
450004,2,1,16,16,16,16,16,16,16,16,16,16
450005,1,1,21,21,21,21,21,21,21,21,21,21
450006,0,1,0,0,0,0,0,0,0,0,0,0
450006,0,2,0,0,0,0,0,0,0,0,0,0
450006,1,1,26,26,26,26,26,26,26,26,26,26
450007,1,1,20,20,20,20,20,20,20,20,20,20
450008,0,1,0,0,0,0,0,0,0,0,0,0
450008,1,1,0,0,0,0,0,0,0,0,0,0
450009,0,1,24,24,24,24,24,24,24,24,24,24
450009,1,1,0,0,0,0,0,0,22,0,0,0
450010,1,1,0,0,0,0,0,0,0,0,0,0
450010,2,1,0,0,0,0,0,0,0,0,0,0
450011,0,1,29,29,29,29,29,29,29,29,29,29
450011,1,1,0,20,0,0,0,10,0,0,0,19
450012,1,1,0,0,0,0,0,0,0,0,0,0
450013,0,1,19,19,19,19,19,19,19,19,19,19
450013,1,1,0,0,0,0,0,0,0,0,0,0
450014,1,1,0,0,0,0,0,0,0,0,0,0
450014,2,1,15,15,15,15,15,15,15,15,15,15
450015,1,1,0,0,0,0,0,0,0,0,0,0
450015,2,1,0,0,0,0,0,0,0,0,0,0
450015,3,1,0,0,0,0,0,0,0,0,0,0
450015,4,1,0,0,0,0,0,0,0,0,0,0
450016,1,1,31,31,31,31,31,31,31,31,31,31
450017,1,1,0,0,0,0,0,0,0,0,0,0
450017,2,1,0,0,0,0,0,0,0,0,0,0
450018,1,1,15,15,15,15,15,15,15,15,15,15
450019,0,1,0,0,0,0,0,0,0,0,0,0
450019,1,1,0,0,8,0,0,0,0,0,0,0
450020,1,1,0,0,0,0,0,0,0,0,0,0
450021,1,1,0,0,0,0,0,0,0,0,0,6
450021,2,1,6,6,6,6,6,6,6,6,6,6
450022,0,1,29,29,29,29,29,29,29,29,29,29
450022,1,1,0,0,0,0,0,0,0,0,0,0
450023,1,1,5,5,5,5,5,5,5,5,5,5
450024,1,1,0,0,0,0,0,0,0,0,0,0
450025,1,1,0,0,0,0,0,19,11,0,0,24
450025,2,1,0,0,0,0,0,0,0,0,0,0
450026,1,1,23,23,23,23,23,23,23,23,23,23
450027,0,1,16,16,16,16,16,16,16,16,16,16
450027,1,1,0,0,0,0,0,0,0,0,0,0
450028,0,1,32,32,32,32,32,32,32,32,32,32
450028,1,1,0,0,0,0,0,0,0,0,0,0
450029,1,1,0,0,0,0,0,0,0,0,0,0
450029,2,1,0,0,0,0,0,0,0,0,0,0
450029,3,1,0,0,0,0,0,0,0,0,0,0
450030,1,1,0,0,0,0,0,0,0,0,0,0
450031,1,1,15,15,15,15,15,15,15,15,15,15
450032,1,1,0,0,0,0,0,0,0,0,0,0
450032,2,1,0,0,0,0,0,0,0,0,0,0
450033,1,1,0,0,0,0,0,0,0,0,0,0
450033,2,1,0,16,0,0,0,0,0,0,0,0
450034,1,1,20,20,20,20,20,20,20,20,20,20
450035,1,1,0,0,0,0,0,0,0,0,0,0
450035,2,1,0,0,0,0,0,0,0,0,0,0
450036,1,1,0,0,0,0,0,0,0,0,0,0
450036,2,1,0,0,0,0,0,0,0,0,0,0
450037,1,1,0,0,0,0,0,0,0,0,0,0
450038,0,1,21,21,21,21,21,21,21,21,21,21
450038,1,1,0,0,0,0,0,0,0,0,0,0
450039,1,1,18,14,12,14,2,26,11,0,20,15
450039,2,1,4,14,11,16,9,12,0,20,11,22
450040,1,1,13,13,13,13,13,13,13,13,13,13
450041,0,1,0,0,0,0,0,0,0,0,0,0
450041,1,1,0,0,0,0,0,0,0,0,0,0
450042,0,1,9,9,9,9,9,9,9,9,9,9
450042,1,1,0,0,0,0,0,0,0,0,0,0
450043,1,1,0,0,0,0,0,0,0,0,0,0
450043,2,1,0,0,0,0,0,0,0,0,0,0
450044,1,1,0,0,0,0,0,0,0,0,0,0
450045,0,1,0,0,0,0,0,0,0,0,0,0
450045,1,1,16,16,16,16,16,16,16,16,16,16
450045,2,1,0,0,20,0,0,0,0,0,0,0
450046,1,1,18,18,18,18,18,18,18,18,18,18
450046,2,1,0,0,0,0,0,0,0,0,0,0
450047,1,1,0,0,0,0,0,0,0,0,0,0
450047,2,1,0,0,0,0,0,0,25,0,0,0
450047,3,1,29,29,29,29,29,29,29,29,29,29
450048,1,1,12,12,12,12,12,12,12,12,12,12
450049,0,1,15,15,15,15,15,15,15,15,15,15
450049,1,1,0,23,0,0,0,0,0,0,0,0
450050,1,1,11,11,11,11,11,11,11,11,11,11
450051,1,1,0,0,0,0,0,0,0,0,0,0
450052,1,1,0,0,0,0,0,0,0,0,0,0
450053,1,1,0,0,0,20,27,0,3,0,0,0
450054,1,1,0,0,21,0,0,0,0,0,0,0
450055,1,1,0,0,0,0,0,0,0,0,0,0
450055,2,1,0,0,15,0,0,0,28,0,0,0
450056,1,1,0,0,0,0,11,0,0,0,0,0
450056,2,1,0,0,0,0,0,0,0,0,0,0
450056,3,1,0,0,0,0,0,0,0,0,0,0
450057,1,1,0,0,0,0,0,0,0,0,0,0
450057,2,1,0,0,0,0,0,0,0,0,0,0
450058,1,1,6,6,6,6,6,6,6,6,6,6
450059,1,1,8,0,0,0,0,0,0,0,0,0
450059,2,1,0,0,0,0,0,0,0,0,0,0
450060,1,1,7,7,7,7,7,7,7,7,7,7
450061,1,1,0,0,0,0,0,0,0,0,0,0
450062,1,1,25,25,25,25,25,25,25,25,25,25
450062,2,1,3,12,16,28,14,14,17,22,11,16
450063,1,1,0,0,0,0,0,0,0,0,0,0
450064,1,1,0,0,0,0,0,0,0,0,0,0
450064,2,1,0,0,14,0,0,0,0,0,0,0
450065,1,1,1,1,1,1,1,1,1,1,1,1
450067,1,1,0,0,0,0,0,0,0,0,0,0
450067,2,1,0,0,0,0,0,0,29,0,0,0
450068,1,1,21,21,21,21,21,21,21,21,21,21
450069,0,1,0,0,0,0,0,0,0,0,0,0
450069,2,1,0,0,0,0,0,0,0,0,0,0
450070,1,1,0,0,0,0,0,0,0,0,0,0
450071,1,1,0,0,0,0,0,0,0,0,0,0
450072,1,1,0,0,0,0,0,0,0,0,0,0
450072,2,1,0,0,0,0,0,0,0,0,0,0
450073,1,1,0,0,0,0,0,0,0,0,0,0
450073,2,1,15,15,15,15,15,15,15,15,15,15
450074,1,1,26,26,26,26,26,26,26,26,26,26
450075,1,1,0,0,0,0,0,0,0,0,0,0
450075,2,1,16,0,0,0,0,0,0,0,0,0
450076,0,1,0,0,0,0,0,0,0,0,0,0
450076,1,1,6,6,6,6,6,6,6,6,6,6
450078,1,1,28,28,28,28,28,28,28,28,28,28
450079,1,1,13,13,13,13,13,13,13,13,13,13
450080,1,1,11,11,11,11,11,11,11,11,11,11
450081,1,1,0,0,0,0,0,0,0,0,0,0
450081,2,1,0,0,0,0,0,0,0,0,0,0
450082,1,1,0,0,0,0,0,0,0,0,0,0
450082,2,1,0,0,0,0,0,0,0,0,0,0
450083,1,1,8,8,8,8,8,8,8,8,8,8
450084,1,1,19,19,19,19,19,19,19,19,19,19
450085,1,1,0,0,0,0,0,0,0,0,0,0
450085,2,1,8,8,8,8,8,8,8,8,8,8