ST_CASE,VEH_NO,PER_NO,P1,P2,P3,P4,P5,P6,P7,P8,P9,P10
470189,1,1,0,0,0,0,0,0,0,0,0,35
470190,1,1,0,0,0,0,0,0,0,0,0,0
470191,1,1,0,0,0,0,0,0,5,0,0,0
470191,2,1,0,0,0,0,0,0,0,0,0,0
470192,1,1,0,0,0,0,0,0,0,0,0,0
470193,1,1,27,27,27,27,27,27,27,27,27,27
470194,1,1,0,0,0,0,0,0,0,0,0,0
470194,2,1,0,0,0,0,0,0,0,0,0,0
470195,1,1,0,0,0,0,0,0,0,0,0,0
470195,2,1,0,0,0,0,0,0,0,0,9,0
470196,1,1,10,10,10,10,10,10,10,10,10,10
470197,1,1,0,0,0,0,0,0,0,0,0,0
470198,1,1,0,26,14,13,0,16,0,0,0,0
470198,2,1,0,0,0,0,0,0,0,0,0,0
470199,1,1,21,19,23,42,25,15,36,20,17,0
470200,1,1,0,0,0,0,0,0,0,0,0,0
470200,2,1,0,0,0,0,0,0,0,0,0,0
470201,0,1,0,0,0,0,0,0,0,0,0,0
470201,1,1,0,0,0,0,0,0,0,0,0,0
470202,1,1,20,20,20,20,20,20,20,20,20,20
470203,1,1,22,22,22,22,22,22,22,22,22,22
470204,1,1,0,26,0,0,0,0,0,0,0,0
470205,1,1,0,0,0,0,0,0,0,0,0,0
470206,1,1,0,0,0,0,0,0,0,0,0,0
470206,2,1,4,4,4,4,4,4,4,4,4,4
470207,0,1,0,0,0,0,0,0,0,0,0,0
470207,1,1,0,0,0,0,8,0,0,0,0,0
470208,1,1,0,0,0,0,0,0,0,0,0,0
470208,2,1,0,0,0,0,0,0,0,0,0,0
470209,1,1,0,0,0,0,0,0,0,0,0,0
470209,2,1,0,0,0,0,0,0,0,0,0,0
470210,1,1,0,0,0,0,0,0,0,0,0,0
470210,2,1,0,0,0,0,0,0,0,0,0,0
470211,1,1,17,17,17,17,17,17,17,17,17,17
470212,1,1,0,0,0,15,0,0,48,17,0,0
470213,1,1,0,0,0,0,0,0,0,0,0,0
470213,2,1,0,0,0,0,0,0,0,0,0,0
470214,0,1,8,8,8,8,8,8,8,8,8,8
470214,1,1,10,0,13,0,7,6,9,9,0,20
470216,1,1,1,1,1,1,1,1,1,1,1,1
470217,0,1,18,18,18,18,18,18,18,18,18,18
470217,1,1,0,5,12,0,0,14,0,0,0,16
470219,1,1,0,0,0,0,0,0,0,0,0,0
470220,1,1,0,0,0,0,0,0,0,0,0,0
470222,0,1,0,0,0,0,0,0,36,0,0,0
470222,1,1,14,0,33,9,0,0,0,0,0,0
470223,1,1,0,0,0,0,0,0,0,0,0,0
470224,0,1,0,0,0,0,18,0,0,18,2,0
470224,1,1,0,14,0,0,0,0,0,0,0,0
470225,1,1,11,11,11,11,11,11,11,11,11,11
470226,1,1,0,0,0,0,0,0,0,0,0,0
470227,1,1,0,0,0,0,0,0,0,0,0,0
470227,2,1,0,0,0,0,0,0,0,0,0,0
470228,1,1,0,0,0,0,0,0,0,0,0,0
470228,2,1,0,0,0,0,0,0,0,0,0,0
470229,0,1,0,0,0,25,0,0,0,0,0,0
470229,1,1,0,0,0,0,0,0,0,0,0,0
470230,1,1,0,0,0,12,0,11,0,0,0,0
470230,2,1,0,0,0,0,0,0,0,0,0,2
470231,0,1,0,0,0,0,0,0,0,0,0,0
470231,1,1,0,0,0,0,0,0,0,0,0,0
470232,1,1,0,0,0,0,0,0,0,0,0,0
470233,1,1,0,0,0,0,0,0,0,0,0,0
470233,2,1,0,0,0,0,0,0,0,0,0,0
470234,1,1,0,0,0,0,0,0,0,0,0,0
470234,2,1,0,0,0,0,0,0,0,0,0,0
470235,1,1,0,0,0,0,0,0,0,0,0,4
470235,2,1,23,0,0,0,0,0,0,0,0,0
470236,1,1,0,0,0,0,0,0,0,0,0,0
470236,2,1,0,28,0,0,0,0,16,0,13,0
470237,1,1,25,25,25,25,25,25,25,25,25,25
470237,2,1,0,0,0,0,0,0,0,0,0,0
470238,1,1,18,18,18,18,18,18,18,18,18,18
470239,1,1,0,0,11,0,0,18,0,28,0,0
470240,1,1,0,11,0,0,0,11,0,0,0,0
470241,1,1,0,0,0,0,0,0,0,0,0,0
470242,0,1,0,0,0,0,0,0,0,0,0,0
470242,1,1,0,0,0,0,0,0,0,0,0,0
470243,1,1,0,0,0,0,0,0,0,0,0,0
470244,1,1,10,10,10,10,10,10,10,10,10,10
470245,1,1,0,0,0,0,0,0,0,0,0,0
470246,1,1,0,0,0,0,16,0,0,0,0,0
470248,1,1,0,0,30,0,0,0,0,0,0,0
470249,1,1,0,0,0,0,0,0,0,0,0,0
470250,0,1,4,4,4,4,4,4,4,4,4,4
470250,1,1,19,0,14,9,22,21,21,30,12,17
470251,1,1,15,15,15,15,15,15,15,15,15,15
470252,1,1,0,0,0,24,0,0,16,0,0,0
470253,1,1,0,0,0,0,0,0,0,0,0,0
470253,2,1,0,0,18,0,0,0,0,0,0,5
470254,1,1,11,11,11,11,11,11,11,11,11,11
470254,2,1,0,0,0,0,0,0,0,0,0,0
470255,0,1,0,0,0,0,0,0,0,0,0,0
470255,1,1,0,16,11,0,11,12,0,0,7,0
470255,2,1,0,0,0,0,0,9,0,0,29,0
470256,0,1,0,29,0,0,0,0,0,0,0,0
470256,1,1,0,0,0,0,0,0,0,0,0,0
470258,1,1,7,24,12,25,2,13,11,34,17,9
470259,0,1,17,0,0,26,0,0,0,12,26,0
470259,1,1,0,0,0,0,0,0,0,0,0,0
470259,2,1,24,0,0,0,0,0,9,0,0,0
470260,1,1,0,0,0,0,0,0,0,0,0,0
470260,2,1,0,0,0,0,0,0,0,0,0,0
470261,1,1,0,0,0,0,0,0,0,0,0,0
470261,2,1,0,0,0,0,0,0,0,0,0,0
470262,1,1,0,0,13,25,8,7,13,0,0,7
470262,2,1,8,0,0,0,0,8,0,0,31,8
470263,1,1,27,27,27,27,27,27,27,27,27,27
470263,2,1,0,0,0,0,0,0,0,0,0,0
470264,0,1,0,0,0,0,0,0,0,0,0,0
470264,1,1,0,29,0,0,0,11,0,0,0,0
470265,1,1,0,0,0,0,0,0,0,0,0,0
470266,1,1,0,0,0,0,0,0,0,18,0,0
470266,2,1,0,0,0,0,0,0,0,0,0,0
470267,0,1,21,0,0,0,0,0,0,0,0,0
470267,1,1,0,0,0,0,0,0,0,0,0,0
470268,1,1,0,0,0,0,0,0,0,0,0,0
470268,2,1,0,0,0,0,0,0,0,0,0,0
470269,1,1,30,30,30,30,30,30,30,30,30,30
470270,1,1,0,0,7,0,13,0,0,0,0,0
470270,2,1,0,0,0,0,0,0,0,0,0,0
470271,1,1,18,0,0,7,6,0,38,0,0,8
470272,1,1,0,0,0,0,0,0,0,20,0,24
470272,2,1,10,10,10,10,10,10,10,10,10,10
470273,0,1,0,0,0,0,0,0,0,0,0,0
470273,1,1,0,16,8,8,17,13,22,0,0,0
470274,1,1,0,0,0,0,0,0,0,0,0,0
470274,2,1,0,0,0,0,0,0,0,0,0,0
470275,1,1,0,0,0,0,0,0,0,0,0,0
470275,2,1,11,0,0,0,0,0,0,10,0,0
470276,1,1,0,0,0,0,0,0,0,0,0,0
470276,2,1,0,0,0,0,0,0,0,0,0,0
470277,1,1,0,0,0,0,0,0,0,0,0,0
470278,1,1,0,0,0,3,0,10,0,30,0,16
470278,2,1,20,20,20,20,20,20,20,20,20,20
470279,1,1,13,13,13,13,13,13,13,13,13,13
470280,1,1,19,19,19,19,19,19,19,19,19,19
470281,0,1,24,24,24,24,24,24,24,24,24,24
470281,1,1,0,0,0,0,0,0,0,0,0,0
470282,0,1,22,22,22,22,22,22,22,22,22,22
470282,1,1,0,0,0,0,0,0,0,0,0,0
470283,1,1,0,0,0,0,0,0,0,0,0,0
470283,2,1,0,0,0,0,0,0,0,0,0,0
470284,1,1,0,0,0,0,0,0,0,0,0,0
470285,1,1,9,9,9,9,9,9,9,9,9,9
470286,1,1,0,0,0,34,0,0,0,0,0,8
470287,1,1,0,0,9,28,0,0,0,0,0,0
470288,1,1,0,0,0,0,0,0,0,0,0,0
470289,0,1,0,0,0,0,0,0,0,0,0,0
470289,1,1,0,0,0,0,0,0,0,0,0,0
470290,1,1,24,0,0,19,0,0,0,22,23,27
470290,2,1,0,17,12,19,0,4,7,23,0,0
470291,0,1,0,0,0,0,0,0,0,0,0,0
470291,1,1,0,0,0,0,0,0,0,0,0,0
470293,1,1,0,0,0,0,0,0,0,0,0,0
470293,2,1,0,0,0,0,0,0,0,0,0,0
470294,1,1,0,0,32,0,0,0,0,0,0,0
470294,2,1,0,0,0,0,0,0,0,0,0,0
470295,1,1,0,0,0,0,0,0,0,0,0,0
470295,2,1,0,0,0,0,0,0,0,0,0,0
470296,0,1,0,20,0,0,0,0,0,0,0,0
470296,1,1,0,0,0,0,0,0,0,0,0,0
470297,0,1,13,0,0,0,0,0,31,6,0,0
470297,1,1,0,0,0,0,0,13,0,0,0,0
470298,1,1,0,0,0,0,0,0,0,0,0,0
470298,2,1,0,0,0,0,0,0,0,0,0,0
470299,0,1,29,0,0,0,0,0,34,0,0,0
470299,1,1,0,8,0,0,0,0,0,0,0,0
470300,1,1,0,0,0,0,0,0,6,0,10,0
470300,2,1,0,0,0,0,0,0,0,0,0,0
470301,1,1,0,0,0,0,0,0,0,0,0,0
470301,2,1,0,0,5,0,5,0,0,25,18,0
470302,1,1,0,0,0,0,0,0,0,0,0,0
470302,2,1,0,0,0,0,0,0,0,0,0,0
470303,1,1,5,40,18,16,7,6,9,26,23,9
470304,0,1,25,16,0,0,0,20,20,12,0,0
470304,1,1,0,0,0,0,0,0,0,0,0,0
470305,1,1,0,0,0,0,0,0,0,0,0,0
470305,2,1,0,0,0,0,0,0,0,0,0,0
470305,3,1,0,0,0,0,0,0,0,0,0,0
470306,1,1,0,0,0,0,0,0,0,0,0,0
470307,1,1,0,0,0,0,0,0,0,0,0,0
470307,2,1,0,0,0,0,0,0,0,0,0,0
470308,1,1,19,0,0,0,0,12,0,19,0,0
470309,1,1,0,0,0,0,0,0,0,0,0,0
470309,2,1,0,0,0,0,0,0,0,0,0,0
470310,0,1,0,0,0,0,0,0,0,0,0,0
470310,1,1,0,0,0,0,0,0,0,0,0,0
470311,1,1,0,0,0,0,0,0,0,0,0,0
470311,2,1,0,0,0,0,0,0,0,0,0,0
470312,1,1,0,0,0,0,0,0,0,0,0,0
470313,1,1,19,19,19,19,19,19,19,19,19,19
470314,0,1,0,0,0,0,0,0,0,0,0,0
470314,1,1,0,16,0,0,23,21,0,5,0,0
470315,0,1,31,31,31,31,31,31,31,31,31,31
470315,1,1,0,0,0,0,0,0,0,0,0,0
470315,2,1,0,0,0,0,0,0,0,0,0,0
470316,1,1,0,0,0,0,0,0,0,0,0,0
470316,2,1,0,0,0,0,0,0,0,0,0,0
470317,1,1,13,0,0,0,0,14,0,0,0,0
470317,2,1,0,0,0,0,0,0,0,0,17,0
470318,1,1,0,0,0,0,0,0,0,0,0,0
470319,1,1,0,0,0,0,0,0,0,0,0,0
470320,1,1,0,0,0,0,0,0,0,0,0,0
470321,1,1,0,0,0,0,0,0,0,0,0,0
470322,1,1,0,0,0,0,0,0,0,0,0,0
470323,0,1,0,0,0,0,0,0,0,0,0,0
470323,1,1,0,0,0,0,0,0,0,0,0,0
470324,1,1,0,0,0,0,0,0,0,0,0,0
470325,1,1,0,34,16,5,11,0,30,0,0,18
470326,1,1,0,0,0,0,0,0,0,0,0,0
470327,1,1,0,0,0,0,0,0,0,0,0,0
470328,1,1,0,0,0,0,0,0,0,0,0,0
470329,1,1,0,0,0,0,0,0,0,0,0,0
470329,2,1,0,0,0,0,0,0,0,0,0,0
470330,1,1,0,7,0,0,0,0,0,0,0,0
470331,1,1,2,2,2,2,2,2,2,2,2,2
470331,2,1,0,0,0,0,0,0,0,0,0,0
470332,1,1,0,0,0,0,0,0,0,0,0,0
470332,2,1,19,19,19,19,19,19,19,19,19,19
470333,1,1,0,0,0,0,0,0,0,0,0,0
470334,1,1,20,16,25,19,1,18,11,27,6,30
470334,2,1,15,27,0,32,3,0,0,0,0,13
470334,3,1,0,0,0,0,0,0,0,0,0,0
470334,4,1,0,0,0,0,0,0,0,0,0,0
470335,1,1,10,19,0,19,19,26,15,19,30,30
470336,1,1,0,0,0,0,0,0,0,0,0,0
470337,1,1,0,8,0,28,9,0,0,26,0,5
470337,2,1,13,13,13,13,13,13,13,13,13,13
470338,1,1,16,16,16,16,16,16,16,16,16,16
470339,1,1,0,0,0,0,0,0,0,0,0,0
470339,2,1,0,0,0,0,0,0,0,0,0,0
470340,1,1,0,0,0,0,0,0,0,0,0,0
470340,2,1,7,0,0,0,12,0,7,3,0,8
470341,1,1,0,17,9,0,14,13,4,8,10,0
470341,2,1,0,0,0,0,17,0,0,0,0,0
470342,1,1,0,0,0,0,0,0,0,0,0,0
470342,2,1,0,0,0,0,13,0,0,0,0,0
470342,3,1,0,0,0,0,0,0,0,0,0,0
470342,4,1,0,0,0,0,0,0,0,0,0,9
470342,5,1,0,0,0,0,0,0,0,0,0,0
470343,1,1,0,0,0,0,0,0,0,0,0,0
470344,1,1,0,0,17,0,0,14,0,0,10,13
470345,1,1,0,0,0,0,0,0,0,0,0,0
470346,1,1,0,14,0,6,0,22,0,20,24,28
470347,1,1,0,0,0,0,0,0,0,0,0,0
470347,2,1,0,0,0,0,0,0,0,0,0,0
470347,3,1,26,0,0,0,9,0,0,0,0,0
470348,1,1,18,0,0,0,0,0,0,0,0,0
470349,0,1,0,0,0,0,0,0,0,0,0,0
470349,1,1,0,0,0,0,0,0,0,0,0,0
470350,1,1,0,0,0,0,0,0,0,0,0,0
470350,2,1,0,0,0,0,0,0,0,0,0,0
470351,1,1,20,20,20,20,20,20,20,20,20,20
470351,2,1,0,0,0,0,0,0,0,0,0,0
470352,1,1,0,9,19,0,20,0,0,24,19,9
470352,2,1,0,0,0,0,0,0,0,0,0,0
470353,1,1,8,0,0,0,0,0,0,0,0,0
470354,1,1,0,0,0,0,0,0,0,0,0,0
470354,2,1,0,0,0,0,0,0,0,0,0,0
470355,1,1,0,0,0,0,0,0,0,0,0,0
470355,2,1,0,0,0,0,0,19,0,9,0,20
470357,1,1,14,14,14,14,14,14,14,14,14,14
470357,2,1,0,0,0,0,0,0,0,0,0,0
470358,1,1,0,0,0,0,0,0,0,0,0,0
470359,0,1,0,0,0,0,0,0,0,0,0,0
470359,1,1,0,0,0,0,0,0,8,0,0,0
470360,1,1,0,0,0,0,0,0,0,0,0,0
470360,2,1,0,0,12,0,0,0,0,0,0,0
470362,1,1,7,7,7,7,7,7,7,7,7,7
470362,2,1,0,0,0,0,0,0,0,0,0,0
470363,1,1,0,0,0,0,0,0,0,0,0,0
470363,2,1,0,0,0,0,0,0,0,0,0,0
470364,1,1,0,0,0,0,0,0,0,0,0,0
470365,1,1,0,0,0,0,0,0,0,0,0,0
470365,2,1,22,22,22,22,22,22,22,22,22,22
470366,0,1,0,0,0,0,0,0,0,0,0,0
470366,1,1,1,1,1,1,1,1,1,1,1,1
470367,1,1,0,0,0,0,0,0,0,0,0,0
470368,1,1,0,0,0,0,0,0,0,0,0,0
470369,1,1,0,0,0,0,0,0,0,0,0,0
470369,2,1,0,0,0,0,0,0,0,0,0,0
470370,1,1,0,0,0,14,0,4,0,0,0,0
470371,1,1,0,0,0,0,0,0,0,0,15,0
470371,2,1,0,0,0,0,0,0,0,0,0,0
470372,1,1,0,0,0,0,0,0,0,0,0,0
470372,2,1,0,0,0,0,0,0,0,0,0,0
470373,0,1,0,0,0,0,18,25,0,0,0,18
470373,1,1,10,10,10,10,10,10,10,10,10,10
470374,1,1,0,0,0,0,0,0,0,0,0,0
470375,1,1,21,21,21,21,21,21,21,21,21,21
470375,2,1,0,0,0,0,0,0,0,0,0,0
470376,1,1,0,0,0,0,0,0,0,0,0,0
470376,2,1,0,0,0,0,0,0,0,0,0,0
470377,1,1,2,30,14,15,21,28,10,10,8,22
470378,0,1,23,23,23,23,23,23,23,23,23,23
470378,1,1,18,0,5,23,16,0,32,30,25,0
470379,1,1,0,0,0,0,0,0,0,0,0,0
470379,2,1,0,0,0,0,0,0,0,0,0,0
470380,1,1,0,0,0,0,0,0,0,0,0,0
470381,1,1,17,17,17,17,17,17,17,17,17,17
470382,1,1,0,0,0,0,0,0,0,0,0,0
470382,2,1,0,0,0,0,0,0,0,0,0,0
470383,1,1,0,0,0,0,0,0,0,0,0,0
470383,2,1,0,0,0,0,0,0,0,0,0,0
470384,1,1,0,0,0,0,0,0,0,0,0,0
470384,2,1,0,0,0,0,0,13,0,0,0,0
470386,1,1,0,0,0,0,0,0,0,0,0,0
470387,1,1,15,15,15,15,15,15,15,15,15,15
470387,2,1,0,0,0,0,0,0,0,0,0,0
470388,1,1,0,0,0,29,0,0,0,0,0,0
470389,1,1,15,15,15,15,15,15,15,15,15,15
470389,2,1,0,0,0,0,0,0,0,0,0,0
470389,3,1,0,0,0,0,9,0,0,0,0,0
470390,1,1,0,0,0,0,0,0,0,0,0,5
470391,0,1,0,0,0,0,0,0,0,0,0,0
470391,1,1,0,0,0,0,0,0,0,0,0,0
470392,1,1,0,0,0,0,0,0,0,0,0,0
470393,1,1,11,11,11,11,11,11,11,11,11,11
470394,1,1,0,22,0,0,0,0,0,0,0,0
470395,1,1,0,0,0,0,0,0,0,0,0,0
470396,0,1,0,0,0,0,0,0,0,0,0,0
470396,1,1,12,0,0,17,0,0,8,31,0,0
470397,1,1,0,0,0,0,0,0,0,0,0,0
470397,2,1,0,0,0,0,0,0,0,0,12,0
470398,1,1,26,26,26,26,26,26,26,26,26,26
470399,1,1,0,0,0,0,0,0,0,0,0,0
470399,2,1,0,0,0,0,0,0,0,0,0,0
470400,1,1,0,0,0,0,0,0,0,0,0,0
470400,2,1,2,2,2,2,2,2,2,2,2,2
470401,1,1,0,0,0,0,0,0,0,0,0,16
470401,2,1,9,0,0,13,0,0,0,0,0,0
470402,1,1,11,11,11,11,11,11,11,11,11,11
470403,1,1,12,12,12,12,12,12,12,12,12,12
470404,1,1,0,0,0,0,0,0,0,0,21,0
470405,1,1,0,0,0,0,0,0,0,0,0,0
470406,1,1,0,0,0,0,0,0,0,0,7,0
470406,2,1,0,0,0,0,0,0,0,0,0,0
470407,1,1,39,39,39,39,39,39,39,39,39,39
470408,1,1,0,0,0,0,0,0,0,0,0,0
470408,2,1,0,0,0,0,0,0,0,0,0,0
470409,1,1,0,0,0,0,0,12,0,0,0,0
470410,1,1,0,5,18,9,10,14,0,0,21,12
470411,1,1,16,16,16,16,16,16,16,16,16,16
470411,2,1,0,0,0,0,0,0,0,0,0,0
470412,1,1,9,9,9,9,9,9,9,9,9,9
470412,2,1,0,0,15,0,0,0,0,0,12,0
470413,1,1,0,0,0,0,0,0,0,0,0,0
470413,2,1,0,0,17,0,0,0,0,0,0,3
470414,1,1,0,0,0,0,0,0,0,0,0,0
470414,2,1,0,0,0,0,0,0,0,0,0,0
470415,1,1,0,0,0,0,0,0,0,0,0,0
470415,2,1,0,0,0,0,0,0,0,0,0,0
470416,1,1,0,0,0,0,0,0,0,0,0,0
470417,1,1,0,0,0,0,0,0,0,0,0,0
470418,1,1,0,0,0,0,0,0,0,0,0,0
470419,1,1,0,0,0,0,0,0,0,0,0,21
470419,2,1,0,0,0,0,9,22,7,0,0,18
470420,1,1,0,19,29,0,0,10,0,14,14,9
470420,2,1,0,0,0,0,0,0,0,0,0,0
470421,1,1,0,0,21,0,20,37,9,0,24,36
470422,1,1,0,0,0,0,0,0,27,13,0,0
470422,2,1,6,0,0,0,0,0,0,0,0,0
470423,1,1,0,0,0,0,0,0,0,0,0,0
470424,1,1,0,0,0,0,0,0,0,0,0,0
470425,1,1,0,0,0,0,0,0,0,0,0,0
470426,1,1,0,0,0,0,0,0,0,0,0,0
470426,2,1,0,0,15,0,0,0,0,0,19,0
470427,1,1,25,25,25,25,25,25,25,25,25,25
470428,1,1,0,0,0,0,0,0,0,0,0,0
470428,2,1,0,0,0,0,0,0,0,0,0,0
470429,1,1,0,0,0,0,0,0,0,0,0,0
470429,2,1,0,0,0,0,0,0,0,0,0,0
470430,1,1,0,0,0,0,0,0,0,0,0,0
470430,2,1,0,0,0,0,0,0,0,0,0,0
470430,3,1,0,0,0,0,0,0,0,0,0,0
470431,1,1,0,0,0,0,0,0,0,0,0,0
470432,1,1,0,0,0,0,0,0,0,0,0,0
470432,2,1,0,0,0,0,0,0,0,0,0,0
470432,3,1,0,0,0,0,0,0,0,0,0,0
470433,1,1,9,9,9,9,9,9,9,9,9,9
470434,0,1,9,9,9,9,9,9,9,9,9,9
470434,1,1,14,16,13,26,8,0,0,23,20,0
470435,1,1,0,0,0,0,0,0,0,0,0,0
470435,2,1,0,0,0,0,0,0,0,0,0,0
470436,0,1,31,31,31,31,31,31,31,31,31,31
470436,1,1,0,0,0,0,0,0,0,0,0,0
470437,1,1,4,4,4,4,4,4,4,4,4,4
470438,0,1,0,0,0,0,0,0,0,0,0,0
470438,1,1,0,0,22,14,21,12,22,15,6,46
470439,1,1,0,0,0,0,0,0,0,0,0,0
470439,2,1,0,0,0,0,0,0,0,0,0,0
470440,1,1,0,0,17,0,0,7,0,0,0,0
470440,2,1,0,0,0,0,0,22,0,0,0,0
470441,0,1,30,30,30,30,30,30,30,30,30,30
470441,1,1,0,0,0,0,0,0,12,0,0,0
470442,0,1,14,14,14,14,14,14,14,14,14,14
470442,1,1,0,4,0,0,0,0,0,0,0,0
470443,1,1,0,0,0,0,0,0,0,0,0,0
470443,2,1,0,0,0,0,0,0,0,0,0,0
470444,0,1,13,0,0,0,0,18,39,0,19,32
470444,1,1,16,0,0,0,0,0,0,0,0,0
470444,2,1,0,32,0,0,0,0,0,0,0,0
470445,0,1,0,0,0,0,0,0,0,0,0,0
470445,1,1,0,0,21,17,0,0,0,22,15,29
470446,1,1,0,0,0,0,0,0,0,0,0,0
470447,1,1,0,0,0,0,8,0,0,11,0,0
470447,2,1,0,0,0,0,0,0,0,0,0,5
470448,1,1,0,0,0,4,0,0,0,0,0,0
470448,2,1,0,16,0,0,0,0,0,0,0,0
470449,1,1,27,27,27,27,27,27,27,27,27,27
470449,2,1,0,0,0,0,0,0,0,0,0,0
470450,1,1,0,0,0,0,0,0,0,0,0,0
470451,1,1,0,0,17,0,13,0,0,0,12,8
470452,1,1,0,0,0,0,0,0,0,0,0,0
470452,2,1,20,20,20,20,20,20,20,20,20,20
470453,1,1,0,0,0,0,0,0,0,0,0,0
470453,2,1,0,0,0,0,0,0,0,0,0,0
470454,1,1,0,0,0,0,0,0,0,0,0,15
470455,1,1,10,10,10,10,10,10,10,10,10,10
470456,0,1,0,0,0,0,0,0,0,0,0,0
470456,1,1,0,0,0,0,0,0,0,0,0,0
470457,1,1,0,0,0,0,0,0,0,0,0,0
470457,2,1,0,0,0,0,0,0,0,0,0,0
470458,1,1,0,0,0,0,0,0,0,0,0,0
470458,2,1,0,0,0,0,0,0,0,0,2,0
470459,1,1,35,35,35,35,35,35,35,35,35,35
470460,1,1,0,0,0,0,0,0,0,0,0,0
470460,2,1,0,0,0,0,0,0,0,0,0,0
470461,0,1,0,0,0,0,0,0,0,0,0,0
470461,1,1,0,0,0,0,0,0,0,0,0,0
470462,1,1,0,0,0,0,0,0,0,0,0,0
470462,2,1,0,0,0,0,0,0,0,0,0,0
470463,1,1,8,8,8,8,8,8,8,8,8,8
470463,2,1,0,0,0,0,0,0,0,19,0,0
470464,1,1,0,0,0,0,0,0,0,0,0,0
470464,2,1,0,0,0,0,0,0,0,0,0,0
470465,1,1,39,0,0,0,0,0,0,0,0,0
470465,2,1,0,0,0,0,0,0,0,0,0,0
470465,3,1,0,0,0,0,0,0,0,0,0,0
470466,1,1,14,14,14,14,14,14,14,14,14,14
470467,1,1,0,0,0,0,0,0,0,0,0,0
470468,1,1,0,0,0,0,0,0,0,0,0,0
470468,2,1,0,0,0,0,0,0,0,0,0,0
470468,3,1,0,0,0,0,0,0,0,0,0,0
470470,1,1,18,13,0,10,25,17,19,0,13,0
470470,2,1,0,0,0,0,0,0,0,0,0,0
470471,1,1,0,0,0,0,0,0,20,0,0,0
470472,1,1,0,0,8,0,0,0,0,0,0,0
470472,2,1,0,0,0,0,0,0,0,0,0,0
470473,1,1,0,0,0,31,0,17,0,0,0,0
470474,0,1,0,0,0,0,0,0,4,0,0,0
470474,1,1,0,0,0,0,0,0,0,0,0,0
470475,1,1,0,0,11,0,0,0,0,0,0,0
470475,2,1,0,0,0,0,0,0,0,0,0,0
470476,1,1,24,0,14,21,17,0,0,40,0,33
470476,2,1,0,0,8,0,20,0,27,0,0,0
470477,1,1,0,0,0,0,26,6,0,9,0,20
470478,0,1,0,0,0,0,0,0,0,0,0,0
470478,1,1,0,0,10,0,0,0,0,0,0,0
470480,1,1,16,16,16,16,16,16,16,16,16,16
470480,2,1,0,0,0,0,0,0,0,0,0,0
470481,1,1,0,0,0,0,0,0,0,0,0,0
470482,1,1,16,0,14,0,0,0,0,0,0,7
470483,1,1,0,0,0,0,0,0,0,0,0,0
470483,2,1,0,0,0,0,0,0,0,0,0,0
470484,1,1,0,0,0,0,0,0,0,0,0,0
470484,2,1,0,0,0,0,0,0,0,0,0,0
470485,1,1,0,0,0,0,0,0,0,0,0,0
470486,1,1,0,0,0,0,0,0,0,0,0,0
470486,2,1,0,0,0,0,0,0,0,0,0,0
470486,3,1,0,0,0,9,0,0,0,0,0,0
470487,1,1,0,0,0,0,0,0,0,0,0,0
470488,1,1,0,0,0,0,0,0,0,0,0,0
470488,2,1,10,10,10,10,10,10,10,10,10,10
470489,1,1,15,10,14,5,30,23,3,20,13,13
470490,1,1,26,26,26,26,26,26,26,26,26,26
470491,1,1,0,0,0,0,0,0,0,0,0,0
470491,2,1,0,0,0,0,0,0,0,0,0,0
470492,1,1,22,22,22,22,22,22,22,22,22,22
470492,2,1,0,0,0,0,0,0,0,0,0,0
470493,1,1,0,0,0,0,0,0,0,0,0,0
470493,2,1,0,0,0,0,0,0,0,0,0,0
470494,1,1,0,0,0,0,0,0,0,0,0,0
470494,2,1,0,0,0,0,0,0,0,0,0,0
470495,1,1,0,0,0,0,0,0,0,0,0,0
470495,2,1,0,0,0,0,0,0,0,0,0,0
470496,1,1,0,0,0,0,0,0,0,0,0,0
470496,2,1,0,0,0,0,0,0,0,0,0,0
470497,1,1,0,0,0,0,0,0,0,0,0,0
470498,1,1,0,0,13,0,0,0,0,0,0,0
470498,2,1,0,0,0,0,0,0,0,0,0,0
470499,1,1,0,0,0,0,0,0,0,0,0,0
470500,0,1,0,0,0,0,0,0,0,0,0,0
470500,1,1,0,0,0,6,23,14,0,0,32,13
470501,1,1,38,38,38,38,38,38,38,38,38,38
470501,2,1,0,0,0,0,0,0,0,0,0,0
470502,1,1,12,5,18,0,12,0,0,29,0,11
470503,1,1,14,0,22,0,0,0,12,0,0,0
470503,2,1,0,0,0,0,0,0,0,4,0,0
470504,1,1,0,0,0,0,0,0,0,0,0,0
470504,2,1,0,0,23,0,0,0,0,14,10,0
470504,3,1,0,0,0,0,0,0,0,15,0,0
470504,4,1,0,24,0,0,0,0,0,0,0,0
470505,1,1,13,13,13,13,13,13,13,13,13,13
470505,2,1,2,2,2,2,2,2,2,2,2,2
470506,1,1,16,16,16,16,16,16,16,16,16,16
470507,1,1,0,0,0,0,0,0,0,0,0,0
470507,2,1,0,0,9,0,0,18,0,0,0,0
470508,1,1,0,0,0,0,0,0,0,0,0,0
470508,2,1,0,6,0,0,0,0,0,0,0,0
470509,1,1,0,0,0,0,0,0,0,0,0,0
470510,1,1,0,0,7,15,0,0,21,0,0,0