ST_CASE,VEH_NO,PER_NO,P1,P2,P3,P4,P5,P6,P7,P8,P9,P10
470511,1,1,0,0,0,0,0,0,0,0,0,0
470512,1,1,0,0,0,0,0,0,0,0,0,0
470513,1,1,0,0,0,0,0,0,0,0,0,0
470514,1,1,12,12,12,12,12,12,12,12,12,12
470514,2,1,0,0,0,0,0,0,0,0,0,0
470514,3,1,0,0,0,0,0,0,0,0,0,0
470515,1,1,20,20,20,20,20,20,20,20,20,20
470515,2,1,0,0,0,0,0,0,0,0,0,0
470516,1,1,15,15,15,15,15,15,15,15,15,15
470517,0,1,0,31,0,0,0,0,0,0,0,0
470517,1,1,0,0,0,0,0,0,0,0,0,0
470518,1,1,0,0,0,5,0,0,0,0,18,30
470518,2,1,0,0,0,0,0,0,0,0,0,0
470519,1,1,12,12,12,12,12,12,12,12,12,12
470520,1,1,0,0,0,0,0,0,0,0,0,0
470520,2,1,0,0,0,0,0,0,0,0,0,0
470521,1,1,0,0,0,0,0,0,0,0,0,0
470521,2,1,0,0,0,0,0,0,0,0,0,0
470522,1,1,0,0,0,0,0,0,0,0,0,0
470522,2,1,0,0,0,0,0,0,0,0,0,0
470523,1,1,27,27,27,27,27,27,27,27,27,27
470524,0,1,0,0,0,0,0,0,0,0,0,0
470524,1,1,0,20,0,0,0,0,0,0,0,0
470526,1,1,0,0,0,0,0,0,0,0,0,0
470526,2,1,0,0,0,0,0,0,0,0,0,0
470527,1,1,0,0,0,0,0,0,0,0,0,0
470527,2,1,0,0,0,0,0,0,0,0,0,0
470527,3,1,0,0,0,0,0,0,0,0,0,0
470528,1,1,0,0,0,0,0,0,0,0,0,0
470528,2,1,0,0,0,0,0,0,0,0,0,0
470529,1,1,0,0,0,0,0,0,0,0,0,0
470529,2,1,2,2,2,2,2,2,2,2,2,2
470530,1,1,0,0,0,0,0,0,0,0,0,0
470531,1,1,12,12,12,12,12,12,12,12,12,12
470532,1,1,3,3,3,3,3,3,3,3,3,3
470533,1,1,0,0,0,0,0,0,0,0,0,0
470533,2,1,0,0,0,0,0,0,0,0,0,0
470534,1,1,0,0,0,0,0,0,0,0,0,0
470534,2,1,0,0,0,0,15,0,0,0,0,0
470535,1,1,0,0,0,0,0,24,0,0,0,0
470535,2,1,15,0,0,0,0,0,0,0,0,0
470535,3,1,0,0,0,0,0,0,0,0,0,0
470536,1,1,7,7,7,7,7,7,7,7,7,7
470537,1,1,17,17,17,17,17,17,17,17,17,17
470538,1,1,25,25,25,25,25,25,25,25,25,25
470538,2,1,0,0,0,0,0,0,0,0,0,0
470539,1,1,13,17,22,15,8,25,17,18,19,23
470540,1,1,0,19,0,0,0,0,0,0,0,0
470541,1,1,0,0,0,0,0,0,0,0,0,0
470542,1,1,0,0,0,0,0,0,0,0,0,0
470542,2,1,0,0,0,0,0,0,0,0,9,20
470543,1,1,0,0,0,0,0,0,0,0,0,0
470543,2,1,0,0,0,0,0,17,0,0,0,0
470544,0,1,0,0,0,0,0,0,0,0,0,0
470544,1,1,19,0,0,0,0,0,0,0,0,0
470545,0,1,28,28,28,28,28,28,28,28,28,28
470545,1,1,19,0,21,0,4,18,0,24,2,16
470546,0,1,20,20,20,20,20,20,20,20,20,20
470546,1,1,0,0,0,0,0,0,4,0,0,11
470547,1,1,10,34,15,8,13,8,26,2,17,5
470548,1,1,0,0,0,0,0,0,0,0,0,0
470548,2,1,0,0,0,0,0,30,0,0,0,0
470549,1,1,10,10,10,10,10,10,10,10,10,10
470550,1,1,0,7,0,0,0,0,0,0,0,0
470551,1,1,0,0,0,0,0,0,0,0,0,0
470551,2,1,0,0,0,0,0,0,0,26,0,0
470551,3,1,0,0,0,0,0,0,0,0,0,7
470552,1,1,0,0,0,0,0,0,0,0,0,0
470553,1,1,0,0,0,0,0,0,0,0,0,0
470554,1,1,0,0,0,0,0,9,0,0,0,0
470554,2,1,0,0,0,0,0,0,0,0,0,0
470555,1,1,0,0,0,20,0,11,0,0,19,24
470556,1,1,22,22,22,22,22,22,22,22,22,22
470556,2,1,0,0,0,0,0,0,0,0,0,0
470557,1,1,22,0,0,0,0,0,0,0,0,0
470558,1,1,14,14,14,14,14,14,14,14,14,14
470559,0,1,0,0,0,0,0,0,0,0,0,0
470559,1,1,0,0,0,0,11,0,0,0,0,0
470560,1,1,0,16,24,22,14,7,14,20,15,11
470561,1,1,0,0,24,0,0,3,0,15,10,0
470561,2,1,0,0,0,0,0,0,0,0,22,0
470562,1,1,0,0,0,0,0,0,0,0,0,0
470562,2,1,0,0,0,0,0,0,0,0,0,0
470563,1,1,0,0,0,0,0,0,0,0,0,0
470563,2,1,0,0,0,0,0,0,0,0,0,0
470564,1,1,0,0,0,0,0,0,0,0,0,0
470564,2,1,0,0,0,0,0,0,0,0,0,0
470565,1,1,0,0,0,0,0,0,0,0,0,0
470566,1,1,0,4,0,7,13,0,0,0,27,0
470566,2,1,0,0,0,0,0,0,0,0,0,0
470567,1,1,14,14,14,14,14,14,14,14,14,14
470568,1,1,0,0,0,0,0,0,0,0,0,0
470569,1,1,0,0,0,0,0,0,0,0,0,0
470569,2,1,0,0,0,0,0,0,0,0,0,0
470569,3,1,0,0,0,0,0,0,0,0,0,0
470569,4,1,0,0,0,0,0,0,0,0,0,0
470569,5,1,0,0,0,9,0,29,0,25,0,0
470569,6,1,0,0,0,0,0,0,0,0,0,0
470570,1,1,0,0,35,14,0,0,0,0,0,0
470571,1,1,0,0,0,0,0,0,0,0,0,0
470572,1,1,8,0,16,0,0,37,0,0,0,0
470573,1,1,0,0,0,0,0,0,0,0,0,0
470573,2,1,0,0,0,0,0,0,0,0,0,0
470574,1,1,0,0,0,0,0,0,0,0,0,0
470574,2,1,0,0,0,0,0,0,0,0,0,0
470574,3,1,0,24,0,0,0,0,0,0,0,0
470575,1,1,2,2,2,2,2,2,2,2,2,2
470575,2,1,0,0,0,0,6,0,0,0,0,0
470577,1,1,10,10,10,10,10,10,10,10,10,10
470577,2,1,0,0,0,0,0,0,0,0,0,0
470578,1,1,0,0,16,0,0,0,0,0,0,0
470578,2,1,0,0,0,0,0,0,0,0,0,0
470578,3,1,0,0,0,0,19,0,0,0,0,0
470579,1,1,0,0,0,0,0,0,0,0,0,0
470579,2,1,0,0,0,0,0,0,0,0,0,0
470580,1,1,18,18,18,18,18,18,18,18,18,18
470581,1,1,11,0,21,0,16,0,24,0,0,0
470582,1,1,0,0,0,0,0,0,0,0,0,0
470583,0,1,0,0,0,0,0,0,0,0,0,0
470583,2,1,12,12,12,12,12,12,12,12,12,12
470584,1,1,0,0,0,0,0,0,13,0,0,0
470584,2,1,0,0,0,0,0,0,0,0,0,0
470585,1,1,19,19,19,19,19,19,19,19,19,19
470586,1,1,0,0,0,0,0,0,0,0,0,0
470587,0,1,28,28,28,28,28,28,28,28,28,28
470587,1,1,9,20,24,24,0,0,0,0,0,0
470588,1,1,0,0,0,0,0,0,0,0,0,0
470588,2,1,0,0,0,0,0,0,0,0,0,0
470589,0,1,0,0,20,0,0,0,0,13,0,0
470589,1,1,0,0,0,0,0,0,0,0,0,0
470590,1,1,0,0,0,0,0,0,0,0,0,0
470591,1,1,0,0,0,0,0,0,0,0,37,17
470592,1,1,0,0,0,0,0,0,0,0,0,0
470593,1,1,0,0,0,0,0,0,0,20,0,0
470593,2,1,0,0,0,0,0,0,0,0,0,0
470594,1,1,13,13,13,13,13,13,13,13,13,13
470595,1,1,0,0,0,0,0,0,0,0,0,0
470595,2,1,0,0,0,0,0,0,0,0,16,0
470596,1,1,0,0,0,0,0,0,0,0,0,0
470597,0,1,35,0,28,27,0,32,50,25,0,0
470597,1,1,0,0,0,0,0,0,0,0,0,0
470598,0,1,0,16,25,0,0,0,0,20,0,21
470598,1,1,0,0,0,0,0,0,0,0,0,0
470599,1,1,0,0,0,0,0,0,0,0,0,0
470599,2,1,0,0,0,10,3,13,0,0,17,0
470600,1,1,0,0,0,0,0,0,0,0,0,0
470600,2,1,0,0,0,0,0,0,0,0,0,0
470601,0,1,0,0,22,0,0,0,0,7,0,0
470601,2,1,0,0,0,0,0,0,0,0,0,0
470602,1,1,13,0,43,19,0,0,0,0,0,18
470602,2,1,0,0,0,0,0,0,0,0,0,0
470603,1,1,27,27,27,27,27,27,27,27,27,27
470604,1,1,0,0,0,0,0,0,0,0,0,0
470604,2,1,0,0,0,0,0,0,0,0,0,0
470604,3,1,0,0,0,0,0,0,0,0,0,0
470605,1,1,30,30,30,30,30,30,30,30,30,30
470607,0,1,0,0,0,0,0,0,0,0,0,0
470607,1,1,0,7,0,0,0,0,12,0,23,24
470608,1,1,0,13,0,0,0,0,6,0,13,18
470609,0,1,0,0,0,0,0,0,0,0,0,0
470609,1,1,0,0,27,0,11,11,32,0,0,0
470610,1,1,0,0,18,0,11,0,0,0,32,0
470610,2,1,0,0,0,0,0,0,0,0,0,0
470610,3,1,0,0,0,0,0,0,0,0,0,0
470611,1,1,0,0,0,0,0,0,0,0,0,0
470611,2,1,0,0,0,0,0,0,0,0,0,0
470611,3,1,0,0,0,0,0,0,0,0,0,0
470612,1,1,1,1,1,1,1,1,1,1,1,1
470612,2,1,0,0,0,0,0,0,0,0,0,0
470613,1,1,0,0,0,0,0,0,0,0,0,0
470613,2,1,0,0,0,0,0,0,0,0,0,0
470614,1,1,0,0,0,0,0,25,0,26,0,0
470614,2,1,0,0,0,0,0,0,0,0,0,0
470615,1,1,0,0,0,0,0,0,0,0,0,0
470615,2,1,0,0,0,0,0,0,0,0,0,0
470615,3,1,0,0,0,0,0,0,0,0,0,0
470615,4,1,0,0,0,0,0,0,5,0,0,0
470615,5,1,0,0,0,0,0,0,0,0,0,0
470615,6,1,0,0,0,0,0,0,0,0,0,0
470615,7,1,0,0,13,0,0,40,0,0,0,0
470616,0,1,0,0,0,0,0,0,0,0,0,0
470616,1,1,0,0,0,0,0,0,0,0,0,0
470617,0,1,14,14,14,14,14,14,14,14,14,14
470617,1,1,0,0,0,0,0,19,0,0,0,0
470618,1,1,0,0,0,0,0,0,0,0,0,0
470618,2,1,0,0,0,0,0,0,0,0,0,0
470619,1,1,0,0,0,0,0,0,0,0,0,0
470619,2,1,0,0,0,0,0,0,0,0,0,0
470620,1,1,0,0,0,0,0,0,0,0,0,0
470620,2,1,0,0,0,0,0,0,0,0,0,0
470621,1,1,0,0,0,0,0,0,0,0,0,0
470622,1,1,9,0,0,0,0,0,0,0,0,0
470623,1,1,0,0,0,0,24,0,0,0,0,0
470623,2,1,0,0,0,0,0,0,0,0,0,0
470624,0,1,35,0,0,0,0,0,0,0,0,0
470624,1,1,0,0,0,0,0,0,0,0,0,0
470625,1,1,0,0,0,0,0,0,0,0,0,0
470625,2,1,0,0,0,0,0,0,0,0,0,0
470626,1,1,0,0,0,0,0,0,0,0,0,0
470627,1,1,12,12,12,12,12,12,12,12,12,12
470629,1,1,0,0,0,0,8,0,0,0,0,0
470630,1,1,0,0,0,0,0,0,0,0,0,0
470631,1,1,0,0,0,0,0,0,0,0,0,0
470631,2,1,0,0,0,0,0,0,0,0,0,0
470631,3,1,0,0,0,0,0,0,0,0,0,0
470632,1,1,31,31,31,31,31,31,31,31,31,31
470632,2,1,0,0,0,0,0,0,0,0,0,0
470635,0,1,0,0,0,0,0,0,0,0,0,0
470635,1,1,0,0,0,0,0,0,0,0,0,0
470636,1,1,22,22,22,22,22,22,22,22,22,22
470637,0,1,24,24,24,24,24,24,24,24,24,24
470637,1,1,0,0,34,0,16,0,20,0,12,37
470638,1,1,0,0,0,0,0,0,0,0,0,0
470639,1,1,0,0,0,0,0,0,0,0,0,0
470639,2,1,0,0,0,0,0,0,0,0,0,0
470640,1,1,0,0,0,0,0,0,0,0,0,0
470640,2,1,0,0,0,0,0,0,0,0,0,0
470640,3,1,0,24,0,0,0,0,0,0,0,0
470641,0,1,0,14,0,0,0,24,0,0,0,0
470641,1,1,0,0,0,0,0,0,0,0,0,0
470642,1,1,0,0,0,0,0,0,0,0,0,0
470643,1,1,0,0,0,0,0,0,19,0,0,0
470643,2,1,21,21,21,21,21,21,21,21,21,21
470644,1,1,24,24,24,24,24,24,24,24,24,24
470644,2,1,15,0,0,0,0,0,0,0,0,0
470645,1,1,0,0,0,0,0,0,0,0,0,0
470646,1,1,0,0,0,0,0,0,0,0,0,0
470646,2,1,13,0,0,0,0,0,0,0,3,0
470647,1,1,0,0,0,0,0,0,0,0,0,0
470648,1,1,0,6,6,12,17,0,6,31,0,26
470648,2,1,0,0,0,23,0,0,0,0,0,0
470649,1,1,0,0,14,11,0,13,0,0,0,14
470649,2,1,0,0,0,0,0,0,0,0,0,0
470650,0,1,27,27,27,27,27,27,27,27,27,27
470650,1,1,0,0,0,0,0,0,0,0,0,0
470651,1,1,16,16,16,16,16,16,16,16,16,16
470651,2,1,0,0,0,0,0,0,0,0,0,0
470652,1,1,0,0,0,0,0,0,0,0,0,0
470652,2,1,0,0,0,0,0,0,0,0,0,0
470653,1,1,0,0,0,0,0,0,0,0,0,0
470653,2,1,0,0,0,0,0,0,0,0,0,0
470654,1,1,0,0,0,0,0,0,0,0,0,0
470655,1,1,0,0,0,0,0,0,0,0,0,0
470655,2,1,9,0,0,0,0,0,0,0,0,0
470656,1,1,21,24,0,18,14,0,7,9,12,0
470656,2,1,14,25,21,20,0,0,15,0,0,23
470656,3,1,0,18,0,0,0,0,0,0,0,0
470656,4,1,14,0,0,0,0,0,0,9,0,0
470657,1,1,0,0,0,12,0,0,0,0,0,0
470658,1,1,0,0,0,0,0,0,0,0,0,0
470658,2,1,0,0,0,0,0,0,0,0,0,0
470659,1,1,0,0,0,0,0,0,0,0,0,0
470659,2,1,0,0,0,0,0,0,0,0,0,0
470660,1,1,0,0,0,0,0,0,0,0,0,12
470660,2,1,0,0,0,0,0,0,0,0,0,0
470660,3,1,0,0,0,0,0,0,0,0,0,0
470660,4,1,0,9,0,0,0,0,0,0,0,0
470661,1,1,0,0,0,0,0,0,0,0,0,0
470661,2,1,0,7,0,13,0,16,0,0,0,0
470662,1,1,0,0,0,0,0,0,0,0,0,0
470663,1,1,0,0,0,0,0,0,0,0,0,0
470664,1,1,16,16,16,16,16,16,16,16,16,16
470665,1,1,0,0,0,0,0,0,0,0,0,0
470666,1,1,0,0,0,0,9,0,0,11,0,0
470666,2,1,0,0,0,0,0,0,0,0,0,0
470667,1,1,0,0,0,0,0,0,0,0,0,0
470667,2,1,0,0,0,0,0,0,0,0,0,0
470667,3,1,0,0,0,0,0,0,0,0,0,0
470667,4,1,0,0,0,18,0,0,0,0,0,0
470667,5,1,0,0,0,0,0,0,0,0,0,0
470667,6,1,0,0,0,0,0,0,0,0,0,0
470668,1,1,14,14,14,14,14,14,14,14,14,14
470668,2,1,0,0,0,0,0,0,5,0,11,0
470669,0,1,0,0,0,0,0,0,0,0,0,0
470669,1,1,0,0,0,0,0,0,0,0,0,0
470670,1,1,22,4,9,0,17,24,16,23,21,16
470670,2,1,0,0,0,0,0,0,0,0,0,0
470670,3,1,0,0,0,0,0,0,0,0,0,0
470671,1,1,0,0,0,0,0,0,0,0,0,0
470671,2,1,0,0,0,0,0,0,12,0,0,0
470672,1,1,0,0,0,0,0,0,0,0,0,0
470673,1,1,26,26,26,26,26,26,26,26,26,26
470674,1,1,0,0,0,0,0,0,0,4,0,0
470676,1,1,0,0,0,0,0,0,0,0,0,0
470676,2,1,0,0,0,0,0,0,0,0,0,0
470676,3,1,0,0,0,19,0,0,0,0,0,0
470677,1,1,0,0,0,0,0,0,0,0,0,0
470677,2,1,0,0,0,0,0,0,0,0,0,0
470679,1,1,0,0,0,0,0,0,0,0,0,0
470679,2,1,0,0,0,0,0,0,0,0,0,0
470680,1,1,0,0,0,0,0,0,0,0,0,0
470680,2,1,0,0,0,0,0,0,0,0,0,0
470681,1,1,0,0,0,0,0,0,0,0,0,0
470682,1,1,0,0,0,0,0,0,0,0,0,0
470682,2,1,0,0,0,0,0,0,0,0,0,0
470683,1,1,0,0,0,0,0,0,0,0,0,0
470683,2,1,0,0,0,0,0,0,0,0,0,0
470683,3,1,0,17,0,0,0,0,0,16,0,11
470684,1,1,0,0,0,0,0,0,0,0,0,0
470684,2,1,0,0,0,0,0,0,0,0,0,0
470685,1,1,0,0,0,0,0,0,0,0,0,0
470686,1,1,9,9,9,9,9,9,9,9,9,9
470687,1,1,0,0,0,0,17,0,0,0,0,0
470688,0,1,0,0,0,0,0,0,0,0,15,0
470688,1,1,24,0,0,0,22,0,0,0,21,0
470689,0,1,0,0,18,0,0,0,0,0,0,0
470689,1,1,0,0,0,0,0,0,0,0,0,0
470690,0,1,0,0,0,0,0,0,0,0,0,0
470690,1,1,0,0,0,0,0,0,0,0,0,0
470691,1,1,0,0,0,0,0,0,0,0,0,0
470691,2,1,0,0,22,0,0,0,0,0,0,0
470692,1,1,0,0,0,0,0,20,0,0,0,0
470693,1,1,0,0,0,0,0,0,0,0,0,0
470693,2,1,0,0,0,0,0,0,0,0,0,0
470694,1,1,0,0,0,0,0,0,0,0,0,0
470694,2,1,0,0,0,0,0,0,0,0,0,0
470695,1,1,0,0,0,34,0,0,0,0,0,0
470696,1,1,0,0,0,0,0,0,29,0,21,0
470697,1,1,20,20,20,20,20,20,20,20,20,20
470698,1,1,16,16,16,16,16,16,16,16,16,16
470698,2,1,0,0,0,0,0,0,0,0,0,0
470699,1,1,0,0,0,0,0,10,0,0,8,0
470699,2,1,0,0,0,0,0,0,0,0,0,0
470700,1,1,0,0,0,0,0,0,0,0,0,0
470700,2,1,0,0,0,11,0,0,0,0,0,0
470701,0,1,13,13,13,13,13,13,13,13,13,13
470701,1,1,18,0,0,0,0,0,0,0,0,0
470702,1,1,0,0,0,0,0,9,0,0,0,0
470703,1,1,0,0,0,6,0,25,0,22,31,10
470704,1,1,0,0,0,0,0,0,0,0,0,0
470704,2,1,0,0,0,0,0,0,0,0,0,0
470705,1,1,0,0,0,0,0,0,0,0,0,0
470706,1,1,0,0,0,0,0,0,0,0,0,0
470706,2,1,0,0,0,0,0,0,0,0,0,0
470707,1,1,33,33,33,33,33,33,33,33,33,33
470708,1,1,12,12,12,12,12,12,12,12,12,12
470709,1,1,0,0,0,0,0,0,0,0,0,0
470709,2,1,18,18,18,18,18,18,18,18,18,18
470710,1,1,21,21,21,21,21,21,21,21,21,21
470711,1,1,0,0,0,0,0,0,0,0,0,0
470711,3,1,0,0,0,0,0,0,0,0,0,0
470712,0,1,0,0,0,0,0,0,0,0,0,0
470712,1,1,0,0,0,0,0,0,0,0,0,0
470713,1,1,0,0,0,0,7,0,0,0,0,0
470714,1,1,0,0,0,0,0,0,0,0,0,0
470715,1,1,0,0,0,0,0,0,0,0,0,0
470716,1,1,20,20,20,20,20,20,20,20,20,20
470716,2,1,14,14,14,14,14,14,14,14,14,14
470717,1,1,0,14,0,0,0,0,0,0,0,0
470717,2,1,0,0,0,0,4,33,24,0,0,20
470718,0,1,17,0,0,0,0,0,26,0,43,0
470718,1,1,0,21,0,51,16,0,20,9,29,10
470719,1,1,0,0,0,0,0,0,0,0,0,0
470720,0,1,0,0,7,0,24,22,33,0,8,0
470720,1,1,0,0,0,0,0,0,0,0,0,0
470721,1,1,0,0,0,0,0,0,0,0,0,0
470722,0,1,0,0,0,0,32,0,0,0,0,0
470722,1,1,0,0,10,0,0,0,0,23,16,0
470723,1,1,0,0,0,0,0,0,0,0,0,0
470723,2,1,0,0,0,0,0,0,0,0,0,0
470724,1,1,0,0,0,0,0,0,0,0,0,0
470725,1,1,0,0,0,0,0,0,0,0,0,0
470726,1,1,36,36,36,36,36,36,36,36,36,36
470727,0,1,0,0,3,0,15,13,0,19,0,7
470727,1,1,0,20,0,0,0,0,0,0,0,0
470728,1,1,0,0,0,0,0,0,0,0,14,0
470728,2,1,0,0,0,0,0,0,0,0,0,0
470729,1,1,0,0,0,0,0,0,0,0,0,0
470729,2,1,0,0,2,0,0,0,0,0,0,0
470730,1,1,0,0,0,0,0,0,0,0,0,0
470730,2,1,0,0,0,0,0,0,0,0,0,0
470730,3,1,0,0,0,0,0,0,0,0,0,0
470731,1,1,0,0,0,0,0,0,0,0,0,0
470731,2,1,0,0,0,0,0,0,0,0,0,0
470732,1,1,13,13,13,13,13,13,13,13,13,13
470733,1,1,0,0,0,0,0,0,0,0,0,0
470734,1,1,0,0,0,0,0,0,0,0,0,0
470735,1,1,0,0,0,0,0,0,0,0,0,0
470736,1,1,0,0,0,0,0,0,0,10,0,0
470737,1,1,0,0,0,0,0,0,0,0,0,0
470738,1,1,0,0,0,0,0,0,0,0,0,0
470738,2,1,0,0,0,0,0,0,0,0,0,0
470739,1,1,0,0,0,0,0,0,16,0,29,0
470739,2,1,0,0,0,0,0,0,0,0,0,0
470739,3,1,0,0,0,25,0,0,0,0,0,0
470740,1,1,0,0,0,0,0,0,0,0,0,0
470740,2,1,0,0,13,0,0,0,0,21,0,0
470741,1,1,0,0,0,0,0,0,0,0,0,0
470741,2,1,0,0,0,10,7,0,0,17,4,0
470742,1,1,15,15,15,15,15,15,15,15,15,15
470742,2,1,0,0,0,0,0,0,0,0,17,0
470743,1,1,0,0,0,0,0,0,0,0,0,0
470744,0,1,0,0,0,0,0,0,0,0,0,0
470744,1,1,0,0,0,0,0,0,0,0,0,0
470745,1,1,0,0,0,0,0,0,0,0,0,0
470746,1,1,0,0,0,0,0,0,0,0,0,0
470747,1,1,14,14,14,14,14,14,14,14,14,14
470748,1,1,3,3,3,3,3,3,3,3,3,3
470748,2,1,0,0,0,0,0,0,0,0,24,0
470749,1,1,0,0,0,0,0,0,0,0,0,0
470749,2,1,0,0,0,0,0,0,0,0,0,0
470750,1,1,0,0,0,0,0,0,0,0,0,0
470751,1,1,4,4,4,4,4,4,4,4,4,4
470752,0,1,0,0,0,0,0,0,0,0,0,0
470752,1,1,0,0,0,0,0,0,0,0,0,0
470753,1,1,0,0,0,0,0,0,0,0,0,0
470753,2,1,0,0,0,0,0,0,0,0,0,0
470754,1,1,12,3,0,0,12,0,0,0,0,0
470754,2,1,0,0,0,0,0,0,0,0,13,25
470755,1,1,0,0,0,0,0,0,0,0,0,0
470756,1,1,0,0,0,0,0,0,0,0,0,0
470756,2,1,0,0,0,0,0,0,0,0,0,0
470757,1,1,0,0,0,0,0,0,0,0,0,0
470757,2,1,0,0,0,0,0,0,0,0,0,0
470758,1,1,0,0,0,0,0,0,0,0,0,0
470760,1,1,0,0,0,0,0,0,0,0,0,0
470761,1,1,18,18,18,18,18,18,18,18,18,18
470762,1,1,0,0,0,0,0,0,0,29,0,0
470763,1,1,0,0,0,0,0,0,16,0,0,15
470764,1,1,0,0,0,0,0,0,0,0,0,0
470764,2,1,0,0,0,0,0,0,0,0,0,0
470764,3,1,0,0,0,0,0,0,0,0,0,0
470765,1,1,0,0,0,0,21,0,24,0,0,0
470766,1,1,0,0,0,8,0,0,20,29,0,0
470766,2,1,0,0,0,0,0,0,0,0,0,0
470767,1,1,25,25,25,25,25,25,25,25,25,25
470768,1,1,0,15,0,0,0,0,0,0,0,0
470769,1,1,0,0,0,0,0,0,19,0,0,0
470770,1,1,0,0,0,0,0,11,0,0,0,0
470771,1,1,17,0,0,9,11,0,0,17,0,9
470772,1,1,0,0,0,0,0,22,0,0,0,0
470773,1,1,16,11,22,14,0,17,14,0,0,3
470774,1,1,16,16,16,16,16,16,16,16,16,16
470775,1,1,0,0,0,0,0,0,0,0,0,0
470775,2,1,0,0,0,0,0,0,0,0,0,0
470775,3,1,0,0,0,0,11,0,0,0,0,0
470775,4,1,0,0,0,0,0,0,0,0,0,0
470776,1,1,0,0,0,0,0,0,0,20,0,19
470777,0,1,14,17,30,15,14,18,19,19,0,14
470777,1,1,0,0,0,0,0,0,0,0,0,0
470778,0,1,0,0,0,0,19,0,0,31,0,0
470778,1,1,0,0,0,0,0,0,0,0,0,0
470779,1,1,0,0,0,0,0,11,0,0,0,0
470779,2,1,13,13,13,13,13,13,13,13,13,13
470780,1,1,0,0,0,0,0,0,0,0,0,0
470781,1,1,16,16,16,16,16,16,16,16,16,16
470782,1,1,16,16,16,16,16,16,16,16,16,16
470783,0,1,0,0,0,0,0,0,0,0,0,0
470783,1,1,0,21,11,21,0,0,0,0,31,0
470784,1,1,0,0,0,13,0,22,22,0,0,0
470785,1,1,12,12,12,12,12,12,12,12,12,12
470786,1,1,0,0,0,0,0,0,0,0,0,0
470786,2,1,0,0,0,0,0,0,0,0,0,0
470787,1,1,0,0,0,0,0,0,0,0,0,0
470787,2,1,0,5,0,0,0,0,0,0,0,0
470788,1,1,13,13,13,13,13,13,13,13,13,13
470789,1,1,0,0,0,0,0,0,0,0,0,0
470790,1,1,0,0,0,0,0,0,0,0,0,0
470790,2,1,0,0,0,0,0,0,0,0,0,0
470791,0,1,0,0,0,0,0,0,0,0,0,0
470791,1,1,21,22,0,19,0,0,18,29,18,18
470792,1,1,0,0,0,0,0,0,0,0,0,0
470792,2,1,0,0,0,0,0,0,0,16,0,0
470793,1,1,0,0,0,0,0,0,0,0,0,0
470794,1,1,16,15,13,32,23,24,16,12,19,17
470795,1,1,0,0,0,0,0,0,0,0,0,0
470796,0,1,0,0,21,0,0,0,0,0,49,21
470796,1,1,0,9,0,0,0,0,0,0,0,0
470797,1,1,0,0,0,0,0,0,0,0,0,0
470797,2,1,0,0,0,0,0,0,0,0,0,0
470797,3,1,0,0,0,0,0,0,0,0,0,0
470797,4,1,0,0,0,0,0,0,0,0,0,0
470798,1,1,0,0,0,0,0,0,0,0,0,0
470798,2,1,0,0,0,0,0,0,0,0,0,0
470799,1,1,0,8,0,30,21,0,0,0,22,0
470800,1,1,0,0,0,0,0,0,0,0,0,0
470800,2,1,14,14,14,14,14,14,14,14,14,14
470802,0,1,18,18,18,18,18,18,18,18,18,18
470802,1,1,0,0,0,0,0,0,0,0,0,0
470803,0,1,0,0,0,0,0,0,0,0,0,0
470803,1,1,17,17,17,17,17,17,17,17,17,17
470804,0,1,26,26,26,26,26,26,26,26,26,26
470804,1,1,0,0,11,0,0,0,0,22,22,0
470805,0,1,0,0,0,0,0,0,0,0,0,28
470805,1,1,0,0,0,5,0,0,0,0,0,0
470806,1,1,0,0,0,0,0,0,0,0,0,0
470806,2,1,0,0,0,0,0,0,0,0,0,0
470807,1,1,0,0,0,0,0,0,0,0,0,0
470807,2,1,0,20,0,0,0,0,0,0,0,0
470808,1,1,0,0,0,0,0,0,0,0,0,0
470808,2,1,0,0,0,0,0,0,0,0,0,0
470809,1,1,0,0,0,0,0,0,0,0,0,0
470810,1,1,19,19,19,19,19,19,19,19,19,19
470811,1,1,0,0,0,0,0,0,0,0,0,0
470811,2,1,0,0,0,0,0,0,0,0,0,0
470812,1,1,0,9,0,0,0,0,0,0,0,0
470812,2,1,0,0,0,0,0,22,0,0,0,0
470813,1,1,0,0,0,0,0,0,0,0,0,0
470813,2,1,0,0,0,0,0,0,0,0,0,0
470814,1,1,0,0,0,0,0,0,0,0,0,0
470815,1,1,0,0,0,22,0,0,0,0,0,0
470816,1,1,0,0,11,17,13,0,11,0,0,0
470816,2,1,0,0,0,0,0,0,20,0,0,0
470817,1,1,0,0,0,0,0,0,0,0,0,0
470817,2,1,0,0,0,0,0,0,0,0,0,0
470818,1,1,0,0,0,0,0,0,0,0,0,0
470819,1,1,0,0,0,0,0,0,0,0,0,0
470820,1,1,13,13,13,13,13,13,13,13,13,13
470820,2,1,0,29,0,0,0,0,0,0,0,0
470821,1,1,17,17,17,17,17,17,17,17,17,17
470822,1,1,21,21,21,21,21,21,21,21,21,21
470822,2,1,0,0,0,0,0,0,0,0,0,0
470823,0,1,0,0,0,0,0,0,0,0,0,0