ST_CASE,VEH_NO,PER_NO,P1,P2,P3,P4,P5,P6,P7,P8,P9,P10
471132,1,1,11,11,11,11,11,11,11,11,11,11
471133,0,1,0,0,0,0,0,35,0,0,0,0
471133,1,1,0,0,0,0,0,0,0,0,0,0
471134,1,1,0,0,0,0,0,8,0,0,0,0
471135,1,1,0,0,0,0,0,0,0,0,0,0
471135,2,1,0,0,0,0,0,0,0,0,0,0
471135,3,1,0,23,0,0,0,0,0,0,0,0
471135,4,1,0,0,0,0,0,0,0,0,0,0
471135,5,1,0,0,0,0,0,0,0,0,0,10
471136,1,1,19,0,0,0,0,0,0,0,0,0
471136,2,1,0,0,0,0,0,0,0,0,0,0
471138,1,1,0,0,0,0,0,0,0,0,0,0
471139,1,1,0,0,0,0,0,0,0,0,0,0
471140,1,1,0,0,0,0,0,0,0,0,0,0
471140,2,1,0,0,0,0,0,0,14,0,0,0
471141,1,1,0,10,0,10,0,12,0,28,22,12
471142,1,1,0,0,0,0,0,0,0,0,0,0
471142,2,1,0,0,0,0,0,0,0,0,0,0
471143,1,1,0,0,0,0,0,0,0,0,0,0
471143,2,1,0,0,0,0,0,0,0,0,0,0
471143,3,1,0,0,0,0,0,0,14,0,0,9
471144,1,1,0,0,0,0,0,22,20,0,0,0
471144,2,1,0,0,0,0,0,0,0,0,0,0
471145,0,1,0,0,0,0,0,0,0,0,0,0
471145,1,1,0,0,6,0,0,0,0,31,10,0
471146,0,1,5,5,5,5,5,5,5,5,5,5
471146,1,1,0,0,0,0,0,0,0,3,0,0
471147,1,1,0,0,0,0,0,0,0,0,0,0
471148,1,1,0,0,0,0,0,0,0,0,0,0
471148,2,1,0,0,0,0,0,0,0,0,0,0
471149,1,1,6,6,6,6,6,6,6,6,6,6
471149,2,1,0,0,0,0,0,0,0,0,0,0
471150,0,1,0,0,0,0,0,0,0,0,0,0
471150,2,1,0,0,0,0,0,0,0,0,0,0
471151,1,1,0,0,0,0,0,0,0,0,0,0
471151,2,1,0,0,0,0,0,0,0,0,0,0
471152,0,1,0,0,0,0,0,0,0,0,0,0
471152,0,2,0,0,0,0,0,0,0,0,0,0
471152,3,1,0,0,0,0,0,0,0,0,0,0
471153,1,1,0,0,0,0,0,0,0,0,0,0
471153,2,1,0,0,0,0,0,0,0,0,0,0
471154,1,1,17,17,17,17,17,17,17,17,17,17
471155,1,1,0,0,0,0,0,0,0,0,0,0
471155,2,1,0,0,0,0,0,0,0,0,0,0
471155,3,1,0,0,0,0,0,0,0,0,0,0
471155,4,1,0,0,0,0,0,0,0,0,0,0
471156,1,1,30,19,25,0,37,0,0,11,0,0
471156,2,1,0,0,0,0,0,0,0,8,0,0
471157,1,1,0,0,0,0,0,0,0,0,0,0
471157,2,1,0,0,0,0,0,0,0,0,0,0
471158,1,1,0,0,0,0,0,0,0,0,0,0
471158,2,1,0,0,0,0,0,4,0,0,0,0
471158,3,1,0,0,0,0,0,0,0,0,0,0
471159,1,1,0,0,0,0,0,0,19,0,0,0
471159,2,2,0,0,0,0,0,0,0,0,27,0
471160,1,1,0,0,0,0,0,32,0,33,0,0
471161,1,1,0,0,0,0,0,0,0,0,0,0
471161,2,1,0,0,0,0,0,0,0,0,0,0
471162,1,1,0,0,0,16,0,0,0,0,0,0
480001,1,1,0,0,0,0,0,0,0,0,21,0
480001,2,1,9,9,9,9,9,9,9,9,9,9
480002,1,1,20,20,20,20,20,20,20,20,20,20
480003,1,1,0,0,0,0,0,0,0,0,0,0
480003,2,1,0,0,0,0,0,0,24,0,0,0
480003,3,1,0,14,0,0,0,0,0,0,0,0
480003,4,1,0,0,0,0,0,0,0,0,0,0
480004,1,1,32,32,32,32,32,32,32,32,32,32
480005,1,1,23,23,23,23,23,23,23,23,23,23
480005,2,1,0,0,0,0,0,0,0,0,0,0
480006,1,1,0,0,0,0,0,0,0,0,0,0
480006,2,1,32,0,0,0,0,0,0,0,15,0
480006,3,1,0,11,0,0,0,0,0,0,0,9
480006,4,1,0,0,0,0,13,0,4,3,0,13
480006,5,1,0,0,0,0,0,0,0,0,0,0
480006,6,1,0,20,23,0,7,0,0,0,7,0
480007,1,1,27,27,27,27,27,27,27,27,27,27
480007,2,1,0,0,0,0,0,0,0,0,0,0
480008,1,1,0,0,32,32,18,0,12,10,33,0
480009,0,1,0,0,0,0,0,0,0,0,0,0
480009,1,1,0,32,0,17,0,0,0,9,3,0
480010,1,1,22,22,22,22,22,22,22,22,22,22
480011,1,1,18,18,18,18,18,18,18,18,18,18
480012,1,1,17,17,17,17,17,17,17,17,17,17
480013,1,1,0,14,0,0,0,0,0,0,0,0
480013,2,1,0,0,0,0,0,0,0,29,0,0
480014,1,1,16,0,0,29,0,7,0,0,0,0
480014,2,1,0,0,0,5,0,0,0,0,7,0
480015,1,1,23,0,0,16,0,33,0,14,22,0
480016,1,1,0,13,0,0,0,0,0,26,0,0
480016,2,1,0,0,0,0,0,33,0,12,10,0
480017,0,1,0,0,0,0,0,0,0,0,0,0
480017,1,1,0,0,0,0,0,0,0,0,0,0
480018,1,1,0,14,0,0,12,0,20,0,0,0
480018,2,1,0,0,0,0,0,0,0,0,0,0
480019,1,1,26,0,0,0,0,0,0,0,0,0
480019,2,1,0,0,0,25,9,0,0,0,17,0
480020,1,1,0,21,0,0,0,0,0,0,41,0
480020,2,1,0,0,0,0,0,0,0,0,0,0
480021,1,1,0,0,0,0,0,14,0,0,0,0
480021,2,1,0,11,44,0,0,0,0,0,0,0
480021,3,1,0,0,0,17,7,0,0,0,9,0
480022,0,1,0,23,0,5,0,0,0,0,14,0
480022,1,1,0,0,0,0,0,15,0,0,0,0
480023,1,1,23,23,23,23,23,23,23,23,23,23
480024,1,1,19,0,0,18,0,0,0,0,9,0
480025,1,1,23,23,23,23,23,23,23,23,23,23
480026,0,1,0,0,0,0,0,0,0,0,0,0
480026,1,1,0,0,0,0,0,0,0,0,0,0
480027,0,1,0,0,31,16,0,22,23,6,0,0
480027,1,1,14,0,0,28,35,10,10,0,15,0
480028,0,1,20,0,0,0,63,0,0,0,31,30
480028,1,1,0,0,29,0,0,0,0,0,0,11
480029,1,1,0,0,0,0,0,0,0,0,0,0
480029,2,1,0,0,0,0,0,0,0,0,0,0
480029,3,1,0,0,0,0,0,0,0,0,0,0
480030,1,1,18,18,18,18,18,18,18,18,18,18
480030,2,1,0,0,0,0,0,0,0,0,0,0
480030,3,1,0,0,0,0,0,0,0,2,0,0
480031,0,1,0,26,0,17,42,0,22,0,23,19
480031,1,1,0,20,0,0,0,17,23,0,0,0
480031,2,1,23,0,0,0,0,18,0,0,0,0
480032,1,1,13,13,13,13,13,13,13,13,13,13
480033,1,1,0,0,0,34,0,0,17,15,9,18
480034,1,1,0,0,0,0,0,0,0,0,0,0
480034,2,1,0,0,0,0,0,0,0,0,0,0
480034,3,1,0,0,0,0,0,0,0,0,0,0
480034,4,1,0,0,0,0,0,0,0,0,0,0
480035,0,1,0,0,20,0,0,0,16,7,8,0
480035,1,1,15,0,0,0,0,0,10,0,0,0
480036,1,1,33,0,0,17,0,0,23,0,0,20
480037,1,1,0,5,0,8,10,11,24,15,22,15
480038,1,1,14,14,14,14,14,14,14,14,14,14
480039,1,1,0,14,0,0,10,0,19,0,0,0
480040,1,1,0,0,16,10,25,15,0,0,0,0
480041,1,1,0,0,0,0,0,0,0,0,0,0
480041,2,1,4,9,23,0,23,15,6,10,0,0
480042,1,1,0,0,0,0,0,0,0,0,0,0
480043,1,1,13,9,0,20,30,29,0,0,16,0
480044,1,1,0,0,0,0,0,0,27,0,0,0
480044,2,1,0,0,0,0,0,0,0,0,0,0
480045,1,1,0,11,0,41,0,17,16,0,0,0
480046,0,1,0,0,0,30,0,6,0,0,0,13
480046,1,1,0,0,0,0,0,0,0,0,0,0
480047,1,1,0,0,0,0,0,0,0,0,0,0
480047,2,1,0,0,0,0,0,0,0,0,0,0
480048,1,1,0,0,0,0,0,0,0,0,0,0
480049,0,1,6,6,6,6,6,6,6,6,6,6
480049,1,1,0,14,5,10,13,11,9,12,23,17
480050,0,1,0,0,0,0,0,0,0,0,0,0
480050,1,1,20,20,20,20,20,20,20,20,20,20
480051,1,1,0,0,0,0,0,0,0,0,0,0
480051,2,1,0,0,0,0,0,0,0,0,0,0
480052,1,1,12,12,12,12,12,12,12,12,12,12
480052,2,1,8,8,15,14,16,30,12,19,6,20
480053,1,1,0,0,0,20,0,24,0,0,4,0
480053,2,1,14,14,14,14,14,14,14,14,14,14
480054,0,1,5,5,5,5,5,5,5,5,5,5
480054,1,1,25,0,0,0,0,0,0,0,0,7
480055,0,1,0,0,0,0,0,22,0,35,0,20
480055,1,1,0,11,18,0,0,0,0,0,0,0
480056,1,1,0,0,0,0,0,0,8,0,0,22
480056,2,1,0,4,6,0,0,0,0,0,21,0
480056,3,1,0,0,0,0,14,0,0,8,0,22
480057,1,1,29,29,29,29,29,29,29,29,29,29
480058,0,1,0,0,0,0,32,0,0,0,0,14
480058,1,1,0,0,0,0,0,0,8,0,0,0
480058,2,1,0,0,0,17,0,9,0,0,0,0
480059,1,1,0,0,0,0,0,0,0,0,0,0
480060,1,1,0,0,0,0,0,0,0,0,0,0
480061,1,1,22,22,22,22,22,22,22,22,22,22
480061,2,1,0,0,0,0,0,0,0,0,0,0
480062,0,1,0,0,0,0,0,0,0,0,0,0
480062,1,1,0,0,0,15,0,0,0,0,0,0
480063,0,1,23,15,6,0,0,0,15,0,0,0
480063,1,1,17,8,29,6,10,6,7,0,18,23
480064,0,1,0,0,0,0,0,0,0,0,0,0
480064,1,1,0,0,20,23,0,25,0,9,0,0
480065,1,1,16,16,16,16,16,16,16,16,16,16
480065,2,1,0,0,0,0,0,0,0,0,0,0
480066,0,1,0,0,0,0,0,0,0,0,0,0
480066,1,1,13,0,16,13,0,3,14,0,0,0
480067,0,1,32,32,32,32,32,32,32,32,32,32
480067,1,1,0,8,13,0,27,0,0,0,8,0
480068,1,1,0,0,0,0,0,0,0,0,0,0
480068,2,1,0,0,0,0,0,0,0,0,0,0
480068,3,1,0,0,0,0,0,0,0,0,0,0
480068,4,1,0,0,0,0,0,0,0,0,0,0
480068,5,1,0,0,0,0,0,0,35,16,0,0
480068,6,1,0,0,0,0,0,0,5,0,0,0
480068,7,1,0,0,0,0,0,0,0,0,0,0
480069,1,1,14,0,19,0,44,0,0,4,23,0
480070,1,1,0,0,0,0,0,0,0,0,0,0
480070,2,1,0,0,0,0,0,0,0,0,0,0
480071,1,1,0,0,0,0,0,0,0,0,0,0
480072,0,1,0,0,0,0,0,0,0,0,0,0
480072,1,1,11,0,0,20,5,7,14,18,0,0
480073,1,1,0,0,0,0,0,0,0,0,0,0
480074,1,1,0,0,0,0,0,0,0,0,0,0
480074,2,1,0,0,0,0,0,0,0,0,0,0
480074,3,1,0,0,0,0,0,0,0,0,0,0
480075,1,1,0,0,20,0,0,0,12,0,0,0
480076,1,1,0,0,0,0,0,0,0,0,0,0
480076,2,1,0,0,0,0,0,0,0,0,0,0
480077,1,1,0,0,0,0,0,0,0,0,0,0
480077,2,1,0,0,0,0,0,0,0,0,0,0
480078,0,1,0,17,24,0,0,0,0,0,0,26
480078,1,1,0,0,0,0,0,0,0,0,0,0
480079,0,1,0,0,0,0,0,0,0,0,0,0
480079,1,1,0,0,0,0,0,0,0,0,0,0
480080,1,1,0,0,0,0,0,0,0,0,0,0
480081,0,1,0,0,0,0,0,0,0,0,0,0
480081,0,2,0,0,0,0,0,0,0,0,0,0
480081,0,3,0,0,0,0,0,0,16,8,0,0
480081,1,1,12,0,15,0,0,0,0,0,12,0
480082,0,1,0,0,0,0,0,0,23,0,0,0
480082,1,1,0,10,0,0,0,0,0,0,0,13
480083,1,1,0,0,0,17,0,0,27,0,0,20
480084,0,1,0,0,6,0,0,0,11,0,0,0
480084,1,1,10,18,0,0,0,0,0,16,0,7
480085,1,1,0,0,0,0,0,0,0,0,0,0
480085,2,1,0,0,0,0,0,0,0,0,0,0
480086,1,1,15,15,15,15,15,15,15,15,15,15
480087,0,1,0,0,0,0,0,0,0,0,0,0
480087,1,1,22,0,0,5,0,0,0,0,0,0
480088,1,1,17,0,18,7,0,34,46,0,0,27
480088,2,1,0,0,0,0,0,0,0,0,0,0
480089,1,1,0,0,0,0,0,0,0,0,0,0
480089,2,1,0,0,20,0,0,0,0,0,0,0
480091,0,1,16,0,0,0,0,0,25,20,10,0
480091,1,1,0,0,7,0,0,0,0,8,0,0
480092,0,1,15,26,0,30,0,0,0,0,17,0
480092,1,1,0,0,5,0,8,0,0,0,13,4
480093,0,1,40,0,0,0,0,0,0,8,39,0
480093,1,1,20,24,0,17,26,0,24,0,18,0
480094,1,1,0,0,26,11,0,9,0,0,0,0
480095,1,1,0,0,0,0,0,0,0,0,0,0
480096,1,1,0,0,0,0,0,0,0,0,0,0
480096,2,1,10,0,32,0,0,0,0,0,0,0
480097,1,1,0,0,0,0,0,0,0,0,0,0
480097,2,1,0,0,0,0,0,0,0,0,0,0
480098,1,1,26,26,26,26,26,26,26,26,26,26
480099,1,1,0,0,0,0,0,0,0,0,0,0
480100,1,1,23,12,17,28,11,3,7,44,6,11
480101,1,1,0,0,0,0,0,0,0,0,0,0
480101,2,1,12,0,0,0,0,0,0,0,0,0
480102,1,1,23,23,23,23,23,23,23,23,23,23
480103,0,1,25,25,25,25,25,25,25,25,25,25
480103,1,1,0,0,0,0,0,0,0,0,0,0
480104,1,1,0,0,26,22,41,0,11,16,4,0
480105,1,1,17,0,28,0,0,0,0,0,0,0
480105,2,1,0,33,0,0,0,0,0,0,0,0
480105,3,1,0,0,0,0,0,0,0,0,0,0
480107,1,1,24,24,24,24,24,24,24,24,24,24
480108,1,1,0,0,0,0,0,0,0,0,0,0
480108,2,1,0,0,0,0,0,0,0,0,0,0
480109,1,1,0,0,0,0,0,0,0,0,0,0
480109,2,1,0,0,0,0,0,0,0,0,0,0
480110,1,1,26,28,14,19,17,30,0,28,12,0
480110,2,1,0,0,0,0,6,0,0,0,0,0
480111,1,1,18,18,18,18,18,18,18,18,18,18
480112,1,1,26,0,0,0,4,12,0,19,10,0
480112,2,1,0,0,0,0,0,0,0,0,0,0
480113,1,1,0,4,48,13,19,0,29,0,16,14
480114,1,1,0,25,0,0,0,0,0,0,0,0
480114,2,1,18,0,0,0,0,0,0,0,0,8
480115,1,1,13,21,10,11,13,18,16,30,13,17
480116,1,1,0,0,0,0,0,0,0,0,0,0
480117,1,1,0,0,0,0,0,0,2,0,0,0
480117,2,1,0,0,0,0,0,0,0,0,0,0
480118,0,1,0,10,0,0,0,0,0,0,17,0
480118,0,2,0,0,0,0,0,0,0,0,0,0
480118,1,1,13,26,15,5,20,12,0,0,17,0
480119,1,1,0,0,30,0,0,0,0,0,0,0
480119,2,1,0,10,0,9,5,0,0,0,0,0
480120,0,1,8,8,8,8,8,8,8,8,8,8
480120,1,1,0,0,0,0,0,0,0,0,0,0
480120,2,1,0,0,0,0,0,0,0,0,0,0
480121,0,1,0,0,0,48,0,13,0,0,0,7
480121,1,1,0,19,0,0,19,0,0,0,24,0
480121,2,1,0,0,0,0,13,24,0,22,16,0
480122,1,1,0,0,0,0,0,0,0,0,0,0
480122,2,1,0,0,10,0,19,0,0,0,0,0
480122,3,1,36,0,0,0,13,0,0,0,11,0
480122,4,1,0,12,21,0,20,0,0,0,0,0
480123,1,1,0,0,0,0,0,0,0,0,0,0
480123,2,1,33,0,0,0,0,0,5,0,12,0
480124,1,1,17,17,17,17,17,17,17,17,17,17
480125,1,1,33,33,33,33,33,33,33,33,33,33
480126,1,1,0,0,0,0,0,0,32,0,0,0
480126,2,1,0,0,0,0,0,0,0,8,0,0
480127,1,1,19,0,0,15,6,0,0,0,6,0
480128,1,1,21,20,0,0,0,21,0,16,0,7
480128,2,1,0,15,0,0,0,4,0,0,10,0
480129,1,1,0,0,0,0,9,0,0,0,29,0
480129,2,1,0,0,0,0,0,0,0,0,0,0
480130,1,1,0,0,0,0,0,0,0,0,0,0
480130,2,1,0,0,0,0,0,0,0,21,0,0
480131,1,1,0,14,0,28,0,11,0,0,0,0
480131,2,1,0,0,0,0,0,0,0,0,0,0
480132,0,1,0,0,0,0,0,0,0,0,0,0
480132,1,1,0,10,0,20,26,0,0,5,0,0
480133,0,1,0,0,0,0,0,0,0,0,0,0
480133,1,1,10,3,17,28,8,10,0,14,21,13
480134,1,1,6,6,6,6,6,6,6,6,6,6
480136,1,1,0,0,0,0,0,0,27,27,9,21
480136,2,1,0,0,0,0,23,0,0,9,0,0
480137,1,1,4,4,4,4,4,4,4,4,4,4
480137,2,1,0,0,0,0,0,0,0,0,0,0
480139,0,1,0,35,22,9,0,0,0,18,0,0
480139,1,1,0,0,0,0,12,0,0,35,33,18
480140,1,1,8,8,8,8,8,8,8,8,8,8
480140,2,1,3,3,3,3,3,3,3,3,3,3
480141,1,1,15,15,15,15,15,15,15,15,15,15
480142,1,1,0,0,0,0,0,0,0,0,0,0
480143,1,1,0,0,29,29,0,37,0,0,22,0
480144,1,1,36,16,13,1,16,12,3,0,20,0
480145,0,1,28,28,28,28,28,28,28,28,28,28
480145,1,1,0,12,0,0,0,0,0,0,6,0
480145,2,1,0,0,21,0,9,0,0,0,0,0
480146,1,1,0,0,10,0,0,0,0,0,18,0
480147,0,1,0,0,0,3,18,11,0,0,0,0
480147,1,1,0,0,0,0,0,0,0,27,0,0
480148,1,1,0,0,2,0,0,19,0,0,8,11
480148,2,1,0,21,0,15,0,15,19,0,19,0
480149,1,1,22,22,22,22,22,22,22,22,22,22
480149,2,1,0,0,0,0,0,0,0,0,0,0
480150,0,1,0,0,0,0,0,0,0,0,0,0
480150,1,1,0,0,0,0,0,0,0,0,0,0
480151,0,1,0,0,0,0,0,0,0,0,0,0
480151,1,1,0,0,0,0,0,0,0,0,0,0
480152,1,1,0,0,16,15,28,23,0,0,0,12
480153,0,1,14,0,0,15,0,0,10,0,0,0
480153,1,1,0,15,11,16,0,12,0,17,0,0
480154,0,1,0,0,0,0,0,0,0,0,0,0
480154,1,1,0,0,0,0,0,0,0,0,0,0
480155,0,1,33,40,30,0,0,0,20,0,26,0
480155,1,1,28,13,11,0,16,15,14,0,20,21
480156,0,1,0,0,0,0,0,0,0,0,0,0
480156,1,1,0,21,0,0,0,0,0,0,7,0
480156,2,1,0,20,0,0,0,0,0,24,0,0
480157,1,1,7,0,15,20,0,0,18,0,0,13
480157,2,1,0,23,16,0,0,20,15,13,0,0
480158,1,1,0,0,0,0,0,0,0,0,0,0
480158,2,1,0,0,0,0,0,0,0,0,0,0
480158,3,1,40,0,0,0,0,19,0,0,0,0
480158,4,1,0,0,0,0,19,22,0,3,32,0
480158,5,1,0,0,0,0,0,0,0,0,16,20
480159,1,1,11,11,11,11,11,11,11,11,11,11
480160,1,1,6,0,0,0,13,0,0,0,0,0
480161,1,1,0,0,0,0,0,0,0,0,0,0
480162,1,1,0,0,0,0,0,0,0,0,0,0
480162,2,1,0,0,3,0,0,0,0,0,2,0
480162,3,1,0,0,0,0,0,0,0,0,0,0
480163,1,1,0,0,0,0,0,0,0,0,0,47
480163,2,1,16,0,0,0,13,0,0,0,0,0
480164,1,1,22,22,22,22,22,22,22,22,22,22
480165,1,1,25,25,25,25,25,25,25,25,25,25
480165,2,1,0,0,0,0,11,0,15,0,0,0
480165,3,1,0,0,0,0,0,0,0,0,0,0
480166,1,1,19,19,19,19,19,19,19,19,19,19
480167,1,1,19,0,0,0,0,12,0,8,26,12
480168,1,1,0,0,0,23,11,0,5,0,0,0
480168,2,1,21,21,21,21,21,21,21,21,21,21
480169,1,1,24,24,24,24,24,24,24,24,24,24
480169,2,1,9,9,9,9,9,9,9,9,9,9
480170,0,1,2,0,20,0,0,0,0,33,0,0
480170,1,1,0,0,0,8,0,0,0,0,0,11
480171,0,1,0,0,0,0,0,0,0,0,0,0
480171,1,1,17,0,0,0,0,0,32,11,0,16
480172,1,1,0,0,0,0,27,0,11,0,0,0
480172,2,1,26,11,19,23,21,11,16,10,8,15
480173,1,1,0,0,0,0,0,0,0,0,0,0
480174,1,1,0,0,0,0,0,0,0,0,0,0
480175,1,1,0,0,0,0,0,0,0,0,0,0
480175,2,1,0,0,0,4,5,0,0,6,0,0
480176,1,1,0,0,0,0,0,0,0,0,0,0
480176,2,1,12,0,0,0,21,0,0,0,30,0
480177,0,1,36,36,36,36,36,36,36,36,36,36
480177,1,1,5,11,37,0,4,27,0,19,11,0
480177,2,1,0,0,8,11,0,14,16,0,14,35
480178,1,1,0,0,0,0,0,0,0,12,0,0
480178,2,1,0,0,0,0,0,0,4,0,11,0
480178,3,1,0,11,0,0,0,0,0,0,0,15
480179,1,1,0,0,0,0,0,0,0,0,0,0
480179,2,1,0,0,0,0,0,0,0,19,0,0
480180,1,1,0,0,0,0,0,0,0,3,24,9
480180,2,1,0,0,12,0,0,0,9,0,0,0
480181,0,1,0,0,0,0,0,19,0,21,37,21
480181,1,1,0,0,23,0,27,25,0,0,21,0
480181,2,1,0,0,13,0,0,0,0,0,0,0
480182,1,1,18,18,18,18,18,18,18,18,18,18
480183,1,1,11,0,20,34,0,0,0,19,21,7
480184,0,1,0,0,0,0,0,0,0,0,0,0
480184,1,1,0,30,0,0,2,0,0,11,0,0
480185,1,1,12,0,0,0,0,0,0,0,0,19
480185,2,1,0,18,0,0,0,0,0,0,0,0
480186,1,1,0,0,0,0,0,0,0,0,0,0
480186,2,1,0,0,0,6,0,0,0,0,0,0
480187,1,1,0,0,0,0,0,0,0,0,0,0
480187,2,1,0,0,0,0,0,0,3,0,0,0
480188,1,1,0,0,0,0,0,0,0,23,0,0
480188,2,1,0,0,25,0,0,10,0,0,0,0
480190,1,1,0,23,0,0,0,0,0,0,11,0
480190,2,1,0,0,33,0,0,0,0,0,0,0
480191,1,1,0,0,0,0,0,0,0,0,0,0
480191,2,1,0,0,0,0,0,0,0,0,0,0
480193,0,1,0,0,0,0,0,0,13,18,0,0
480193,1,1,0,0,0,0,0,0,0,0,0,0
480194,1,1,0,11,0,0,0,31,0,0,0,0
480194,2,1,0,0,39,0,13,9,0,0,0,0
480195,1,1,0,0,0,6,0,0,0,0,0,0
480195,2,1,0,0,0,0,0,0,0,0,0,0
480196,1,1,0,0,0,0,0,0,0,0,0,0
480196,2,1,0,0,0,0,0,0,0,0,0,0
480196,3,1,0,0,0,0,0,0,0,0,0,0
480197,1,1,0,0,0,0,0,0,0,11,0,0
480197,2,1,3,19,0,0,0,0,0,0,0,0
480198,1,1,24,24,24,24,24,24,24,24,24,24
480199,1,1,9,20,17,12,18,28,33,9,20,14
480200,1,1,0,5,25,0,0,0,0,0,0,0
480200,2,1,0,0,0,0,7,0,0,0,0,0
480201,1,1,5,5,5,5,5,5,5,5,5,5
480201,2,1,10,23,0,0,27,0,0,23,0,0
480201,3,1,0,0,0,0,20,6,0,12,0,17
480202,1,1,9,9,9,9,9,9,9,9,9,9
480203,1,1,0,4,14,0,3,18,0,0,16,8
480203,2,1,0,0,0,0,0,18,0,0,0,0
480204,1,1,15,15,15,15,15,15,15,15,15,15
480205,1,1,0,22,0,0,0,0,0,13,0,0
480206,1,1,0,0,0,0,0,0,0,0,0,0
480206,2,1,0,0,0,0,0,0,0,0,0,0
480207,1,1,0,0,0,0,0,0,0,0,0,0
480208,1,1,0,0,0,0,0,0,0,0,0,0
480208,2,1,10,29,0,0,0,0,0,0,0,0
480209,1,1,0,0,0,0,5,0,0,13,0,0
480209,2,1,27,0,2,7,0,0,22,0,0,0
480210,1,1,0,0,0,0,0,0,0,0,0,0
480210,2,1,0,0,0,0,0,0,0,0,0,14
480210,3,1,0,0,0,0,13,0,0,0,16,0
480211,0,1,0,0,0,0,0,0,0,0,0,0
480211,1,1,0,0,0,0,0,0,2,0,0,0
480212,0,1,15,15,15,15,15,15,15,15,15,15
480212,0,2,0,0,0,23,13,0,0,0,36,25
480212,1,1,0,0,16,19,0,0,11,0,0,0
480213,1,1,26,10,0,0,0,0,0,0,0,0
480213,2,1,20,28,0,0,0,0,0,0,0,0
480214,1,1,16,16,16,16,16,16,16,16,16,16
480215,1,1,15,15,15,15,15,15,15,15,15,15
480215,2,1,0,0,0,0,0,0,0,0,0,0
480215,3,1,0,17,0,0,9,0,20,0,0,0
480215,4,1,0,0,0,0,0,0,16,0,11,0
480215,5,1,2,9,10,0,4,14,19,13,0,15
480216,1,1,20,20,20,20,20,20,20,20,20,20
480216,2,1,0,0,15,0,0,13,0,15,10,15
480217,1,1,0,12,0,0,0,0,0,0,0,15
480217,2,1,0,0,0,0,0,31,0,0,0,0
480218,1,1,0,0,0,0,0,0,11,0,0,0
480219,1,1,0,8,0,0,0,9,0,0,0,0
480219,2,1,0,0,0,0,0,0,0,0,0,0
480220,0,1,0,0,0,0,0,0,0,0,0,0
480220,1,1,0,0,13,0,0,0,0,0,0,10
480221,1,1,0,0,0,0,0,0,0,0,0,0
480222,1,1,16,0,17,22,7,9,0,10,12,0
480223,1,1,0,25,0,0,0,0,0,0,0,9
480223,2,1,0,0,0,0,0,0,32,0,0,0
480224,0,1,0,0,0,0,0,0,0,0,0,0
480224,1,1,0,0,0,0,0,0,0,0,0,0
480225,0,1,19,0,0,0,0,0,0,0,0,0
480225,0,2,0,16,0,0,15,21,0,0,0,0
480225,1,1,0,0,0,0,0,13,0,14,5,0
480226,0,1,0,0,0,0,0,0,0,0,0,0
480227,1,1,0,0,0,0,0,0,0,0,0,0
480227,2,1,0,0,0,0,0,0,0,0,0,0
480228,1,1,0,0,0,0,0,0,0,0,0,0
480228,2,1,0,0,0,0,0,0,0,0,0,0
480229,1,1,0,0,0,0,0,0,0,0,0,0
480229,2,1,0,0,0,0,0,0,0,0,0,0
480230,1,1,0,0,14,16,0,14,0,0,18,0
480230,2,1,13,0,0,0,0,22,0,0,13,0
480231,1,1,14,13,10,19,0,6,0,0,14,14
480232,1,1,9,9,9,9,9,9,9,9,9,9
480233,0,1,8,11,0,0,0,0,11,20,0,0
480233,1,1,0,6,0,0,0,0,14,0,10,27
480234,1,1,28,28,28,28,28,28,28,28,28,28
480235,1,1,0,0,0,0,7,0,0,0,0,0
480235,2,1,0,0,0,0,0,0,0,0,0,0
480236,1,1,0,0,0,0,0,0,0,0,0,0
480237,1,1,20,20,20,20,20,20,20,20,20,20
480238,1,1,16,16,16,16,16,16,16,16,16,16
480238,2,1,0,11,0,0,0,0,24,0,0,11
480239,0,1,31,8,0,0,0,27,0,0,0,11
480239,1,1,0,0,0,0,0,20,0,0,0,0
480240,0,1,0,23,0,13,0,0,0,0,0,0
480240,1,1,20,0,0,0,10,0,0,0,0,0
480241,1,1,7,20,0,0,15,0,0,0,0,15
480241,2,1,0,0,0,27,0,0,0,0,0,0
480242,1,1,6,6,6,6,6,6,6,6,6,6
480243,1,1,23,0,13,0,24,0,27,17,0,12
480243,2,1,0,0,0,0,0,19,0,7,0,0
480244,1,1,0,0,0,0,0,0,0,0,0,0
480245,0,1,8,8,8,8,8,8,8,8,8,8
480245,1,1,0,0,0,18,18,25,0,15,0,25
480248,0,1,8,8,8,8,8,8,8,8,8,8
480248,1,1,21,0,5,0,0,0,13,14,0,0
480249,1,1,22,22,22,22,22,22,22,22,22,22
480250,1,1,17,0,0,0,0,0,0,0,0,0