ST_CASE,VEH_NO,PER_NO,P1,P2,P3,P4,P5,P6,P7,P8,P9,P10
480250,2,1,0,0,0,0,0,0,0,0,0,0
480251,1,1,19,19,19,19,19,19,19,19,19,19
480251,2,1,0,0,0,33,0,0,0,0,0,0
480252,0,1,0,0,0,0,0,0,0,0,0,0
480252,0,2,0,0,20,0,0,0,0,0,0,0
480252,1,1,0,0,0,0,0,0,0,0,0,12
480253,1,1,0,0,0,0,0,0,0,0,0,0
480253,2,1,0,0,0,0,0,0,0,0,0,0
480254,1,1,0,0,0,0,0,0,0,0,0,0
480254,2,1,24,16,0,10,12,0,0,14,32,9
480255,1,1,0,0,0,0,0,0,0,0,0,0
480255,2,1,3,3,3,3,3,3,3,3,3,3
480256,1,1,12,21,32,26,4,21,11,21,35,0
480257,1,1,0,0,0,0,0,0,0,0,0,0
480257,2,1,0,24,15,17,0,0,36,0,0,20
480258,0,1,0,11,0,0,0,0,0,0,19,34
480258,1,1,0,14,0,15,20,0,0,31,7,18
480259,1,1,0,0,0,0,0,0,0,0,21,0
480259,2,1,0,4,6,0,0,0,8,0,0,14
480260,1,1,0,0,0,0,0,0,0,0,0,0
480260,2,1,0,0,18,0,0,0,0,0,0,0
480261,1,1,6,0,0,0,0,0,0,0,0,0
480261,2,1,0,0,0,0,0,16,0,0,0,0
480262,0,1,24,24,24,24,24,24,24,24,24,24
480262,1,1,0,0,14,0,0,13,30,22,0,0
480263,0,1,0,0,0,0,0,0,0,0,0,0
480263,1,1,0,0,0,0,0,0,0,0,0,0
480264,1,1,0,0,0,0,15,0,0,0,0,0
480264,2,1,0,0,0,0,18,22,0,0,0,0
480265,0,1,0,0,0,0,0,0,0,0,0,0
480265,1,1,18,2,33,0,0,11,0,33,0,16
480266,1,1,0,0,0,0,0,0,0,0,0,0
480267,0,1,14,14,14,14,14,14,14,14,14,14
480267,1,1,0,12,5,0,0,0,0,17,0,17
480268,0,1,0,0,0,0,0,0,0,0,0,0
480268,1,1,0,0,0,0,0,0,0,0,0,0
480269,0,1,11,10,0,4,4,0,0,16,0,46
480269,1,1,0,0,0,0,17,0,0,0,0,0
480270,1,1,0,0,0,0,0,0,0,0,0,0
480270,2,1,0,0,0,0,0,0,0,13,0,9
480271,0,1,0,0,0,0,0,0,0,0,0,0
480271,1,1,0,0,0,0,0,0,0,0,0,0
480272,1,1,3,3,3,3,3,3,3,3,3,3
480272,2,1,0,0,0,0,0,0,0,0,0,0
480273,1,1,4,4,4,4,4,4,4,4,4,4
480274,0,1,0,0,0,0,0,0,0,0,0,0
480274,1,1,0,0,0,0,0,0,0,0,19,0
480276,1,1,0,28,22,0,9,0,0,36,11,30
480277,1,1,0,0,0,0,0,0,0,0,0,0
480277,2,1,0,0,0,0,0,0,0,0,0,0
480277,3,1,0,0,0,0,0,0,0,0,0,0
480278,1,1,45,42,0,0,26,18,22,16,18,18
480279,1,1,0,0,0,0,0,0,0,0,0,0
480279,2,1,30,30,30,30,30,30,30,30,30,30
480280,1,1,0,0,0,0,0,0,0,0,0,0
480280,2,1,6,0,0,0,0,0,0,0,0,0
480281,1,1,8,8,8,8,8,8,8,8,8,8
480282,1,1,0,0,0,0,0,0,0,0,0,0
480282,2,1,18,0,0,0,9,15,0,22,0,0
480283,1,1,0,0,0,0,0,34,0,0,0,0
480284,1,1,0,15,0,14,24,0,0,0,0,0
480284,2,1,0,0,0,0,0,0,0,0,0,0
480285,0,1,0,0,0,0,0,0,0,0,0,34
480285,1,1,0,0,4,0,0,0,0,0,0,12
480286,1,1,0,0,0,0,0,0,0,0,0,0
480286,2,1,0,0,0,0,0,0,0,0,0,0
480286,3,1,0,0,25,0,0,0,0,0,0,0
480287,1,1,0,12,24,33,27,6,14,10,14,10
480288,0,1,0,0,0,0,0,0,0,0,0,0
480288,1,1,0,0,0,0,0,0,3,0,0,0
480289,0,1,0,0,0,0,0,0,0,0,0,0
480289,1,1,0,0,0,0,0,0,0,0,0,0
480290,1,1,0,0,18,0,0,0,0,0,0,0
480290,2,1,0,0,0,0,0,0,0,0,0,0
480291,1,1,0,0,0,0,0,19,0,0,0,0
480291,2,1,0,0,0,0,0,0,0,0,0,0
480292,0,1,0,0,0,0,0,0,0,0,0,0
480292,1,1,0,0,0,0,0,0,0,0,0,0
480293,1,1,0,0,0,0,0,0,0,0,0,0
480293,2,1,0,9,0,0,0,0,0,0,0,0
480295,1,1,0,0,0,0,0,15,17,13,0,0
480295,2,1,4,0,20,0,0,0,0,0,0,0
480295,3,1,0,29,0,0,0,0,9,0,28,0
480295,4,1,0,0,0,0,0,0,0,35,0,0
480296,1,1,10,0,0,0,0,15,0,0,13,0
480296,2,1,0,0,0,0,0,0,0,2,0,0
480296,3,1,9,0,0,22,0,0,0,0,0,0
480296,4,1,0,0,0,0,0,18,0,0,0,12
480297,1,1,0,0,12,5,0,19,18,2,2,0
480298,0,1,26,6,0,0,0,0,0,9,31,36
480298,0,2,0,0,0,0,35,0,0,28,0,0
480298,0,3,0,55,0,0,0,0,0,32,20,0
480298,0,4,0,0,0,0,0,27,0,0,7,0
480298,1,1,17,17,17,17,17,17,17,17,17,17
480299,1,1,0,0,0,0,0,0,0,0,0,0
480300,1,1,19,19,19,19,19,19,19,19,19,19
480300,2,1,0,0,0,0,0,0,0,0,0,0
480301,1,1,0,10,22,17,11,23,14,0,14,12
480301,2,1,0,0,31,0,0,0,0,0,31,0
480302,1,1,19,19,19,19,19,19,19,19,19,19
480303,1,1,34,0,15,0,0,15,9,0,12,32
480304,1,1,0,0,0,6,13,0,0,0,17,0
480304,2,1,0,0,14,0,0,0,0,0,0,0
480305,1,1,0,0,0,13,6,0,0,14,0,0
480306,1,1,0,0,0,0,0,0,0,0,0,0
480307,1,1,2,2,2,2,2,2,2,2,2,2
480307,2,1,0,0,0,0,0,0,0,0,0,0
480308,1,1,0,0,0,0,0,0,0,0,0,0
480309,0,1,0,0,0,0,0,0,0,0,0,0
480309,1,1,0,0,0,10,17,0,0,0,0,11
480310,0,1,0,0,14,0,0,4,0,0,23,0
480310,1,1,0,0,0,0,0,0,2,0,0,0
480310,2,1,0,32,5,0,0,0,23,9,0,27
480311,0,1,17,17,17,17,17,17,17,17,17,17
480311,1,1,0,0,0,0,6,0,0,0,17,0
480312,1,1,0,25,0,0,0,0,5,0,18,0
480313,1,1,0,0,0,0,0,0,0,0,0,0
480313,2,1,0,0,28,0,0,0,0,0,0,0
480314,1,1,0,0,0,0,58,0,0,0,12,0
480314,2,1,0,0,0,0,0,0,0,0,0,0
480315,1,1,12,12,12,12,12,12,12,12,12,12
480315,2,1,0,0,0,0,0,0,0,0,0,0
480315,3,1,0,0,0,0,0,0,0,0,0,0
480316,1,1,0,0,0,0,0,0,0,0,0,0
480316,2,1,0,0,0,0,0,0,0,0,0,0
480317,1,1,16,16,16,16,16,16,16,16,16,16
480318,1,1,0,0,0,20,0,0,0,35,0,0
480319,1,1,0,0,0,0,0,0,0,0,0,0
480320,0,1,0,0,0,0,0,0,0,0,0,0
480320,1,1,0,0,0,0,0,0,0,0,0,0
480320,2,1,0,0,0,37,0,0,0,23,0,0
480321,1,1,0,0,0,0,0,0,0,0,0,0
480322,1,1,0,0,0,0,0,0,0,0,0,0
480322,2,1,0,0,0,0,0,0,0,0,0,0
480323,1,1,0,0,0,9,0,30,28,0,19,28
480324,1,1,0,0,0,0,0,0,0,0,0,0
480325,1,1,0,0,0,0,0,0,0,0,0,0
480325,2,1,0,0,51,0,0,0,15,0,0,0
480326,0,1,12,8,16,14,16,31,3,11,14,15
480326,1,1,0,0,0,0,15,0,0,0,0,0
480327,1,1,0,0,0,0,0,0,0,3,0,0
480328,1,1,19,19,19,19,19,19,19,19,19,19
480328,2,1,0,0,26,0,0,0,0,12,0,0
480329,0,1,0,13,11,0,15,0,0,17,0,33
480329,0,2,25,25,0,0,0,20,0,0,27,0
480329,0,3,20,19,10,0,14,0,0,0,0,0
480329,1,1,21,21,21,21,21,21,21,21,21,21
480330,0,1,0,0,0,0,0,0,0,0,0,0
480330,1,1,0,0,0,0,0,0,7,0,0,0
480331,0,1,28,20,0,0,0,0,0,0,0,13
480331,1,1,7,6,0,0,7,0,21,11,25,8
480332,0,1,20,20,20,20,20,20,20,20,20,20
480332,1,1,0,0,0,0,0,0,0,0,0,0
480333,0,1,28,28,28,28,28,28,28,28,28,28
480333,1,1,7,39,0,25,7,0,0,19,18,0
480334,0,1,0,0,0,0,0,0,0,0,0,0
480334,1,1,0,0,0,0,0,0,0,0,0,0
480335,1,1,0,0,0,0,0,0,0,0,0,5
480335,2,1,30,0,0,0,0,0,0,0,0,0
480336,1,1,0,0,0,0,0,0,0,0,0,0
480337,1,1,0,0,12,24,10,12,0,0,0,0
480338,1,1,0,0,0,0,0,0,0,0,0,0
480338,2,1,0,0,0,0,0,0,0,0,0,0
480339,1,1,21,0,22,0,6,0,21,0,0,14
480340,0,1,20,20,20,20,20,20,20,20,20,20
480340,1,1,17,4,0,0,6,13,0,0,15,0
480340,2,1,11,20,29,34,17,13,0,15,16,15
480341,1,1,0,0,0,0,0,0,0,0,0,0
480341,2,1,0,0,0,0,0,0,0,0,0,0
480342,1,1,7,7,7,7,7,7,7,7,7,7
480343,0,1,26,0,0,0,10,0,30,0,0,0
480343,1,1,0,0,0,12,0,0,0,0,0,9
480344,1,1,17,17,17,17,17,17,17,17,17,17
480345,1,1,10,10,10,10,10,10,10,10,10,10
480346,1,1,0,0,0,0,0,0,0,0,0,0
480346,2,1,0,0,0,0,35,0,20,0,0,0
480347,0,1,0,0,0,0,0,0,0,0,0,0
480347,1,1,33,0,0,0,0,0,0,0,0,0
480348,1,1,15,15,15,15,15,15,15,15,15,15
480348,2,1,0,0,0,0,0,0,0,0,15,0
480349,1,1,0,0,0,0,0,0,0,0,0,0
480349,2,1,0,0,0,0,0,0,0,0,0,0
480349,3,1,0,0,0,0,0,0,0,0,0,0
480351,1,1,0,0,0,0,0,0,0,0,0,0
480351,2,1,0,0,0,0,11,0,9,0,0,0
480352,1,1,0,0,0,0,0,0,0,0,0,0
480353,1,1,20,29,0,0,11,0,13,24,0,0
480353,2,1,0,0,0,0,0,0,0,0,0,0
480355,1,1,6,0,0,0,0,0,0,12,0,0
480356,1,1,14,0,0,0,0,0,0,0,24,0
480356,2,1,7,0,0,0,10,27,8,6,0,0
480356,3,1,0,0,0,0,0,0,0,0,0,0
480357,1,1,17,17,17,17,17,17,17,17,17,17
480358,0,1,29,29,29,29,29,29,29,29,29,29
480358,1,1,0,0,0,0,0,17,0,6,0,0
480359,1,1,0,0,0,0,0,0,0,0,0,0
480359,2,1,0,0,0,0,0,0,0,0,38,0
480360,1,1,0,0,0,0,0,0,0,0,0,0
480361,1,1,0,0,0,0,5,0,22,0,0,0
480362,0,1,0,0,0,23,0,24,0,0,0,24
480362,1,1,0,13,0,0,0,0,15,0,0,0
480363,1,1,0,36,0,0,0,0,0,0,0,12
480364,1,1,0,0,0,0,0,23,0,9,0,0
480365,1,1,7,12,27,10,23,40,18,26,22,16
480366,0,1,7,7,7,7,7,7,7,7,7,7
480366,1,1,15,0,0,0,0,0,0,0,0,6
480367,1,1,0,0,18,0,0,0,0,0,0,0
480367,2,1,0,0,0,0,0,0,0,0,0,0
480368,1,1,10,10,10,10,10,10,10,10,10,10
480369,1,1,0,0,0,0,0,24,0,0,9,0
480370,1,1,11,0,0,0,0,0,0,8,0,0
480370,2,1,0,30,0,0,25,0,0,0,0,30
480371,0,1,0,0,0,0,0,0,0,0,0,0
480371,1,1,0,0,29,0,0,0,0,0,0,0
480372,1,1,0,0,0,0,0,0,0,0,0,0
480372,2,1,0,0,0,0,0,0,0,0,0,0
480373,1,1,16,15,17,8,8,10,16,0,14,13
480374,1,1,19,19,19,19,19,19,19,19,19,19
480375,1,1,0,0,0,13,0,19,0,27,7,0
480376,1,1,21,21,21,21,21,21,21,21,21,21
480377,0,1,6,0,13,16,12,18,24,10,20,21
480377,1,1,5,15,25,0,0,0,24,0,5,0
480378,1,1,0,9,0,27,0,0,0,0,0,11
480379,0,1,20,20,20,20,20,20,20,20,20,20
480379,1,1,6,6,6,6,6,6,6,6,6,6
480380,1,1,9,9,9,9,9,9,9,9,9,9
480380,2,1,0,0,0,0,0,0,0,0,0,0
480381,1,1,0,0,0,0,0,0,0,0,0,0
480381,2,1,0,0,0,0,0,0,0,0,0,0
480382,1,1,0,10,0,0,0,0,0,0,0,0
480382,2,1,29,15,14,0,20,0,9,3,19,16
480383,1,1,2,2,2,2,2,2,2,2,2,2
480384,1,1,0,0,0,0,0,0,0,0,0,0
480384,2,1,0,0,12,0,0,22,0,0,0,0
480385,1,1,0,22,0,0,0,12,0,0,0,0
480385,2,1,0,0,0,0,0,0,0,0,0,0
480385,3,1,16,0,0,0,0,0,0,0,0,0
480386,1,1,20,20,20,20,20,20,20,20,20,20
480386,2,1,0,0,0,0,0,0,0,0,0,0
480387,1,1,0,0,0,0,0,0,0,0,0,0
480387,2,1,0,0,16,14,0,12,0,4,0,0
480388,0,1,0,0,0,0,0,0,0,0,0,0
480388,1,1,0,0,0,0,0,0,0,0,0,10
480389,1,1,16,13,10,16,10,10,0,21,17,21
480390,1,1,18,10,0,0,27,8,0,0,0,0
480390,2,1,0,0,0,0,20,0,0,0,0,0
480391,1,1,18,18,18,18,18,18,18,18,18,18
480392,1,1,0,0,0,0,0,0,0,0,0,0
480392,2,1,0,0,0,0,0,0,0,0,0,0
480393,0,1,0,0,0,0,0,0,0,0,0,0
480393,1,1,0,0,0,0,6,0,19,0,9,0
480395,0,1,0,0,0,0,0,0,0,0,0,0
480395,1,1,0,0,0,0,0,0,0,0,0,0
480396,1,1,0,0,0,26,0,0,0,0,0,0
480397,1,1,33,33,33,33,33,33,33,33,33,33
480398,1,1,10,0,0,0,20,11,0,0,0,0
480398,2,1,0,17,29,0,11,0,0,0,0,20
480399,1,1,0,0,0,0,0,16,0,0,0,5
480399,2,1,0,0,0,0,0,0,0,0,0,0
480400,1,1,0,0,0,0,0,0,0,0,0,0
480400,2,1,0,0,0,0,0,0,0,19,0,0
480401,1,1,0,0,0,0,0,0,0,0,0,0
480401,2,1,0,0,0,0,0,0,0,0,0,0
480402,1,1,10,10,10,10,10,10,10,10,10,10
480403,1,1,0,0,0,0,0,0,0,0,0,0
480403,2,1,0,0,0,0,0,0,0,0,0,0
480404,0,1,0,0,0,0,0,0,0,0,0,0
480404,1,1,0,0,22,17,20,0,0,0,24,0
480404,2,1,13,17,0,0,20,0,28,0,0,0
480404,3,1,8,0,0,0,0,0,4,0,0,19
480404,4,1,35,20,0,12,0,13,15,29,32,9
480405,1,1,0,0,0,0,0,0,0,0,0,0
480406,0,1,0,0,0,0,0,0,0,0,0,0
480406,1,1,0,0,0,0,0,0,0,0,0,0
480407,1,1,0,15,26,0,7,11,0,0,17,0
480407,2,1,6,10,9,19,6,7,5,10,12,9
480408,1,1,0,0,0,0,0,0,0,0,0,0
480409,0,1,0,0,0,0,0,0,0,0,0,0
480409,1,1,0,12,0,22,0,14,0,0,13,0
480410,0,1,22,0,0,0,17,0,8,0,35,0
480410,1,1,0,0,0,0,10,0,20,0,0,0
480410,2,1,20,0,17,0,13,12,22,0,9,4
480411,1,1,22,22,22,22,22,22,22,22,22,22
480412,1,1,0,9,32,8,0,0,12,0,0,0
480412,2,1,0,0,0,20,23,24,0,0,0,26
480413,0,1,0,0,0,0,0,0,0,0,0,0
480413,1,1,0,0,0,0,0,0,0,0,0,5
480414,1,1,28,16,10,8,17,0,9,16,13,21
480414,2,1,0,31,0,0,12,6,0,10,0,14
480414,3,1,0,0,13,3,0,8,20,27,0,0
480415,1,1,0,0,0,10,29,57,0,0,14,0
480416,1,1,0,0,0,0,0,0,0,7,0,0
480416,2,1,0,0,0,0,0,0,0,0,0,0
480417,1,1,19,19,19,19,19,19,19,19,19,19
480418,1,1,0,23,0,0,0,0,20,0,0,17
480418,2,1,0,0,0,0,0,0,0,0,0,0
480420,1,1,25,25,25,25,25,25,25,25,25,25
480421,0,1,0,0,0,0,38,36,0,0,0,0
480421,1,1,0,0,22,0,0,0,14,0,13,0
480422,1,1,18,0,0,22,18,0,11,0,0,0
480423,1,1,10,0,0,0,0,0,0,0,0,19
480424,1,1,0,0,0,0,0,0,0,0,0,0
480425,1,1,0,0,0,0,0,0,0,0,0,0
480425,2,1,3,0,0,16,0,0,0,0,0,2
480426,0,1,0,18,0,0,8,0,0,10,0,0
480426,1,1,18,0,0,0,0,0,0,0,0,0
480428,1,1,0,0,0,0,0,0,0,0,0,0
480429,0,1,0,0,0,0,0,0,0,0,0,0
480429,1,1,19,19,19,19,19,19,19,19,19,19
480430,1,1,0,0,14,0,0,0,0,0,38,0
480431,1,1,0,0,0,0,0,0,0,0,0,0
480432,1,1,21,21,21,21,21,21,21,21,21,21
480433,1,1,0,0,0,0,0,0,0,0,0,0
480434,1,1,0,0,0,0,0,0,0,0,0,0
480436,1,1,33,22,0,0,12,0,11,0,33,0
480437,0,1,0,0,0,0,0,0,0,0,0,0
480437,1,1,0,0,0,9,35,0,16,11,0,0
480438,1,1,0,0,23,0,4,0,0,0,0,0
480438,2,1,0,0,0,0,0,0,10,0,0,0
480439,1,1,0,0,0,0,0,0,22,0,0,0
480440,1,1,0,0,0,0,0,0,0,0,0,0
480440,2,1,16,16,16,16,16,16,16,16,16,16
480441,0,1,0,0,0,0,0,0,0,0,0,0
480441,1,1,15,15,15,15,15,15,15,15,15,15
480443,1,1,23,23,23,23,23,23,23,23,23,23
480443,2,1,0,0,11,0,0,23,0,0,0,0
480444,1,1,10,0,0,13,0,0,19,0,0,0
480444,2,1,0,0,0,17,0,0,0,9,0,18
480445,1,1,0,0,0,0,0,0,0,0,0,0
480446,1,1,8,8,8,8,8,8,8,8,8,8
480447,0,1,0,0,0,5,0,0,29,0,0,0
480447,1,1,0,0,29,0,0,0,6,0,0,0
480448,1,1,22,22,22,22,22,22,22,22,22,22
480449,0,1,0,0,0,0,0,0,0,0,0,0
480449,1,1,0,0,0,0,0,0,0,0,0,0
480450,1,1,0,0,0,0,0,0,0,0,0,0
480450,2,1,0,0,0,0,0,0,0,0,0,0
480451,1,1,0,0,0,0,0,0,0,0,0,0
480451,2,1,0,0,0,0,0,0,0,0,0,0
480452,1,1,0,0,10,0,9,0,0,0,0,0
480452,2,1,0,0,0,0,0,0,0,0,0,0
480454,0,1,0,0,0,0,0,0,0,0,0,0
480454,1,1,10,0,22,0,0,0,0,17,25,0
480455,1,1,0,0,0,0,0,0,0,0,0,0
480456,1,1,0,19,0,0,18,0,0,0,37,0
480456,2,1,0,0,0,0,0,0,0,0,0,11
480458,0,1,0,0,0,0,0,0,0,0,0,0
480458,1,1,3,0,0,0,0,0,0,14,0,0
480459,1,1,17,17,17,17,17,17,17,17,17,17
480459,2,1,0,0,5,14,12,20,6,15,4,26
480460,1,1,0,0,0,0,0,0,0,0,11,0
480460,2,1,0,0,0,0,0,0,0,0,0,0
480461,1,1,17,17,17,17,17,17,17,17,17,17
480461,2,1,0,0,0,0,0,0,0,0,0,0
480462,0,1,0,0,19,0,0,0,17,0,24,0
480462,1,1,0,0,14,0,0,0,0,0,0,0
480463,1,1,4,4,4,4,4,4,4,4,4,4
480463,2,1,0,0,0,0,0,0,0,0,0,0
480463,3,1,0,0,0,0,13,0,0,17,0,0
480465,1,1,0,0,0,0,0,0,0,0,0,0
480465,2,1,0,0,0,0,0,0,0,0,0,0
480466,1,1,0,0,0,0,0,0,0,0,0,0
480467,1,1,30,30,30,30,30,30,30,30,30,30
480468,1,1,12,0,0,0,0,0,0,16,0,0
480468,2,1,16,16,11,12,10,11,6,5,0,34
480469,1,1,30,23,24,10,20,0,24,9,40,28
480469,2,1,17,24,27,0,21,0,0,0,17,0
480470,0,1,0,0,0,0,0,0,0,0,0,0
480470,1,1,0,0,0,0,0,8,0,0,0,0
480471,1,1,17,17,17,17,17,17,17,17,17,17
480472,1,1,5,5,5,5,5,5,5,5,5,5
480472,2,1,0,13,0,0,0,0,22,0,0,0
480473,1,1,0,0,0,0,0,0,0,0,0,0
480473,2,1,0,0,0,0,12,0,0,0,0,8
480474,1,1,0,14,0,10,0,0,0,21,0,0
480474,2,1,0,0,0,0,0,0,0,0,0,0
480475,0,1,18,18,18,18,18,18,18,18,18,18
480475,1,1,0,0,0,0,31,0,6,0,47,23
480476,1,1,23,23,23,23,23,23,23,23,23,23
480477,0,1,0,0,0,0,0,0,0,0,0,0
480477,1,1,0,0,0,0,0,0,0,0,0,0
480478,0,1,33,33,33,33,33,33,33,33,33,33
480478,1,1,3,8,20,0,0,0,0,0,0,0
480480,1,1,0,0,0,0,0,0,0,0,0,0
480480,2,1,17,17,17,17,17,17,17,17,17,17
480481,1,1,18,18,18,18,18,18,18,18,18,18
480482,0,1,27,0,0,19,0,17,0,0,0,0
480482,1,1,0,0,0,2,0,0,0,26,0,0
480483,1,1,0,0,0,0,17,0,0,0,0,22
480483,2,1,0,24,0,0,0,29,0,0,0,0
480484,1,1,0,19,0,10,0,0,0,0,0,0
480484,2,1,0,0,0,0,0,0,0,0,0,0
480485,0,1,2,2,2,2,2,2,2,2,2,2
480485,1,1,0,0,15,20,0,14,0,0,0,0
480486,1,1,16,16,16,16,16,16,16,16,16,16
480487,1,1,0,0,0,0,0,0,0,0,0,0
480489,0,1,0,0,0,0,0,0,0,0,0,0
480489,1,1,0,0,0,0,0,0,0,0,6,0
480491,1,1,0,0,13,0,0,0,0,0,0,0
480491,2,1,0,0,0,0,0,12,0,19,0,0
480492,1,1,5,14,11,8,22,26,14,24,12,18
480492,2,1,0,21,18,0,0,22,9,7,0,27
480493,1,1,12,12,12,12,12,12,12,12,12,12
480493,2,1,0,0,0,0,0,0,0,0,0,0
480494,1,1,0,0,0,0,0,0,0,0,0,0
480494,2,1,0,14,0,22,7,24,0,0,0,0
480494,3,1,11,0,0,23,0,13,0,0,0,0
480495,1,1,16,19,0,0,0,0,21,14,0,0
480496,1,1,21,21,21,21,21,21,21,21,21,21
480497,1,1,0,6,26,0,0,0,0,0,0,0
480499,0,1,13,13,13,13,13,13,13,13,13,13
480499,1,1,0,0,0,0,0,0,0,0,0,8
480500,1,1,0,0,0,0,0,0,0,15,0,0
480500,2,1,0,0,0,0,0,0,0,0,0,0
480501,0,1,0,0,8,19,0,21,8,32,0,43
480501,1,1,0,0,0,0,0,0,0,0,0,0
480502,1,1,13,13,13,13,13,13,13,13,13,13
480503,1,1,33,33,33,33,33,33,33,33,33,33
480504,1,1,24,24,24,24,24,24,24,24,24,24
480506,1,1,0,0,12,0,36,0,0,0,8,0
480507,0,1,0,0,0,0,0,0,0,0,0,0
480507,1,1,11,11,11,11,11,11,11,11,11,11
480508,1,1,28,0,0,0,16,0,0,0,0,0
480509,1,1,0,0,0,0,14,0,23,0,16,14
480510,1,1,16,0,0,0,0,0,0,0,0,0
480510,2,1,15,0,0,0,0,0,0,0,0,0
480511,1,1,0,0,0,0,0,0,0,0,0,0
480512,1,1,0,0,0,0,0,0,0,0,0,0
480512,2,1,0,0,0,0,0,0,0,0,0,0
480512,3,1,0,0,0,0,0,0,0,0,0,0
480513,1,1,0,39,19,0,7,0,0,10,30,0
480513,2,1,12,12,12,12,12,12,12,12,12,12
480514,1,1,3,11,0,13,7,4,0,0,16,0
480514,2,1,20,20,20,20,20,20,20,20,20,20
480515,1,1,0,0,0,0,0,12,0,0,0,22
480515,2,1,27,27,27,27,27,27,27,27,27,27
480516,1,1,10,0,0,0,0,20,0,0,13,6
480516,2,1,0,0,0,0,0,0,0,0,0,0
480516,3,1,14,0,0,0,0,0,0,0,0,0
480517,1,1,0,0,0,0,0,0,0,0,0,0
480518,0,1,0,23,0,0,0,29,0,0,0,14
480518,1,1,0,28,7,0,0,0,0,8,6,12
480519,1,1,0,0,0,0,0,0,0,0,0,0
480519,2,1,0,0,0,0,0,0,0,2,0,0
480520,1,1,0,0,0,0,0,0,0,15,0,0
480520,2,1,0,0,0,0,4,0,6,0,0,0
480521,0,1,17,17,17,17,17,17,17,17,17,17
480521,1,1,0,10,0,0,2,30,0,5,14,0
480522,1,1,0,36,0,20,0,0,0,0,0,17
480522,2,1,0,0,0,8,0,0,0,0,0,0
480522,3,1,0,0,0,0,0,0,0,0,0,0
480523,0,1,17,17,17,17,17,17,17,17,17,17
480523,1,1,10,7,0,12,18,0,18,22,0,13
480524,1,1,0,0,0,0,0,39,0,0,0,0
480524,2,1,20,0,0,0,0,0,16,0,0,28
480525,1,1,0,0,0,0,0,0,0,0,0,0
480525,2,1,0,0,0,0,0,0,0,0,0,0
480526,1,1,0,0,0,0,0,0,0,0,0,0
480526,2,1,0,0,0,0,0,0,0,10,0,0
480527,1,1,0,0,0,0,0,0,0,0,0,0
480527,2,1,0,0,0,15,0,0,17,0,22,0
480527,3,1,17,0,0,0,0,0,5,0,0,0
480528,1,1,0,0,0,0,0,0,0,0,0,0
480529,1,1,0,0,0,0,0,0,0,0,0,0
480529,2,1,0,0,0,0,0,0,0,0,0,0
480530,1,1,0,0,0,0,0,0,0,0,0,0
480531,0,1,0,0,0,0,0,0,0,0,0,0
480531,1,1,0,0,27,0,0,0,0,0,0,0
480532,1,1,10,10,10,10,10,10,10,10,10,10
480533,1,1,0,0,0,16,0,0,30,0,0,0
480533,2,1,0,0,9,0,0,2,19,0,0,30
480534,1,1,13,26,34,0,0,0,0,16,0,0
480535,0,1,12,12,12,12,12,12,12,12,12,12
480535,1,1,19,0,0,0,0,0,0,0,0,0
480535,2,1,0,0,0,0,0,0,0,27,21,0
480536,1,1,8,8,8,8,8,8,8,8,8,8
480536,2,1,0,0,0,0,0,0,0,0,0,0
480537,0,1,22,22,22,22,22,22,22,22,22,22
480537,1,1,0,0,0,0,0,0,0,0,0,7
480538,1,1,0,5,0,0,0,3,0,20,26,0
480539,1,1,20,20,20,20,20,20,20,20,20,20
480540,0,1,13,48,24,0,0,0,0,0,0,0
480540,1,1,0,0,27,0,11,0,0,0,0,21
480541,1,1,0,0,0,0,0,0,0,0,0,0
480542,1,1,17,17,17,17,17,17,17,17,17,17
480542,2,1,5,5,5,5,5,5,5,5,5,5
480543,0,1,8,0,0,0,0,23,0,0,0,0
480543,1,1,0,0,0,0,6,0,0,0,0,0
480544,1,1,0,0,0,0,0,0,0,0,0,0
480544,2,1,12,0,0,0,0,0,0,0,0,0
480544,3,1,0,0,0,0,0,0,0,0,24,0
480545,1,1,17,17,17,17,17,17,17,17,17,17
480545,2,1,0,0,0,0,0,0,0,0,0,0
480546,0,1,0,0,0,0,0,0,0,0,0,0
480546,1,1,0,0,0,0,0,0,0,0,0,0
480547,1,1,0,0,0,0,0,0,0,32,0,0
480547,2,1,0,0,0,0,0,0,0,0,0,0
480547,3,1,0,25,0,0,0,0,0,0,0,18
480548,1,1,0,0,0,0,0,0,0,20,0,6
480548,2,1,0,0,0,0,0,0,26,0,0,0
480549,1,1,0,0,14,0,0,0,30,0,19,8
480550,1,1,21,0,0,0,0,0,0,0,0,0