ST_CASE,VEH_NO,PER_NO,P1,P2,P3,P4,P5,P6,P7,P8,P9,P10
480550,2,1,0,0,0,0,0,0,0,0,0,0
480550,3,1,0,0,0,0,0,13,0,0,0,4
480550,4,1,0,0,0,0,11,0,0,0,5,0
480551,1,1,0,0,0,0,0,0,0,0,0,0
480552,0,1,0,0,0,0,0,0,0,0,0,0
480552,1,1,0,10,0,3,0,0,0,0,0,0
480554,1,1,0,0,0,0,6,0,0,19,0,0
480554,2,1,0,0,0,0,0,0,0,0,0,0
480555,1,1,0,28,43,0,0,0,0,0,0,0
480555,2,1,0,0,0,0,0,0,0,0,0,0
480556,0,1,20,20,20,20,20,20,20,20,20,20
480556,1,1,0,0,0,0,0,0,0,0,0,0
480557,1,1,0,29,0,0,0,0,8,0,0,0
480558,1,1,16,16,16,16,16,16,16,16,16,16
480558,2,1,0,0,0,0,0,0,13,0,0,0
480559,0,1,0,0,0,0,0,0,0,0,0,0
480559,1,1,0,0,10,0,0,0,0,0,0,0
480560,1,1,21,21,21,21,21,21,21,21,21,21
480561,1,1,0,5,34,0,0,0,0,0,0,0
480561,3,1,0,0,0,21,0,0,24,0,0,0
480562,1,1,22,0,0,31,0,24,19,0,0,0
480563,0,1,0,0,0,11,0,0,11,0,33,14
480563,1,1,0,0,0,0,0,0,0,0,0,0
480564,0,1,13,0,0,0,0,0,0,0,0,7
480564,0,2,0,0,0,0,0,0,0,0,0,0
480564,1,1,0,0,0,0,0,0,0,0,0,0
480565,1,1,19,19,19,19,19,19,19,19,19,19
480566,0,1,0,21,0,0,0,11,0,12,18,0
480566,1,1,0,0,9,0,0,0,0,0,0,26
480567,0,1,18,0,10,21,28,12,0,25,0,15
480567,1,1,18,18,18,18,18,18,18,18,18,18
480568,1,1,0,0,0,0,2,0,0,0,0,0
480568,2,1,4,4,4,4,4,4,4,4,4,4
480569,1,1,13,13,13,13,13,13,13,13,13,13
480570,1,1,18,0,0,0,0,15,9,0,36,0
480570,2,1,0,0,0,0,0,0,0,0,0,0
480570,3,1,10,0,0,13,0,9,0,17,0,19
480571,0,1,0,0,0,0,0,0,0,0,0,0
480571,1,1,0,0,0,0,0,8,0,0,0,0
480571,2,1,0,5,13,12,26,0,0,15,3,0
480572,0,1,15,15,15,15,15,15,15,15,15,15
480572,1,1,0,30,0,12,18,0,0,7,0,18
480572,2,1,0,0,0,0,12,0,0,0,0,0
480573,1,1,0,0,0,0,0,0,0,0,0,0
480574,1,1,0,0,0,0,0,0,0,0,0,0
480575,1,1,0,0,0,0,0,0,0,0,0,28
480575,2,1,0,0,0,0,0,0,0,0,0,0
480576,0,1,0,0,0,22,0,0,21,17,0,17
480576,1,1,0,0,0,0,0,0,0,0,0,0
480577,0,1,0,0,0,0,0,0,0,0,0,0
480577,1,1,0,0,0,0,0,0,0,19,0,0
480578,0,1,0,7,0,0,16,25,0,0,0,0
480578,1,1,0,0,0,0,0,0,0,0,19,0
480579,1,1,0,0,0,0,0,0,0,0,0,0
480580,1,1,22,22,22,22,22,22,22,22,22,22
480581,1,1,0,0,26,15,0,0,5,36,17,16
480582,1,1,0,0,0,21,8,0,0,0,0,0
480583,1,1,22,22,22,22,22,22,22,22,22,22
480583,2,1,0,9,0,0,0,16,0,0,0,4
480584,0,1,0,0,0,0,0,0,0,0,0,0
480584,1,1,13,0,6,0,0,0,15,37,0,12
480585,1,1,0,23,9,16,0,0,15,0,15,0
480586,1,1,0,0,0,0,0,0,0,0,0,0
480586,2,1,0,0,0,0,0,0,0,0,0,0
480587,1,1,20,20,20,20,20,20,20,20,20,20
480588,0,1,31,31,31,31,31,31,31,31,31,31
480588,1,1,0,0,0,19,0,0,0,0,0,0
480589,1,1,0,19,0,0,12,0,0,0,22,0
480589,2,1,0,0,0,0,0,0,0,0,0,0
480589,3,1,0,0,0,16,12,0,0,0,0,19
480590,0,1,0,0,0,0,0,0,0,0,0,0
480590,1,1,0,0,0,0,0,0,0,0,33,0
480591,1,1,35,35,35,35,35,35,35,35,35,35
480591,2,1,0,0,0,0,0,0,15,0,23,0
480592,1,1,0,0,0,0,0,0,0,0,0,0
480592,2,1,0,0,0,0,0,0,0,0,0,0
480593,1,1,0,0,0,0,0,14,0,0,0,0
480593,2,1,0,0,0,0,0,0,0,0,0,0
480594,1,1,0,0,0,0,0,0,0,0,0,0
480594,2,1,8,0,0,0,0,0,0,0,0,0
480596,0,1,24,24,24,24,24,24,24,24,24,24
480596,1,1,0,0,0,4,18,0,0,0,0,0
480597,0,1,20,36,16,0,21,0,0,13,20,18
480597,1,1,11,11,11,11,11,11,11,11,11,11
480598,1,1,0,0,0,0,0,0,0,0,0,0
480599,1,1,0,0,19,0,0,0,31,0,7,14
480600,1,1,0,0,0,0,0,41,13,0,0,0
480600,2,1,0,0,31,39,0,0,18,0,0,0
480601,1,1,0,18,0,0,0,17,0,0,0,0
480601,2,1,0,0,0,0,0,0,0,0,0,0
480602,1,1,3,21,9,7,12,41,5,7,0,9
480602,2,1,0,0,0,0,5,6,0,9,0,0
480603,1,1,0,0,0,24,0,0,0,0,0,0
480604,1,1,18,18,18,18,18,18,18,18,18,18
480604,2,1,9,9,9,9,9,9,9,9,9,9
480605,0,1,0,0,0,0,0,0,0,0,0,0
480605,1,1,0,0,0,0,0,0,0,0,0,0
480606,0,1,0,0,20,6,0,0,0,0,7,0
480606,1,1,25,0,0,0,0,18,0,0,15,0
480609,1,1,0,0,0,0,0,0,0,0,0,0
480610,0,1,8,8,8,8,8,8,8,8,8,8
480610,1,1,0,0,0,0,0,0,0,0,17,0
480611,1,1,0,13,0,29,0,31,0,0,17,33
480612,1,1,0,0,0,0,0,6,17,0,19,0
480612,2,1,0,0,0,0,0,0,16,0,0,0
480612,3,1,0,4,0,0,0,0,0,0,0,0
480613,0,1,30,31,0,0,0,0,0,29,0,0
480613,1,1,19,19,19,19,19,19,19,19,19,19
480614,1,1,0,0,0,33,0,0,0,0,0,0
480615,0,1,0,0,0,0,0,0,0,0,0,0
480615,1,1,22,0,23,14,17,15,0,0,7,18
480615,2,1,0,15,14,0,18,0,23,14,0,7
480615,3,1,21,0,0,0,26,0,0,0,0,0
480616,1,1,0,0,0,0,0,0,0,0,0,0
480616,2,1,0,0,0,0,16,0,0,20,0,0
480617,1,1,10,11,10,0,0,0,31,0,0,0
480618,1,1,0,0,0,0,0,15,0,22,0,10
480618,2,1,0,0,0,0,0,0,0,0,0,0
480619,1,1,0,27,0,0,0,0,0,0,0,0
480620,1,1,0,0,0,0,0,0,0,0,0,0
480621,1,1,0,0,0,19,0,17,0,0,19,16
480622,0,1,0,0,0,0,0,0,0,0,0,0
480622,1,1,0,0,0,14,9,0,0,0,0,0
480622,2,1,11,0,0,0,24,0,0,0,32,0
480623,1,1,27,27,27,27,27,27,27,27,27,27
480624,1,1,11,8,0,31,7,17,0,7,0,13
480625,1,1,0,0,0,0,0,0,0,0,0,0
480625,2,1,0,0,0,0,0,0,15,0,0,0
480626,1,1,0,0,0,0,0,0,0,0,0,0
480627,1,1,8,8,8,8,8,8,8,8,8,8
480627,2,1,0,0,19,0,0,0,0,0,0,0
480628,1,1,12,12,12,12,12,12,12,12,12,12
480628,2,1,0,0,0,0,0,0,0,0,0,0
480628,3,1,0,0,0,0,0,0,0,0,0,0
480629,1,1,4,4,4,4,4,4,4,4,4,4
480630,1,1,0,0,0,0,0,0,0,0,0,0
480631,1,1,35,35,35,35,35,35,35,35,35,35
480632,1,1,10,10,10,10,10,10,10,10,10,10
480633,1,1,7,7,7,7,7,7,7,7,7,7
480633,2,1,0,0,0,0,0,0,0,0,0,0
480634,1,1,18,18,18,18,18,18,18,18,18,18
480635,1,1,0,0,17,0,0,0,0,0,0,0
480636,1,1,0,0,0,0,0,0,0,0,0,0
480636,2,1,0,0,0,0,0,0,0,0,0,0
480637,0,1,0,0,0,0,0,0,0,0,0,0
480637,1,1,0,0,0,8,24,0,29,30,0,13
480638,0,1,28,28,28,28,28,28,28,28,28,28
480638,1,1,0,0,0,0,0,0,0,0,12,0
480639,1,1,20,17,0,0,0,0,0,0,30,24
480640,1,1,0,0,0,35,0,12,0,0,0,29
480640,2,1,0,0,0,0,0,8,30,27,10,10
480641,1,1,0,11,20,0,12,31,8,20,23,0
480641,2,1,4,4,4,4,4,4,4,4,4,4
480642,1,1,38,38,38,38,38,38,38,38,38,38
480642,2,1,0,0,7,0,0,0,0,0,0,0
480643,1,1,0,0,0,0,0,0,0,0,0,0
480643,2,1,0,0,0,0,0,0,0,0,0,0
480643,3,1,0,0,0,0,0,0,0,0,0,0
480644,1,1,0,0,0,0,0,0,0,0,0,0
480644,2,1,0,0,0,0,0,22,20,0,0,0
480645,1,1,21,21,21,21,21,21,21,21,21,21
480646,1,1,0,16,0,23,0,0,0,0,0,0
480647,1,1,19,19,19,19,19,19,19,19,19,19
480648,1,1,12,12,12,12,12,12,12,12,12,12
480649,0,1,0,0,0,0,0,0,0,0,0,0
480649,1,1,0,0,0,0,0,0,14,0,0,22
480650,1,1,23,23,23,23,23,23,23,23,23,23
480651,1,1,0,0,0,0,0,0,0,0,0,0
480652,1,1,22,22,22,22,22,22,22,22,22,22
480653,1,1,0,0,0,0,0,0,0,0,0,0
480654,1,1,14,11,14,0,0,20,26,16,21,21
480655,0,1,0,0,0,0,0,0,18,0,0,0
480655,0,2,0,0,0,0,0,25,0,0,24,0
480655,1,1,0,0,0,0,0,0,10,14,0,27
480655,4,1,0,0,0,0,0,0,0,0,0,0
480655,5,1,0,0,0,0,0,0,0,0,0,0
480655,6,1,0,0,0,0,0,0,0,0,0,18
480655,7,1,0,0,0,0,0,0,0,5,0,0
480656,1,1,0,0,19,0,19,0,0,0,0,0
480657,1,1,0,0,0,0,0,0,0,0,0,0
480659,0,1,0,0,3,0,0,12,18,9,0,40
480659,1,1,0,0,0,0,12,0,0,0,0,0
480660,1,1,0,0,0,0,0,0,0,0,0,0
480660,2,1,0,0,0,0,0,0,0,0,0,0
480660,3,1,0,0,0,0,0,0,0,0,0,0
480661,1,1,0,0,0,0,0,0,0,0,12,0
480661,2,1,0,16,0,0,0,0,0,0,0,0
480662,0,1,0,0,0,0,0,0,0,16,21,0
480662,1,1,20,0,0,0,0,34,0,22,0,16
480663,1,1,0,0,0,11,0,0,0,0,0,0
480664,1,1,0,0,0,6,17,0,21,0,0,0
480665,1,1,0,0,0,0,0,0,0,0,0,0
480665,2,1,0,0,0,0,0,0,0,0,0,0
480666,1,1,17,17,17,17,17,17,17,17,17,17
480667,0,1,0,0,0,12,0,0,0,0,0,0
480667,1,1,0,0,0,0,0,0,0,0,0,0
480668,0,1,0,0,45,0,20,34,14,0,0,13
480668,1,1,0,0,0,0,0,0,0,0,0,0
480669,0,1,0,0,0,0,0,0,0,0,0,0
480669,1,1,0,0,0,0,0,0,0,0,6,0
480670,1,1,0,19,10,0,3,27,12,0,0,26
480670,2,1,0,0,0,0,0,0,0,0,0,0
480671,1,1,10,23,0,0,10,16,0,17,12,13
480671,2,1,0,0,0,0,0,0,0,0,0,0
480672,1,1,27,27,27,27,27,27,27,27,27,27
480673,1,1,17,17,17,17,17,17,17,17,17,17
480674,0,1,27,27,27,27,27,27,27,27,27,27
480674,1,1,0,0,33,15,23,0,0,23,11,0
480675,0,1,0,0,0,0,0,0,0,0,0,0
480675,1,1,13,9,16,24,0,29,17,14,8,0
480676,1,1,0,0,0,7,0,0,0,0,0,0
480676,2,1,0,0,0,0,0,0,0,0,0,0
480677,1,1,21,21,21,21,21,21,21,21,21,21
480677,2,1,0,0,0,14,0,0,0,0,0,0
480678,0,1,0,0,0,0,0,0,0,0,0,0
480678,1,1,0,0,0,0,0,0,0,0,0,0
480679,1,1,0,0,36,0,0,0,0,13,20,35
480680,1,1,0,0,0,0,0,0,0,0,0,0
480681,1,1,0,0,0,0,0,0,0,0,6,0
480681,2,1,0,0,0,0,0,0,0,0,0,0
480681,3,1,0,9,0,0,14,0,0,0,0,0
480681,4,1,0,15,0,0,0,24,0,20,0,0
480682,1,1,0,0,0,0,0,0,0,0,0,22
480684,1,1,20,40,0,0,21,9,0,0,16,0
480685,0,1,0,0,0,0,0,0,0,0,0,0
480685,1,1,23,0,19,0,22,18,6,28,20,0
480686,1,1,16,16,16,16,16,16,16,16,16,16
480687,1,1,0,0,0,0,0,0,0,0,0,0
480687,2,1,0,0,0,0,0,0,0,0,0,0
480688,1,1,0,0,0,0,0,0,0,0,0,0
480689,1,1,0,0,0,0,0,0,0,0,0,0
480690,1,1,0,0,0,0,0,0,0,0,0,0
480691,0,1,15,0,32,0,0,0,0,0,0,0
480691,1,1,10,26,17,0,0,0,0,0,0,13
480692,1,1,0,0,0,0,0,0,0,0,0,0
480692,2,1,6,0,0,0,0,0,0,0,0,31
480693,1,1,0,0,0,0,0,0,0,0,0,0
480693,2,1,17,17,17,17,17,17,17,17,17,17
480694,1,1,0,0,0,0,0,0,0,0,0,0
480695,1,1,0,0,0,0,0,0,0,0,0,0
480696,1,1,0,18,0,0,0,0,0,0,7,0
480697,1,1,0,0,0,0,0,0,0,0,0,0
480698,1,1,2,2,2,2,2,2,2,2,2,2
480699,1,1,0,0,0,0,0,6,0,0,0,0
480699,2,1,0,0,0,0,0,0,0,0,0,9
480700,1,1,0,0,0,0,0,0,0,0,0,0
480701,1,1,0,0,0,0,0,26,0,0,0,0
480701,2,1,0,0,0,0,0,0,0,0,0,0
480702,1,1,30,0,39,12,0,12,0,12,12,19
480703,0,1,18,18,18,18,18,18,18,18,18,18
480703,1,1,0,0,3,7,0,27,0,0,13,0
480704,1,1,0,0,0,0,17,15,0,14,0,0
480704,2,1,0,0,0,0,0,0,0,0,0,0
480706,0,1,0,0,0,0,0,0,0,0,22,0
480706,1,1,0,0,0,0,0,0,0,0,0,0
480707,1,1,0,0,0,0,0,0,0,0,0,0
480707,2,1,15,0,13,16,12,0,0,0,0,0
480707,3,1,0,0,0,0,0,0,0,0,0,0
480708,0,1,0,0,0,26,0,0,10,28,0,0
480708,1,1,21,0,0,0,13,0,0,0,0,0
480709,1,1,20,20,20,20,20,20,20,20,20,20
480710,1,1,27,27,27,27,27,27,27,27,27,27
480710,2,1,0,0,0,0,0,0,11,0,9,0
480711,0,1,29,29,29,29,29,29,29,29,29,29
480711,1,1,0,16,15,0,0,0,0,0,0,0
480712,1,1,0,0,0,0,0,0,0,0,0,0
480713,1,1,0,0,25,0,0,0,0,0,39,11
480713,2,1,0,5,11,9,0,0,0,19,11,13
480714,1,1,0,20,0,9,0,4,15,0,40,0
480714,2,1,0,0,0,0,0,0,0,0,0,0
480715,1,1,0,23,0,0,0,0,0,0,0,15
480715,2,1,0,0,0,0,0,0,0,0,10,0
480716,1,1,0,0,0,17,0,42,0,0,0,0
480716,2,1,0,0,0,0,0,0,0,0,0,0
480717,1,1,0,0,0,0,0,0,0,0,0,0
480718,1,1,25,28,27,12,0,0,0,0,0,0
480719,0,1,0,0,0,0,0,0,0,0,0,0
480719,1,1,0,20,0,0,0,28,0,0,0,0
480720,1,1,0,0,0,0,0,0,0,0,0,0
480720,2,1,17,14,21,26,27,22,10,8,33,19
480721,1,1,5,5,5,5,5,5,5,5,5,5
480721,2,1,0,0,0,0,0,0,0,0,0,0
480722,1,1,0,0,0,21,0,0,0,0,0,0
480723,1,1,4,4,4,4,4,4,4,4,4,4
480724,1,1,18,0,11,0,0,0,6,0,0,8
480724,2,1,0,11,0,18,16,0,0,0,0,0
480725,0,1,21,21,21,21,21,21,21,21,21,21
480725,1,1,0,0,0,0,0,0,0,0,0,0
480726,0,1,0,0,0,0,0,0,0,0,0,0
480726,1,1,14,25,0,0,0,34,0,16,0,0
480727,1,1,0,0,0,0,0,0,0,0,0,0
480728,1,1,0,44,0,0,0,0,0,0,0,0
480728,2,1,0,0,0,0,0,0,0,0,0,1
480729,0,1,19,0,0,0,0,0,0,0,0,0
480729,1,1,0,0,0,14,0,0,0,0,0,0
480731,0,1,31,0,0,22,0,0,22,43,41,15
480731,1,1,0,0,0,0,0,8,0,15,0,0
480732,1,1,8,0,12,0,0,0,0,19,15,19
480733,1,1,14,14,14,14,14,14,14,14,14,14
480734,1,1,10,28,9,12,25,3,30,19,9,22
480735,0,1,14,0,0,0,0,33,0,0,32,0
480735,1,1,0,0,0,0,0,0,0,0,0,0
480736,0,1,2,2,2,2,2,2,2,2,2,2
480736,1,1,3,13,0,0,2,0,0,0,0,17
480737,0,1,0,0,0,0,0,0,0,0,0,0
480737,1,1,0,0,0,35,18,0,0,0,0,0
480738,0,1,0,0,0,0,0,0,0,0,0,0
480738,1,1,32,26,2,0,0,5,0,0,18,3
480739,1,1,28,28,28,28,28,28,28,28,28,28
480739,2,1,0,0,0,5,0,0,0,0,0,0
480740,0,1,14,0,0,0,0,0,24,0,29,0
480740,1,1,13,0,18,18,18,0,0,0,12,0
480741,1,1,21,21,21,21,21,21,21,21,21,21
480741,2,1,7,15,9,15,16,20,22,18,21,40
480742,1,1,2,2,2,2,2,2,2,2,2,2
480743,1,1,0,0,0,0,0,0,0,0,0,0
480744,0,1,0,16,0,9,0,0,0,9,0,0
480744,1,1,0,0,0,0,0,0,0,0,0,6
480745,1,1,0,0,0,0,0,0,0,0,0,0
480746,1,1,19,19,19,19,19,19,19,19,19,19
480747,1,1,0,0,0,0,0,0,0,0,0,0
480747,2,1,0,0,11,0,0,9,0,0,0,0
480748,1,1,0,0,17,0,0,0,19,0,0,0
480748,2,1,0,0,0,0,0,0,0,0,0,0
480749,0,1,0,0,0,0,0,0,26,0,19,22
480749,0,2,0,17,0,0,33,13,25,0,0,0
480749,1,1,0,0,0,0,0,10,0,37,0,0
480750,1,1,19,19,19,19,19,19,19,19,19,19
480751,1,1,0,21,0,0,0,0,0,0,20,0
480751,2,1,0,0,0,0,0,0,0,0,0,0
480752,1,1,0,10,0,0,15,19,0,22,0,0
480753,0,1,0,0,0,0,0,0,0,0,0,0
480753,1,1,0,0,0,0,0,0,0,0,0,0
480754,1,1,0,0,0,0,0,0,0,0,0,0
480754,2,1,0,22,0,16,0,0,0,0,0,0
480755,0,1,0,0,24,12,0,0,0,18,0,0
480755,1,1,18,15,13,13,9,0,0,13,0,18
480756,0,1,0,0,0,0,0,0,0,0,0,0
480756,1,1,0,20,0,19,30,0,0,0,0,0
480757,0,1,0,0,0,0,0,0,0,0,0,0
480757,1,1,0,0,0,0,0,0,0,0,0,0
480758,1,1,14,14,14,14,14,14,14,14,14,14
480758,2,1,0,31,0,16,0,0,28,16,0,0
480759,1,1,0,0,0,0,0,0,0,0,0,0
480759,2,1,0,0,6,0,0,0,0,0,0,9
480760,1,1,7,0,0,1,0,0,14,0,18,0
480760,2,1,0,0,0,0,0,0,33,7,0,0
480761,1,1,0,0,0,0,0,0,0,0,0,0
480761,2,1,0,0,0,0,0,0,0,0,0,0
480762,1,1,0,0,0,0,0,0,0,0,0,0
480762,2,1,0,0,0,0,0,0,0,0,0,0
480763,1,1,0,0,0,0,0,0,0,0,0,0
480763,2,1,0,0,0,0,0,0,0,0,0,0
480764,1,1,0,26,18,21,6,0,10,26,4,15
480765,1,1,0,0,0,0,14,0,0,0,11,0
480765,2,1,0,0,0,15,0,27,0,0,0,25
480766,0,1,0,0,0,0,0,0,0,0,0,0
480766,0,2,0,0,0,18,0,0,0,0,0,0
480766,1,1,0,0,0,0,0,0,0,0,0,0
480767,1,1,0,0,0,0,0,0,0,0,0,0
480768,1,1,30,32,22,19,0,0,0,31,19,0
480769,1,1,0,0,0,0,0,0,0,0,0,0
480771,1,1,25,25,25,25,25,25,25,25,25,25
480772,1,1,28,0,0,0,24,0,0,0,0,0
480773,1,1,0,0,0,0,0,0,0,0,0,0
480774,1,1,0,13,0,12,0,0,32,0,11,0
480774,2,1,0,0,0,0,0,0,0,0,0,0
480775,1,1,0,0,0,0,0,0,0,0,0,0
480775,2,1,0,0,0,0,0,0,0,0,0,0
480776,1,1,6,6,6,6,6,6,6,6,6,6
480776,2,1,0,0,0,0,0,0,0,0,0,0
480777,1,1,0,0,46,0,0,0,0,0,31,0
480777,2,1,19,0,0,0,0,0,0,0,0,23
480778,1,1,0,0,0,0,42,0,0,0,0,0
480778,2,1,0,0,0,0,0,0,0,0,0,0
480779,1,1,21,21,21,21,21,21,21,21,21,21
480780,1,1,0,18,0,42,0,15,18,20,0,0
480781,1,1,0,0,0,0,0,0,0,0,0,0
480782,1,1,0,0,18,0,0,0,15,0,0,0
480782,2,1,0,16,0,0,0,52,0,0,0,0
480783,1,1,0,0,0,0,13,0,9,0,11,13
480783,2,1,0,0,0,0,0,0,19,0,0,0
480784,1,1,5,5,5,5,5,5,5,5,5,5
480785,1,1,0,0,0,0,0,0,0,0,0,0
480785,2,1,7,0,0,0,0,0,0,0,0,0
480786,0,1,0,0,0,16,0,0,0,11,0,0
480786,1,1,0,21,0,0,15,0,27,0,0,14
480787,1,1,10,0,21,0,7,0,1,21,14,16
480788,1,1,8,0,2,14,18,0,0,0,0,0
480788,2,1,0,0,0,0,0,0,0,0,0,0
480789,1,1,23,7,0,19,9,0,14,16,9,0
480790,1,1,0,0,0,0,0,0,0,0,0,0
480790,2,1,0,0,0,0,0,0,0,0,0,0
480791,1,1,0,33,0,0,32,0,22,0,0,0
480792,1,1,0,0,0,0,0,0,0,0,0,0
480793,0,1,0,0,0,0,0,0,0,0,0,0
480793,1,1,0,0,0,0,0,0,0,0,6,0
480794,1,1,0,0,0,0,0,0,0,0,0,0
480795,1,1,0,0,9,11,14,7,0,0,0,16
480796,0,1,0,0,0,0,0,0,0,0,0,0
480796,1,1,22,0,12,0,0,20,0,0,0,0
480797,1,1,0,0,0,0,20,0,26,0,0,13
480798,0,1,0,0,0,0,0,0,0,0,0,0
480798,1,1,0,0,0,0,0,0,0,0,0,0
480799,1,1,12,8,0,17,0,15,19,0,8,0
480799,2,1,0,0,19,16,7,2,0,0,0,12
480800,1,1,0,0,0,0,0,0,0,0,0,0
480801,1,1,0,0,0,0,22,0,0,29,32,0
480801,2,1,0,30,0,18,0,7,0,0,6,0
480802,1,1,0,0,0,0,0,0,0,0,20,24
480802,2,1,0,0,0,0,0,8,0,0,0,0
480803,1,1,24,0,0,0,0,0,0,0,0,0
480803,2,1,0,0,0,0,0,0,6,0,0,3
480804,1,1,17,0,14,0,0,0,0,32,0,15
480805,1,1,0,0,0,0,0,26,0,0,0,0
480805,2,1,0,0,0,0,0,0,0,0,0,0
480806,1,1,24,24,24,24,24,24,24,24,24,24
480806,2,1,0,15,0,0,32,0,23,37,0,0
480807,1,1,0,0,0,14,0,28,0,0,0,0
480807,2,1,0,0,0,0,0,0,20,0,0,0
480808,1,1,0,0,0,17,0,0,0,0,30,0
480809,0,1,5,5,5,5,5,5,5,5,5,5
480809,1,1,18,22,0,0,0,0,0,30,20,0
480810,1,1,23,0,26,37,0,0,0,3,11,0
480810,2,1,0,0,0,0,0,0,0,0,0,0
480811,0,1,0,0,0,0,0,0,0,0,0,0
480811,1,1,0,11,11,0,0,0,0,0,0,0
480812,1,1,0,0,0,0,0,13,0,0,0,19
480813,1,1,2,2,2,2,2,2,2,2,2,2
480813,2,1,14,13,18,0,0,0,0,0,0,12
480814,0,1,13,13,13,13,13,13,13,13,13,13
480814,1,1,0,0,0,0,0,0,13,0,0,0
480815,1,1,18,18,18,18,18,18,18,18,18,18
480815,2,1,0,0,0,0,0,0,0,0,0,0
480815,3,1,0,10,0,0,0,0,0,18,0,28
480816,1,1,17,17,17,17,17,17,17,17,17,17
480816,2,1,4,0,0,37,0,28,0,5,29,0
480817,1,1,0,21,0,0,0,0,0,0,0,21
480818,1,1,23,0,0,0,0,16,0,23,8,17
480819,1,1,0,0,0,0,0,0,0,0,0,0
480820,1,1,0,0,0,0,0,0,0,0,0,0
480820,2,1,0,0,0,0,0,0,0,25,0,0
480821,1,1,10,17,15,12,7,6,15,23,20,8
480822,1,1,0,0,0,0,0,0,0,0,0,0
480822,2,1,0,0,0,0,0,0,0,0,0,0
480823,1,1,20,20,20,20,20,20,20,20,20,20
480824,0,1,0,0,0,0,0,0,0,0,0,0
480824,0,2,0,0,0,0,0,20,0,0,0,0
480824,1,1,0,0,0,0,0,0,0,0,0,0
480824,2,1,0,0,0,6,0,0,0,25,17,0
480825,0,1,0,0,0,0,0,0,0,0,0,0
480825,1,1,0,0,14,0,0,0,0,0,0,0
480826,1,1,0,0,17,0,0,0,0,23,0,16
480826,2,1,0,0,0,0,0,0,0,0,0,0
480826,3,1,0,0,0,0,0,0,17,34,0,0
480827,0,1,0,0,0,0,0,0,0,36,0,0
480827,1,1,0,0,0,0,0,0,0,0,0,0
480828,1,1,0,20,13,0,0,14,0,15,0,0
480829,1,1,15,15,15,15,15,15,15,15,15,15
480829,2,1,0,0,0,0,15,0,0,17,0,0
480829,3,1,0,15,23,0,0,0,0,0,21,7
480830,0,1,0,0,0,0,0,0,0,19,0,0
480830,1,1,0,0,0,0,0,0,0,0,0,0
480831,0,1,19,14,0,0,20,0,0,0,0,0
480831,1,1,0,0,0,0,0,0,0,0,10,0
480832,1,1,0,0,0,0,0,0,0,0,0,0
480832,2,1,0,0,0,0,0,0,0,0,0,0
480832,3,1,15,14,0,0,0,0,0,0,0,0
480833,1,1,0,0,12,0,0,31,15,0,0,0
480833,2,1,9,6,0,12,0,0,0,0,0,0
480834,1,1,0,24,0,0,0,0,0,0,15,0
480834,2,1,0,0,0,0,0,0,0,17,0,0
480835,1,1,8,11,0,0,22,0,19,0,13,12
480835,2,1,0,0,0,0,0,0,0,0,0,0
480835,3,1,19,0,12,0,8,0,13,0,0,16
480836,0,1,0,0,0,0,0,0,0,0,0,0
480836,1,1,0,0,0,0,0,0,0,0,0,0
480837,1,1,30,24,13,28,19,4,0,19,14,7
480837,2,1,0,0,0,4,0,0,0,0,0,0
480838,1,1,0,0,0,0,0,0,0,0,0,0
480838,2,1,0,0,0,0,0,0,0,0,0,0
480839,1,1,0,0,0,0,0,0,0,0,0,0
480840,1,1,0,0,0,0,0,6,0,14,0,0
480840,2,1,0,15,12,0,23,0,0,20,0,0
480841,1,1,12,0,0,0,25,18,17,9,34,0
480841,2,1,0,0,0,0,0,0,0,0,0,0
480842,1,1,0,0,0,0,0,0,0,0,0,0
480842,2,1,0,0,0,0,0,0,0,0,0,0
480843,1,1,2,2,2,2,2,2,2,2,2,2
480843,2,1,0,0,0,0,0,0,0,0,0,0
480844,1,1,0,0,0,9,0,0,0,0,0,0
480844,2,1,0,0,0,0,0,0,0,0,0,0
480845,1,1,16,22,0,0,0,13,0,0,0,31
480846,1,1,0,0,0,0,0,0,0,10,0,0
480846,2,1,0,0,0,0,0,0,0,0,0,3
480847,1,1,0,0,0,0,0,0,0,0,0,0
480847,2,1,0,6,5,0,0,11,0,0,0,19
480848,1,1,0,0,18,30,0,0,0,0,27,0
480849,1,1,0,0,0,0,0,0,0,0,0,0
480849,2,1,0,21,0,0,0,0,0,0,0,0
480850,1,1,0,0,0,0,0,0,0,0,0,0
480850,2,1,0,0,0,0,0,0,0,0,0,0
480850,3,1,11,0,0,0,7,18,21,0,24,0
480851,1,1,22,22,22,22,22,22,22,22,22,22