ST_CASE,VEH_NO,PER_NO,P1,P2,P3,P4,P5,P6,P7,P8,P9,P10
480852,1,1,0,0,0,10,0,0,0,0,0,0
480852,2,1,0,0,0,0,0,0,0,0,0,0
480853,1,1,0,0,0,0,0,0,0,0,0,0
480853,2,1,37,37,37,37,37,37,37,37,37,37
480854,1,1,0,0,0,0,0,0,0,0,0,0
480855,1,1,23,23,23,23,23,23,23,23,23,23
480856,1,1,24,24,24,24,24,24,24,24,24,24
480856,2,1,13,0,0,0,0,34,16,0,39,15
480857,0,1,11,11,11,11,11,11,11,11,11,11
480857,1,1,18,0,0,0,0,0,0,0,18,0
480858,1,1,0,0,0,0,0,0,0,0,0,0
480858,2,1,0,4,0,0,0,19,0,0,4,0
480859,1,1,0,0,0,0,24,16,0,0,0,0
480860,1,1,19,19,19,19,19,19,19,19,19,19
480861,0,1,0,0,0,0,0,0,0,0,0,0
480861,1,1,0,0,0,0,0,0,0,0,0,0
480862,1,1,0,0,0,0,0,0,0,0,22,0
480862,2,1,0,17,0,4,0,32,6,0,0,9
480863,1,1,13,0,0,0,0,0,0,0,0,0
480863,2,1,3,0,6,0,0,26,0,0,0,0
480864,1,1,16,16,16,16,16,16,16,16,16,16
480865,1,1,20,20,20,20,20,20,20,20,20,20
480865,2,1,5,5,5,5,5,5,5,5,5,5
480866,1,1,32,20,0,21,0,11,14,8,0,0
480867,1,1,0,6,0,0,12,9,0,0,17,3
480868,1,1,0,0,0,8,0,17,11,6,0,0
480868,2,1,0,0,0,0,0,0,0,16,0,0
480869,1,1,24,18,0,0,0,0,0,0,0,0
480869,2,1,0,0,0,0,0,0,0,0,0,0
480869,3,1,0,0,0,0,0,0,16,14,0,0
480870,0,1,0,0,0,0,0,0,0,0,0,0
480870,1,1,22,0,35,18,18,14,0,14,6,10
480871,1,1,0,0,0,0,0,0,0,0,0,0
480872,1,1,22,19,15,23,7,15,0,20,28,6
480873,1,1,0,0,0,21,17,0,22,0,0,0
480873,2,1,0,0,7,21,23,0,0,15,12,0
480874,1,1,20,20,20,20,20,20,20,20,20,20
480875,1,1,20,0,0,22,0,6,0,36,0,0
480876,1,1,0,0,0,0,0,0,0,0,0,0
480876,2,1,0,0,0,0,0,0,0,0,0,0
480877,0,1,21,0,0,0,0,0,0,0,0,26
480877,1,1,11,0,13,0,0,10,0,36,0,0
480878,0,1,0,0,18,24,12,0,35,17,0,20
480878,1,1,0,0,15,0,0,21,0,0,12,0
480879,0,1,0,19,16,0,42,0,8,0,0,40
480879,1,1,10,14,9,24,12,5,6,0,11,0
480880,0,1,0,0,0,0,0,0,0,0,0,0
480880,1,1,0,0,5,0,0,0,28,0,7,13
480881,1,1,11,11,11,11,11,11,11,11,11,11
480882,1,1,8,4,17,13,11,33,8,31,11,41
480883,1,1,0,0,0,0,0,0,27,0,0,0
480883,2,1,0,0,0,0,0,0,0,0,0,0
480884,1,1,0,0,25,0,0,0,0,0,20,0
480884,2,1,0,0,35,13,0,20,0,21,17,13
480885,1,1,0,0,0,0,0,0,0,0,0,0
480886,1,1,0,0,0,0,0,0,0,0,0,0
480886,2,1,0,0,0,0,0,0,0,0,0,0
480887,1,1,17,17,17,17,17,17,17,17,17,17
480887,2,1,0,0,0,0,0,0,0,0,0,0
480888,1,1,0,0,0,0,0,0,0,0,0,0
480889,1,1,16,0,24,12,0,0,9,30,11,21
480890,1,1,0,0,0,0,0,0,0,30,0,19
480892,1,1,15,15,15,15,15,15,15,15,15,15
480893,1,1,18,18,18,18,18,18,18,18,18,18
480893,2,1,0,0,0,0,0,0,0,0,0,0
480893,3,1,0,0,0,19,23,0,17,0,0,0
480894,1,1,0,0,0,0,0,0,0,0,0,0
480895,1,2,0,0,0,0,14,0,0,0,0,0
480896,0,1,0,0,0,0,0,0,0,0,0,0
480896,0,2,0,0,0,0,0,0,0,0,0,0
480896,0,3,0,5,0,0,0,0,8,10,11,26
480896,1,1,0,0,0,0,0,0,0,0,0,0
480896,3,1,0,0,0,0,0,0,0,0,0,0
480897,1,1,9,17,0,32,5,0,0,16,29,37
480898,0,1,28,28,28,28,28,28,28,28,28,28
480898,1,1,0,0,0,6,0,0,0,0,0,0
480899,1,1,0,0,0,0,0,42,29,0,13,0
480899,2,1,0,0,0,0,0,0,0,0,0,0
480899,3,1,10,0,0,0,0,0,0,0,0,43
480899,4,1,0,0,15,22,0,0,0,0,0,0
480899,5,1,25,0,0,0,0,0,0,0,0,0
480900,0,1,0,0,0,0,0,0,0,0,0,0
480900,1,1,19,12,20,14,15,0,0,18,0,0
480901,0,1,0,0,0,0,0,0,0,0,0,0
480901,1,1,0,0,0,0,0,0,0,0,0,0
480902,1,1,0,0,0,8,0,0,0,0,0,0
480902,2,1,0,5,0,7,0,14,19,0,28,0
480903,1,1,0,0,0,0,0,0,0,0,21,0
480903,2,1,0,0,0,0,0,0,0,0,0,0
480904,0,1,0,20,0,0,0,0,0,0,0,0
480904,1,1,0,16,0,0,22,0,0,7,0,0
480905,1,1,37,37,37,37,37,37,37,37,37,37
480905,2,1,0,0,0,0,0,0,0,0,0,0
480906,0,1,11,11,11,11,11,11,11,11,11,11
480906,1,1,0,0,0,0,0,12,0,0,0,0
480907,1,1,12,12,12,12,12,12,12,12,12,12
480908,0,1,14,0,37,0,0,9,0,0,19,0
480908,1,1,0,0,0,0,0,0,0,28,0,0
480909,0,1,2,0,33,0,0,0,0,2,12,0
480909,1,1,0,0,0,0,0,0,0,0,0,0
480910,0,1,0,15,0,5,0,18,0,8,7,0
480910,1,1,22,0,0,0,14,0,0,0,0,16
480911,1,1,10,20,5,14,8,18,5,25,14,6
480912,1,1,0,0,0,0,0,0,0,0,0,0
480912,2,1,0,0,0,0,0,0,0,0,0,0
480913,1,1,0,0,0,0,0,22,0,0,0,15
480913,2,1,0,0,0,0,0,0,0,0,0,0
480914,1,1,0,0,0,0,0,0,0,0,0,0
480914,2,1,0,0,8,0,0,0,0,0,0,0
480914,3,1,0,0,0,25,0,8,0,0,0,15
480915,1,1,4,0,0,0,21,0,0,0,5,0
480915,2,1,0,0,0,0,0,0,0,0,0,0
480916,1,1,0,0,0,0,0,0,0,0,0,0
480916,2,1,0,0,0,0,0,9,0,29,0,0
480916,3,1,0,0,0,0,0,0,0,0,0,0
480916,4,1,12,0,0,0,0,13,0,0,0,0
480916,5,1,0,0,0,8,0,0,0,0,0,0
480916,6,1,35,8,0,0,0,0,0,0,0,0
480916,7,1,0,0,19,0,0,0,0,0,0,18
480917,1,1,19,19,19,19,19,19,19,19,19,19
480918,0,1,0,0,0,0,30,0,0,0,19,19
480918,0,2,11,0,0,0,0,0,0,0,0,0
480918,1,1,6,6,6,6,6,6,6,6,6,6
480919,1,1,0,0,0,0,0,0,0,0,0,0
480919,2,1,0,0,0,0,0,0,0,0,0,0
480920,1,1,14,14,14,14,14,14,14,14,14,14
480920,2,1,17,26,19,0,12,0,0,0,0,12
480920,3,1,0,0,0,0,0,5,23,0,0,11
480922,0,1,15,15,15,15,15,15,15,15,15,15
480922,1,1,0,20,25,0,0,0,0,0,0,0
480923,1,1,0,0,0,0,0,0,0,0,0,0
480925,1,1,8,0,0,0,0,0,0,0,31,0
480925,2,1,0,0,0,0,0,0,0,0,0,0
480926,0,1,0,0,0,0,0,0,0,23,0,0
480926,1,1,0,0,0,0,0,0,0,0,0,0
480927,1,1,15,0,0,0,15,25,17,16,0,20
480928,1,1,0,0,0,0,0,0,0,0,0,0
480928,2,1,0,0,0,0,0,0,0,0,0,0
480928,3,1,16,0,21,0,0,0,0,0,0,0
480929,0,1,22,22,22,22,22,22,22,22,22,22
480929,1,1,0,0,26,11,27,0,25,14,17,0
480930,1,1,0,0,0,0,0,0,0,0,0,0
480930,2,1,0,0,0,5,0,0,2,0,0,0
480930,3,1,0,0,16,0,0,0,0,0,0,0
480931,1,1,11,0,20,16,22,0,4,0,0,0
480931,2,1,3,16,0,11,0,14,0,0,0,0
480932,0,1,23,30,0,0,0,0,4,15,9,0
480932,1,1,0,0,0,0,0,0,0,0,0,0
480933,1,1,6,0,0,0,0,0,0,4,19,16
480934,1,1,0,0,0,0,0,0,0,17,12,0
480935,1,1,0,0,0,0,0,14,18,0,10,0
480936,1,1,0,0,10,6,0,0,0,0,7,0
480936,2,1,0,0,0,0,0,0,0,0,0,0
480936,3,1,0,0,0,0,0,0,0,0,0,0
480937,0,1,1,1,1,1,1,1,1,1,1,1
480937,1,1,0,9,0,0,0,0,0,0,0,0
480937,2,1,0,0,0,0,0,0,0,0,0,0
480938,1,1,0,0,0,0,0,0,0,0,0,0
480939,1,1,9,9,9,9,9,9,9,9,9,9
480939,2,1,0,0,0,0,0,0,9,0,0,0
480940,1,1,0,12,0,0,0,0,0,0,0,0
480940,2,1,0,0,0,22,0,0,15,13,0,0
480942,1,1,26,0,27,0,9,10,21,0,32,0
480943,1,1,9,0,0,0,0,0,11,0,0,0
480944,1,1,0,0,0,0,0,0,0,0,0,28
480945,1,1,0,0,0,0,0,0,0,0,0,0
480945,2,1,0,0,0,0,0,7,0,0,0,27
480946,1,1,0,21,23,20,0,14,0,7,0,22
480947,1,1,0,7,0,15,0,6,19,0,0,4
480948,1,1,0,0,0,0,0,0,0,0,0,0
480948,2,1,0,0,0,0,0,0,0,18,0,0
480949,0,1,16,16,16,16,16,16,16,16,16,16
480949,1,1,38,0,0,13,7,25,0,0,17,26
480950,0,1,30,18,0,10,0,17,0,0,16,0
480950,1,1,0,0,13,0,0,22,7,11,0,16
480951,1,1,16,16,16,16,16,16,16,16,16,16
480952,0,1,0,0,0,0,0,0,0,0,0,0
480952,1,1,0,23,26,7,0,5,0,14,12,18
480953,0,1,0,0,0,0,0,0,0,0,0,0
480953,1,1,0,0,0,0,0,0,0,0,0,0
480954,1,1,0,0,9,0,0,0,0,0,0,0
480955,1,1,0,0,0,0,0,25,0,0,0,0
480955,2,1,21,0,22,10,0,18,15,23,21,0
480956,1,1,0,0,18,31,0,0,0,0,15,0
480957,1,1,0,19,0,0,27,0,11,0,0,0
480958,0,1,0,0,0,0,0,0,0,0,0,0
480958,1,1,0,0,0,0,0,0,0,0,0,0
480960,1,1,0,0,0,0,0,0,0,0,0,0
480961,1,1,0,0,0,0,0,0,0,0,0,0
480961,2,1,21,0,0,0,0,5,0,0,0,0
480961,3,1,0,0,0,0,0,0,0,0,0,0
480962,1,1,0,0,23,0,0,0,0,24,12,0
480963,0,1,10,0,0,0,0,0,0,0,0,0
480963,1,1,0,12,22,0,0,0,12,0,0,0
480964,1,1,0,0,0,0,0,0,0,0,0,0
480964,2,1,0,0,0,0,0,0,0,0,0,0
480965,1,1,20,20,20,20,20,20,20,20,20,20
480966,1,1,9,9,9,9,9,9,9,9,9,9
480966,2,1,0,11,0,0,12,0,8,0,0,19
480967,1,1,15,15,15,15,15,15,15,15,15,15
480968,1,1,3,9,27,0,19,0,0,0,0,0
480969,1,1,13,13,13,13,13,13,13,13,13,13
480970,1,1,14,14,14,14,14,14,14,14,14,14
480970,2,1,0,0,0,0,0,0,0,0,0,0
480971,1,1,19,19,19,19,19,19,19,19,19,19
480972,0,1,0,0,0,23,46,0,0,0,46,11
480972,1,1,0,0,0,0,0,16,0,0,0,0
480973,1,1,0,0,26,11,18,0,9,12,0,0
480974,1,1,0,24,0,0,16,0,0,0,0,0
480974,2,1,0,0,0,19,0,0,0,0,0,0
480975,0,1,0,0,0,0,0,0,0,0,0,0
480975,1,1,26,0,25,18,32,4,0,23,11,5
480976,1,1,0,0,0,15,0,0,0,8,0,21
480977,1,1,0,0,0,0,0,0,0,0,0,0
480977,2,1,0,0,0,0,0,0,0,0,0,0
480977,3,1,0,0,0,0,0,0,0,0,0,0
480978,1,1,19,10,16,13,10,5,21,20,0,22
480979,1,1,0,0,0,0,0,0,0,0,0,0
480979,2,1,0,0,0,0,0,0,0,0,0,0
480980,1,1,0,0,0,0,0,0,0,0,0,0
480981,1,1,0,0,8,0,16,0,17,0,0,0
480981,2,1,0,0,0,0,0,0,0,0,0,0
480982,1,1,21,12,11,12,18,10,20,0,9,0
480982,2,1,0,0,0,0,0,0,0,0,0,0
480983,0,1,0,0,0,0,0,0,0,13,0,0
480983,1,1,0,0,14,0,0,18,0,0,0,0
480984,1,1,0,0,0,0,0,0,0,0,19,0
480985,1,1,0,0,23,0,0,0,0,0,0,0
480985,2,1,0,0,0,0,0,0,0,0,0,0
480986,1,1,0,0,1,0,22,20,0,0,12,14
480986,2,1,6,0,0,0,8,0,0,0,0,0
480987,1,1,4,0,0,32,0,0,0,0,0,0
480987,2,1,0,0,0,0,0,0,0,0,0,0
480988,1,1,0,21,19,0,0,12,0,24,38,25
480989,1,1,10,10,10,10,10,10,10,10,10,10
480990,0,1,0,0,19,26,0,0,0,0,0,0
480990,1,1,0,0,0,0,0,0,0,0,0,0
480991,1,1,8,0,0,0,0,0,0,0,0,0
480991,2,1,0,0,0,0,0,0,0,0,0,0
480992,0,1,25,0,0,0,0,13,19,0,29,0
480992,1,1,0,0,0,0,0,0,0,0,0,0
480993,1,1,0,29,0,0,28,25,9,16,0,0
480993,2,1,0,0,0,0,15,15,0,0,0,0
480994,0,1,18,0,0,0,0,0,0,0,0,25
480994,1,1,0,0,0,0,0,0,0,0,0,0
480996,0,1,6,6,6,6,6,6,6,6,6,6
480996,0,2,0,36,0,14,0,0,0,0,12,0
480996,1,1,5,0,4,0,0,0,10,0,18,10
480997,0,1,20,16,41,0,9,14,19,0,0,0
480997,1,1,20,20,20,20,20,20,20,20,20,20
480998,1,1,18,18,18,18,18,18,18,18,18,18
480998,2,1,0,0,0,0,0,0,0,0,0,10
480999,1,1,4,4,4,4,4,4,4,4,4,4
480999,2,1,0,0,0,0,0,0,0,0,0,0
481000,1,1,0,0,0,0,0,0,0,0,0,0
481001,1,1,0,0,17,0,11,0,0,0,0,0
481002,1,1,8,0,10,0,18,0,0,15,26,10
481002,2,1,22,0,22,0,15,8,21,0,19,0
481003,1,1,14,14,14,14,14,14,14,14,14,14
481004,1,1,25,0,15,0,19,0,0,22,13,0
481004,2,1,6,0,17,0,0,0,0,19,0,0
481005,1,1,0,0,10,12,0,0,15,0,12,9
481006,1,1,0,0,0,0,0,0,0,0,0,0
481006,2,1,0,0,13,0,0,20,0,0,12,19
481007,1,1,0,23,0,14,20,0,19,14,3,0
481008,1,1,28,17,7,13,18,18,17,15,5,8
481009,1,1,20,10,23,20,30,26,0,16,18,34
481010,1,1,0,0,0,0,0,0,0,0,0,0
481011,1,1,4,4,4,4,4,4,4,4,4,4
481012,1,1,20,0,0,0,0,0,0,0,0,0
481012,2,1,0,0,0,0,0,0,0,17,0,0
481013,1,1,0,0,0,0,0,0,0,17,9,17
481014,0,1,0,0,0,0,0,0,0,0,0,0
481014,1,1,0,0,0,0,0,0,0,0,0,24
481015,1,1,0,13,0,8,0,0,0,0,0,0
481016,1,1,2,2,2,2,2,2,2,2,2,2
481016,2,1,0,0,0,0,0,0,0,0,0,0
481016,3,1,15,0,4,0,0,12,0,0,0,21
481017,1,1,3,0,19,0,10,13,0,16,0,0
481017,2,1,0,0,20,0,8,14,0,0,0,0
481017,3,1,0,0,0,0,0,0,0,0,0,0
481018,1,1,0,0,11,0,15,0,14,9,0,0
481018,2,1,17,0,0,10,0,0,0,0,0,21
481019,1,1,17,5,6,4,8,6,16,19,6,14
481020,1,1,0,0,0,0,0,0,0,0,0,0
481022,1,1,0,0,0,0,26,0,0,15,0,0
481022,2,1,0,0,0,20,0,37,9,10,11,0
481022,3,1,11,0,0,22,0,0,0,0,0,0
481023,1,1,15,15,15,15,15,15,15,15,15,15
481024,1,1,9,0,0,0,0,0,0,0,0,0
481024,2,1,0,0,0,0,0,0,0,0,0,0
481025,1,1,0,0,0,0,0,0,8,0,0,4
481025,2,1,19,0,0,0,37,0,0,0,0,0
481026,1,1,30,14,0,15,7,0,7,20,12,15
481026,2,1,0,0,0,0,0,0,0,6,0,0
481027,0,1,0,0,0,0,0,0,0,0,0,0
481027,2,1,0,0,0,0,0,0,0,0,0,0
481028,0,1,0,11,0,30,0,27,0,0,19,0
481028,1,1,17,0,0,9,0,0,0,0,0,0
481028,2,1,5,5,5,5,5,5,5,5,5,5
481029,1,1,0,0,0,0,0,0,0,0,0,0
481029,2,1,16,13,0,0,0,0,0,0,0,0
481029,3,1,0,26,0,0,0,20,0,0,0,0
481029,4,1,0,0,0,14,0,0,0,0,0,0
481030,0,1,0,0,0,0,0,0,0,0,0,0
481030,1,1,12,12,12,12,12,12,12,12,12,12
481031,0,1,0,0,0,0,17,32,0,0,12,0
481031,1,1,0,24,19,12,15,12,19,0,10,14
481032,0,1,0,0,0,0,0,0,0,0,0,0
481032,1,1,0,27,27,0,20,10,16,11,13,45
481033,1,1,23,23,23,23,23,23,23,23,23,23
481033,2,1,0,0,0,0,0,0,0,0,0,0
481034,1,1,29,16,16,38,30,0,20,0,15,0
481034,2,1,0,0,0,0,0,0,6,0,0,0
481035,1,1,0,0,0,0,0,0,24,0,0,7
481036,1,1,0,4,0,0,25,0,0,0,0,26
481037,0,1,0,0,0,0,0,0,0,41,0,0
481037,1,1,0,9,0,0,3,0,13,0,0,15
481038,1,1,0,0,0,0,0,0,0,0,0,0
481038,2,1,0,34,0,0,13,0,0,0,0,0
481039,0,1,42,42,42,42,42,42,42,42,42,42
481039,1,1,0,0,0,0,0,0,0,19,26,0
481040,1,1,1,1,1,1,1,1,1,1,1,1
481040,2,1,0,0,0,33,0,0,0,0,0,6
481040,3,1,0,0,13,0,0,0,0,23,0,0
481040,4,1,0,0,4,0,0,0,18,0,0,0
481040,5,1,0,0,0,0,10,0,0,0,0,14
481040,6,1,0,0,0,0,0,0,0,0,0,12
481041,1,1,8,6,15,15,15,17,5,9,10,3
481041,2,1,7,0,0,25,11,0,15,7,20,0
481042,1,1,0,0,0,0,0,0,0,0,0,0
481042,2,1,0,0,0,0,0,0,0,0,0,0
481042,3,1,0,7,0,0,0,8,0,0,0,0
481043,0,1,0,0,0,26,0,23,13,19,0,23
481043,1,1,2,0,0,0,0,0,0,9,0,0
481044,1,1,10,10,10,10,10,10,10,10,10,10
481044,2,1,15,0,0,28,0,0,0,0,0,0
481045,1,1,29,29,29,29,29,29,29,29,29,29
481046,1,1,17,14,0,0,18,25,0,26,8,24
481047,1,1,20,20,20,20,20,20,20,20,20,20
481048,1,1,0,0,0,0,0,0,0,0,0,0
481048,2,1,0,0,0,0,0,0,0,0,0,0
481049,1,1,0,0,0,0,0,13,0,0,13,0
481049,2,1,0,16,0,15,0,0,0,0,0,0
481050,1,1,0,0,0,0,8,0,0,0,0,19
481050,2,1,29,0,0,1,0,0,0,10,0,0
481050,3,1,0,0,0,0,0,0,0,0,0,0
481050,4,1,10,0,0,0,0,17,19,0,0,0
481051,1,1,6,0,0,0,0,0,0,0,0,0
481051,2,1,0,0,0,0,0,0,0,0,0,0
481052,0,1,0,0,18,0,18,0,10,0,11,19
481053,1,1,14,14,14,14,14,14,14,14,14,14
481054,1,1,9,7,9,12,23,0,0,11,9,7
481055,1,1,0,0,0,0,0,0,0,0,0,0
481055,2,1,0,0,0,0,0,0,0,0,0,0
481056,1,1,0,0,0,0,0,0,0,0,0,0
481057,1,1,25,25,25,25,25,25,25,25,25,25
481057,2,1,0,0,0,0,0,0,0,0,0,0
481058,1,1,0,0,0,0,0,0,0,0,0,0
481058,2,1,13,0,0,25,23,0,19,15,25,0
481059,0,1,34,34,34,34,34,34,34,34,34,34
481059,1,1,0,0,0,0,0,0,0,0,0,0
481060,1,1,16,16,16,16,16,16,16,16,16,16
481060,2,1,0,0,0,0,0,0,0,0,0,0
481061,1,1,6,0,0,20,0,0,0,33,24,0
481062,0,1,21,21,21,21,21,21,21,21,21,21
481062,1,1,0,0,0,13,0,0,0,5,18,0
481063,1,1,0,0,0,0,0,0,0,0,0,0
481063,2,1,0,0,0,0,0,0,0,0,0,0
481064,1,1,0,0,0,0,0,0,0,0,20,0
481064,2,1,0,0,0,0,0,0,0,11,0,0
481065,1,1,0,0,0,0,0,0,0,0,0,0
481066,1,1,0,0,14,0,0,28,16,0,0,0
481066,2,1,0,0,0,0,0,0,0,0,0,0
481067,1,1,0,0,0,0,50,20,0,0,0,0
481067,2,1,0,0,0,0,0,21,0,0,0,0
481067,3,1,0,0,0,24,0,0,0,0,16,0
481068,1,1,33,33,33,33,33,33,33,33,33,33
481069,1,1,0,0,0,0,0,0,0,0,0,0
481070,1,1,0,0,6,0,12,0,0,0,0,0
481070,2,1,0,0,0,0,0,0,0,0,0,0
481070,3,1,28,35,0,38,0,0,16,0,0,0
481071,1,1,0,13,0,0,0,0,0,0,0,0
481072,1,1,19,19,19,19,19,19,19,19,19,19
481073,1,1,15,15,15,15,15,15,15,15,15,15
481074,1,1,0,0,0,18,0,0,0,0,0,0
481075,1,1,0,6,0,17,0,0,11,0,0,0
481076,1,1,0,4,0,0,0,18,12,13,0,0
481076,2,1,0,0,0,0,0,0,0,0,0,0
481076,3,1,0,0,0,0,0,0,0,0,0,0
481077,1,1,0,0,0,0,0,0,0,0,0,0
481077,2,1,0,0,0,0,0,0,0,0,0,0
481078,1,1,0,0,0,0,0,0,0,0,0,0
481078,2,1,0,0,0,0,0,0,0,0,0,0
481079,1,1,0,24,0,10,9,0,0,30,0,0
481080,1,1,0,0,0,0,0,0,0,6,0,0
481080,2,1,0,0,0,0,0,0,0,0,0,0
481081,1,1,9,14,16,16,0,11,24,12,0,33
481081,2,1,0,0,0,0,0,0,0,0,0,0
481082,1,1,12,12,12,12,12,12,12,12,12,12
481083,0,1,0,0,0,0,0,0,0,0,0,0
481083,1,1,0,0,0,0,12,0,0,26,3,0
481083,2,1,0,0,0,0,0,0,0,0,0,0
481085,1,1,0,0,0,34,0,0,0,0,0,14
481086,1,1,20,20,20,20,20,20,20,20,20,20
481087,1,1,0,29,9,16,0,0,0,16,9,0
481087,2,1,0,0,0,0,0,0,0,16,0,0
481088,1,1,0,0,0,0,0,24,0,0,0,0
481088,2,1,0,0,0,0,0,0,0,0,0,0
481089,1,1,20,20,20,20,20,20,20,20,20,20
481090,1,1,9,6,15,27,0,0,20,15,26,29
481090,2,1,0,0,0,19,0,0,0,0,0,0
481091,0,1,0,0,0,0,0,0,0,0,0,0
481091,1,1,25,0,0,13,0,0,0,0,0,0
481092,1,1,1,1,1,1,1,1,1,1,1,1
481092,2,1,0,0,0,0,0,0,0,0,0,0
481093,1,1,0,0,0,15,0,0,0,0,0,0
481093,2,1,0,0,0,0,0,0,0,0,0,0
481094,1,1,0,0,0,0,14,0,0,23,0,0
481095,1,1,6,6,6,6,6,6,6,6,6,6
481095,2,1,0,0,0,0,0,0,22,0,13,21
481096,1,1,0,0,0,0,0,0,0,0,0,0
481097,0,1,13,13,13,13,13,13,13,13,13,13
481097,1,1,0,0,24,17,0,0,10,0,14,0
481098,1,1,0,10,0,0,5,20,0,7,22,0
481098,2,1,4,0,0,0,0,23,0,11,0,0
481098,3,1,0,0,0,4,5,0,0,0,0,0
481099,0,1,8,8,8,8,8,8,8,8,8,8
481099,1,1,24,0,0,0,0,21,17,21,15,18
481100,0,1,1,1,1,1,1,1,1,1,1,1
481100,1,1,18,9,29,0,9,0,12,19,31,26
481101,0,1,18,18,18,18,18,18,18,18,18,18
481101,1,1,0,0,15,0,0,16,0,28,15,13
481102,1,1,0,0,0,0,24,0,0,11,0,0
481103,1,1,0,0,12,0,0,0,10,16,7,10
481103,2,1,0,20,0,0,0,0,0,15,0,0
481104,1,1,0,0,7,0,0,5,13,20,21,17
481104,2,1,0,0,0,53,0,0,0,0,0,14
481105,1,1,0,0,0,0,0,0,9,26,0,0
481106,1,1,0,0,0,0,0,0,0,0,0,0
481107,1,1,20,20,20,20,20,20,20,20,20,20
481108,0,1,0,0,0,0,0,0,0,0,0,0
481108,1,1,0,5,0,0,0,0,0,0,0,0
481109,1,1,0,10,15,0,0,0,0,0,10,0
481109,2,1,16,0,27,0,0,0,11,0,0,0
481110,1,1,0,0,0,0,0,0,0,12,0,0
481110,2,1,0,0,0,0,0,0,0,0,0,0
481111,1,1,0,8,0,0,9,7,13,0,0,0
481111,2,1,7,0,0,0,0,0,0,17,0,0
481112,1,1,0,0,0,0,0,0,0,0,0,0
481113,0,1,34,18,27,19,17,42,11,18,17,46
481113,1,1,0,8,0,0,0,0,0,0,0,0
481114,1,1,29,29,29,29,29,29,29,29,29,29
481115,0,1,0,0,0,0,0,0,0,0,0,0
481115,1,1,21,0,0,23,0,15,0,0,0,0
481116,1,1,0,22,0,0,0,0,0,21,1,10
481117,0,1,14,14,14,14,14,14,14,14,14,14
481117,1,1,0,0,0,0,19,0,0,5,0,0
481118,1,1,8,8,8,8,8,8,8,8,8,8
481119,0,1,18,18,18,18,18,18,18,18,18,18
481119,1,1,0,0,0,0,18,11,33,20,4,0
481120,1,1,0,0,0,29,0,5,0,0,0,0
481120,2,1,0,0,0,0,0,0,0,0,0,0
481121,1,1,9,7,0,0,0,0,19,17,0,0
481121,2,1,0,0,0,0,0,0,0,0,0,0
481121,3,1,0,0,0,0,0,0,0,0,0,0
481122,1,1,0,0,0,0,0,0,0,0,0,0
481122,2,1,14,0,0,0,0,0,0,0,0,0
481123,0,1,0,0,0,0,0,0,0,0,0,0
481123,1,1,11,4,0,22,9,0,29,0,22,13
481124,1,1,0,0,13,0,0,0,0,0,0,0
481124,2,1,19,19,19,19,19,19,19,19,19,19
481124,3,1,16,0,16,0,0,0,0,0,0,0
481125,1,1,0,0,0,0,0,0,0,0,0,0
481125,2,1,0,0,0,0,0,0,0,0,0,0
481127,1,1,16,16,16,16,16,16,16,16,16,16
481127,2,1,23,0,12,16,0,15,34,0,0,8
481128,1,1,15,15,15,15,15,15,15,15,15,15
481129,1,1,0,0,0,0,0,0,0,0,0,0
481130,0,1,13,0,0,0,24,16,14,0,0,0
481130,1,1,0,0,17,0,0,10,0,0,0,0
481131,1,1,8,0,25,0,0,0,0,0,16,0
481131,2,1,0,0,0,0,0,0,0,0,0,0
481132,1,1,5,5,5,5,5,5,5,5,5,5
481133,1,1,0,0,0,9,0,25,26,0,16,0
481134,1,1,14,14,14,14,14,14,14,14,14,14
481135,1,1,22,22,22,22,22,22,22,22,22,22
481136,1,1,0,0,0,0,0,0,0,15,0,5
481137,0,1,23,23,23,23,23,23,23,23,23,23
481137,1,1,0,0,0,0,0,0,0,0,0,0
481138,1,1,18,18,18,18,18,18,18,18,18,18
481139,2,1,0,0,0,0,0,0,0,0,0,0
481140,1,1,0,0,0,23,8,0,20,0,13,0
481141,1,1,17,17,17,17,17,17,17,17,17,17
481141,2,1,0,0,0,0,0,0,0,0,0,0
481141,3,1,0,12,0,14,0,0,0,0,18,30
481141,4,1,0,0,24,0,0,0,0,18,0,0
481142,1,1,3,0,0,0,0,19,0,0,0,0