ST_CASE,VEH_NO,PER_NO,P1,P2,P3,P4,P5,P6,P7,P8,P9,P10
481143,1,1,0,0,0,0,0,0,0,0,0,0
481143,2,1,7,7,7,7,7,7,7,7,7,7
481144,1,1,0,0,0,13,0,0,0,7,13,10
481145,1,1,29,0,0,9,0,0,0,16,0,0
481146,1,1,0,0,0,0,0,0,0,0,0,0
481146,2,1,0,0,0,0,0,0,0,0,0,0
481147,1,1,0,0,0,0,0,0,0,0,0,0
481147,2,1,0,0,0,0,0,0,0,0,0,0
481148,1,1,0,0,0,0,0,0,0,0,0,0
481148,2,1,0,0,0,0,0,0,0,0,0,0
481149,1,1,0,0,0,0,14,0,0,7,25,20
481150,1,1,0,0,0,0,0,0,0,0,0,0
481151,1,1,0,0,0,0,0,0,7,12,0,0
481152,1,1,17,17,17,17,17,17,17,17,17,17
481153,0,1,10,10,10,10,10,10,10,10,10,10
481153,1,1,0,13,0,19,0,14,26,15,12,13
481154,1,1,21,21,21,21,21,21,21,21,21,21
481155,1,1,15,15,15,15,15,15,15,15,15,15
481156,1,1,0,0,0,0,0,0,0,0,0,0
481157,1,1,12,12,12,12,12,12,12,12,12,12
481157,2,1,18,18,18,18,18,18,18,18,18,18
481158,1,1,26,26,26,26,26,26,26,26,26,26
481158,2,1,0,0,0,0,0,0,0,0,0,0
481159,0,1,0,0,0,0,0,0,0,0,0,0
481159,1,1,7,29,17,6,0,23,8,0,0,0
481160,1,1,33,33,33,33,33,33,33,33,33,33
481161,1,1,0,0,0,0,0,0,0,0,0,0
481161,2,1,24,11,0,15,0,0,25,0,0,25
481162,1,1,16,16,16,16,16,16,16,16,16,16
481164,0,1,0,30,0,0,0,8,0,0,0,22
481164,1,1,13,41,28,0,15,0,0,12,9,0
481165,1,1,15,15,15,15,15,15,15,15,15,15
481167,0,1,0,0,0,0,0,0,0,0,0,0
481167,1,1,0,0,0,0,0,0,0,0,16,0
481168,1,1,11,11,11,11,11,11,11,11,11,11
481169,1,1,0,0,0,0,0,16,17,12,0,0
481170,1,1,0,8,14,0,0,19,0,0,0,0
481170,2,1,20,0,0,0,0,0,0,0,8,0
481170,3,1,0,0,0,0,0,0,0,0,0,0
481171,0,1,0,0,0,0,0,0,0,0,0,0
481171,0,2,0,0,0,0,0,0,0,0,0,0
481171,1,1,7,19,0,0,0,0,0,0,0,0
481172,0,1,0,0,0,0,16,0,0,0,0,0
481172,1,1,29,29,29,29,29,29,29,29,29,29
481172,2,1,0,0,41,0,0,0,0,0,26,6
481173,1,1,14,14,14,14,14,14,14,14,14,14
481174,0,1,27,37,0,0,0,0,34,5,0,0
481174,1,1,0,0,0,0,0,0,0,0,21,0
481175,1,1,0,0,0,0,0,0,0,0,0,0
481176,1,1,0,0,0,0,0,0,0,0,0,0
481177,1,1,0,0,0,0,0,0,0,0,0,0
481178,2,1,0,0,0,0,0,0,0,0,0,0
481179,1,1,0,0,0,0,0,0,0,0,0,0
481180,0,1,0,0,0,0,0,0,0,0,0,0
481180,1,1,0,0,0,0,0,26,0,12,0,0
481181,1,1,12,11,0,19,14,15,31,24,2,14
481181,2,1,0,6,0,0,11,0,0,0,0,0
481181,3,1,0,0,0,0,0,0,0,0,0,0
481182,1,1,0,49,15,18,0,0,0,7,0,0
481183,1,1,0,0,0,0,0,0,0,0,0,0
481184,0,1,1,1,1,1,1,1,1,1,1,1
481184,1,1,0,0,0,0,0,0,0,13,0,18
481185,1,1,0,9,0,28,0,0,0,0,0,0
481185,2,1,16,21,7,21,0,0,14,0,0,0
481186,1,1,0,0,0,7,9,34,0,12,0,18
481187,1,1,0,0,0,0,0,0,0,0,0,0
481187,2,1,26,15,22,0,0,8,0,0,14,0
481187,3,1,0,0,0,0,0,0,0,0,0,0
481188,1,1,0,0,0,0,0,0,0,0,0,0
481188,2,1,0,0,0,0,0,0,0,0,0,0
481189,1,1,0,25,0,0,24,21,17,7,25,0
481190,1,1,11,11,11,11,11,11,11,11,11,11
481191,1,1,0,0,0,0,0,0,0,0,0,0
481191,2,1,32,0,0,0,0,0,0,0,0,0
481191,3,1,0,0,17,0,0,24,0,0,0,0
481191,4,1,18,8,0,0,0,0,0,0,15,0
481192,1,1,0,0,0,13,27,0,0,19,34,0
481193,1,1,0,0,0,0,0,0,0,0,0,0
481193,2,1,0,0,23,0,44,0,0,0,0,0
481194,1,1,0,0,16,0,0,0,0,0,0,20
481194,2,1,0,0,31,0,16,29,18,0,0,0
481195,0,1,0,0,0,0,0,0,0,0,0,0
481195,1,1,0,0,5,14,3,8,0,17,0,0
481196,1,1,0,0,0,0,0,0,0,0,0,0
481197,1,1,3,0,2,0,21,0,0,0,16,24
481197,2,1,0,0,0,0,0,13,5,0,17,0
481198,1,1,0,0,0,0,0,0,0,0,0,0
481198,2,1,0,0,0,0,0,0,0,0,0,0
481199,1,1,0,0,0,0,0,0,0,0,0,0
481200,1,1,0,0,0,0,0,0,0,0,0,0
481201,1,1,0,0,0,0,0,0,0,0,0,0
481201,2,1,0,0,0,0,0,0,0,0,0,0
481202,0,1,0,0,0,0,0,0,0,0,0,0
481202,1,1,0,9,0,0,0,0,0,0,0,0
481203,1,1,0,0,0,0,0,0,0,0,0,0
481204,1,1,0,0,0,6,0,0,0,9,0,0
481204,2,1,11,0,0,0,0,0,0,0,0,0
481205,0,1,24,46,0,12,0,10,28,15,0,0
481205,1,1,0,0,22,0,0,0,5,0,23,16
481206,1,1,0,0,0,0,0,0,0,0,0,0
481207,1,1,0,0,0,0,0,0,0,0,0,0
481208,1,1,15,15,15,15,15,15,15,15,15,15
481209,0,1,19,19,19,19,19,19,19,19,19,19
481209,1,1,6,6,6,6,6,6,6,6,6,6
481210,1,1,13,13,13,13,13,13,13,13,13,13
481210,2,1,36,36,36,36,36,36,36,36,36,36
481211,1,1,9,9,9,9,9,9,9,9,9,9
481211,2,1,23,0,0,0,0,0,0,0,0,0
481212,1,1,13,13,13,13,13,13,13,13,13,13
481213,0,1,6,6,6,6,6,6,6,6,6,6
481213,1,1,0,7,13,3,7,29,26,19,7,0
481214,1,1,24,0,0,23,19,0,23,0,0,11
481215,1,1,6,6,6,6,6,6,6,6,6,6
481215,2,1,12,12,12,12,12,12,12,12,12,12
481216,1,1,0,0,0,0,0,0,0,0,0,0
481217,1,1,0,19,0,34,25,0,0,0,0,16
481218,1,1,0,0,0,0,0,0,0,0,0,0
481218,2,1,0,0,0,0,0,0,0,0,0,0
481219,1,1,16,0,28,21,0,0,0,24,0,0
481220,1,1,0,19,0,0,0,0,34,22,0,24
481221,1,1,19,0,0,0,0,0,0,0,21,0
481221,2,1,0,0,0,0,0,0,0,0,0,0
481222,0,1,0,0,0,0,0,0,21,0,0,0
481222,1,1,0,34,6,10,22,34,26,14,19,17
481223,1,1,15,15,15,15,15,15,15,15,15,15
481224,1,1,0,0,0,0,0,0,0,0,0,0
481225,1,1,11,31,15,27,18,12,12,14,31,24
481225,2,1,5,0,0,22,0,11,0,23,0,0
481225,3,1,30,9,0,12,0,6,26,0,0,11
481225,4,1,17,0,0,0,0,0,0,19,0,13
481226,1,1,0,13,0,0,14,0,0,0,0,0
481226,2,1,0,0,0,11,0,0,0,0,30,0
481227,1,1,21,13,7,10,0,15,28,9,14,7
481228,1,1,25,25,25,25,25,25,25,25,25,25
481228,2,1,25,19,17,10,10,23,13,26,11,15
481229,1,1,0,0,0,0,0,0,0,0,0,0
481229,2,1,0,0,0,0,0,0,0,0,0,17
481229,3,1,21,40,0,0,3,8,0,0,34,9
481230,1,1,30,11,0,20,0,13,4,0,16,23
481231,0,1,0,33,0,3,0,0,10,0,12,0
481231,1,1,0,0,0,0,11,0,0,0,0,16
481232,1,1,0,0,19,0,21,11,33,0,0,0
481233,0,1,14,14,14,14,14,14,14,14,14,14
481233,1,1,0,0,14,0,0,0,8,0,27,18
481234,1,1,0,0,0,0,0,0,7,0,0,16
481234,2,1,0,0,0,0,0,22,0,0,0,0
481235,1,1,0,15,12,0,0,0,0,22,0,22
481236,1,1,0,0,0,0,0,0,0,0,0,0
481237,1,1,0,0,0,0,0,0,13,0,0,0
481238,1,1,23,0,0,0,0,0,0,0,0,0
481239,1,1,0,0,0,0,0,0,10,0,0,0
481239,2,1,0,20,9,0,0,0,0,0,0,3
481240,1,1,12,12,12,12,12,12,12,12,12,12
481240,2,1,0,0,0,0,0,0,0,0,0,0
481241,1,1,11,11,11,11,11,11,11,11,11,11
481242,0,1,15,0,11,16,0,0,20,21,0,11
481242,1,1,19,0,10,0,8,16,16,0,18,0
481243,1,1,0,0,0,0,0,0,0,0,0,0
481243,2,1,0,11,0,0,0,0,0,0,0,28
481243,3,1,16,12,0,4,0,7,20,16,17,15
481244,1,1,0,0,0,22,0,0,0,0,0,0
481245,1,1,0,0,0,0,0,0,0,0,0,0
481245,2,1,0,0,18,0,0,0,0,0,0,0
481246,1,1,0,0,0,0,0,0,0,0,0,0
481247,1,1,0,0,0,0,0,0,0,0,0,0
481247,2,1,9,0,0,0,0,0,0,0,0,0
481248,1,1,12,0,0,0,0,0,0,0,19,0
481249,1,1,21,21,21,21,21,21,21,21,21,21
481249,2,1,0,0,0,0,0,0,0,0,0,0
481250,1,1,0,0,0,0,0,9,0,0,0,0
481250,2,1,0,0,0,0,0,0,0,0,0,24
481251,1,1,0,0,0,17,36,0,9,5,0,0
481252,0,1,0,23,15,0,0,0,0,0,0,0
481252,1,1,11,0,0,10,0,0,0,0,0,0
481253,0,1,0,0,0,0,0,0,0,0,0,10
481253,1,1,0,0,0,0,0,24,0,0,0,0
481253,2,1,0,0,0,0,0,0,0,0,0,0
481254,0,1,23,23,23,23,23,23,23,23,23,23
481254,1,1,0,0,0,0,6,12,0,0,0,0
481255,1,1,21,12,22,13,0,0,12,0,15,0
481255,2,1,0,10,0,0,0,14,0,0,0,0
481256,0,1,21,19,0,23,0,28,0,0,0,32
481256,1,1,6,0,30,13,16,24,11,14,17,23
481256,2,1,0,0,0,0,5,6,0,0,31,0
481257,1,1,0,8,0,18,14,20,0,0,0,11
481258,1,1,16,16,16,16,16,16,16,16,16,16
481259,1,1,0,0,0,0,0,0,0,0,0,0
481259,2,1,7,7,7,7,7,7,7,7,7,7
481260,1,1,0,0,0,0,0,0,0,0,0,0
481260,2,1,13,13,13,13,13,13,13,13,13,13
481260,3,1,0,0,11,0,10,0,0,0,12,0
481261,1,1,0,0,0,0,0,0,0,0,0,0
481261,2,1,0,0,0,0,0,0,0,0,0,0
481262,1,1,21,21,21,21,21,21,21,21,21,21
481263,1,1,0,0,0,0,0,0,0,0,0,0
481263,2,1,35,3,0,0,7,0,0,0,29,0
481264,1,1,0,0,0,0,0,0,0,0,0,0
481265,1,1,0,0,0,0,0,0,0,0,0,0
481265,2,1,0,0,0,0,0,0,0,0,15,0
481266,1,1,7,0,0,5,2,0,22,0,0,7
481266,2,1,19,0,0,0,0,0,0,20,29,0
481266,3,1,0,16,16,0,0,0,0,21,0,21
481267,1,1,0,0,0,0,0,0,0,0,0,0
481267,2,1,12,0,0,0,0,0,16,16,3,12
481268,1,1,0,0,11,0,0,0,0,0,0,0
481268,2,1,0,0,0,0,0,0,0,0,7,10
481268,3,1,0,7,0,0,0,0,0,0,0,0
481270,0,1,0,0,0,0,0,0,0,0,0,0
481270,1,1,0,30,0,18,0,18,0,0,0,19
481271,1,1,0,0,0,23,0,32,0,0,0,0
481272,1,1,22,22,22,22,22,22,22,22,22,22
481274,1,1,0,0,29,17,14,11,0,0,0,0
481275,0,1,0,0,0,0,0,0,0,0,0,0
481275,1,1,23,14,13,0,18,0,0,8,0,0
481276,0,1,33,0,0,0,0,0,0,0,22,0
481276,1,1,19,0,0,0,0,0,25,0,0,0
481277,1,1,0,3,0,0,21,0,10,0,0,25
481277,2,1,0,26,0,0,0,0,13,16,9,28
481278,1,1,17,17,17,17,17,17,17,17,17,17
481279,0,1,0,0,0,0,0,0,0,0,0,0
481279,1,1,0,0,18,0,0,25,18,0,0,0
481280,1,1,23,23,23,23,23,23,23,23,23,23
481280,2,1,0,13,0,0,0,9,31,31,11,16
481281,1,1,13,0,0,0,0,0,0,12,16,11
481281,2,1,0,0,0,0,0,0,0,0,0,0
481282,1,1,7,0,0,17,0,0,0,0,0,0
481282,2,1,0,0,0,0,0,0,0,0,0,0
481282,3,1,0,18,0,18,0,0,0,0,0,0
481283,1,1,0,0,0,0,0,0,19,13,0,4
481284,1,1,0,0,0,0,0,0,0,0,0,0
481284,2,1,0,0,0,0,0,0,0,0,0,0
481285,1,1,0,4,0,0,0,0,0,0,0,0
481285,2,1,0,0,0,0,0,0,0,0,11,16
481286,0,1,0,0,0,0,0,0,0,0,0,0
481286,1,1,0,0,0,22,0,10,0,0,15,0
481287,1,1,0,0,0,0,0,0,0,0,0,0
481287,2,1,0,0,2,0,0,0,0,17,0,0
481288,1,1,0,0,0,0,0,0,0,0,0,0
481288,2,1,0,23,36,0,0,0,0,0,14,0
481289,1,1,0,0,0,0,0,0,0,0,0,0
481289,2,1,0,0,0,0,0,0,0,0,0,0
481290,1,1,0,0,0,0,0,0,0,0,0,0
481290,2,1,0,0,0,13,0,0,0,0,0,0
481291,1,1,8,0,0,0,9,14,17,30,12,33
481292,1,1,12,12,12,12,12,12,12,12,12,12
481293,1,1,5,5,5,5,5,5,5,5,5,5
481294,1,1,13,0,19,0,11,21,12,0,31,0
481296,0,1,0,0,0,34,0,0,0,0,0,0
481296,0,2,0,0,0,0,0,0,0,0,0,0
481296,1,1,0,8,0,0,20,0,0,8,0,4
481297,0,1,0,0,0,0,0,0,0,22,20,0
481297,1,1,0,0,26,0,0,0,17,0,15,0
481298,1,1,0,0,0,0,0,0,0,0,0,0
481299,0,1,36,36,36,36,36,36,36,36,36,36
481299,1,1,0,0,0,0,0,0,0,0,0,0
481300,1,1,0,0,0,13,0,18,0,0,0,0
481300,2,1,0,0,12,21,0,0,28,0,23,3
481301,1,1,25,12,0,0,0,0,0,0,0,0
481302,1,1,0,0,0,0,0,0,0,0,0,0
481302,2,1,9,9,9,9,9,9,9,9,9,9
481303,1,1,0,0,0,0,32,0,0,0,0,0
481303,2,1,0,0,0,15,0,17,0,0,0,0
481304,1,1,15,26,0,11,0,0,27,0,18,16
481305,1,1,18,18,18,18,18,18,18,18,18,18
481305,2,1,8,0,6,0,0,0,0,0,16,0
481306,1,1,12,10,0,0,14,0,16,0,4,6
481306,2,1,0,23,35,0,17,0,0,0,0,0
481307,1,1,37,0,0,27,0,26,19,17,17,11
481308,1,1,0,0,0,0,20,0,0,0,0,5
481309,1,1,10,10,10,10,10,10,10,10,10,10
481310,1,1,7,7,7,7,7,7,7,7,7,7
481311,1,1,5,20,16,20,10,16,18,32,5,10
481311,2,1,12,3,6,12,20,0,19,0,0,38
481312,1,1,0,0,31,0,0,12,10,0,0,0
481312,2,1,0,0,0,0,0,0,0,0,0,0
481313,1,1,0,0,0,0,0,0,0,0,0,0
481313,2,1,0,0,0,0,0,0,0,0,0,0
481314,1,1,21,21,21,21,21,21,21,21,21,21
481314,2,1,11,0,0,0,0,11,0,0,12,0
481315,1,1,19,19,19,19,19,19,19,19,19,19
481315,2,1,0,0,0,0,0,0,0,0,0,0
481316,1,1,0,0,0,0,0,0,0,0,0,0
481317,0,1,31,31,31,31,31,31,31,31,31,31
481317,1,1,31,31,31,31,31,31,31,31,31,31
481318,1,1,21,0,29,14,0,9,24,19,0,10
481319,1,1,0,0,0,0,0,0,35,0,0,0
481319,2,1,0,0,0,0,0,0,0,0,0,0
481320,1,1,0,20,10,0,14,0,0,20,0,0
481321,1,1,25,25,25,25,25,25,25,25,25,25
481322,1,1,27,0,14,0,7,0,0,0,8,10
481322,2,1,0,13,8,7,0,14,0,0,0,19
481323,1,1,0,0,0,0,0,0,0,0,0,0
481323,2,1,0,0,13,0,0,0,12,0,0,0
481324,1,1,23,23,23,23,23,23,23,23,23,23
481325,1,1,20,8,22,21,3,13,10,6,0,7
481325,2,1,0,0,0,0,0,0,0,0,0,0
481325,3,1,28,0,0,0,0,0,15,0,16,0
481326,1,1,0,0,0,0,0,0,0,0,0,0
481327,1,1,11,11,11,11,11,11,11,11,11,11
481328,1,1,0,4,7,0,0,0,0,0,0,12
481328,2,1,11,0,0,9,0,0,0,0,0,0
481329,1,1,0,0,0,0,0,0,0,0,0,0
481329,2,1,0,0,0,0,0,0,0,0,0,0
481330,1,1,0,13,0,0,27,0,0,0,0,13
481330,2,1,0,0,0,0,0,0,0,0,0,0
481331,1,1,20,20,20,20,20,20,20,20,20,20
481332,1,1,0,0,0,0,0,0,0,0,0,0
481332,2,1,0,0,0,0,0,0,0,0,0,0
481332,3,1,0,0,0,0,0,0,0,0,0,0
481332,4,1,0,0,0,0,0,0,0,0,0,0
481333,1,1,15,15,15,15,15,15,15,15,15,15
481334,1,1,10,10,10,10,10,10,10,10,10,10
481335,1,1,31,12,15,19,16,0,18,16,0,0
481336,1,1,38,38,38,38,38,38,38,38,38,38
481337,1,1,22,22,22,22,22,22,22,22,22,22
481337,2,1,0,0,0,0,0,0,0,0,0,0
481338,1,1,0,0,0,0,0,0,0,0,0,0
481338,2,1,0,0,0,0,0,0,0,0,0,0
481339,0,1,0,0,0,0,0,0,0,0,0,0
481339,0,2,0,0,0,0,0,0,0,7,0,0
481339,1,1,0,0,0,0,0,0,0,0,29,0
481340,0,1,0,28,12,30,0,0,0,0,0,9
481340,1,1,0,18,23,0,12,0,0,29,16,15
481341,1,1,0,0,9,11,21,0,0,0,0,0
481342,1,1,26,0,21,18,11,5,23,11,6,17
481343,1,1,13,13,13,13,13,13,13,13,13,13
481344,1,1,0,0,0,0,0,0,0,0,0,0
481344,2,1,0,20,0,0,0,0,14,0,7,10
481344,3,1,0,0,0,0,24,0,0,29,0,20
481344,4,1,0,0,0,0,7,0,0,0,0,0
481345,1,1,28,28,28,28,28,28,28,28,28,28
481347,0,1,0,21,8,0,0,26,8,0,0,0
481347,1,1,0,0,0,0,0,0,0,0,0,0
481348,1,1,0,0,0,0,0,0,0,0,0,0
481349,1,1,10,0,27,0,0,0,0,0,0,0
481350,1,1,0,14,0,0,15,18,0,0,35,0
481350,2,1,0,0,0,0,0,0,0,0,11,0
481351,0,1,47,22,0,9,0,2,0,0,23,13
481351,1,1,0,18,0,0,0,0,10,25,11,0
481352,0,1,28,0,0,7,18,0,11,14,25,11
481352,1,1,0,0,0,0,0,0,0,0,0,0
481353,1,1,0,43,0,25,0,0,0,0,0,0
481353,2,1,0,0,0,0,0,0,0,0,0,0
481354,1,1,18,18,18,18,18,18,18,18,18,18
481355,1,1,0,19,6,0,0,0,0,0,0,0
481355,2,1,0,0,0,0,13,0,0,0,0,14
481356,1,1,21,21,21,21,21,21,21,21,21,21
481356,2,1,0,0,11,0,0,23,22,24,0,0
481357,0,1,0,3,0,0,0,0,0,0,0,0
481357,1,1,1,1,1,1,1,1,1,1,1,1
481358,1,1,21,21,21,21,21,21,21,21,21,21
481359,1,1,0,0,0,9,13,0,0,0,0,9
481360,1,1,0,0,0,0,0,0,0,0,0,0
481361,1,1,0,0,0,0,0,0,0,0,0,0
481362,0,1,0,0,0,10,0,0,5,0,0,0
481362,1,1,22,13,0,21,5,0,16,2,0,23
481363,0,1,31,31,31,31,31,31,31,31,31,31
481363,0,2,0,0,0,0,0,0,0,0,0,0
481363,1,1,7,18,0,0,0,0,0,13,3,0
481364,0,1,0,0,0,0,0,0,0,0,0,0
481364,1,1,0,0,18,23,0,13,15,17,16,0
481365,1,1,14,14,14,14,14,14,14,14,14,14
481366,0,1,16,16,16,16,16,16,16,16,16,16
481366,1,1,0,13,0,0,6,18,0,7,0,0
481367,1,1,0,0,0,0,0,0,0,0,0,0
481367,2,1,0,0,0,0,0,0,0,0,0,0
481368,1,1,0,0,0,0,0,0,0,0,0,0
481369,1,1,0,0,0,0,0,0,0,0,0,0
481369,2,1,0,0,0,0,0,0,0,18,0,0
481370,1,1,7,7,7,7,7,7,7,7,7,7
481371,1,1,0,0,0,0,0,0,0,0,0,17
481371,2,1,0,0,17,13,0,0,0,0,0,0
481372,1,1,14,0,0,0,0,0,0,0,0,0
481372,2,1,0,20,0,0,15,0,14,0,21,11
481373,1,1,26,26,26,26,26,26,26,26,26,26
481373,2,1,0,0,0,0,0,0,0,0,0,0
481374,1,1,24,24,24,24,24,24,24,24,24,24
481375,0,1,0,10,0,0,0,0,15,45,17,0
481375,1,1,0,11,0,0,10,20,0,0,0,0
481376,1,1,11,23,14,0,10,2,8,11,7,19
481376,2,1,0,0,0,0,0,0,0,0,0,0
481377,0,1,29,29,29,29,29,29,29,29,29,29
481377,1,1,0,0,14,11,0,0,0,0,0,6
481378,1,1,19,19,19,19,19,19,19,19,19,19
481379,1,3,0,0,18,14,22,0,18,0,12,0
481380,1,1,22,0,0,5,0,23,0,0,0,0
481381,1,1,13,13,13,13,13,13,13,13,13,13
481381,2,1,0,0,0,0,6,0,22,0,0,0
481381,3,1,0,0,0,0,0,0,0,0,0,12
481382,1,1,0,9,6,0,0,0,0,29,0,14
481383,1,1,0,0,0,0,0,0,0,0,0,0
481383,2,1,0,0,0,0,4,0,5,0,0,0
481384,1,1,20,20,20,20,20,20,20,20,20,20
481385,1,1,15,0,7,6,15,11,23,0,11,5
481386,1,1,0,0,0,0,0,0,0,0,0,0
481386,2,1,16,0,0,0,0,19,0,0,0,0
481387,0,1,26,0,22,0,29,21,14,0,11,14
481387,1,1,0,0,0,0,0,0,0,0,0,0
481388,1,1,25,0,55,0,0,12,0,24,0,22
481388,2,1,0,0,0,0,0,0,12,0,0,0
481389,0,1,0,0,0,0,0,0,0,0,13,0
481389,1,1,0,0,20,0,0,0,16,0,0,11
481389,2,1,0,0,0,0,0,0,0,0,0,0
481389,3,1,14,0,0,0,21,0,0,0,0,17
481389,4,1,0,9,0,46,0,21,0,0,0,0
481390,1,1,23,17,18,13,25,20,0,19,0,0
481392,1,1,0,0,0,0,0,0,0,0,0,0
481392,2,1,0,0,0,0,0,0,0,0,0,0
481393,0,1,0,0,0,27,0,0,0,11,0,0
481393,1,1,0,0,0,0,0,0,0,0,0,0
481393,2,1,0,0,0,8,0,20,0,17,0,0
481394,0,1,0,0,0,24,0,18,14,17,5,3
481394,0,2,0,32,0,36,0,0,19,14,0,0
481394,1,1,2,0,0,0,0,15,15,9,5,16
481395,1,1,0,0,0,0,0,0,0,0,0,0
481395,2,1,4,0,24,0,0,19,16,0,7,0
481396,1,1,21,21,21,21,21,21,21,21,21,21
481397,0,1,22,0,14,5,0,16,0,0,0,0
481397,1,1,0,0,2,25,0,4,0,0,0,0
481398,1,1,0,18,0,0,0,5,0,0,10,0
481398,2,1,0,0,0,0,0,0,0,0,0,0
481399,1,1,0,0,0,0,0,0,0,0,0,0
481399,2,1,0,0,0,0,0,0,0,0,0,0
481400,1,1,10,0,0,0,0,0,0,0,0,0
481400,2,1,0,0,0,0,0,0,0,0,0,0
481401,1,1,0,0,0,0,0,0,0,0,0,0
481402,0,1,0,0,0,0,0,0,0,0,0,0
481402,1,1,2,2,2,2,2,2,2,2,2,2
481403,1,1,0,0,0,0,0,0,0,0,0,0
481404,1,1,0,0,9,17,0,17,0,0,0,0
481405,1,1,23,0,0,16,19,0,0,0,0,18
481405,2,1,11,4,15,15,0,0,16,0,9,0
481405,3,1,0,0,0,0,0,0,0,0,0,0
481405,4,1,0,20,33,9,0,7,0,0,0,11
481405,5,1,0,0,9,16,17,0,14,22,0,0
481405,6,1,0,10,0,0,0,18,0,30,0,0
481405,7,1,0,6,0,14,15,0,0,21,0,0
481406,0,1,0,0,0,0,0,0,0,0,0,0
481406,1,1,22,0,2,0,3,0,17,0,2,0
481406,2,1,0,0,0,0,14,0,0,0,0,0
481407,1,1,21,21,21,21,21,21,21,21,21,21
481407,2,1,0,0,0,0,0,0,0,0,0,0
481408,1,1,0,17,0,8,0,0,12,0,0,0
481408,2,1,0,0,0,0,0,0,0,0,0,7
481408,3,1,0,0,0,0,0,0,0,0,0,0
481409,1,1,0,0,20,0,0,0,3,0,0,0
481409,2,1,0,0,0,0,0,0,0,11,0,7
481409,3,1,0,0,0,0,0,0,0,9,10,0
481410,1,1,0,0,0,0,0,7,0,0,23,19
481411,1,1,24,24,24,24,24,24,24,24,24,24
481411,2,1,24,36,0,20,15,0,0,0,0,0
481412,1,1,40,0,0,0,10,0,35,19,0,7
481413,1,1,11,11,11,11,11,11,11,11,11,11
481414,1,1,0,0,0,0,0,0,0,21,16,0
481414,2,1,0,0,0,0,0,0,0,0,0,0
481415,0,1,0,0,0,0,30,7,0,0,0,0
481415,0,2,35,0,25,0,0,0,9,0,10,0
481415,1,1,18,18,18,18,18,18,18,18,18,18
481416,1,1,0,0,0,0,0,0,0,0,0,0
481416,2,1,0,0,0,0,0,0,0,3,3,9
481417,1,1,16,25,13,13,14,19,10,5,0,7
481417,2,1,0,0,11,0,37,12,0,0,16,5
481418,1,1,0,0,0,0,0,0,0,0,0,0
481418,2,1,15,24,12,14,0,0,20,0,0,0
481419,1,1,0,0,3,0,0,0,0,0,0,0
481419,2,1,0,0,0,0,0,0,0,0,0,0
481420,1,1,0,0,0,0,0,0,0,0,0,0
481420,2,1,0,0,0,0,0,0,0,0,0,0
481421,1,1,0,0,15,0,10,0,6,0,0,0
481421,2,1,0,0,0,16,0,11,0,0,4,0
481422,1,1,0,0,0,0,34,0,0,12,0,11
481422,2,1,21,0,16,9,18,0,0,26,0,0
481423,0,1,0,0,0,16,0,0,0,24,0,0
481423,1,1,11,2,19,23,14,12,18,19,9,15
481424,1,1,0,17,19,0,0,0,0,13,0,0
481424,2,1,0,0,0,8,11,0,0,0,0,0
481425,0,1,15,0,0,0,8,0,13,0,0,0
481425,0,2,0,0,0,0,0,0,0,0,0,0
481425,0,3,0,0,0,11,0,23,8,0,0,0
481425,0,4,0,0,0,0,0,0,0,0,0,0
481425,1,1,10,10,10,10,10,10,10,10,10,10
481426,1,1,14,0,0,0,0,0,0,0,0,0
481426,2,1,6,0,0,0,15,20,16,0,0,0
481427,1,1,0,0,0,20,11,0,21,12,0,20
481427,2,1,0,0,0,0,0,0,10,0,0,0
481428,1,1,0,20,0,0,0,0,13,0,0,0
481428,2,1,0,0,0,0,0,0,0,0,0,0
481428,3,1,0,0,0,0,0,32,0,0,0,0
481428,4,1,0,0,0,0,31,0,0,0,0,0
481429,1,1,0,0,0,0,0,0,0,0,0,0
481430,1,1,24,7,24,15,21,7,14,10,3,13
481430,2,1,0,0,0,0,0,0,0,0,0,0
481431,1,1,0,0,10,0,0,0,0,0,0,0
481432,1,1,0,0,0,0,0,0,0,0,0,0
481432,2,1,15,0,0,0,7,0,25,7,21,0
481433,0,1,15,27,26,0,18,21,0,0,27,0