ST_CASE,VEH_NO,PER_NO,P1,P2,P3,P4,P5,P6,P7,P8,P9,P10
481433,1,1,12,0,0,0,12,0,9,13,12,0
481434,1,1,0,0,30,0,0,0,26,0,33,0
481434,2,1,0,0,0,0,0,0,0,0,0,0
481435,1,1,0,0,0,12,0,9,0,0,0,0
481435,2,1,0,29,0,5,0,0,40,0,0,0
481435,3,1,0,0,0,0,0,0,0,0,0,0
481436,1,1,18,14,14,19,27,19,7,10,26,19
481437,1,1,29,0,0,29,19,0,0,26,35,3
481437,2,1,0,0,0,18,0,0,0,0,0,0
481438,1,1,0,20,0,0,0,32,0,16,0,0
481439,1,1,0,0,2,0,17,0,32,0,0,12
481439,2,1,0,0,0,0,0,0,0,0,0,0
481440,0,1,0,33,0,0,0,24,0,0,0,29
481440,1,1,0,14,13,11,17,14,4,0,14,0
481441,1,1,0,6,0,13,0,0,9,7,0,11
481441,2,1,0,0,0,0,0,0,0,0,13,0
481442,1,1,0,0,0,0,0,0,0,20,0,12
481443,1,1,0,20,0,0,13,0,12,0,0,20
481444,0,1,0,0,22,0,0,0,16,21,13,0
481444,0,2,0,0,13,21,0,26,11,0,0,0
481444,1,1,0,10,16,15,0,8,0,0,15,0
481445,0,1,0,0,0,0,0,0,0,0,0,0
481445,1,1,0,16,0,23,0,0,12,24,16,0
481446,0,1,12,12,12,12,12,12,12,12,12,12
481446,1,1,0,0,0,0,7,0,0,0,0,15
481447,0,1,0,0,0,0,0,0,0,0,0,0
481447,1,1,0,0,0,0,24,0,0,0,0,7
481448,0,1,0,0,0,0,0,0,0,0,0,0
481448,1,1,13,21,0,18,18,0,0,22,15,0
481449,0,1,32,32,32,32,32,32,32,32,32,32
481449,1,1,0,0,0,0,0,0,0,0,0,0
481450,1,1,0,10,0,13,23,24,0,0,0,0
481450,2,1,0,0,0,0,0,0,0,0,0,0
481451,1,1,0,0,0,19,0,0,0,0,0,22
481452,1,1,10,10,10,10,10,10,10,10,10,10
481453,1,1,33,33,33,33,33,33,33,33,33,33
481453,2,1,20,20,20,20,20,20,20,20,20,20
481454,0,1,20,0,0,0,0,0,5,10,0,29
481454,1,1,6,0,0,12,0,0,0,10,0,16
481455,1,1,0,0,0,0,0,0,0,0,0,0
481455,2,1,0,0,38,0,0,0,0,0,9,35
481456,0,1,12,0,22,0,0,0,0,13,0,0
481456,1,1,0,0,0,0,4,0,0,0,0,23
481457,1,1,26,0,6,0,0,0,0,0,0,0
481458,1,1,5,5,5,5,5,5,5,5,5,5
481458,2,1,0,0,0,12,0,10,34,9,0,0
481459,1,1,24,24,24,24,24,24,24,24,24,24
481460,0,1,7,0,0,0,0,0,0,0,10,0
481460,1,1,0,0,0,0,0,0,0,0,0,0
481461,1,1,0,0,0,0,0,0,0,4,0,0
481461,2,1,0,0,0,0,0,10,0,2,0,14
481462,1,1,19,19,19,19,19,19,19,19,19,19
481463,1,1,0,38,0,10,0,0,29,0,13,23
481463,2,1,0,0,0,0,0,0,0,0,10,7
481464,1,1,12,12,12,12,12,12,12,12,12,12
481465,0,1,0,0,0,0,0,0,0,0,0,0
481465,1,1,9,17,29,53,0,32,42,0,0,16
481466,1,1,0,0,9,17,0,0,0,27,25,0
481466,2,1,0,0,0,0,0,0,0,0,0,0
481467,1,1,15,0,0,0,0,0,0,17,10,0
481467,2,1,0,0,0,0,0,0,0,0,0,0
481468,1,1,0,0,0,0,0,0,0,0,0,0
481469,1,1,0,0,0,0,0,0,0,0,0,0
481469,2,1,0,0,0,0,0,0,0,0,0,0
481470,1,1,12,18,0,11,0,0,0,0,4,0
481471,1,1,1,1,1,1,1,1,1,1,1,1
481471,2,1,0,0,0,0,0,0,0,0,0,0
481472,1,1,18,0,0,16,0,7,0,0,0,0
481472,2,1,0,0,0,0,0,0,0,0,0,0
481473,1,1,0,0,0,0,0,0,0,0,0,12
481473,2,1,0,0,0,0,0,10,11,0,16,0
481474,1,1,0,0,0,0,0,0,0,0,0,0
481474,2,1,0,0,0,0,0,0,14,0,0,13
481475,1,1,0,0,0,0,0,0,0,0,0,0
481476,1,1,0,0,0,0,0,0,0,0,16,0
481476,2,1,0,0,0,0,19,0,0,24,0,13
481476,3,1,0,0,0,0,0,0,0,0,0,0
481477,0,1,0,0,0,0,0,0,0,0,0,0
481477,1,1,0,0,19,0,21,0,36,43,33,0
481478,1,1,0,0,0,0,0,0,0,0,0,0
481478,2,1,18,18,18,18,18,18,18,18,18,18
481479,1,1,0,0,0,0,0,0,0,0,0,0
481479,2,1,14,14,14,14,14,14,14,14,14,14
481480,1,1,0,30,0,18,0,0,0,0,0,0
481481,1,1,0,0,7,0,0,0,0,0,16,0
481481,2,1,0,0,11,12,0,0,0,0,0,0
481482,1,1,16,16,16,16,16,16,16,16,16,16
481482,2,1,0,0,20,16,0,0,27,0,0,13
481483,1,1,20,19,0,2,0,0,11,0,2,7
481483,2,1,0,0,0,0,0,0,0,0,0,0
481485,1,1,20,20,20,20,20,20,20,20,20,20
481486,0,1,38,38,38,38,38,38,38,38,38,38
481486,1,1,6,0,0,12,6,0,0,0,0,0
481487,1,1,0,0,32,0,22,0,0,0,0,0
481487,2,1,0,0,0,0,0,0,0,0,0,0
481488,1,1,0,0,0,0,0,0,0,0,0,0
481489,1,1,0,0,0,0,0,0,0,0,0,0
481489,2,1,0,0,0,0,0,11,0,7,0,0
481490,0,1,12,0,0,0,23,0,0,0,12,0
481490,1,1,17,18,15,21,0,26,0,0,0,0
481491,1,1,0,0,0,0,0,0,5,0,0,11
481491,2,1,0,0,12,0,0,22,16,0,0,0
481492,1,1,5,5,5,5,5,5,5,5,5,5
481493,1,1,33,7,15,28,27,0,19,15,0,17
481493,2,1,0,0,0,5,0,15,0,34,0,0
481494,1,1,22,19,9,20,20,26,22,22,19,11
481495,0,1,0,0,0,0,0,0,0,0,0,0
481495,1,1,17,0,0,0,0,18,0,0,0,0
481496,1,1,0,0,0,5,0,0,0,0,0,0
481496,2,1,0,7,0,0,0,0,0,0,0,0
481497,1,1,26,26,26,26,26,26,26,26,26,26
481498,1,1,7,0,12,0,0,0,23,0,20,0
481498,2,1,0,0,0,0,0,0,0,0,9,0
481499,1,1,0,0,0,0,0,0,0,0,0,0
481499,2,1,0,0,0,23,0,23,0,19,0,0
481500,1,1,0,0,0,0,0,0,0,0,0,0
481500,2,1,20,0,22,0,0,0,0,0,10,0
481501,0,1,27,27,27,27,27,27,27,27,27,27
481501,1,1,0,0,0,13,0,0,0,0,0,0
481502,1,1,0,10,0,0,0,0,0,0,0,0
481502,2,1,0,0,0,0,0,0,0,0,0,0
481502,3,1,0,0,0,0,0,0,0,0,0,0
481503,1,1,0,0,0,0,0,0,0,0,0,0
481504,1,1,0,0,0,0,0,0,0,0,0,0
481504,2,1,0,27,0,0,0,0,0,24,0,0
481505,1,1,10,0,0,0,0,0,0,0,0,23
481505,2,1,0,0,0,10,0,7,0,27,0,0
481506,1,1,0,0,0,0,0,0,14,0,0,0
481506,2,1,4,0,0,0,0,19,0,0,0,0
481507,1,1,0,0,0,0,0,0,0,0,0,0
481507,2,1,0,0,0,0,0,0,0,0,0,0
481508,1,1,24,24,24,24,24,24,24,24,24,24
481509,1,1,10,10,10,10,10,10,10,10,10,10
481509,2,1,0,5,0,27,0,0,0,13,0,32
481510,1,1,0,0,8,15,0,0,0,0,0,0
481510,2,1,0,0,0,0,0,0,0,0,0,12
481511,1,1,0,0,0,0,0,0,0,0,0,0
481511,2,1,0,0,24,0,0,0,0,10,2,21
481512,1,1,0,0,0,0,0,0,0,0,0,0
481513,0,1,0,19,0,0,29,0,28,0,0,0
481513,1,1,0,0,0,0,6,0,0,0,0,0
481514,1,1,24,24,24,24,24,24,24,24,24,24
481515,0,1,5,0,0,0,0,17,0,0,0,0
481515,1,1,0,0,0,17,14,14,16,10,13,13
481516,1,1,0,0,0,0,0,0,0,0,0,0
481516,2,1,0,0,0,0,0,0,0,0,0,0
481517,1,1,0,16,12,0,27,45,22,32,9,0
481518,1,1,0,0,0,0,0,0,0,0,0,0
481519,1,1,0,0,0,0,0,0,0,0,0,0
481519,2,1,0,0,0,0,0,5,0,0,0,0
481520,1,1,0,0,0,0,0,0,0,0,0,0
481520,2,1,11,14,15,0,14,0,0,9,7,0
481521,1,1,1,1,1,1,1,1,1,1,1,1
481522,1,1,10,10,10,10,10,10,10,10,10,10
481523,1,1,0,2,0,0,12,0,0,7,0,0
481523,2,1,0,13,20,0,22,0,24,19,16,18
481524,1,1,0,0,13,0,0,8,0,0,0,12
481525,1,1,14,14,14,14,14,14,14,14,14,14
481526,1,1,26,21,7,0,4,10,6,19,13,21
481526,2,1,0,0,0,0,0,0,0,0,0,0
481527,0,1,5,5,5,5,5,5,5,5,5,5
481527,1,1,0,0,23,0,12,15,17,0,33,0
481527,2,1,0,0,0,0,0,16,0,0,0,0
481527,3,1,0,0,0,0,0,0,0,0,4,0
481527,4,1,0,0,0,0,0,15,28,17,0,0
481528,1,1,15,15,15,15,15,15,15,15,15,15
481529,1,1,23,23,23,23,23,23,23,23,23,23
481529,2,1,0,28,18,0,0,0,10,0,0,0
481529,3,1,4,0,0,0,0,0,0,0,0,0
481529,4,1,0,0,0,0,0,0,0,0,0,0
481530,1,1,0,0,10,5,12,16,0,9,25,0
481530,2,1,0,0,34,0,0,0,0,0,0,12
481531,1,1,22,22,22,22,22,22,22,22,22,22
481532,1,1,0,0,0,0,0,0,0,0,0,0
481532,2,1,0,0,14,17,0,0,11,20,10,0
481532,3,1,0,0,0,0,0,0,0,0,0,0
481533,1,1,0,12,6,0,0,0,11,0,0,0
481533,2,1,13,0,0,0,23,16,0,0,0,0
481534,1,1,0,10,0,19,0,5,38,23,0,0
481534,2,1,0,20,0,0,0,0,17,0,0,0
481535,1,1,21,0,0,0,0,0,0,24,19,28
481536,1,1,0,0,0,0,0,0,0,0,0,0
481536,2,1,25,0,9,16,0,0,0,0,0,0
481537,1,1,0,0,0,0,0,0,0,0,0,0
481537,2,1,0,0,0,0,0,0,0,0,0,0
481538,1,1,16,16,16,16,16,16,16,16,16,16
481539,1,1,1,1,1,1,1,1,1,1,1,1
481540,1,1,0,0,0,0,0,0,0,0,0,0
481541,1,1,0,0,0,0,0,0,0,0,0,0
481542,1,1,0,0,0,0,0,0,0,0,0,0
481542,2,1,0,0,0,0,0,0,0,0,0,0
481543,0,1,0,0,15,0,24,0,0,0,0,0
481543,1,1,11,0,0,0,0,0,0,0,0,0
481544,1,1,0,12,22,0,0,18,18,0,0,12
481544,2,1,0,0,0,0,0,0,0,0,0,0
481545,1,1,18,18,18,18,18,18,18,18,18,18
481546,1,1,0,0,0,0,0,0,0,0,0,0
481546,2,1,0,0,0,0,0,0,0,0,0,0
481547,0,1,24,24,24,24,24,24,24,24,24,24
481547,1,1,0,13,0,0,5,0,19,0,0,15
481548,1,1,23,23,23,23,23,23,23,23,23,23
481548,2,1,0,0,0,0,0,0,0,0,0,0
481549,1,1,0,0,0,0,0,17,0,0,31,0
481550,1,1,0,0,0,0,0,0,0,0,0,0
481551,1,1,25,0,0,28,0,0,0,15,0,0
481551,2,1,0,0,0,0,19,13,0,0,0,0
481552,1,1,18,0,0,0,35,0,0,0,25,13
481552,2,1,0,0,0,0,0,18,0,0,0,0
481553,1,1,13,13,13,13,13,13,13,13,13,13
481554,0,1,22,22,22,22,22,22,22,22,22,22
481554,1,1,0,0,0,0,0,0,0,0,0,0
481555,1,1,0,0,25,0,13,10,11,0,0,9
481555,2,1,0,0,8,37,12,0,22,8,15,11
481556,1,1,0,0,17,8,19,0,8,23,19,0
481556,2,1,8,8,8,8,8,8,8,8,8,8
481557,1,1,43,32,20,12,15,19,12,22,0,0
481558,1,1,13,0,0,0,17,0,0,17,0,0
481558,2,1,0,0,0,0,0,0,0,0,0,0
481559,0,1,0,0,0,0,0,0,0,0,0,0
481559,1,1,0,17,0,0,8,0,0,0,17,0
481560,0,1,0,0,0,0,0,0,0,0,0,0
481560,1,1,0,23,23,6,0,13,0,10,0,18
481561,0,1,14,15,0,0,24,11,0,16,31,0
481561,1,1,14,0,20,30,0,10,0,14,32,0
481562,1,1,0,0,16,0,0,0,0,0,0,0
481563,1,1,0,8,0,0,0,0,0,12,0,0
481564,1,1,17,17,17,17,17,17,17,17,17,17
481565,1,1,33,13,9,24,0,9,9,0,0,35
481566,1,1,0,45,6,0,19,0,0,0,0,0
481567,1,1,13,13,13,13,13,13,13,13,13,13
481568,1,1,17,0,10,11,10,0,0,0,22,0
481568,2,1,0,0,0,0,5,0,25,0,0,0
481569,1,1,0,0,0,0,0,0,0,0,0,0
481569,2,1,23,21,0,0,11,0,0,0,0,0
481570,1,1,0,19,0,24,0,19,10,46,11,0
481571,1,1,18,0,20,0,7,23,23,0,11,15
481572,0,1,0,0,0,0,0,34,0,0,0,0
481572,1,1,0,0,0,0,0,0,0,0,6,17
481573,1,1,19,0,0,15,0,0,0,28,0,10
481574,0,1,0,0,0,0,0,0,0,0,0,0
481574,1,1,7,30,0,15,0,0,18,0,0,0
481575,1,1,23,23,23,23,23,23,23,23,23,23
481576,1,1,5,0,0,0,5,0,11,0,0,11
481577,1,1,6,6,6,6,6,6,6,6,6,6
481577,2,1,4,0,5,0,0,0,9,0,0,0
481578,1,1,14,14,14,14,14,14,14,14,14,14
481579,0,1,15,15,15,15,15,15,15,15,15,15
481579,1,1,17,0,18,13,10,27,6,0,47,0
481580,1,1,4,10,22,0,0,0,20,18,0,12
481580,2,1,24,0,0,0,0,0,0,0,0,0
481581,1,1,0,0,16,0,15,9,16,0,0,0
481581,2,1,0,11,31,13,15,8,0,0,0,17
481582,1,1,0,0,0,0,14,0,0,0,0,5
481582,2,1,8,0,0,0,17,10,10,0,0,0
481583,1,1,0,0,0,0,0,0,0,0,0,0
481583,2,1,22,22,22,22,22,22,22,22,22,22
481584,1,1,9,9,9,9,9,9,9,9,9,9
481584,2,1,18,18,18,18,18,18,18,18,18,18
481585,1,1,0,37,0,0,0,0,0,0,0,0
481585,2,1,0,19,0,0,0,0,36,0,0,0
481586,0,1,0,0,36,17,17,34,0,30,0,31
481586,1,1,0,0,0,0,8,0,0,7,3,0
481587,0,1,0,0,9,0,16,0,0,0,0,0
481587,1,1,0,0,0,0,0,0,0,0,0,0
481588,1,1,9,29,5,0,0,0,0,0,6,25
481588,3,1,0,14,0,0,0,0,0,0,0,16
481589,1,1,0,0,0,0,0,0,0,0,0,0
481589,2,1,0,19,0,0,30,0,0,0,0,0
481590,1,1,0,0,0,0,0,0,0,0,0,0
481590,2,1,0,0,0,25,23,0,0,0,0,11
481592,1,1,0,0,17,0,0,0,0,0,0,0
481592,2,1,0,0,0,7,2,0,7,0,15,14
481592,3,1,0,0,0,0,25,11,0,0,0,0
481592,4,1,19,4,0,0,0,0,0,0,8,0
481592,5,1,0,12,0,0,22,0,0,0,0,13
481592,6,1,0,0,10,8,0,0,11,0,0,0
481593,1,1,35,35,35,35,35,35,35,35,35,35
481593,2,1,0,0,0,0,0,0,0,0,0,0
481594,1,1,0,0,0,0,8,0,0,0,0,8
481594,2,1,18,6,13,0,0,9,0,0,12,11
481595,1,1,0,0,0,0,0,0,0,0,0,0
481596,0,1,0,24,0,0,0,0,0,0,0,0
481596,1,1,0,0,0,0,0,0,0,0,0,0
481597,0,1,0,0,0,0,0,0,0,0,0,0
481597,1,1,0,0,0,0,0,0,0,0,0,0
481598,1,1,28,28,28,28,28,28,28,28,28,28
481598,2,1,0,0,0,0,0,0,0,0,0,0
481599,1,1,0,0,14,6,0,0,16,0,0,0
481600,0,1,8,0,0,0,0,0,0,0,0,0
481600,1,1,0,0,0,0,0,0,0,0,0,0
481601,1,1,0,0,0,0,0,0,0,12,0,0
481601,2,1,0,0,0,0,0,0,0,0,0,0
481603,1,1,0,0,0,0,0,0,0,0,0,0
481603,2,1,0,33,20,0,0,0,0,0,0,0
481604,0,1,0,0,0,0,0,0,0,0,0,0
481604,1,1,0,15,9,0,19,0,10,0,0,0
481604,2,1,19,6,19,11,0,0,0,13,0,20
481605,1,1,15,15,15,15,15,15,15,15,15,15
481605,2,1,0,0,0,0,0,0,0,0,0,0
481605,3,1,0,3,0,0,14,0,0,0,0,0
481606,1,1,0,0,0,0,0,0,0,0,0,0
481606,2,1,0,0,0,6,0,0,0,8,0,0
481606,3,1,19,0,20,0,0,0,15,0,0,0
481607,0,1,0,0,0,0,0,0,0,0,0,0
481607,1,1,16,12,0,10,0,0,5,0,0,21
481608,0,1,0,0,0,0,0,0,0,0,0,0
481608,1,1,0,0,0,0,0,0,0,0,0,0
481609,1,1,19,19,19,19,19,19,19,19,19,19
481609,2,1,0,0,0,6,0,0,0,0,0,0
481610,1,1,0,0,0,0,0,0,0,0,0,0
481610,2,1,0,0,0,0,0,0,0,0,0,0
481611,1,1,0,0,0,8,11,0,0,0,0,0
481612,1,1,15,0,0,0,21,0,0,0,0,0
481612,2,1,0,0,0,0,0,19,0,0,6,0
481613,1,1,21,21,21,21,21,21,21,21,21,21
481614,1,1,25,0,0,0,0,0,0,0,10,0
481615,1,1,0,0,0,0,0,0,17,0,0,0
481615,2,1,0,0,0,0,0,0,0,0,0,0
481616,1,1,23,23,23,23,23,23,23,23,23,23
481616,2,1,0,0,17,12,0,0,8,0,0,49
481616,3,1,0,0,0,0,0,0,0,0,0,0
481616,4,1,0,9,0,0,0,0,0,0,0,0
481617,1,1,21,10,28,0,13,21,0,11,0,0
481618,1,1,0,27,0,0,0,0,21,15,21,0
481618,2,1,14,0,0,0,0,0,0,0,0,0
481619,1,1,19,19,19,19,19,19,19,19,19,19
481620,1,1,0,0,0,0,0,15,0,0,0,14
481621,1,1,0,0,0,0,0,0,0,0,0,0
481621,2,1,0,0,0,0,0,0,0,0,0,0
481622,1,1,0,0,0,0,0,0,0,0,0,0
481622,2,1,0,10,0,0,0,0,0,0,0,0
481623,1,1,0,0,0,0,0,0,0,0,0,0
481623,2,1,0,0,0,0,0,0,0,0,0,0
481624,1,1,32,32,32,32,32,32,32,32,32,32
481625,1,1,0,7,0,0,10,0,0,0,0,0
481625,2,1,0,0,0,0,0,0,0,0,0,0
481626,1,1,14,14,14,14,14,14,14,14,14,14
481627,1,1,0,0,0,0,0,0,0,0,0,0
481627,2,1,0,0,0,0,19,0,30,25,0,0
481628,1,1,16,0,0,0,0,0,0,0,0,0
481628,2,1,0,0,0,0,0,0,0,0,0,0
481629,1,1,0,38,17,0,0,0,31,0,0,0
481629,2,1,0,0,0,0,0,0,10,0,11,0
481630,1,1,0,7,0,11,21,0,0,0,12,0
481631,0,1,3,3,3,3,3,3,3,3,3,3
481631,1,1,0,0,0,0,0,0,0,0,0,0
481632,1,1,0,0,0,0,0,0,0,0,0,0
481632,2,1,0,18,4,8,0,0,17,26,19,17
481633,0,1,0,0,0,0,0,0,0,0,0,0
481633,1,1,0,0,0,16,0,34,15,0,19,0
481634,1,1,11,11,11,11,11,11,11,11,11,11
481635,1,1,40,0,17,0,10,0,47,12,0,0
481636,1,1,16,0,35,0,0,12,23,16,0,0
481637,1,1,0,0,0,0,0,7,0,5,9,0
481638,1,1,17,0,0,15,0,11,0,17,19,0
481639,0,1,1,1,1,1,1,1,1,1,1,1
481639,1,1,0,0,0,0,18,0,0,0,0,0
481640,0,1,0,0,0,0,0,0,0,0,0,0
481640,1,1,17,0,25,5,17,20,0,14,17,22
481641,1,1,0,0,0,2,0,0,0,0,0,0
481641,2,1,0,0,0,0,0,0,0,10,0,19
481642,1,1,0,0,0,0,0,0,0,0,0,0
481642,2,1,0,0,0,0,0,0,0,0,0,0
481643,0,1,0,0,0,0,0,15,0,0,0,0
481643,1,1,18,0,0,0,14,0,27,0,18,0
481644,1,1,0,0,0,0,16,15,0,5,20,0
481645,1,1,0,0,0,0,0,0,14,0,0,14
481645,2,1,0,22,0,0,0,0,0,0,0,0
481645,3,1,0,0,0,0,0,0,10,0,0,15
481646,1,1,4,4,4,4,4,4,4,4,4,4
481646,2,1,0,0,0,0,0,0,0,0,0,0
481647,0,1,0,0,0,0,0,0,0,0,0,0
481647,1,1,0,0,0,11,34,22,18,10,11,0
481647,2,1,0,0,3,16,0,13,0,0,20,0
481648,0,1,0,0,0,36,0,0,0,19,0,0
481648,1,1,0,0,0,0,0,0,0,0,0,0
481649,1,1,22,10,16,0,0,6,0,0,0,0
481650,1,1,14,14,14,14,14,14,14,14,14,14
481650,2,1,0,0,0,0,0,0,0,0,0,0
481651,1,1,4,4,4,4,4,4,4,4,4,4
481652,0,1,3,3,3,3,3,3,3,3,3,3
481652,1,1,10,0,8,14,18,8,10,11,0,0
481652,2,1,0,0,0,0,0,6,14,0,0,0
481653,1,1,0,0,0,0,0,0,0,0,0,0
481653,2,1,0,0,0,0,0,0,0,0,0,12
481654,0,1,28,28,28,28,28,28,28,28,28,28
481654,1,1,14,0,0,20,0,11,0,0,0,0
481655,0,1,0,0,0,0,0,0,0,0,0,0
481655,1,1,0,0,0,0,0,0,0,0,0,9
481655,2,1,0,0,0,0,0,0,0,0,0,8
481656,1,1,0,0,0,0,0,0,0,0,0,0
481656,2,1,0,0,0,0,0,0,0,0,0,0
481657,0,1,11,11,11,11,11,11,11,11,11,11
481657,1,1,0,28,0,0,0,0,0,30,0,0
481658,0,1,22,22,22,22,22,22,22,22,22,22
481658,1,1,0,0,0,0,0,20,0,0,0,9
481658,2,1,0,21,23,15,6,14,27,7,0,0
481659,0,1,30,0,0,7,0,0,12,26,0,10
481659,1,1,3,0,8,0,0,0,0,0,0,0
481660,1,1,0,0,0,23,0,0,0,0,0,0
481661,1,1,0,0,0,0,0,20,0,24,27,11
481662,1,1,21,0,20,24,0,0,0,21,0,26
481662,2,1,0,15,0,11,0,0,0,0,0,0
481663,1,1,0,4,29,11,0,0,0,0,0,0
481664,0,1,0,0,0,0,0,22,18,0,28,0
481664,1,1,0,0,0,0,0,0,0,0,0,0
481665,1,1,10,0,0,0,0,0,0,0,0,0
481665,2,1,0,0,0,0,0,0,0,0,0,0
481665,3,1,0,0,0,0,0,0,0,0,0,0
481665,4,1,0,0,0,0,0,0,0,0,0,0
481666,1,1,0,2,0,0,0,0,0,0,0,0
481666,2,1,0,0,0,0,0,0,17,22,0,0
481667,1,1,0,0,0,0,0,0,0,0,0,0
481667,2,1,7,8,0,0,20,0,15,0,0,0
481667,3,1,0,23,0,0,21,0,0,0,10,0
481668,0,1,0,0,0,0,0,0,0,0,0,0
481668,1,1,22,0,0,0,0,0,0,0,0,0
481669,1,1,0,0,0,0,0,0,0,0,0,0
481669,2,1,36,0,0,0,35,0,12,30,6,7
481671,1,1,5,0,8,0,13,0,0,13,31,7
481672,1,1,0,0,0,0,0,0,0,0,0,0
481673,1,1,23,0,10,26,17,20,8,3,7,0
481674,0,1,37,14,21,0,25,0,0,43,8,0
481674,1,1,0,0,0,0,0,0,0,0,0,0
481675,1,1,0,0,0,0,0,0,0,0,0,0
481675,2,1,0,0,0,0,0,0,0,39,0,19
481676,0,1,0,0,48,0,18,14,0,0,0,0
481676,1,1,20,0,0,0,0,21,0,0,0,0
481677,1,1,0,0,0,0,0,0,0,0,0,0
481677,2,1,0,0,0,0,0,0,0,0,0,0
481678,1,1,0,0,0,0,0,0,0,0,0,0
481678,2,1,0,0,6,0,0,0,0,0,0,0
481679,1,1,0,0,0,0,12,7,0,16,0,12
481679,2,1,14,0,11,0,0,0,16,24,0,22
481679,3,1,24,0,0,0,0,5,13,18,0,13
481680,0,1,30,30,30,30,30,30,30,30,30,30
481680,1,1,0,0,0,0,0,0,14,0,0,0
481681,0,1,0,0,0,0,0,0,0,0,0,0
481681,1,1,14,23,13,0,27,20,15,0,33,0
481682,0,1,18,0,0,0,0,34,3,3,32,16
481682,1,1,0,0,0,0,0,0,0,0,0,0
481683,0,1,0,0,0,0,0,0,9,0,32,0
481683,1,1,0,0,0,0,0,0,0,0,0,0
481684,0,1,0,16,7,0,0,17,34,21,0,0
481684,1,1,0,9,32,0,0,0,15,13,0,0
481685,1,1,19,18,0,26,27,24,15,8,0,11
481685,2,1,0,0,0,0,0,0,2,0,0,0
481686,1,1,0,0,20,19,0,0,37,7,16,0
481687,1,1,0,0,0,0,0,0,0,0,0,0
481687,2,1,0,0,0,0,0,0,0,0,0,0
481688,0,1,17,0,42,12,0,0,7,0,0,0
481688,0,2,0,19,0,9,13,0,0,6,0,8
481688,0,3,0,0,0,0,0,0,0,0,0,0
481688,0,4,0,0,0,0,0,0,0,0,0,0
481688,0,5,0,0,0,0,0,0,0,0,0,0
481688,1,1,0,0,0,19,0,40,0,13,0,0
481689,1,1,0,0,0,24,0,0,7,24,0,0
481690,1,1,0,0,0,0,0,0,0,0,0,0
481691,1,1,0,0,0,0,19,25,0,0,27,0
481691,2,1,0,0,0,0,9,20,0,15,0,0
481692,0,1,40,0,7,0,0,33,0,6,0,0
481692,1,1,0,0,0,0,0,17,0,0,0,0
481693,1,1,12,12,12,12,12,12,12,12,12,12
481694,1,1,9,9,9,9,9,9,9,9,9,9
481694,2,1,0,0,15,0,8,0,0,0,18,15
481695,1,1,0,0,0,0,0,0,0,0,0,0
481695,2,1,7,0,18,0,0,0,0,0,0,0
481695,4,1,0,0,13,0,0,0,15,0,0,12
481695,5,1,15,0,0,0,0,0,0,0,0,0
481696,1,1,0,0,0,0,0,0,0,0,0,0
481696,2,1,0,0,0,0,0,0,0,12,0,16
481697,0,1,16,16,16,16,16,16,16,16,16,16
481697,1,1,0,0,13,27,19,0,0,11,0,0
481698,1,1,5,5,5,5,5,5,5,5,5,5
481698,2,1,0,0,19,0,14,0,0,0,0,0
481699,0,1,0,0,0,0,0,0,0,0,0,0
481699,1,1,31,0,0,0,11,0,0,23,0,6
481700,0,1,0,0,13,20,11,0,0,0,6,15
481700,1,1,5,19,29,0,18,0,8,30,0,0
481700,2,1,0,19,25,0,27,0,0,5,0,0
481700,3,1,0,0,0,0,24,0,0,32,0,0
481701,1,1,0,0,0,0,0,0,0,0,0,0
481701,2,1,0,0,0,0,0,0,0,0,0,0
481702,1,1,25,25,25,25,25,25,25,25,25,25
481702,2,1,0,0,0,0,0,0,0,5,37,0
481703,1,1,29,29,29,29,29,29,29,29,29,29
481704,1,1,8,8,8,8,8,8,8,8,8,8
481704,2,1,19,0,18,0,20,13,0,0,5,0
481705,0,1,31,0,0,0,0,0,7,0,0,0
481705,1,1,13,13,11,15,37,0,7,0,6,41
481706,1,1,0,12,0,0,0,0,0,0,0,0
481706,2,1,0,0,14,0,0,0,0,0,0,0
481707,0,1,19,0,19,17,43,46,0,0,0,18
481707,1,1,0,14,14,0,26,15,0,15,0,19
481708,1,1,0,0,0,0,0,0,0,0,0,0
481708,2,1,0,0,0,0,0,0,0,0,0,0
481709,0,1,14,0,16,0,0,8,0,9,0,0
481709,1,1,0,18,5,29,12,0,31,0,13,21
481710,1,1,0,0,0,0,0,0,0,0,0,0
481710,2,1,13,13,13,13,13,13,13,13,13,13