ST_CASE,VEH_NO,PER_NO,P1,P2,P3,P4,P5,P6,P7,P8,P9,P10
481711,1,1,17,17,17,17,17,17,17,17,17,17
481712,0,1,32,32,32,32,32,32,32,32,32,32
481712,1,1,0,0,0,0,0,8,0,11,4,0
481713,1,1,0,5,0,11,33,7,16,25,0,0
481714,1,1,0,20,0,0,0,0,0,0,0,0
481714,2,1,0,44,3,0,0,0,0,16,0,0
481714,3,1,0,0,0,0,0,0,0,0,0,0
481715,0,1,0,0,0,0,0,0,0,0,0,0
481715,1,1,14,0,0,0,0,7,25,0,0,0
481716,1,1,0,0,0,0,0,0,0,0,0,0
481716,2,1,0,0,0,0,0,0,0,0,0,0
481717,1,1,0,15,13,21,0,23,0,0,0,0
481718,1,1,24,11,17,9,17,8,19,17,14,15
481719,1,1,0,0,0,0,0,0,0,0,0,0
481719,2,1,19,18,14,24,18,26,11,0,8,4
481720,0,1,13,0,24,0,0,27,0,13,28,0
481720,1,1,0,15,0,0,0,0,0,27,0,0
481721,1,1,0,4,0,15,0,0,17,0,0,0
481721,2,1,0,0,5,0,0,0,9,0,10,0
481722,0,1,0,0,0,0,0,0,0,0,0,10
481722,1,1,0,0,0,9,0,0,0,0,10,0
481723,0,1,12,49,0,0,0,0,0,0,13,0
481723,1,1,0,0,3,0,0,8,0,0,0,0
481724,1,1,0,12,0,19,0,0,0,24,0,21
481724,3,1,0,0,0,0,0,0,0,0,6,0
481724,4,1,33,0,19,0,0,0,0,13,0,6
481724,5,1,22,22,22,22,22,22,22,22,22,22
481724,6,1,0,0,0,0,0,0,0,0,0,0
481725,0,1,25,0,0,19,0,35,0,23,0,28
481725,1,1,17,0,0,8,11,10,10,6,13,0
481726,1,1,20,20,20,20,20,20,20,20,20,20
481726,2,1,0,0,0,0,0,0,0,0,0,0
481727,1,1,0,0,0,0,0,0,0,0,0,0
481727,2,1,0,0,0,0,0,0,0,12,0,0
481728,1,1,0,26,6,0,0,0,0,12,0,0
481729,0,1,38,0,21,0,18,24,17,28,19,0
481729,1,1,0,0,0,0,0,0,0,0,0,0
481729,2,1,16,9,0,24,0,6,0,6,0,0
481731,0,1,0,0,0,0,0,0,0,0,10,0
481731,1,1,0,14,0,0,10,0,0,14,11,19
481732,1,1,23,23,23,23,23,23,23,23,23,23
481732,2,1,7,0,0,0,0,0,0,0,0,0
481732,3,1,19,0,17,0,0,0,0,17,10,0
481732,4,1,0,0,0,0,0,0,0,0,0,0
481732,5,1,0,0,0,0,0,0,0,10,0,16
481732,6,1,0,0,0,0,0,0,0,0,0,0
481732,7,1,9,0,8,0,0,0,0,8,0,0
481733,1,1,25,0,0,23,33,0,0,0,0,8
481734,1,1,0,0,0,0,0,0,0,0,0,0
481735,1,1,22,22,22,22,22,22,22,22,22,22
481735,2,1,0,25,0,0,15,0,0,0,0,0
481735,3,1,0,0,0,0,0,15,0,0,0,16
481735,4,1,0,0,13,0,16,0,0,0,0,0
481735,5,1,0,0,0,0,0,0,0,0,0,0
481736,1,1,0,0,0,0,0,0,0,0,0,0
481737,1,1,11,11,11,11,11,11,11,11,11,11
481737,2,1,8,8,8,8,8,8,8,8,8,8
481738,1,1,25,25,25,25,25,25,25,25,25,25
481739,1,1,0,15,0,11,0,14,27,0,24,34
481740,0,1,0,0,52,0,0,0,55,0,0,0
481740,1,1,0,0,13,0,0,0,26,9,16,0
481741,1,1,4,4,4,4,4,4,4,4,4,4
481742,0,1,22,22,22,22,22,22,22,22,22,22
481742,1,1,0,28,0,0,16,6,28,0,28,0
481743,1,1,9,9,9,9,9,9,9,9,9,9
481744,1,1,3,3,3,3,3,3,3,3,3,3
481746,1,1,17,17,17,17,17,17,17,17,17,17
481746,2,1,0,0,0,0,0,0,0,0,0,0
481746,3,1,0,0,0,0,0,0,0,0,0,0
481747,1,1,0,0,14,0,0,0,45,0,0,0
481747,2,1,0,0,0,0,0,0,0,0,0,0
481748,1,1,11,11,11,11,11,11,11,11,11,11
481748,2,1,0,0,13,0,0,0,0,0,0,0
481749,1,1,6,6,6,6,6,6,6,6,6,6
481750,1,1,21,21,21,21,21,21,21,21,21,21
481751,0,1,0,21,12,36,0,0,0,0,0,0
481751,1,1,10,0,3,0,0,12,0,19,26,0
481752,1,1,0,11,15,0,0,0,0,0,4,0
481753,1,1,0,0,9,0,0,0,34,0,0,0
481753,2,1,0,12,0,0,0,0,0,0,0,0
481754,1,1,0,0,0,0,0,0,0,0,0,0
481754,2,1,0,0,0,0,0,0,13,0,0,0
481755,1,1,0,0,0,0,0,0,0,0,0,0
481755,2,1,21,0,0,0,0,13,0,19,0,0
481756,1,1,0,0,0,0,0,0,0,0,22,0
481757,1,1,25,25,25,25,25,25,25,25,25,25
481758,1,1,10,0,11,3,27,0,0,0,0,6
481759,1,1,23,23,23,23,23,23,23,23,23,23
481759,2,1,0,0,0,0,0,16,0,0,0,0
481760,1,1,0,0,0,0,0,0,0,0,0,0
481760,2,1,0,0,0,0,0,0,0,0,0,0
481760,3,1,0,0,25,0,0,0,0,0,0,0
481760,4,1,19,0,35,0,0,0,0,17,0,0
481761,0,1,0,0,0,0,0,0,0,0,0,0
481761,1,1,0,11,21,0,31,0,19,22,9,0
481762,0,1,0,0,0,0,0,0,0,0,0,0
481762,1,1,0,0,0,0,0,0,8,8,0,0
481763,1,1,13,13,13,13,13,13,13,13,13,13
481763,2,1,0,0,0,0,0,0,0,0,0,0
481764,1,1,0,0,0,0,0,0,0,0,0,0
481764,2,1,0,0,0,19,0,0,0,0,0,0
481765,1,1,0,0,4,0,0,0,0,0,0,0
481765,2,1,0,14,0,0,0,25,24,0,0,0
481766,1,1,24,24,24,24,24,24,24,24,24,24
481767,0,1,10,10,10,10,10,10,10,10,10,10
481767,1,1,0,0,0,0,6,0,0,0,0,0
481768,1,1,11,0,0,0,4,0,0,22,0,13
481768,2,1,0,0,0,0,0,0,0,0,0,0
481769,1,1,22,0,0,0,0,0,0,0,0,0
481770,1,1,22,22,22,22,22,22,22,22,22,22
481771,1,1,22,22,22,22,22,22,22,22,22,22
481772,0,1,0,0,0,0,0,0,0,0,0,0
481772,1,1,0,0,0,0,0,0,0,0,0,0
481773,0,1,0,0,0,16,0,0,0,19,19,25
481773,1,1,0,0,0,16,22,13,0,0,21,0
481774,1,1,0,0,0,0,0,0,0,0,0,0
481775,0,1,0,12,0,4,0,0,0,15,0,12
481775,0,2,0,0,0,0,0,0,16,0,0,13
481775,1,1,0,17,0,19,9,0,3,16,15,0
481776,1,1,15,15,15,15,15,15,15,15,15,15
481776,2,1,0,4,35,0,0,0,0,0,0,0
481777,1,1,0,0,0,0,13,19,0,0,3,9
481777,2,1,0,0,4,14,18,0,0,14,0,28
481778,0,1,0,0,0,51,41,26,0,0,0,29
481778,1,1,0,12,0,0,0,35,0,0,10,0
481778,2,1,0,0,18,13,0,7,15,23,0,29
481779,1,1,21,21,21,21,21,21,21,21,21,21
481779,2,1,11,11,11,11,11,11,11,11,11,11
481780,1,1,17,17,17,17,17,17,17,17,17,17
481781,1,1,24,12,0,0,4,0,0,18,0,0
481781,2,1,0,0,0,0,0,0,0,9,0,0
481782,1,1,4,4,4,4,4,4,4,4,4,4
481783,0,1,0,0,0,24,0,0,11,0,0,0
481783,1,1,0,0,0,0,0,0,0,0,0,0
481784,0,1,0,0,18,0,0,0,0,0,0,0
481784,1,1,0,0,0,0,16,0,4,0,0,0
481785,1,1,0,0,0,0,0,0,0,0,0,0
481786,1,1,4,0,9,0,17,0,0,0,13,25
481786,2,1,0,0,0,0,0,0,13,0,5,0
481788,0,1,0,0,0,0,0,0,0,0,0,0
481788,1,1,0,0,0,0,35,0,0,0,0,14
481789,1,1,0,0,0,0,23,0,0,9,24,0
481789,2,1,0,23,0,0,0,0,17,0,0,0
481790,1,1,0,0,0,0,0,0,0,0,0,0
481790,2,1,4,4,4,4,4,4,4,4,4,4
481791,1,1,0,0,0,0,0,0,0,0,0,0
481791,2,1,0,0,0,0,0,27,0,0,11,0
481792,1,1,0,15,0,0,25,13,2,16,0,4
481792,2,1,9,6,0,11,0,17,6,0,9,11
481793,1,1,18,18,18,18,18,18,18,18,18,18
481793,2,1,6,18,16,11,11,0,17,23,15,0
481794,1,1,0,0,18,0,0,0,0,0,5,0
481794,2,1,0,0,0,0,0,0,0,0,0,6
481795,1,1,0,0,0,0,0,0,0,25,0,0
481796,1,1,0,0,21,14,20,0,0,0,0,5
481797,1,1,15,15,15,15,15,15,15,15,15,15
481798,1,1,0,0,10,0,0,31,0,19,24,0
481799,0,1,36,36,36,36,36,36,36,36,36,36
481799,1,1,0,0,0,0,25,18,5,0,0,0
481800,0,1,0,0,0,0,0,0,0,0,0,0
481800,1,1,0,0,12,0,13,0,0,0,0,0
481801,1,1,11,11,11,11,11,11,11,11,11,11
481802,1,1,11,11,11,11,11,11,11,11,11,11
481802,2,1,28,20,0,16,21,0,0,6,10,0
481803,1,1,23,23,23,23,23,23,23,23,23,23
481804,1,1,3,3,3,3,3,3,3,3,3,3
481804,2,1,0,0,0,0,0,0,0,0,0,0
481804,3,1,0,0,0,15,0,43,0,8,31,0
481805,1,1,21,21,21,21,21,21,21,21,21,21
481805,2,1,0,0,0,0,0,0,23,5,0,0
481806,1,1,10,10,10,10,10,10,10,10,10,10
481807,1,1,22,22,22,22,22,22,22,22,22,22
481808,1,1,20,0,0,0,0,0,0,0,36,0
481808,2,1,0,0,15,0,18,0,0,0,0,0
481809,1,1,4,4,4,4,4,4,4,4,4,4
481809,2,1,0,0,0,0,0,0,0,0,0,0
481810,1,1,0,0,0,0,0,0,0,0,0,0
481810,2,1,0,0,0,0,15,0,0,0,0,0
481811,0,1,0,0,0,2,0,19,0,12,21,0
481811,1,1,0,0,0,0,0,0,0,0,0,0
481812,1,1,0,0,0,0,0,0,0,0,0,18
481814,1,1,8,0,0,10,0,0,0,2,6,0
481815,1,1,0,0,0,0,0,0,0,0,0,0
481815,2,1,6,0,20,0,0,0,0,0,0,26
481816,1,1,0,18,0,10,0,0,17,0,16,0
481817,0,1,0,0,13,23,0,0,0,25,0,0
481817,1,1,0,0,0,10,0,0,0,0,0,0
481818,1,1,0,0,0,0,0,0,0,7,0,0
481818,2,1,0,12,0,0,0,0,0,0,22,0
481819,1,1,0,0,0,0,0,0,0,0,0,0
481820,1,1,0,0,0,0,0,0,0,0,0,0
481820,2,1,0,0,0,0,0,0,0,0,0,0
481821,0,1,22,0,0,0,0,0,0,0,22,0
481821,1,1,0,15,0,0,20,28,7,0,0,0
481822,1,1,0,0,0,11,0,23,0,0,17,0
481822,2,1,0,0,0,0,0,0,0,0,0,0
481822,3,1,0,0,15,33,0,21,0,16,18,8
481823,1,1,0,17,0,0,0,0,0,0,0,0
481823,2,1,0,0,0,0,0,0,0,0,0,0
481824,1,1,0,0,0,0,0,0,0,0,0,0
481825,0,1,16,16,16,16,16,16,16,16,16,16
481825,1,1,0,0,0,0,17,0,0,18,0,0
481826,0,1,24,24,24,24,24,24,24,24,24,24
481826,1,1,16,0,0,23,0,0,16,16,15,0
481827,1,1,0,0,0,0,0,0,0,0,0,0
481827,2,1,20,20,20,20,20,20,20,20,20,20
481828,1,1,11,11,11,11,11,11,11,11,11,11
481829,1,1,15,0,30,0,11,0,0,0,0,14
481830,1,1,0,0,0,0,0,0,0,0,0,0
481830,2,1,0,0,0,10,0,0,0,0,0,17
481831,0,1,0,10,37,0,12,32,0,4,0,0
481831,1,1,0,2,0,16,2,15,7,17,24,0
481832,1,1,12,21,0,0,0,21,0,0,30,0
481833,1,1,21,21,21,21,21,21,21,21,21,21
481834,1,1,0,0,0,0,0,0,0,0,0,0
481834,2,1,0,0,0,0,0,0,0,0,0,0
481834,3,1,0,0,0,18,0,0,0,0,0,0
481835,1,1,19,19,19,19,19,19,19,19,19,19
481835,2,1,23,7,23,29,0,0,10,17,33,18
481836,1,1,26,0,27,0,13,10,0,17,0,0
481837,1,1,20,20,20,20,20,20,20,20,20,20
481838,1,1,5,5,5,5,5,5,5,5,5,5
481838,2,1,0,0,10,0,0,0,0,0,0,0
481839,1,1,17,0,6,0,1,0,23,0,0,0
481840,0,1,0,21,0,0,0,0,0,41,0,0
481840,1,1,0,0,0,0,0,0,0,0,0,0
481841,1,1,6,0,0,0,0,6,0,0,0,23
481842,1,1,0,0,0,0,0,0,0,0,0,0
481842,2,1,0,0,0,0,0,0,0,0,0,0
481843,1,1,0,0,0,0,0,0,0,0,0,0
481843,2,1,0,0,0,15,0,0,0,0,0,0
481844,1,1,8,8,8,8,8,8,8,8,8,8
481845,1,1,19,19,19,19,19,19,19,19,19,19
481846,1,1,0,12,0,0,0,0,0,0,0,0
481846,2,1,0,0,0,0,0,0,0,0,0,0
481847,1,1,0,0,0,0,0,0,6,0,0,0
481847,2,1,0,0,0,0,0,0,0,0,0,0
481848,0,1,0,0,15,0,17,0,0,28,50,31
481848,1,1,20,20,20,20,20,20,20,20,20,20
481849,1,1,0,13,40,0,0,27,0,16,0,6
481850,1,1,0,0,0,0,0,0,0,0,0,0
481851,1,1,0,0,0,0,0,0,0,0,0,0
481851,2,1,16,16,16,16,16,16,16,16,16,16
481852,1,1,0,0,0,0,0,0,0,0,0,0
481853,1,1,0,20,0,0,0,0,0,0,0,0
481853,2,1,0,18,11,0,0,17,0,0,6,0
481854,1,1,0,0,0,0,0,0,0,0,0,0
481854,2,1,13,13,13,13,13,13,13,13,13,13
481855,1,1,0,0,0,0,0,0,0,0,0,0
481856,1,1,0,0,0,0,0,0,0,0,0,0
481856,2,1,0,0,0,0,0,0,0,0,0,0
481857,1,1,0,0,0,0,0,0,0,0,0,0
481858,1,1,8,8,8,8,8,8,8,8,8,8
481859,1,1,25,25,25,25,25,25,25,25,25,25
481859,2,1,0,0,0,0,0,0,5,5,0,0
481860,1,1,0,25,0,20,0,0,19,0,16,21
481860,2,1,0,0,0,0,11,0,0,0,0,0
481861,1,1,0,0,0,0,0,0,0,0,0,0
481861,2,1,0,0,0,0,0,0,0,0,0,0
481862,1,1,0,0,0,0,0,0,0,0,0,0
481863,1,1,26,26,26,26,26,26,26,26,26,26
481863,2,1,0,0,0,0,0,7,0,0,0,0
481864,1,1,24,0,9,8,0,22,0,27,0,10
481865,0,1,0,0,0,0,0,0,0,0,0,0
481865,1,1,0,0,0,0,0,0,0,0,0,0
481866,1,1,0,0,0,0,0,0,0,0,0,0
481866,2,1,0,0,0,16,6,21,0,19,0,0
481867,0,1,13,13,13,13,13,13,13,13,13,13
481867,1,1,0,0,24,16,15,0,0,0,15,0
481868,1,1,8,8,8,8,8,8,8,8,8,8
481868,2,1,0,0,0,0,0,0,0,0,0,0
481869,1,1,0,15,14,0,0,30,0,0,0,14
481870,1,1,0,0,0,0,0,0,0,0,0,0
481870,2,1,0,0,0,0,0,0,0,0,0,0
481871,1,1,0,31,0,0,0,0,0,10,0,26
481871,2,1,0,0,5,0,0,0,0,30,0,0
481872,1,1,2,2,2,2,2,2,2,2,2,2
481872,2,1,0,0,0,0,0,0,0,0,0,0
481873,1,1,6,0,29,18,0,0,0,26,0,0
481873,2,1,19,0,19,0,0,0,10,25,27,8
481874,1,1,0,0,21,0,0,0,0,0,0,0
481874,2,1,0,0,0,0,0,0,0,0,0,0
481874,3,1,0,10,0,0,0,0,0,0,0,0
481875,1,1,0,15,0,0,0,19,0,15,0,0
481876,1,1,0,0,0,0,0,0,0,0,0,0
481877,0,1,0,0,0,0,0,0,0,0,0,0
481877,1,1,0,8,0,9,0,16,0,8,0,0
481878,1,1,0,0,0,0,0,0,0,0,0,0
481878,2,1,0,8,0,0,0,0,0,0,0,0
481879,1,1,0,0,0,0,0,0,0,0,0,0
481880,1,1,0,0,0,11,0,0,0,0,0,0
481880,2,1,0,0,0,0,0,0,0,0,0,0
481881,1,1,13,13,13,13,13,13,13,13,13,13
481881,2,1,0,0,0,0,0,0,0,0,0,0
481882,1,1,0,21,0,29,0,0,0,0,0,0
481882,2,1,0,0,0,0,0,0,0,0,0,0
481883,1,1,20,20,20,20,20,20,20,20,20,20
481883,2,1,0,0,0,5,0,24,0,8,0,0
481884,1,1,13,13,13,13,13,13,13,13,13,13
481885,1,1,0,11,0,0,0,4,0,0,0,0
481885,2,1,7,7,7,7,7,7,7,7,7,7
481886,1,1,0,0,0,0,0,0,0,9,20,0
481886,2,1,19,26,0,0,14,0,0,0,0,0
481887,1,1,0,0,17,0,0,0,0,11,28,0
481888,0,1,0,19,0,0,0,31,0,0,0,36
481888,1,1,14,12,0,4,15,10,14,0,0,0
481889,1,1,0,0,0,0,0,0,0,0,0,0
481889,2,1,0,0,0,17,12,0,0,0,0,0
481890,1,1,0,0,20,8,23,0,0,0,9,0
481890,2,1,13,13,13,13,13,13,13,13,13,13
481891,0,1,7,7,7,7,7,7,7,7,7,7
481891,1,1,0,0,12,0,0,25,23,9,0,18
481892,1,1,0,17,23,17,13,0,14,7,22,12
481893,1,1,19,12,0,0,0,0,8,0,0,0
481893,2,1,0,0,0,0,0,0,17,0,0,0
481893,3,1,0,0,0,0,0,0,0,0,0,0
481895,1,1,0,0,0,38,22,0,0,0,0,0
481896,1,1,0,0,0,0,0,0,0,20,0,0
481896,2,1,0,0,0,0,0,0,0,0,0,0
481896,3,1,0,0,0,0,0,0,0,0,0,0
481896,4,1,0,0,0,0,0,0,0,0,0,0
481896,5,1,0,0,0,0,0,0,0,0,0,0
481897,0,1,0,0,16,0,0,0,25,0,0,0
481897,1,1,0,0,22,5,11,0,3,0,0,0
481898,1,1,9,9,9,9,9,9,9,9,9,9
481899,1,1,0,0,0,0,0,0,0,0,0,0
481899,2,1,0,0,0,17,0,0,0,0,5,0
481899,3,1,0,0,0,0,0,0,0,0,0,0
481900,1,1,0,13,0,0,0,0,0,0,0,0
481900,2,1,0,0,0,0,0,0,0,0,12,0
481900,3,1,0,0,0,0,0,0,0,0,0,0
481900,4,1,0,14,0,0,0,0,24,0,0,9
481901,1,1,10,10,10,10,10,10,10,10,10,10
481902,1,1,0,0,0,0,0,0,0,0,0,0
481903,1,1,16,16,16,16,16,16,16,16,16,16
481904,1,1,0,17,11,0,9,15,23,13,31,0
481905,1,1,0,10,0,25,0,0,0,0,0,0
481905,2,1,0,0,0,0,0,0,0,0,0,0
481905,3,1,0,0,24,0,4,0,24,0,16,0
481906,1,1,0,16,21,0,0,13,0,0,2,0
481906,2,1,0,0,28,0,12,17,9,0,0,0
481906,3,1,5,0,0,0,0,0,0,0,0,0
481907,0,1,0,0,0,0,0,0,0,0,0,0
481907,1,1,21,21,21,21,21,21,21,21,21,21
481908,1,1,0,0,3,0,0,0,0,0,27,0
481909,1,1,0,0,0,0,0,0,0,0,0,0
481909,2,1,0,0,0,0,0,0,0,0,0,0
481910,1,1,0,0,0,0,0,0,0,0,0,0
481910,2,1,0,0,0,23,0,0,0,0,0,0
481911,1,1,24,0,9,16,18,0,11,11,0,0
481912,1,1,0,0,11,0,0,0,22,0,11,15
481912,2,1,0,0,22,0,11,0,15,0,0,0
481914,1,1,0,0,0,0,0,15,0,0,0,0
481915,1,1,16,16,16,16,16,16,16,16,16,16
481916,1,1,0,0,0,0,0,0,0,0,0,0
481917,1,1,0,0,23,0,0,0,21,0,0,11
481918,0,1,0,0,0,0,0,0,0,0,0,0
481918,1,1,15,0,5,0,0,0,0,0,0,0
481919,1,1,0,0,0,0,0,0,0,0,0,12
481919,2,1,0,0,19,0,0,0,0,0,0,0
481920,1,1,18,0,0,17,37,43,21,26,18,8
481921,1,1,12,0,0,0,21,0,11,30,18,0
481922,0,1,0,0,26,0,65,16,0,13,0,0
481922,1,1,0,0,0,0,13,0,0,0,0,0
481923,1,1,0,0,0,0,0,0,0,0,0,0
481923,2,1,19,16,0,0,0,0,20,23,0,17
481924,1,1,0,0,0,0,0,0,0,0,0,0
481925,1,1,0,0,19,0,0,13,17,0,0,0
481925,2,1,0,0,12,0,0,0,27,0,18,0
481926,1,1,0,0,0,0,0,0,0,20,0,0
481927,1,1,0,0,0,0,0,0,0,0,0,0
481927,2,1,0,0,0,0,0,0,0,0,0,0
481928,1,1,0,0,0,18,9,24,0,24,0,15
481929,0,1,0,0,0,0,0,0,0,0,0,0
481929,1,1,0,0,0,0,0,0,0,0,0,0
481930,1,1,0,0,0,0,0,0,0,0,0,0
481931,1,1,0,0,18,0,9,27,23,15,22,0
481932,1,1,0,0,0,0,0,0,0,0,0,0
481932,2,1,23,0,0,16,17,0,9,0,0,0
481933,1,1,20,20,20,20,20,20,20,20,20,20
481933,2,1,0,0,0,0,19,0,0,0,8,0
481934,1,1,0,13,29,27,0,0,0,15,15,0
481935,0,1,0,0,0,0,0,0,0,0,0,0
481935,1,1,0,0,0,0,0,0,0,0,0,0
481936,1,1,0,0,0,0,0,0,0,0,0,0
481937,1,1,0,0,0,0,0,0,0,0,0,0
481938,0,1,17,0,0,0,0,22,0,0,0,0
481938,0,2,0,0,0,16,0,0,0,0,15,9
481938,1,1,0,10,0,0,18,11,12,4,4,15
481939,1,1,5,5,5,5,5,5,5,5,5,5
481939,2,1,0,0,0,0,0,0,0,0,0,0
481940,1,1,0,0,0,0,0,0,0,0,0,0
481940,2,1,0,0,0,21,0,0,9,17,10,0
481941,1,1,0,0,0,0,0,0,0,0,0,0
481941,2,1,0,0,0,0,0,0,0,0,0,0
481942,0,1,0,0,21,0,0,31,23,0,30,0
481942,1,1,21,13,0,21,0,21,17,10,0,22
481943,1,1,0,0,0,0,0,0,0,0,0,0
481943,2,1,17,9,0,0,0,0,0,23,0,0
481944,1,1,2,0,3,10,0,0,0,0,0,11
481945,1,1,13,0,0,27,26,0,13,16,28,5
481946,0,1,18,0,0,0,0,20,32,8,0,37
481946,1,1,0,13,16,13,13,0,0,0,8,29
481947,1,1,0,20,9,0,34,6,19,13,0,0
481947,2,1,0,26,0,0,0,0,0,0,0,0
481948,0,1,35,35,35,35,35,35,35,35,35,35
481948,1,1,4,0,0,26,13,23,13,23,6,0
481949,1,1,7,7,7,7,7,7,7,7,7,7
481949,2,1,0,21,0,0,32,0,20,20,0,23
481950,0,1,5,5,5,5,5,5,5,5,5,5
481950,1,1,7,17,17,28,0,28,0,0,0,16
481951,0,1,35,15,0,0,0,0,0,0,0,0
481951,1,1,0,0,0,0,0,0,0,0,0,0
481952,1,1,17,20,0,0,19,11,0,0,0,0
481953,1,1,0,0,2,9,0,0,0,29,0,9
481953,2,1,0,0,0,11,0,0,0,0,0,0
481954,1,1,19,25,0,6,0,0,15,0,0,0
481954,2,1,0,23,29,11,22,10,0,0,29,18
481955,1,1,10,7,38,31,0,46,11,14,38,10
481956,1,1,0,0,0,0,0,0,0,0,0,0
481957,1,1,13,13,13,13,13,13,13,13,13,13
481957,2,1,5,0,0,0,0,0,0,17,0,0
481958,1,1,0,0,0,0,0,0,0,0,0,0
481958,2,1,4,0,0,0,0,0,18,0,0,0
481959,1,1,0,0,0,0,0,0,0,0,0,0
481960,0,1,10,23,0,0,0,0,0,23,13,39
481960,1,1,3,0,0,0,25,11,0,0,0,0
481961,1,1,10,10,10,10,10,10,10,10,10,10
481962,1,1,0,0,0,0,0,0,0,0,0,0
481962,2,1,0,7,0,0,0,0,0,22,0,0
481962,3,1,14,0,0,7,0,0,28,0,0,32
481963,1,1,26,23,15,24,27,15,15,16,25,0
481964,0,1,14,26,0,0,0,0,0,0,0,0
481964,1,1,0,0,0,0,0,0,0,0,0,0
481964,2,1,0,0,0,0,0,0,0,0,0,0
481965,1,1,3,3,3,3,3,3,3,3,3,3
481965,2,1,17,0,0,0,0,0,0,0,6,0
481965,3,1,0,22,0,0,0,3,30,0,10,17
481966,1,1,8,8,8,8,8,8,8,8,8,8
481967,1,1,0,0,7,0,0,18,0,0,0,10
481967,2,1,0,0,0,0,0,0,0,0,0,0
481968,0,1,0,18,0,0,0,0,0,0,28,0
481968,1,1,28,28,28,28,28,28,28,28,28,28
481968,2,1,0,0,0,0,0,0,26,0,0,0
481969,1,1,0,0,0,17,11,0,0,0,0,0
481969,2,1,0,0,22,11,0,0,34,0,9,0
481970,1,1,22,0,0,0,0,0,0,0,0,0
481970,2,1,0,0,0,0,0,0,11,0,0,0
481971,1,1,0,0,0,9,0,0,0,17,0,0
481972,1,1,21,21,21,21,21,21,21,21,21,21
481974,1,1,0,0,0,0,0,0,0,0,0,0
481974,2,1,0,0,14,0,0,0,0,0,0,0
481975,1,1,0,12,0,0,21,0,19,20,30,25
481976,1,1,0,0,14,0,0,0,13,0,0,25
481977,1,1,0,0,31,7,0,0,0,0,0,0
481977,2,1,0,0,0,0,0,0,0,0,0,0
481977,3,1,0,0,0,0,0,0,0,0,0,0
481978,0,1,0,0,0,0,0,0,0,0,0,0
481978,1,1,0,0,23,0,31,22,34,0,0,17
481979,1,1,0,0,40,0,0,0,17,4,0,0
481980,0,1,21,0,0,18,10,0,0,12,0,32
481980,0,2,11,27,16,0,0,36,5,0,19,0
481980,1,1,7,7,7,7,7,7,7,7,7,7
481981,0,1,0,14,0,30,0,0,0,17,40,13
481981,1,1,21,15,12,0,6,37,12,0,0,2
481982,1,1,0,22,30,0,0,0,0,14,0,12
481983,1,1,0,0,0,21,17,8,0,0,0,18
481984,1,1,16,16,16,16,16,16,16,16,16,16
481985,1,1,0,0,0,0,0,0,0,0,0,0
481985,2,1,11,0,0,0,0,0,0,0,0,0
481986,1,1,17,0,0,0,0,0,0,0,0,0
481986,2,1,0,21,0,0,8,41,0,0,0,0
481986,3,1,0,19,0,0,0,0,0,0,13,15
481987,1,1,8,0,27,29,0,0,5,21,39,0
481988,0,1,9,9,9,9,9,9,9,9,9,9
481988,1,1,0,0,0,15,0,16,0,0,0,0
481989,1,1,0,14,0,0,0,0,23,0,6,17
481989,2,1,0,0,0,0,0,0,0,0,0,0
481990,1,1,17,17,17,17,17,17,17,17,17,17
481991,0,1,0,0,0,26,18,0,11,46,0,12
481991,1,1,0,42,19,0,7,0,0,23,20,15
481992,1,1,0,0,0,0,0,0,0,0,0,0
481992,2,1,9,23,13,0,4,0,8,0,11,17
481993,1,1,0,0,0,0,0,0,0,0,0,0
481994,0,1,0,0,0,0,0,0,0,0,0,0
481994,1,1,32,0,5,0,0,14,0,0,0,0
481995,1,1,0,0,0,0,0,0,0,0,0,0
481995,2,1,0,19,0,6,9,0,13,3,0,5
481996,1,1,24,24,24,24,24,24,24,24,24,24
481996,2,1,1,1,1,1,1,1,1,1,1,1
481997,1,1,17,17,17,17,17,17,17,17,17,17
481998,0,1,0,0,18,0,3,0,0,25,11,13
481998,1,1,4,0,0,12,15,0,0,12,0,3
481999,1,1,0,0,0,7,0,16,0,7,0,0
481999,2,1,0,0,0,0,0,0,0,0,0,0
482000,1,1,0,0,0,0,0,0,0,0,0,0
482000,2,1,0,0,0,0,0,0,0,0,0,0
482001,1,1,8,8,8,8,8,8,8,8,8,8