ST_CASE,VEH_NO,PER_NO,P1,P2,P3,P4,P5,P6,P7,P8,P9,P10
482298,1,1,18,0,17,9,17,10,9,25,0,3
482298,2,1,0,0,0,0,0,0,0,0,0,0
482298,3,1,0,0,0,0,0,0,0,0,0,0
482298,4,1,0,0,0,0,0,0,0,11,0,0
482298,5,1,0,0,0,0,0,0,0,0,0,0
482298,6,1,10,0,0,0,0,0,0,0,9,0
482299,0,1,0,20,0,33,0,0,0,15,0,0
482299,1,1,14,0,0,0,30,13,31,33,42,0
482300,1,1,32,5,28,0,0,0,0,0,0,18
482301,0,1,0,2,0,0,0,0,0,0,0,0
482301,0,2,0,0,23,0,0,0,0,0,0,0
482301,1,1,17,8,0,0,0,0,0,8,0,5
482302,1,1,15,20,0,33,0,16,0,21,5,0
482302,2,1,0,0,0,0,0,0,0,0,0,0
482303,1,1,0,0,0,23,0,0,0,0,0,0
482304,0,1,33,33,33,33,33,33,33,33,33,33
482304,1,1,31,11,0,21,9,0,0,0,20,4
482305,1,1,25,25,25,25,25,25,25,25,25,25
482305,2,1,37,12,35,22,0,0,0,26,7,0
482306,1,1,14,14,14,14,14,14,14,14,14,14
482307,1,1,9,9,9,9,9,9,9,9,9,9
482308,1,1,0,7,14,26,0,13,6,0,0,8
482308,2,1,0,14,9,7,3,4,0,19,4,21
482309,1,1,0,0,0,0,0,0,0,0,19,13
482310,0,1,0,0,0,0,0,0,0,0,0,0
482310,1,1,0,0,0,0,7,0,0,0,0,21
482311,1,1,0,0,16,0,0,14,0,0,0,12
482312,0,1,5,0,0,0,0,19,0,0,0,0
482312,1,1,0,0,0,0,0,0,0,0,0,0
482313,1,1,0,0,0,21,0,0,0,0,21,0
482314,1,1,0,0,0,0,0,0,0,0,0,0
482314,2,1,0,0,0,0,5,0,0,0,0,0
482315,1,1,0,0,14,20,0,27,21,13,17,15
482315,2,1,0,0,0,0,0,17,0,0,0,0
482315,3,1,32,0,0,9,10,0,0,0,5,0
482316,1,1,0,0,13,0,0,0,0,0,0,0
482316,2,1,0,0,8,11,0,0,0,0,0,12
482316,3,1,5,8,23,6,0,0,0,15,0,0
482317,1,1,0,0,0,0,22,0,20,0,0,9
482317,2,1,0,0,0,0,0,0,0,0,6,0
482318,1,1,0,0,0,0,0,0,0,0,0,0
482318,2,1,15,0,0,0,0,0,0,0,17,0
482318,3,1,10,0,0,0,17,0,0,0,18,0
482318,4,1,0,0,0,0,41,10,5,0,0,0
482319,1,1,15,0,21,0,36,0,0,0,0,0
482320,1,1,0,0,0,0,0,0,0,0,0,0
482320,2,1,0,0,0,0,0,0,0,0,0,0
482321,1,1,7,11,13,30,15,18,9,21,22,22
482322,1,1,11,6,0,0,13,14,0,13,25,20
482322,2,1,0,0,0,0,0,2,0,0,0,11
482324,1,1,0,0,0,8,0,0,0,0,0,0
482324,2,1,0,0,0,0,0,0,24,0,0,0
482325,1,1,0,0,0,0,0,0,0,0,0,0
482325,2,1,0,0,0,10,25,0,0,0,0,0
482327,1,1,14,14,14,14,14,14,14,14,14,14
482328,1,1,0,0,0,0,0,0,0,0,0,3
482328,2,1,0,0,0,0,0,0,0,0,0,0
482329,1,1,0,0,0,0,0,0,0,0,0,0
482329,2,1,0,0,0,0,0,0,0,0,0,0
482330,1,1,24,7,21,18,19,16,36,11,24,34
482331,1,1,0,0,0,0,0,0,0,0,0,0
482331,2,1,0,0,0,0,0,0,0,0,0,0
482331,3,1,0,0,0,0,0,0,0,0,0,0
482332,1,1,6,6,6,6,6,6,6,6,6,6
482334,1,1,0,0,0,0,0,0,0,0,0,18
482335,1,1,0,0,0,0,0,0,0,0,0,0
482336,1,1,7,12,20,0,0,18,6,0,5,19
482336,2,1,0,5,0,16,0,0,0,15,0,0
482337,1,1,12,24,0,26,0,13,0,20,14,14
482337,2,1,0,0,0,0,0,0,32,0,0,0
482338,0,1,0,0,0,0,0,8,18,0,0,10
482338,1,1,20,15,9,20,19,14,19,25,7,16
482339,1,1,0,0,16,0,0,0,17,13,0,0
482340,1,1,0,0,0,0,0,0,0,0,0,0
482340,2,1,0,11,0,0,0,15,0,0,0,32
482340,3,1,0,21,25,22,0,26,14,0,0,5
482340,4,1,17,0,0,0,0,26,0,0,0,0
482341,1,1,0,0,0,0,0,0,0,0,0,0
482341,2,1,27,0,0,0,9,8,0,0,19,8
482341,3,1,0,4,0,0,0,20,0,0,0,0
482343,0,1,0,0,0,0,0,0,0,0,0,0
482343,1,1,0,0,0,0,0,21,0,0,0,11
482344,0,1,0,0,0,0,0,0,0,0,0,0
482344,1,1,6,0,0,0,0,0,0,25,0,15
482345,1,1,0,0,0,0,0,0,8,0,0,0
482345,2,1,0,0,0,0,0,0,10,0,0,0
482346,1,1,0,0,10,0,24,0,0,0,24,11
482347,1,1,0,0,11,0,0,7,11,8,10,0
482347,2,1,0,0,0,0,0,0,0,0,0,0
482348,0,1,0,0,0,0,0,0,0,0,0,0
482348,1,1,0,20,16,12,24,14,0,25,18,11
482349,0,1,2,2,2,2,2,2,2,2,2,2
482349,1,1,13,0,15,12,18,15,0,26,21,18
482350,1,1,0,0,12,0,18,0,9,0,0,0
482350,2,1,19,0,11,0,9,0,0,0,0,6
482351,1,1,22,22,22,22,22,22,22,22,22,22
482352,0,1,26,0,0,0,40,0,16,0,0,0
482352,1,1,17,6,0,0,0,0,0,15,0,0
482352,2,1,14,0,0,15,10,0,0,0,10,0
482353,1,1,0,0,0,0,15,0,19,16,0,0
482354,1,1,0,0,0,0,0,6,22,0,0,16
482355,1,1,0,11,0,0,0,0,29,26,0,0
482356,0,1,0,0,0,14,0,0,36,0,0,0
482356,1,1,0,0,0,0,0,0,0,0,0,0
482357,1,1,0,0,0,0,0,0,0,0,0,0
482357,2,1,0,0,0,0,0,0,0,0,0,0
482358,1,1,7,7,7,7,7,7,7,7,7,7
482359,1,1,0,0,0,0,0,0,3,0,8,0
482359,2,1,0,0,0,0,0,0,0,21,38,11
482360,1,1,0,0,0,0,0,19,28,0,0,0
482361,1,1,0,10,16,0,0,0,4,0,16,0
482362,0,1,0,0,0,0,0,0,0,0,0,0
482362,0,2,0,0,0,0,0,0,0,0,0,5
482362,1,1,14,14,14,14,14,14,14,14,14,14
482363,1,1,0,0,9,10,0,25,0,0,9,0
482363,2,1,0,0,0,0,0,0,0,0,0,0
482364,0,1,0,0,27,0,0,0,0,13,0,0
482364,1,1,0,0,0,0,0,0,0,0,0,0
482364,2,1,0,0,14,13,0,0,0,0,14,0
482364,3,1,0,0,0,0,7,0,0,0,0,0
482365,1,1,0,0,0,0,0,0,0,0,0,0
482366,0,1,0,0,0,0,0,0,0,0,0,0
482366,1,1,0,0,0,0,20,18,0,0,0,0
482367,1,1,17,0,0,0,0,0,25,0,0,14
482368,1,1,0,0,0,0,0,0,0,12,10,22
482368,2,1,0,24,0,0,17,8,0,0,0,0
482369,1,1,0,0,0,0,0,0,0,0,0,0
482369,2,1,4,4,4,4,4,4,4,4,4,4
482370,0,1,0,0,0,0,0,0,0,0,0,0
482370,1,1,13,21,19,8,26,9,12,12,14,13
482371,1,1,0,0,0,0,0,0,0,0,0,0
482371,2,1,0,0,0,0,0,0,0,0,0,0
482372,1,1,0,0,0,0,0,0,0,0,0,0
482372,2,1,23,23,23,23,23,23,23,23,23,23
482373,1,1,0,0,27,0,25,0,0,0,0,17
482374,0,1,0,4,0,23,0,0,0,22,8,24
482374,1,1,0,0,0,0,0,0,0,0,0,0
482375,0,1,0,0,22,0,0,0,17,0,0,0
482375,1,1,0,16,0,0,0,0,0,0,0,0
482376,1,1,5,0,0,0,0,0,0,0,0,0
482376,2,1,0,11,0,20,0,0,0,0,8,0
482377,1,1,0,0,0,0,0,0,0,0,0,0
482377,2,1,0,0,0,0,0,0,0,0,0,0
482378,0,1,0,0,0,0,0,0,0,0,0,0
482378,1,1,0,0,33,0,0,0,0,0,0,0
482379,1,1,17,17,17,17,17,17,17,17,17,17
482380,1,1,18,18,18,18,18,18,18,18,18,18
482381,1,1,0,0,0,22,18,0,11,7,0,0
482381,2,1,8,0,16,12,13,5,0,18,0,15
482382,1,1,23,23,23,23,23,23,23,23,23,23
482383,0,1,0,0,0,0,19,0,0,0,0,0
482383,1,1,0,0,0,0,0,0,0,0,0,0
482384,1,1,0,7,0,0,0,0,0,9,15,7
482384,2,1,0,0,0,17,0,11,6,0,0,0
482384,3,1,16,0,0,10,17,18,0,8,12,0
482385,1,1,17,17,17,17,17,17,17,17,17,17
482385,2,1,1,1,1,1,1,1,1,1,1,1
482386,1,1,21,21,21,21,21,21,21,21,21,21
482386,2,1,0,0,0,0,0,0,0,0,0,0
482386,3,1,0,0,11,18,7,0,0,13,23,0
482386,4,1,0,6,21,26,0,0,0,0,16,0
482387,1,1,0,0,28,0,15,0,0,0,0,22
482387,2,1,0,0,0,0,0,0,0,0,0,0
482388,1,1,0,0,0,0,0,0,0,7,0,0
482388,2,1,0,0,0,0,0,0,0,0,0,0
482389,1,1,2,13,9,10,9,5,0,0,17,0
482390,0,1,17,20,41,9,0,19,16,21,47,24
482390,1,1,22,22,22,22,22,22,22,22,22,22
482391,1,1,17,17,17,17,17,17,17,17,17,17
482392,0,1,30,0,15,0,19,0,0,0,30,0
482392,1,1,0,0,0,34,0,0,0,0,0,11
482393,1,1,11,0,0,0,23,0,0,15,18,22
482394,1,1,0,0,0,10,0,0,15,0,0,0
482395,0,1,0,0,24,0,35,0,0,0,0,0
482395,1,1,21,0,0,0,0,0,0,0,0,0
482396,1,1,0,0,0,0,0,0,0,18,10,0
482396,2,1,0,0,0,0,0,4,11,0,0,0
482397,1,1,0,0,0,0,0,0,0,0,0,0
482397,2,1,0,0,0,0,0,0,0,0,0,0
482398,1,1,26,26,26,26,26,26,26,26,26,26
482398,2,1,0,0,0,0,0,0,0,8,0,0
482399,1,1,0,0,0,0,0,0,0,0,0,0
482400,0,1,18,0,0,0,0,22,0,0,0,0
482400,1,1,0,0,0,0,0,0,0,0,0,0
482401,1,1,13,13,13,13,13,13,13,13,13,13
482402,1,1,14,14,14,14,14,14,14,14,14,14
482404,0,1,0,0,10,0,0,0,0,34,0,12
482404,1,1,16,0,0,16,0,0,0,0,0,0
482405,1,1,0,29,0,0,0,0,0,0,0,0
482405,2,1,0,0,0,0,0,0,0,0,0,0
482405,3,1,0,0,0,0,0,0,0,18,0,0
482406,1,1,0,0,4,16,14,11,0,0,0,11
482406,2,1,0,0,0,0,0,0,0,0,0,0
482407,1,1,0,0,0,0,0,0,6,0,0,0
482407,2,1,0,0,0,0,0,0,0,0,0,0
482408,1,1,0,0,0,0,0,0,0,9,0,0
482409,0,1,0,0,0,0,0,0,0,0,0,0
482409,1,1,0,0,0,0,0,0,0,0,0,0
482410,1,1,0,0,0,0,41,0,0,0,15,0
482410,2,1,0,0,31,0,0,0,13,0,0,0
482411,1,1,29,8,15,0,0,18,0,9,17,0
482412,1,1,0,12,9,32,13,0,0,0,0,20
482413,1,1,0,0,13,0,0,0,0,0,0,0
482413,2,1,0,0,0,0,0,0,0,0,0,0
482414,0,1,0,13,0,0,0,0,0,18,0,7
482414,1,1,0,18,17,0,15,0,0,0,17,0
482415,1,1,23,23,23,23,23,23,23,23,23,23
482415,2,1,0,0,0,0,23,14,18,31,15,25
482416,1,1,0,0,0,0,0,0,0,0,0,23
482416,2,1,0,0,0,0,0,0,0,0,0,0
482417,1,1,0,0,0,0,0,0,0,0,0,0
482417,2,1,0,0,0,0,0,0,0,0,0,0
482418,1,1,7,17,22,32,25,16,0,0,0,0
482418,2,1,0,0,0,0,0,0,0,0,0,0
482419,1,1,0,0,0,29,0,0,0,8,27,12
482419,2,1,11,15,0,0,5,0,15,17,13,17
482420,1,1,0,27,28,0,0,14,0,0,0,24
482421,1,1,0,9,0,0,0,18,0,0,0,17
482421,2,1,0,0,0,0,0,0,0,0,0,0
482422,0,1,0,0,0,0,0,0,0,0,0,0
482422,1,1,0,0,0,0,0,0,0,0,0,0
482423,1,1,9,9,9,9,9,9,9,9,9,9
482423,2,1,0,0,0,0,0,38,10,9,0,0
482424,0,1,0,0,0,0,0,0,0,0,0,0
482424,1,1,0,0,0,0,3,19,0,0,0,0
482425,1,1,6,6,6,6,6,6,6,6,6,6
482426,1,1,0,0,19,0,0,0,0,0,0,18
482426,2,1,0,14,0,0,0,0,22,0,0,0
482427,1,1,0,0,9,0,0,0,0,0,11,0
482427,2,1,0,0,0,0,0,0,0,0,0,0
482428,1,1,27,0,0,13,11,0,0,0,17,0
482428,2,1,11,0,0,13,0,0,5,0,12,0
482429,1,1,6,20,25,15,34,31,0,0,16,0
482430,1,1,0,20,26,11,0,0,0,0,0,17
482430,2,1,0,0,10,0,2,10,0,0,15,0
482431,1,1,9,0,37,18,12,7,14,23,10,16
482432,1,1,42,37,21,13,21,27,10,42,16,18
482433,0,1,0,0,0,0,0,0,0,0,0,0
482433,1,1,12,12,12,12,12,12,12,12,12,12
482434,1,1,0,0,0,0,0,0,0,0,0,0
482434,2,1,0,0,0,0,0,0,0,0,0,0
482435,0,1,0,0,0,0,0,0,0,0,0,0
482435,1,1,0,0,0,0,0,0,0,20,25,0
482436,0,1,16,16,16,16,16,16,16,16,16,16
482436,1,1,0,0,0,12,18,0,0,0,0,0
482437,1,1,7,7,7,7,7,7,7,7,7,7
482438,0,1,1,1,1,1,1,1,1,1,1,1
482438,1,1,16,22,0,0,0,0,0,0,0,0
482439,1,1,0,9,19,0,0,0,21,0,0,0
482439,2,1,26,0,0,0,7,15,0,7,0,0
482440,1,1,0,0,0,0,9,15,0,22,0,0
482440,2,1,0,0,0,0,0,0,0,0,0,0
482441,1,1,23,0,0,0,0,6,0,0,18,0
482442,0,1,0,0,0,0,0,0,0,0,0,0
482442,1,1,0,0,0,0,0,15,0,0,0,0
482443,1,1,0,12,0,0,0,0,0,0,0,0
482443,2,1,20,20,20,20,20,20,20,20,20,20
482444,1,1,28,28,28,28,28,28,28,28,28,28
482445,1,1,0,0,0,29,0,0,0,0,0,0
482445,2,1,0,0,8,0,0,0,0,24,0,0
482446,1,1,20,0,0,15,14,19,5,0,0,0
482446,2,1,0,23,0,0,0,0,0,0,0,0
482447,1,1,10,0,31,0,0,0,39,7,25,14
482448,0,1,0,0,0,0,0,0,0,0,0,0
482448,1,1,0,0,0,0,0,0,0,0,0,0
482449,0,1,22,22,22,22,22,22,22,22,22,22
482449,1,1,0,0,0,0,0,21,0,0,0,0
482450,1,1,0,0,0,0,0,0,0,0,0,0
482451,1,1,0,0,0,0,0,0,0,0,0,0
482452,0,1,16,19,7,0,16,41,0,28,0,25
482452,1,1,0,0,0,0,0,0,0,0,0,0
482453,0,1,16,0,0,11,29,0,0,0,0,10
482453,1,1,0,0,20,9,15,22,0,7,29,17
482454,1,1,0,12,0,9,0,5,0,0,3,0
482454,2,1,0,0,0,0,0,0,0,0,0,0
482455,0,1,0,0,0,18,0,0,0,20,0,0
482455,1,1,0,0,0,0,0,0,0,0,0,0
482456,1,1,6,0,0,0,14,0,0,11,0,19
482456,2,1,0,0,30,8,0,10,0,7,0,0
482456,3,1,0,0,0,0,0,0,0,0,0,0
482457,1,1,0,26,0,28,0,0,11,28,16,0
482459,1,1,20,0,0,0,0,0,0,0,0,0
482459,2,1,0,0,0,0,0,6,0,0,0,0
482460,1,1,23,24,19,19,26,29,16,11,22,15
482460,2,1,0,0,4,0,0,9,20,18,0,0
482461,1,1,16,16,16,16,16,16,16,16,16,16
482462,1,1,9,9,9,9,9,9,9,9,9,9
482462,2,1,12,12,12,12,12,12,12,12,12,12
482463,1,1,32,0,14,0,33,20,0,8,4,12
482463,2,1,0,16,0,0,0,27,0,0,0,0
482464,1,1,10,0,0,21,3,14,0,8,0,0
482465,1,1,0,0,5,16,0,0,0,0,0,0
482465,2,1,0,0,0,0,0,0,0,0,22,0
482466,1,1,0,0,25,0,0,27,0,0,18,0
482467,0,1,0,30,0,0,0,6,0,0,5,0
482467,1,1,0,0,0,0,0,0,0,0,0,0
482468,0,1,0,0,0,0,22,0,0,0,0,0
482468,1,1,0,0,0,0,0,0,0,0,0,0
482469,1,1,0,21,0,0,9,0,0,0,0,17
482469,2,1,0,0,0,0,0,0,0,0,0,0
482470,1,1,29,29,29,29,29,29,29,29,29,29
482470,2,1,0,0,11,0,0,0,0,0,0,0
482471,1,1,0,0,0,0,0,0,0,0,0,0
482471,2,1,0,0,0,0,0,0,0,0,0,0
482471,3,1,0,0,0,0,0,0,0,12,0,0
482472,1,1,10,0,0,0,0,0,0,0,0,21
482472,2,1,0,0,0,0,27,0,0,16,0,0
482473,1,1,0,15,0,17,0,0,0,0,5,0
482473,2,1,0,0,0,0,0,0,0,0,0,0
482474,0,1,34,34,34,34,34,34,34,34,34,34
482474,1,1,0,0,0,0,0,0,0,26,16,0
482475,0,1,0,0,0,0,0,0,0,0,0,0
482475,1,1,5,0,0,0,0,0,0,0,7,9
482476,1,1,12,12,12,12,12,12,12,12,12,12
482476,2,1,16,16,16,16,16,16,16,16,16,16
482477,1,1,0,0,25,0,9,0,16,0,0,0
482477,2,1,0,0,0,0,0,0,0,0,0,0
482477,3,1,0,29,0,0,0,0,9,0,0,0
482477,4,1,0,0,0,0,0,0,0,14,0,0
482478,1,1,0,0,27,0,26,23,0,0,0,33
482479,1,1,16,16,16,16,16,16,16,16,16,16
482480,1,1,0,0,0,0,23,19,0,0,0,7
482481,1,1,0,0,8,31,17,23,2,21,20,0
482482,1,1,28,30,11,6,0,0,0,0,0,0
482482,2,1,20,0,0,0,14,0,0,11,15,0
482483,1,1,0,18,13,15,13,0,30,0,0,14
482483,2,1,0,0,0,0,7,0,0,0,9,0
482484,0,1,10,0,0,0,0,19,0,13,0,0
482484,1,1,0,33,0,0,0,0,13,0,13,0
482485,1,1,0,17,0,0,16,0,0,9,0,0
482485,2,1,25,0,0,0,0,0,0,0,30,0
482485,3,1,0,0,0,0,0,0,10,0,0,0
482486,0,1,0,0,0,0,0,0,0,0,0,0
482486,1,1,0,0,0,0,0,0,0,0,0,0
482487,1,1,0,0,0,0,0,0,0,0,0,0
482487,2,1,0,0,0,0,0,9,4,4,0,0
482488,0,1,25,25,25,25,25,25,25,25,25,25
482488,1,1,7,22,0,13,0,26,27,0,0,0
482488,2,1,0,0,0,0,0,0,0,0,0,20
482489,0,1,0,20,0,26,25,0,0,0,0,0
482489,1,1,0,0,3,0,0,0,0,0,0,0
482490,1,1,0,0,0,0,0,0,0,0,0,0
482491,1,1,0,0,0,0,0,0,0,0,0,0
482491,2,1,0,0,0,0,0,0,0,0,0,0
482492,1,1,26,3,23,21,4,18,16,6,6,34
482493,0,1,0,0,43,0,0,0,15,0,0,0
482493,1,1,16,0,0,17,19,18,0,24,0,0
482494,0,1,27,12,22,0,8,0,11,0,27,0
482494,1,1,0,19,0,8,0,21,0,12,0,0
482495,1,1,1,1,1,1,1,1,1,1,1,1
482497,1,1,0,28,0,0,6,0,13,14,15,0
482498,1,1,0,0,0,0,43,15,0,0,0,19
482499,1,1,0,13,0,0,0,0,12,0,0,0
482500,1,1,23,23,23,23,23,23,23,23,23,23
482500,2,1,0,6,0,0,0,0,0,0,0,0
482500,3,1,0,0,0,0,0,0,0,0,0,0
482501,0,1,0,0,0,0,0,2,0,0,0,0
482501,1,1,0,0,0,0,0,0,0,0,0,0
482502,1,1,0,24,9,0,0,0,17,8,0,13
482503,1,1,0,0,0,0,0,0,0,0,0,0
482503,2,1,0,0,0,0,0,0,0,0,0,0
482504,1,1,0,0,0,0,0,0,0,0,0,0
482504,2,1,0,0,0,0,0,0,0,0,17,0
482505,1,1,0,0,0,0,14,0,0,0,0,0
482505,2,1,18,0,0,0,0,0,26,15,0,0
482506,1,1,0,0,0,0,0,14,0,0,0,0
482507,1,1,26,26,26,26,26,26,26,26,26,26
482508,1,1,0,0,0,0,0,0,0,0,0,0
482509,1,1,33,33,33,33,33,33,33,33,33,33
482509,2,1,48,0,0,14,0,0,0,0,0,0
482510,0,1,0,8,42,11,9,30,23,21,4,23
482510,1,1,31,0,0,19,27,11,12,0,8,0
482511,1,1,19,5,3,0,0,17,0,0,0,14
482511,2,1,7,0,0,0,0,0,0,0,0,0
482511,3,1,0,0,0,0,16,0,0,0,8,0
482512,1,1,0,0,0,0,0,0,0,0,0,0
482512,2,1,0,0,0,0,0,14,0,12,0,0
482513,1,1,11,6,26,0,12,0,0,0,23,11
482514,0,1,0,0,0,0,0,23,18,0,0,0
482514,1,1,0,0,0,0,0,20,17,0,0,0
482515,1,1,25,0,0,0,16,0,0,0,0,0
482515,2,1,0,0,0,0,0,0,0,0,0,0
482515,3,1,0,24,0,0,0,0,0,3,0,12
482515,4,1,0,26,15,0,0,14,0,0,0,0
482516,1,1,0,0,0,0,0,38,0,10,5,3
482516,2,1,0,0,7,22,0,0,0,0,0,0
482517,0,1,0,0,0,0,0,0,0,0,0,0
482517,1,1,0,0,0,0,0,0,0,0,0,0
482518,1,1,0,0,0,0,0,0,0,0,23,0
482519,1,1,0,6,11,0,15,0,0,4,0,0
482520,1,1,0,0,0,0,0,0,0,0,0,0
482521,1,1,19,13,0,0,20,0,0,0,14,22
482522,1,1,0,0,0,0,0,0,0,0,0,0
482522,2,1,0,0,0,0,4,21,0,0,0,0
482523,1,1,0,0,0,17,0,0,0,21,9,0
482523,2,1,6,0,0,0,0,0,0,8,13,0
482524,1,1,0,0,0,32,6,0,0,14,19,0
482524,2,1,10,16,0,15,0,0,0,0,16,0
482524,3,1,0,0,0,0,0,0,0,0,0,0
482525,1,1,0,0,0,0,0,0,0,0,0,0
482526,1,1,13,0,24,0,0,28,25,0,13,0
482527,1,1,0,0,0,0,0,0,0,0,0,0
482527,2,1,0,0,0,0,0,0,0,0,0,0
482527,3,1,0,0,0,0,11,0,0,0,0,0
482528,0,1,0,28,23,24,34,23,24,0,0,0
482528,1,1,0,0,0,13,0,0,0,7,0,0
482529,1,1,0,13,8,14,25,20,15,21,11,21
482529,2,1,0,0,0,0,0,0,0,0,21,36
482529,3,1,0,0,0,0,0,0,0,0,0,0
482530,1,1,0,0,15,12,0,0,0,0,0,17
482531,0,1,0,0,33,12,0,0,6,0,0,0
482531,1,1,0,12,0,0,0,0,0,0,0,0
482532,1,1,0,6,0,0,0,0,0,0,18,0
482533,1,1,3,3,3,3,3,3,3,3,3,3
482534,0,1,29,0,0,0,0,29,0,0,0,0
482534,1,1,11,0,0,0,0,0,0,0,0,19
482535,0,1,0,13,14,0,13,0,0,5,0,35
482535,0,2,0,0,0,0,0,0,0,0,0,0
482535,0,3,0,0,0,0,0,0,0,0,17,0
482535,1,1,0,0,0,0,0,0,0,0,0,0
482536,1,1,0,0,18,8,8,8,0,0,0,0
482537,1,1,0,13,0,14,23,13,10,0,19,14
482538,1,1,22,22,22,22,22,22,22,22,22,22
482539,1,1,12,22,0,0,13,0,25,0,26,0
482540,1,1,0,0,0,0,0,0,0,0,0,0
482540,2,1,0,11,19,12,26,9,0,0,0,0
482541,1,1,30,30,30,30,30,30,30,30,30,30
482542,1,1,0,0,0,0,0,0,0,0,0,0
482542,2,1,17,12,0,0,0,0,0,0,0,0
482543,1,1,0,35,0,0,17,20,13,0,0,31
482544,1,1,10,0,0,0,0,15,0,0,0,0
482544,2,1,0,6,0,0,7,0,0,0,0,0
482545,1,1,0,0,0,0,0,0,0,0,0,0
482545,2,1,38,0,17,16,0,0,0,0,0,0
482546,1,1,19,19,19,19,19,19,19,19,19,19
482547,0,1,0,0,0,0,0,25,0,0,0,25
482547,1,1,16,0,0,19,0,0,0,13,0,0
482547,2,1,0,0,0,0,0,0,0,0,0,28
482547,3,1,18,0,13,7,11,0,0,16,9,12
482548,0,1,0,0,0,0,0,0,0,0,0,0
482548,1,1,13,0,7,8,10,0,20,0,0,25
482549,1,1,36,0,0,0,0,0,0,13,0,42
482549,2,1,0,0,0,0,0,0,0,6,0,22
482550,1,1,0,0,0,0,0,0,0,0,0,0
482550,2,1,0,0,0,15,0,18,29,28,19,0
482552,1,1,22,0,0,0,0,0,10,15,0,11
482552,2,1,8,0,0,7,0,14,0,3,0,0
482553,1,1,0,0,0,0,0,18,0,0,0,0
482553,2,1,0,0,0,0,0,0,0,0,0,0
482554,1,1,0,0,0,16,0,0,0,0,0,0
482554,2,1,0,0,0,0,0,0,0,0,0,0
482555,1,1,0,0,0,0,0,0,0,0,0,0
482555,2,1,0,0,0,0,0,0,0,0,0,41
482556,1,1,33,11,0,0,0,9,0,0,0,0
482556,2,1,0,0,0,0,0,0,0,0,0,0
482556,3,1,0,0,0,0,0,0,0,0,0,0
482557,1,1,14,14,14,14,14,14,14,14,14,14
482558,0,1,0,0,0,0,0,0,0,0,0,0
482558,1,1,0,0,0,0,0,0,0,0,0,0
482559,1,1,0,0,13,2,0,32,0,0,0,21
482559,2,1,0,0,0,0,0,0,0,0,0,0
482560,1,1,20,0,0,0,0,0,0,0,0,0
482560,2,1,0,0,0,0,0,0,0,0,0,0
482561,1,1,0,0,0,0,0,0,0,0,0,0
482562,0,1,36,31,0,0,0,18,14,0,0,0
482562,1,1,0,0,0,0,0,15,14,0,0,0
482563,1,1,37,0,26,0,21,0,0,12,0,10
482564,1,1,11,0,0,0,0,0,13,0,0,0
482565,1,1,0,0,0,0,0,0,0,0,0,0
482566,1,1,0,0,0,0,0,0,0,0,0,0
482566,2,1,0,0,0,0,0,0,0,0,0,0
482567,1,1,0,0,0,0,0,0,0,0,0,16
482567,2,1,0,0,0,0,15,0,0,0,0,0
482567,3,1,0,0,0,0,0,0,0,0,0,0
482568,1,1,0,0,0,0,0,0,0,0,0,0
482569,1,1,0,0,0,0,0,0,0,11,0,0
482570,0,1,0,0,0,0,0,0,0,0,0,0
482570,1,1,0,0,0,0,0,0,0,0,0,0
482571,1,1,0,0,0,0,0,0,0,0,0,0
482571,2,1,18,0,0,0,0,17,0,16,0,9
482572,0,1,5,5,5,5,5,5,5,5,5,5
482572,1,1,20,0,0,19,13,0,18,26,0,12
482573,1,1,0,0,0,0,0,0,0,0,0,0
482573,2,1,0,0,0,0,0,0,0,0,0,0
482573,3,1,0,0,0,0,0,0,0,0,0,0
482574,1,1,0,0,16,0,0,0,0,17,0,0
482574,2,1,0,0,0,0,0,0,0,25,0,27
482574,3,1,0,8,0,0,0,0,0,0,8,0
482575,0,1,0,0,0,0,0,0,0,0,0,0
482575,1,1,0,12,0,0,0,15,0,0,0,0
482576,0,1,0,0,0,29,0,0,0,11,0,0
482576,1,1,13,17,10,20,14,0,18,14,15,6
482577,1,1,0,0,0,0,0,0,0,0,11,0
482578,1,1,0,0,0,0,0,0,0,0,0,0
482579,1,1,0,0,0,0,0,0,0,0,0,10
482579,2,1,8,13,19,0,0,0,0,0,0,0
482580,1,1,10,0,0,0,0,11,0,0,26,0
482581,1,1,11,26,30,8,19,10,28,15,19,27
482581,2,1,0,0,28,16,0,32,0,15,0,0
482582,1,1,0,0,0,0,0,0,0,0,0,0
482582,2,1,0,0,0,0,0,0,0,0,0,0
482583,1,1,0,0,0,0,0,0,0,0,0,0
482583,2,1,0,0,30,0,13,0,12,19,0,22