ST_CASE,VEH_NO,PER_NO,P1,P2,P3,P4,P5,P6,P7,P8,P9,P10
482584,1,1,0,0,0,28,0,0,0,0,25,18
482584,2,1,22,11,19,21,10,0,5,0,0,0
482585,1,1,0,0,0,0,0,0,0,0,0,0
482585,2,1,0,0,0,0,0,0,0,0,0,0
482586,1,1,14,26,0,29,11,0,0,11,0,16
482586,2,1,0,23,0,26,8,0,9,0,0,0
482587,1,1,22,22,22,22,22,22,22,22,22,22
482587,2,1,0,0,0,0,0,0,0,0,0,0
482587,3,1,13,0,0,10,0,0,14,0,0,0
482587,4,1,0,21,0,0,0,0,0,0,0,0
482588,0,1,0,0,0,0,0,0,0,0,0,0
482588,1,1,0,0,31,6,19,0,16,18,0,0
482589,0,1,8,0,0,0,24,31,0,0,0,0
482589,1,1,0,0,19,18,25,0,0,13,7,17
482590,1,1,16,0,0,0,0,0,0,0,0,0
482591,1,1,0,0,0,0,0,0,0,0,0,0
482591,2,1,0,0,0,0,0,0,0,0,12,0
482591,3,1,0,0,0,0,32,0,10,0,0,0
482591,4,1,0,0,0,0,14,0,0,0,0,0
482591,5,1,0,0,0,0,0,0,0,0,0,0
482591,6,1,0,0,0,0,0,0,0,0,0,0
482593,1,1,14,11,2,15,9,6,21,6,12,29
482593,2,1,0,0,13,11,0,0,0,14,0,29
482594,0,1,0,0,0,0,0,0,0,0,0,0
482594,1,1,0,0,0,0,0,0,13,0,0,0
482595,0,1,0,0,0,0,0,0,0,0,0,0
482595,1,1,0,0,0,17,0,13,0,0,2,0
482596,1,1,38,38,38,38,38,38,38,38,38,38
482597,1,1,18,0,0,0,0,0,0,12,0,0
482597,2,1,0,0,0,0,0,0,0,0,0,0
482598,1,1,0,0,14,0,17,0,12,0,0,21
482598,2,1,0,0,0,0,0,0,0,0,0,0
482599,1,1,0,0,0,0,0,0,0,0,0,0
482599,2,1,0,0,0,0,0,11,0,0,25,0
482600,1,1,0,0,0,0,0,33,0,0,0,0
482600,2,1,0,0,0,0,0,0,0,0,0,0
482601,0,1,12,0,4,10,0,19,22,0,29,0
482601,1,1,22,18,0,17,35,8,0,0,14,0
482602,1,1,0,0,0,16,0,0,0,0,0,0
482603,1,1,0,0,0,11,0,0,0,9,22,0
482603,2,1,0,0,0,0,0,0,0,0,0,0
482604,1,1,0,0,0,0,0,0,0,0,0,0
482605,1,1,22,44,7,0,0,30,0,0,15,0
482606,0,1,40,0,15,0,0,0,0,0,14,0
482606,1,1,0,0,13,0,0,0,0,0,0,0
482607,1,1,0,0,0,0,0,0,0,0,0,0
482607,2,1,0,0,0,0,0,0,0,0,0,0
482608,1,1,14,0,12,0,26,0,0,0,0,0
482608,2,1,0,0,0,0,0,0,0,0,13,19
482609,1,1,0,0,0,0,0,0,0,0,0,0
482609,2,1,0,0,0,0,0,0,0,0,0,0
482610,1,1,0,0,0,0,0,0,0,0,0,0
482611,0,1,0,0,22,0,15,0,0,0,16,0
482611,1,1,8,0,0,0,0,0,3,0,0,0
482612,1,1,0,0,0,0,0,0,0,0,0,0
482612,2,1,0,0,0,0,0,0,0,0,0,0
482613,0,1,31,31,31,31,31,31,31,31,31,31
482613,1,1,0,0,0,9,0,0,0,0,0,0
482614,1,1,24,24,24,24,24,24,24,24,24,24
482615,1,1,0,0,0,0,0,0,0,0,0,0
482615,2,1,0,0,0,0,0,0,0,0,0,0
482616,1,1,0,0,0,33,15,0,0,0,0,0
482617,1,1,17,4,0,18,31,0,6,15,25,19
482618,0,1,0,0,0,0,0,0,0,0,0,0
482618,1,1,0,0,15,0,0,16,0,0,0,0
482619,1,1,0,0,0,0,0,0,0,0,0,0
482619,2,1,0,0,0,0,0,29,0,0,0,0
482619,3,1,0,0,0,0,29,20,19,0,9,0
482621,1,1,19,19,19,19,19,19,19,19,19,19
482622,1,1,20,20,20,20,20,20,20,20,20,20
482622,2,1,0,0,0,0,0,0,0,0,0,0
482623,0,1,0,12,0,0,12,0,14,0,0,0
482623,1,1,7,0,0,0,19,9,0,17,0,13
482624,1,1,32,14,0,24,19,24,14,11,0,0
482625,1,1,0,19,17,14,0,17,0,15,16,15
482626,1,1,0,0,0,16,25,0,0,20,0,0
482626,2,1,0,25,0,0,0,0,0,0,16,0
482627,0,1,0,39,39,0,20,31,0,0,11,9
482627,0,2,0,0,0,0,0,0,0,0,0,0
482627,3,1,0,0,0,0,0,11,0,0,0,0
482627,4,1,0,0,0,23,0,10,0,17,0,16
482628,0,1,0,0,0,0,0,0,0,0,0,0
482628,1,1,0,0,0,7,0,0,0,0,0,0
482629,1,1,0,0,0,0,0,0,0,0,0,0
482629,2,1,0,0,0,0,22,21,15,22,0,0
482630,1,1,0,0,18,0,0,5,0,0,0,4
482630,2,1,0,12,13,0,0,0,4,0,0,0
482631,1,1,9,10,5,0,0,0,0,19,0,0
482631,2,1,0,14,0,0,0,0,0,0,0,0
482632,0,1,4,4,4,4,4,4,4,4,4,4
482632,1,1,4,4,4,4,4,4,4,4,4,4
482633,1,1,0,0,0,0,0,0,0,0,0,0
482633,2,1,0,0,0,0,0,0,0,0,0,0
482634,1,1,16,13,27,10,22,0,0,0,25,12
482634,2,1,13,0,0,0,0,0,0,0,0,12
482635,0,1,0,15,31,0,0,25,0,0,0,9
482635,1,1,0,0,28,0,17,0,0,0,11,0
482636,1,1,0,11,18,19,0,0,0,4,0,4
482636,2,1,0,0,21,0,0,0,0,0,0,0
482636,3,1,15,22,0,0,0,0,37,0,0,0
482637,0,1,0,15,0,32,0,0,27,0,11,22
482637,1,1,0,0,0,0,0,14,0,0,11,0
482638,1,1,0,0,0,17,0,24,18,30,21,16
482639,1,1,28,0,0,0,0,0,0,0,26,26
482639,2,1,0,0,0,0,0,0,0,0,0,0
482640,0,1,0,0,0,0,20,38,22,25,14,0
482640,1,1,21,0,12,0,0,0,0,0,22,0
482640,2,1,4,0,0,0,16,19,0,0,2,0
482641,1,1,9,0,0,20,11,18,14,7,0,0
482641,2,1,0,3,0,7,0,0,0,0,0,9
482641,3,1,0,0,0,14,0,0,0,10,0,12
482642,0,1,0,0,0,0,0,0,0,0,0,0
482642,1,1,0,0,0,0,10,0,0,0,0,0
482643,0,1,0,0,26,0,0,0,31,7,0,8
482643,1,1,0,19,14,0,0,0,0,13,0,0
482644,1,1,0,0,0,19,0,0,15,0,14,0
482645,1,1,0,0,0,0,0,0,0,0,0,0
482645,2,1,0,0,0,0,0,0,0,0,0,0
482646,0,1,0,0,0,0,0,0,0,0,0,27
482646,1,1,0,0,0,0,0,0,0,0,0,0
482647,1,1,0,0,0,15,0,0,0,0,0,0
482647,2,1,0,0,0,0,0,0,0,0,0,0
482648,1,1,0,6,0,0,0,0,0,0,0,0
482648,2,1,5,5,5,5,5,5,5,5,5,5
482649,1,1,22,22,22,22,22,22,22,22,22,22
482650,1,1,0,0,0,0,0,0,0,0,0,0
482650,2,1,0,0,0,0,0,0,0,15,0,24
482651,1,1,0,0,0,0,0,0,0,0,0,0
482652,1,1,0,0,0,0,0,0,26,0,0,0
482652,2,1,11,0,0,0,0,0,0,0,3,0
482653,1,1,0,0,0,0,0,0,0,0,0,0
482653,2,1,0,0,0,0,0,0,0,0,0,0
482654,1,1,0,0,0,0,0,0,0,0,0,0
482654,2,1,0,3,0,0,0,22,0,0,0,5
482655,1,1,0,0,0,0,0,0,0,0,0,0
482655,2,1,0,0,0,0,2,0,0,0,6,0
482657,1,1,0,12,0,0,13,0,0,0,10,0
482657,2,1,0,0,0,0,0,0,0,0,0,0
482658,1,1,15,0,0,38,20,14,0,14,0,0
482659,0,1,0,0,0,0,0,0,0,0,19,0
482659,1,1,0,0,0,0,0,0,0,0,0,10
482659,2,1,25,0,0,0,0,0,0,0,0,21
482660,1,1,16,16,16,16,16,16,16,16,16,16
482661,1,1,0,12,12,0,0,0,0,13,0,8
482661,2,1,0,12,21,0,26,0,0,29,0,0
482662,0,1,40,40,40,40,40,40,40,40,40,40
482662,1,1,0,18,22,14,19,0,0,0,0,0
482663,1,1,12,0,0,0,0,0,0,0,0,0
482663,2,1,0,0,0,0,0,0,0,0,0,0
482664,1,1,0,0,18,0,0,23,10,13,0,0
482665,0,1,9,9,9,9,9,9,9,9,9,9
482665,1,1,11,0,0,18,0,15,17,0,0,17
482666,1,1,0,0,0,0,0,0,0,0,0,0
482666,2,1,0,18,0,0,0,0,0,10,0,19
482667,1,1,0,0,0,0,0,0,0,12,0,0
482667,2,1,0,0,0,0,0,0,0,0,0,0
482668,0,1,0,22,0,23,0,0,13,16,24,0
482668,1,1,0,0,0,0,0,13,0,21,0,5
482670,1,1,29,29,29,29,29,29,29,29,29,29
482671,1,1,0,0,0,6,0,0,0,0,0,0
482671,2,1,0,0,0,0,0,37,0,0,0,0
482671,3,1,0,0,0,25,0,0,0,0,17,0
482671,4,1,0,0,25,0,0,0,0,0,9,0
482671,5,1,0,0,4,0,0,0,0,0,0,0
482671,6,1,0,0,0,0,6,0,9,0,0,0
482672,1,1,18,0,0,0,0,0,0,0,6,0
482672,3,1,18,18,18,18,18,18,18,18,18,18
482673,1,1,0,0,0,0,0,0,0,0,0,0
482673,2,1,0,0,0,0,0,0,0,0,0,0
482674,1,1,0,0,0,0,0,0,13,0,0,0
482674,2,1,3,3,3,3,3,3,3,3,3,3
482674,3,1,0,0,0,0,0,0,0,0,0,0
482675,1,1,0,0,0,0,0,0,0,0,0,0
482676,1,1,20,20,20,20,20,20,20,20,20,20
482676,2,1,0,0,0,0,14,0,0,0,0,10
482677,1,1,0,0,0,0,0,0,0,0,0,0
482677,2,1,27,27,27,27,27,27,27,27,27,27
482678,1,1,0,0,16,0,0,0,0,0,0,12
482678,2,1,0,0,0,0,0,0,0,0,0,0
482678,3,1,0,0,0,0,0,0,4,0,0,0
482679,0,1,0,0,0,0,0,0,0,0,0,0
482679,1,1,0,17,15,26,0,14,0,0,0,0
482680,1,1,22,22,22,22,22,22,22,22,22,22
482681,0,1,0,25,0,23,0,0,0,0,0,0
482681,1,1,0,0,0,0,0,0,0,0,0,0
482682,1,1,17,17,17,17,17,17,17,17,17,17
482682,2,1,0,38,16,4,30,10,0,0,15,0
482683,1,1,27,13,0,10,0,5,11,19,6,22
482684,1,1,24,24,24,24,24,24,24,24,24,24
482685,1,1,19,19,19,19,19,19,19,19,19,19
482686,1,1,0,47,14,0,0,0,0,0,0,0
482687,1,1,0,23,17,0,0,0,0,0,0,0
482687,2,1,0,19,0,0,0,0,0,0,0,0
482687,3,1,0,19,0,0,0,0,14,0,0,0
482688,1,1,0,0,19,0,23,0,0,0,0,0
482689,1,1,24,26,0,0,0,18,0,0,0,0
482689,2,1,0,0,0,0,0,0,0,0,0,0
482690,1,1,0,0,0,0,0,29,0,0,0,0
482690,2,1,0,0,13,0,8,0,0,0,10,0
482690,3,1,0,0,0,0,0,0,0,0,0,0
482691,1,1,0,0,0,0,0,0,0,0,0,0
482691,2,1,0,0,0,0,0,0,0,0,0,0
482691,3,1,0,0,0,0,0,0,0,0,0,6
482692,1,1,0,5,0,11,21,0,0,0,0,0
482692,2,1,12,0,0,0,0,0,28,25,0,0
482692,3,1,0,0,0,0,0,22,0,0,0,0
482692,4,1,0,0,0,0,0,0,0,0,3,0
482693,1,1,0,0,0,0,0,0,0,0,0,0
482694,1,1,0,0,0,0,0,0,10,0,0,0
482694,2,1,0,0,0,0,0,0,0,0,0,0
482695,1,1,0,0,0,0,0,0,0,0,0,0
482695,2,1,9,0,0,0,0,0,0,0,10,4
482696,1,1,0,0,0,0,0,0,0,0,0,0
482697,0,1,0,0,0,0,18,0,10,0,0,9
482697,1,1,5,0,0,0,0,28,3,0,0,0
482698,1,1,0,0,0,0,0,21,23,13,0,0
482699,1,1,0,0,0,0,0,0,0,0,0,0
482699,2,1,10,0,0,0,0,0,0,0,0,0
482699,3,1,12,0,23,0,0,0,0,10,0,0
482700,0,1,0,0,19,0,0,0,14,0,0,5
482700,1,1,9,6,0,0,0,10,21,0,18,0
482700,2,1,23,0,0,11,0,0,19,18,11,0
482701,1,1,19,19,19,19,19,19,19,19,19,19
482702,0,1,0,0,0,0,0,0,0,0,0,0
482702,1,1,0,0,11,0,0,0,14,0,0,0
482703,1,1,18,18,14,14,11,4,13,23,18,10
482704,1,1,1,0,0,0,0,0,0,0,0,0
482704,2,1,20,0,0,7,0,0,0,0,0,6
482705,1,1,22,25,37,0,0,0,21,17,0,31
482706,1,1,0,0,0,0,0,0,0,0,0,0
482706,2,1,0,0,0,0,0,0,0,0,0,0
482707,1,1,0,0,0,0,22,44,26,0,12,8
482708,1,1,24,24,24,24,24,24,24,24,24,24
482709,1,1,0,7,23,0,0,0,0,4,15,22
482710,1,1,0,0,0,0,15,27,0,0,0,0
482711,0,1,21,21,21,21,21,21,21,21,21,21
482711,1,1,0,0,0,0,0,0,0,0,0,0
482712,1,1,4,13,0,0,6,8,10,0,22,0
482713,0,1,0,0,0,0,0,0,0,0,0,0
482713,1,1,0,0,0,0,0,0,0,0,0,0
482714,1,1,0,0,0,0,0,0,0,0,0,0
482714,2,1,0,0,0,15,0,0,0,0,9,0
482715,1,1,19,19,19,19,19,19,19,19,19,19
482716,1,1,0,20,0,4,14,0,0,0,0,0
482717,1,1,0,0,0,0,0,21,0,10,0,0
482718,1,1,0,0,0,0,0,0,0,7,0,0
482718,2,1,0,5,0,0,0,0,0,0,4,13
482719,1,1,4,0,0,0,0,0,8,5,21,24
482719,2,1,0,0,0,0,0,13,0,0,0,0
482720,0,1,18,18,18,18,18,18,18,18,18,18
482720,1,1,9,14,20,27,24,0,18,8,18,0
482721,1,1,10,0,0,41,24,34,0,18,0,0
482721,2,1,0,0,0,0,0,0,0,0,0,0
482722,1,1,35,35,35,35,35,35,35,35,35,35
482723,1,1,8,0,0,17,0,0,0,28,0,11
482724,1,1,0,0,0,0,0,0,0,0,0,0
482724,2,1,0,10,0,0,0,0,28,0,0,0
482725,0,1,0,20,0,0,0,0,0,27,0,0
482725,1,1,0,27,15,15,26,9,3,20,0,24
482726,0,1,0,0,0,0,0,0,0,0,0,0
482726,1,1,28,0,4,0,0,0,19,26,20,8
482727,1,1,0,0,0,0,0,0,0,0,0,0
482728,1,1,0,0,0,5,0,0,0,0,0,0
482728,2,1,0,0,0,0,0,0,0,0,0,0
482729,1,1,0,0,0,0,0,0,0,0,0,0
482730,1,1,25,0,0,0,0,15,0,33,0,23
482731,1,1,0,0,0,12,0,25,20,0,0,0
482731,2,1,0,10,0,0,0,0,0,0,0,6
482731,3,1,0,0,0,0,0,0,0,0,0,0
482731,4,1,15,0,0,5,0,0,0,0,0,0
482732,1,1,0,0,0,0,0,0,0,0,0,10
482732,2,1,16,16,16,16,16,16,16,16,16,16
482733,0,1,0,0,0,0,0,0,0,0,0,0
482733,1,1,21,0,0,15,0,0,0,21,0,25
482734,1,1,0,0,0,0,0,0,0,0,0,0
482735,0,1,1,1,1,1,1,1,1,1,1,1
482735,1,1,10,0,17,0,0,0,0,0,0,0
482736,1,1,0,0,23,26,33,0,8,15,19,12
482737,1,1,8,8,8,8,8,8,8,8,8,8
482738,1,1,0,11,19,14,0,0,9,0,18,11
482739,1,1,25,0,21,7,33,0,0,0,0,0
482739,2,1,21,0,0,0,0,0,0,42,0,0
482740,1,1,0,0,0,0,0,0,0,0,8,6
482741,1,1,5,5,5,5,5,5,5,5,5,5
482742,1,1,0,0,0,0,0,0,25,0,0,26
482742,2,1,0,0,0,0,0,0,0,0,0,0
482743,1,1,0,0,0,0,0,0,0,0,0,0
482743,2,1,0,0,0,0,0,0,0,0,0,0
482744,1,1,12,12,12,12,12,12,12,12,12,12
482745,0,1,0,0,5,0,0,4,10,0,15,0
482745,1,1,0,0,0,0,0,0,0,0,0,8
482746,1,1,0,0,0,0,0,0,0,14,0,0
482746,2,1,0,0,0,15,0,15,0,0,0,0
482747,1,1,29,15,28,11,24,19,26,12,0,30
482748,0,1,29,29,29,29,29,29,29,29,29,29
482748,1,1,0,0,5,0,8,0,0,0,0,0
482749,0,1,12,12,12,12,12,12,12,12,12,12
482749,1,1,0,0,0,0,0,0,0,0,0,18
482750,1,1,13,13,13,13,13,13,13,13,13,13
482751,1,1,0,0,0,0,0,0,0,0,0,0
482753,1,1,14,14,14,14,14,14,14,14,14,14
482753,2,1,0,0,0,11,0,0,0,0,0,15
482754,1,1,22,0,7,31,0,0,16,0,12,19
482754,2,1,0,0,14,16,14,18,0,0,18,30
482754,3,1,14,0,15,19,20,17,0,18,28,0
482755,0,1,27,37,14,22,28,7,30,16,8,10
482755,1,1,0,18,0,24,19,0,0,19,18,0
482756,1,1,19,0,0,0,0,0,0,0,36,16
482756,2,1,0,9,0,0,0,0,0,0,10,0
482756,3,1,0,0,0,0,0,0,0,0,0,0
482757,1,1,0,0,0,0,0,0,0,0,0,0
482757,2,1,0,0,11,0,0,4,0,0,23,0
482758,1,1,13,0,0,25,0,22,0,0,0,0
482759,0,1,0,34,0,0,18,22,5,0,48,0
482759,1,1,6,0,5,8,6,0,24,8,21,31
482760,1,1,0,0,0,0,0,0,0,0,0,0
482761,1,1,0,0,0,0,0,0,0,0,0,0
482761,2,1,0,0,0,0,0,0,0,0,0,0
482762,0,1,0,0,0,0,0,0,0,0,0,0
482762,0,2,0,0,0,0,0,0,0,0,0,0
482762,1,1,0,0,0,12,0,0,0,0,13,0
482763,1,1,14,18,0,0,17,0,0,0,18,0
482764,1,1,6,6,6,6,6,6,6,6,6,6
482764,2,1,0,0,0,18,0,0,0,0,0,0
482765,1,1,10,10,10,10,10,10,10,10,10,10
482765,2,1,0,0,0,14,0,0,0,25,0,13
482766,1,1,0,0,0,0,0,0,0,0,0,0
482766,2,1,0,0,0,0,0,0,0,0,0,0
482767,1,1,0,0,0,0,0,0,0,0,0,14
482767,2,1,0,0,22,0,0,30,0,0,9,0
482767,3,1,23,0,0,13,0,0,0,0,19,0
482768,1,1,0,0,0,0,0,0,0,38,0,0
482768,2,1,0,5,0,0,0,9,0,0,0,30
482769,1,1,0,0,0,27,0,0,0,11,0,0
482769,2,1,0,0,0,0,0,0,0,0,0,0
482770,0,1,0,0,0,0,0,0,0,0,0,0
482770,1,1,0,0,8,15,0,31,13,0,0,0
482771,0,1,0,0,0,0,0,0,0,0,0,0
482771,1,1,0,12,0,0,6,18,13,31,5,2
482772,0,1,0,0,0,0,0,0,0,0,0,0
482772,1,1,0,0,0,0,0,0,0,0,0,0
482773,1,1,0,0,0,0,0,0,0,0,0,0
482773,2,1,0,0,0,0,0,0,0,0,0,0
482773,3,1,19,0,0,0,11,0,0,0,27,0
482774,1,1,0,0,0,0,0,0,0,0,0,22
482774,2,1,0,0,0,0,0,16,0,0,0,0
482776,1,1,0,0,0,0,0,0,0,0,0,0
482776,2,1,0,0,0,0,0,0,0,0,0,0
482777,1,1,14,14,14,14,14,14,14,14,14,14
482778,1,1,0,0,14,15,0,18,6,0,0,0
482778,2,1,0,0,0,0,0,0,0,0,0,0
482779,1,1,10,0,0,0,17,0,14,22,0,0
482780,1,1,13,13,13,13,13,13,13,13,13,13
482781,1,1,0,0,0,0,0,0,0,0,0,0
482781,2,1,0,0,0,0,0,0,0,0,0,0
482782,0,1,26,0,0,0,0,3,19,12,0,4
482782,0,2,0,0,0,14,0,0,0,0,0,0
482782,1,1,18,0,30,0,0,0,15,0,16,0
482783,1,1,31,0,0,0,26,0,0,13,21,0
482783,2,1,14,8,16,0,0,0,8,0,0,0
482784,1,1,22,22,22,22,22,22,22,22,22,22
482785,1,1,0,0,0,0,0,0,0,0,0,0
482785,2,1,0,0,0,0,0,0,0,0,0,0
482786,1,1,0,0,0,0,0,0,0,0,0,0
482788,1,1,0,0,0,0,0,0,0,0,0,0
482788,2,1,0,0,0,0,0,0,0,0,0,0
482789,1,1,0,0,0,0,0,0,0,0,0,0
482790,0,1,0,0,0,0,0,0,0,0,0,0
482790,1,1,13,0,24,0,17,0,0,0,0,0
482791,1,1,0,0,0,0,0,0,0,0,0,0
482792,1,1,0,0,0,0,0,0,11,0,0,26
482792,2,1,21,21,21,21,21,21,21,21,21,21
482792,3,1,0,0,0,11,0,7,0,0,21,0
482793,1,1,0,0,0,0,0,0,0,0,0,0
482794,0,1,0,6,31,0,0,0,0,20,0,0
482794,1,1,13,0,0,19,16,0,0,22,13,0
482795,1,1,0,5,14,35,0,15,11,10,30,0
482796,1,1,0,0,0,0,0,0,0,0,0,0
482797,1,1,0,0,8,0,0,0,15,0,0,0
482798,1,1,31,31,31,31,31,31,31,31,31,31
482799,1,1,0,0,0,0,0,0,0,0,0,0
482799,2,1,0,0,0,0,0,0,0,0,0,0
482800,1,1,0,0,0,0,15,0,0,0,0,0
482800,2,1,0,0,0,0,0,0,5,38,19,0
482800,3,1,0,0,0,0,0,0,0,0,0,0
482801,1,1,14,14,14,14,14,14,14,14,14,14
482802,0,1,0,0,0,0,0,0,0,0,0,0
482802,1,1,0,0,0,0,0,0,0,25,0,0
482803,1,1,0,0,0,0,0,0,0,0,0,0
482803,2,1,0,0,0,0,0,0,0,0,0,0
482804,1,1,0,0,29,0,41,0,31,0,0,0
482804,2,1,0,0,0,0,0,0,0,0,0,0
482805,1,1,10,10,10,10,10,10,10,10,10,10
482806,1,1,20,20,20,20,20,20,20,20,20,20
482807,1,1,0,41,30,0,26,0,0,13,22,27
482808,0,1,3,22,31,0,12,22,0,0,0,0
482808,1,1,8,18,0,25,15,0,0,8,10,0
482809,1,1,0,0,0,0,0,0,0,0,0,0
482810,1,1,0,0,0,0,0,0,0,0,0,0
482810,2,1,0,0,0,0,0,0,0,0,0,0
482810,3,1,0,0,0,8,0,0,0,0,27,0
482811,1,1,0,0,0,0,0,0,0,0,0,10
482811,2,1,11,0,0,0,33,0,0,0,18,15
482812,1,1,14,14,14,14,14,14,14,14,14,14
482813,1,1,9,10,24,14,0,5,7,0,3,30
482813,2,1,0,0,10,0,0,0,0,0,0,18
482814,1,1,7,11,18,16,15,21,18,22,0,2
482814,2,1,0,23,0,0,29,0,0,11,23,13
482815,0,1,0,0,0,0,22,0,17,10,0,0
482815,1,1,0,0,28,0,0,0,0,0,0,0
482816,0,1,0,0,0,0,0,0,0,0,0,0
482816,1,1,0,0,0,0,0,0,0,0,0,0
482817,1,1,0,0,0,0,0,0,26,0,0,0
482817,2,1,14,0,7,12,0,0,0,0,0,0
482817,3,1,0,0,0,0,0,0,12,0,0,0
482818,1,1,0,0,0,0,0,0,0,0,0,0
482818,2,1,0,0,0,0,0,0,0,0,0,0
482819,1,1,0,0,0,0,0,0,0,0,0,0
482819,2,1,0,0,0,0,0,0,0,0,0,0
482821,1,1,20,20,20,20,20,20,20,20,20,20
482821,2,1,7,0,8,32,0,15,18,0,0,4
482822,1,1,0,0,0,0,0,0,0,0,0,0
482822,2,1,0,0,22,0,0,0,0,0,0,0
482823,1,1,22,0,0,0,8,0,0,0,0,0
482824,1,1,0,0,0,0,0,0,0,0,0,0
482824,2,1,0,0,0,0,9,11,0,9,0,9
482825,1,1,0,26,0,0,0,0,0,15,14,0
482826,1,1,0,0,0,0,19,0,0,0,0,0
482826,2,1,0,0,19,10,0,6,0,0,0,13
482826,3,1,0,0,0,0,0,0,0,0,0,0
482827,0,1,0,0,5,0,0,0,0,0,0,0
482827,1,1,0,0,0,0,0,0,0,0,0,0
482828,0,1,0,0,0,0,0,0,0,0,0,0
482828,1,1,0,0,0,0,0,18,0,0,0,11
482830,1,1,0,0,0,0,0,0,0,0,0,0
482830,2,1,0,0,6,0,0,0,0,0,22,0
482831,0,1,5,5,5,5,5,5,5,5,5,5
482831,1,1,0,0,0,0,0,6,0,0,23,0
482832,1,1,0,0,0,13,0,25,0,0,0,0
482832,2,1,0,0,0,0,0,0,0,0,0,0
482833,1,1,0,0,0,0,0,0,0,0,0,0
482834,0,1,0,0,0,0,0,0,0,0,0,0
482834,1,1,0,0,8,0,0,0,0,21,0,0
482835,1,1,20,20,20,20,20,20,20,20,20,20
482835,2,1,0,0,0,0,0,0,0,0,0,0
482836,1,1,0,19,0,0,9,0,0,0,0,0
482836,2,1,0,0,0,0,38,0,0,0,0,0
482837,1,1,0,7,7,9,18,0,32,10,0,11
482838,0,1,18,10,0,0,0,0,0,13,12,27
482838,1,1,0,0,0,0,0,0,0,0,0,0
482839,0,1,0,0,0,20,0,30,25,0,17,0
482839,1,1,5,18,0,10,4,19,0,13,9,5
482840,1,1,0,0,0,0,0,0,0,0,0,0
482840,2,1,0,0,0,0,0,0,0,0,0,0
482841,1,1,0,0,0,0,0,10,0,0,21,0
482841,2,1,0,0,0,0,0,0,0,0,0,0
482841,3,1,0,0,0,0,0,0,0,0,0,0
482842,1,1,0,0,0,0,22,0,0,13,5,0
482842,2,1,0,0,0,0,0,0,0,0,0,0
482843,1,1,0,0,0,0,0,0,0,0,0,0
482844,1,1,0,0,0,0,0,0,0,0,0,0
482844,2,1,0,0,0,0,0,0,0,0,0,0
482845,1,1,13,0,33,0,0,20,0,17,0,0
482846,2,1,0,0,0,0,0,0,0,0,0,0
482846,3,1,0,0,0,0,0,0,0,0,0,0
482847,0,1,0,0,0,0,9,0,0,0,0,0
482847,1,1,18,0,0,14,0,0,9,0,28,4
482848,1,1,0,19,0,10,0,0,19,8,5,8
482848,2,1,25,0,0,19,0,42,0,0,0,0
482848,3,1,0,0,7,0,12,0,0,0,0,0
482849,1,1,0,0,0,0,0,0,0,0,0,0
482850,1,1,0,0,0,0,0,0,0,0,0,0
482850,2,1,0,0,0,7,0,16,27,0,0,0
482851,0,1,19,17,17,30,20,10,0,19,0,38
482851,1,1,0,0,0,14,0,0,0,0,0,0
482852,1,1,22,0,22,6,0,18,0,20,0,0
482852,2,1,0,0,0,0,0,0,0,0,0,0
482853,1,2,20,20,10,0,10,0,27,21,13,0
482854,1,1,0,0,0,0,0,0,0,0,0,0
482854,2,1,0,0,0,0,0,0,0,0,0,0
482854,3,1,0,0,0,0,0,0,10,0,3,9
482854,4,1,0,0,0,0,0,0,0,0,0,0
482854,5,1,0,0,0,0,0,0,0,0,0,0
482854,6,1,0,0,0,0,0,0,0,0,0,0
482854,7,1,0,0,0,0,0,0,0,0,0,0
482854,8,1,0,0,0,0,0,0,0,0,0,0
482855,1,1,28,28,28,28,28,28,28,28,28,28
482856,1,1,0,0,0,0,0,0,0,0,0,0
482857,1,1,0,0,28,0,0,7,25,0,0,0
482858,1,1,21,0,0,0,7,30,0,0,0,0
482858,2,1,0,10,5,0,0,0,0,7,0,0
482859,1,1,0,0,0,17,17,0,0,19,24,0
482859,2,1,0,5,0,0,0,0,0,0,0,15
482860,1,1,0,0,0,0,0,0,0,10,0,0
482860,2,1,0,0,0,0,0,0,0,0,0,0
482861,1,1,0,10,23,10,0,21,28,11,0,0
482861,2,1,0,0,0,0,0,0,0,0,0,0
482862,0,1,13,13,13,13,13,13,13,13,13,13
482862,1,1,16,0,15,21,22,0,31,0,12,0
482863,1,1,13,13,13,13,13,13,13,13,13,13
482863,2,1,0,0,0,24,0,0,11,27,0,16
482863,3,1,0,3,19,12,18,30,0,19,0,10
482864,0,1,52,16,0,0,0,0,0,0,0,0
482864,1,1,0,0,0,0,0,0,0,0,0,0
482865,0,1,0,0,0,0,0,0,0,0,0,0