ST_CASE,VEH_NO,PER_NO,P1,P2,P3,P4,P5,P6,P7,P8,P9,P10
482865,1,1,0,0,0,0,30,6,0,0,0,0
482866,1,1,0,0,0,0,0,0,0,0,0,0
482866,2,1,0,0,17,10,0,0,20,17,13,0
482867,1,1,26,26,26,26,26,26,26,26,26,26
482867,2,1,0,7,0,0,0,0,0,0,0,0
482868,1,1,12,11,0,14,13,26,24,0,0,4
482868,2,1,0,0,0,0,0,0,0,0,0,0
482869,1,1,0,0,0,0,0,0,0,0,0,0
482870,0,1,0,0,0,0,0,0,0,0,0,0
482870,1,1,0,27,22,9,12,0,0,0,22,0
482871,1,1,0,25,25,19,19,18,0,28,5,23
482871,2,1,0,0,0,0,0,0,0,0,0,7
482872,1,1,8,8,8,8,8,8,8,8,8,8
482873,1,1,0,0,0,22,0,0,0,19,0,0
482874,1,1,1,1,1,1,1,1,1,1,1,1
482874,2,1,0,0,0,0,0,0,0,0,0,0
482875,0,1,15,15,15,15,15,15,15,15,15,15
482875,1,1,0,0,10,10,0,28,13,0,26,0
482876,1,1,0,0,0,0,0,0,0,0,0,0
482876,2,1,0,0,0,0,0,0,0,16,0,0
482877,1,1,0,0,0,0,0,0,0,0,0,0
482877,2,1,0,0,0,0,0,0,0,0,0,0
482877,3,1,0,0,0,0,0,0,0,0,0,0
482878,1,1,0,0,0,0,0,0,0,0,0,0
482878,2,1,0,0,0,0,18,0,16,0,0,0
482879,0,1,0,0,0,0,0,0,0,0,0,0
482879,1,1,20,0,29,13,8,11,27,0,0,0
482880,1,1,15,15,15,15,15,15,15,15,15,15
482881,1,1,0,0,0,0,0,0,0,0,0,0
482882,0,1,0,0,0,0,0,0,44,24,0,0
482882,1,1,0,30,35,0,0,0,0,0,17,0
482883,0,1,34,34,34,34,34,34,34,34,34,34
482883,1,1,20,0,3,0,0,18,0,0,0,0
482884,1,1,0,0,0,0,0,0,0,0,0,0
482884,2,1,0,0,0,0,0,11,0,0,0,0
482885,1,1,9,0,0,0,0,0,0,0,0,0
482885,2,1,0,4,2,0,0,0,0,0,11,11
482886,1,1,7,0,20,8,0,0,0,19,0,22
482887,1,1,25,27,4,29,7,13,21,15,5,12
482888,1,1,0,10,0,0,47,0,0,0,34,0
482889,1,1,0,0,13,0,0,0,15,0,0,0
482889,2,1,0,0,0,0,0,0,0,0,0,0
482889,3,1,0,0,0,0,0,9,0,0,0,0
482890,1,1,0,0,0,0,0,0,0,0,0,0
482891,1,1,21,0,10,0,0,35,13,11,0,5
482892,1,1,0,0,0,0,0,0,0,0,0,0
482893,1,1,19,19,19,19,19,19,19,19,19,19
482894,1,1,0,0,16,0,12,0,19,0,0,0
482895,0,1,24,0,0,0,8,0,0,0,11,0
482895,1,1,0,0,0,0,0,0,0,0,0,0
482896,1,1,9,9,9,9,9,9,9,9,9,9
482896,2,1,7,0,0,21,20,0,26,8,0,24
482897,1,1,27,0,0,0,0,0,0,0,0,12
482897,2,1,0,0,37,0,0,0,0,0,0,21
482897,3,1,0,17,0,6,0,0,0,0,0,0
482898,1,1,0,12,0,0,23,0,0,0,0,0
482899,1,1,0,0,6,0,15,0,5,22,8,0
482900,1,1,25,0,3,0,0,7,0,12,0,10
482901,1,1,10,10,10,10,10,10,10,10,10,10
482901,2,1,0,0,0,0,0,0,0,0,0,0
482902,1,1,0,28,0,0,0,0,0,0,0,35
482902,2,1,0,0,0,0,0,0,0,0,0,0
482903,1,1,0,0,0,0,0,0,0,0,0,0
482903,2,1,0,0,0,0,0,0,0,0,0,0
482903,3,1,0,0,0,0,0,0,0,0,0,0
482904,1,1,28,0,0,14,0,0,11,0,0,0
482904,2,1,0,0,0,0,7,3,0,0,0,0
482905,1,1,28,28,28,28,28,28,28,28,28,28
482906,1,1,17,17,17,17,17,17,17,17,17,17
482907,1,1,0,0,0,0,18,0,22,0,0,0
482907,2,1,8,26,15,0,0,0,0,0,33,0
482907,3,1,0,0,0,18,0,0,0,0,0,0
482908,1,1,19,20,0,0,23,29,22,24,28,0
482909,1,1,0,0,0,15,0,0,0,12,33,0
482909,2,1,0,0,3,0,0,0,0,0,0,0
482909,3,1,0,0,0,0,0,0,0,0,0,0
482910,0,1,6,0,0,0,41,0,20,0,7,0
482910,1,1,10,0,10,10,16,0,0,27,7,0
482910,2,1,0,0,0,5,12,0,23,0,20,0
482910,3,1,22,0,0,12,0,0,0,14,0,0
482911,1,1,4,4,4,4,4,4,4,4,4,4
482911,2,1,0,0,0,0,0,0,0,0,0,0
482912,1,1,0,0,0,0,0,0,0,0,0,0
482912,2,1,0,0,3,0,0,0,0,0,0,0
482913,1,1,0,0,0,0,0,0,0,0,0,0
482913,2,1,0,0,0,0,0,0,0,0,0,7
482913,3,1,0,0,0,0,0,17,0,18,0,0
482913,4,1,0,0,0,18,0,0,0,0,0,0
482913,5,1,0,0,0,0,0,0,0,18,0,0
482914,0,1,24,0,0,0,0,20,0,30,0,0
482914,1,1,25,10,0,17,0,0,22,0,0,0
482915,1,1,9,9,9,9,9,9,9,9,9,9
482916,1,1,36,36,36,36,36,36,36,36,36,36
482917,1,1,15,15,15,15,15,15,15,15,15,15
482917,2,1,0,0,0,0,0,0,0,0,0,0
482918,1,1,0,0,0,0,0,0,0,0,0,0
482918,2,1,11,0,0,0,0,0,0,0,0,0
482919,1,1,20,20,20,20,20,20,20,20,20,20
482920,1,1,25,25,25,25,25,25,25,25,25,25
482921,1,1,0,6,7,0,0,8,0,0,0,0
482921,2,1,0,17,0,0,0,0,14,0,0,19
482922,1,1,0,22,0,0,0,0,0,0,19,0
482923,1,1,0,0,0,0,0,0,0,0,0,0
482923,2,1,0,0,0,0,0,0,0,0,0,0
482924,1,1,20,0,0,0,0,0,17,22,35,24
482925,1,1,13,13,13,13,13,13,13,13,13,13
482926,1,1,0,0,0,0,0,0,18,0,0,0
482926,2,1,0,0,0,0,0,0,0,0,0,0
482927,1,1,0,0,0,0,0,0,0,0,0,0
482927,2,1,5,5,5,5,5,5,5,5,5,5
482928,1,1,0,25,13,23,0,13,0,0,13,0
482928,2,1,0,0,0,0,0,0,0,0,0,0
482928,3,1,0,0,0,0,27,0,0,23,0,0
482929,1,1,7,7,7,7,7,7,7,7,7,7
482930,1,1,0,0,8,0,0,0,8,0,0,0
482930,2,1,0,0,24,0,0,0,14,0,0,0
482931,1,1,31,31,31,31,31,31,31,31,31,31
482932,0,1,0,0,0,0,0,0,0,0,0,0
482932,1,1,17,10,24,0,0,0,0,30,16,0
482933,1,1,23,37,8,12,24,22,12,21,17,25
482933,2,1,0,0,0,0,0,0,0,0,0,0
482934,1,1,7,0,18,0,19,0,0,0,0,0
482934,2,1,0,0,0,0,0,0,0,0,0,0
482935,1,1,0,0,0,0,0,0,0,0,0,0
482936,0,1,0,12,5,0,0,19,10,20,8,0
482936,1,1,0,0,0,0,0,0,0,0,0,0
482937,1,1,0,22,34,16,10,11,3,9,7,8
482938,1,1,0,0,0,0,0,0,0,0,0,0
482938,2,1,0,0,0,0,15,0,0,22,0,24
482939,1,1,17,21,0,0,0,0,0,0,0,22
482939,2,1,0,0,0,0,0,0,0,0,0,0
482940,0,1,24,0,0,0,0,36,36,0,0,25
482940,1,1,0,13,0,9,14,0,2,0,0,15
482941,1,1,0,0,28,50,0,0,0,23,0,0
482942,1,1,36,36,36,36,36,36,36,36,36,36
482942,2,1,0,0,0,17,21,0,0,11,0,4
482943,1,1,0,0,0,0,0,11,0,0,0,0
482943,2,1,0,0,0,0,0,0,0,0,0,0
482944,1,1,0,0,0,9,0,23,7,0,0,0
482944,2,1,0,23,10,6,5,16,0,9,8,0
482945,1,1,0,0,0,0,0,0,0,0,0,0
482945,2,1,0,0,0,0,0,0,0,0,0,0
482946,1,1,12,0,0,38,0,0,0,24,0,0
482947,1,1,0,0,0,0,0,0,0,0,0,0
482947,2,1,0,0,0,0,0,0,0,0,0,0
482948,1,1,0,0,0,0,0,0,0,0,0,0
482949,1,1,0,0,16,15,0,0,15,0,0,0
482950,1,1,25,25,25,25,25,25,25,25,25,25
482950,2,1,0,0,0,0,4,0,0,0,15,0
482951,1,1,0,0,0,0,0,0,0,0,0,0
482952,1,1,0,0,21,18,0,17,0,0,0,0
482953,1,1,0,10,0,0,15,0,0,0,0,0
482953,2,1,15,0,18,0,17,0,0,0,13,0
482953,3,1,0,0,0,0,0,0,0,0,0,0
482954,1,1,0,0,0,0,12,0,0,0,0,0
482955,1,1,32,0,0,0,0,5,0,15,0,0
482955,2,1,0,0,0,0,0,0,0,0,0,0
482956,1,1,18,18,18,18,18,18,18,18,18,18
482957,1,1,5,5,5,5,5,5,5,5,5,5
482957,2,1,0,0,0,0,0,0,0,0,0,0
482958,0,1,1,1,1,1,1,1,1,1,1,1
482958,1,1,0,0,0,0,25,0,0,0,13,0
482959,1,1,0,0,0,0,0,0,0,0,0,0
482959,2,1,12,12,12,12,12,12,12,12,12,12
482960,1,1,20,20,20,20,20,20,20,20,20,20
482961,1,1,16,8,0,0,0,0,0,0,0,0
482961,2,1,0,0,0,0,0,0,0,0,0,0
482962,1,1,16,16,16,16,16,16,16,16,16,16
482963,1,1,42,0,0,0,0,16,0,0,0,0
482963,2,1,0,0,0,0,0,0,0,0,0,20
482964,0,1,0,0,0,0,0,0,0,0,0,0
482964,1,1,0,0,0,0,0,0,0,0,0,0
482965,1,1,0,0,37,0,0,0,0,0,8,0
482965,2,1,0,0,0,0,0,0,18,24,4,0
482966,1,1,15,15,15,15,15,15,15,15,15,15
482967,1,1,0,12,13,20,0,6,11,17,18,23
482968,1,1,31,0,0,0,0,0,0,0,12,0
482969,1,1,0,0,0,0,0,0,0,0,0,0
482970,1,1,0,17,26,19,0,0,0,18,0,0
482971,1,1,13,13,13,13,13,13,13,13,13,13
482972,1,1,0,0,0,0,0,0,0,0,0,0
482972,2,1,18,0,20,27,5,0,0,0,15,0
482972,3,1,0,0,0,0,0,0,0,0,0,27
482972,4,1,10,0,0,0,0,0,0,0,20,0
482973,1,1,0,0,0,0,0,0,0,0,0,0
482974,0,1,7,0,0,0,0,13,0,0,0,18
482974,1,1,0,0,0,0,0,0,0,0,0,0
482975,1,1,0,0,0,0,0,0,0,0,0,0
482975,2,1,0,20,0,0,0,0,10,0,15,33
482976,0,1,22,22,22,22,22,22,22,22,22,22
482976,1,1,21,9,0,0,0,0,0,0,0,0
482977,1,1,0,0,0,0,0,21,0,0,0,0
482977,2,1,0,17,0,0,0,0,0,0,0,0
482978,1,1,0,0,28,0,18,0,0,0,0,0
482978,2,1,25,25,25,25,25,25,25,25,25,25
482979,1,1,0,7,0,0,0,0,0,27,0,0
482980,1,1,0,0,0,0,0,0,0,0,0,0
482981,0,1,0,0,0,0,0,0,0,0,0,0
482981,1,1,25,25,25,25,25,25,25,25,25,25
482981,2,1,0,0,0,0,30,0,0,0,0,0
482981,3,1,13,0,16,0,14,4,32,0,23,22
482982,1,1,0,0,0,0,0,0,0,0,0,0
482982,2,1,0,0,9,7,0,0,20,26,0,0
482983,1,1,28,0,0,16,0,9,0,0,0,0
482984,1,1,0,0,0,0,0,0,0,0,0,0
482984,2,1,0,0,18,0,0,0,0,0,0,9
482985,0,1,0,0,0,0,0,0,0,0,0,0
482985,1,1,6,0,0,0,0,12,0,0,0,0
482986,1,1,0,0,0,0,0,0,0,0,0,0
482986,2,1,0,0,0,0,0,0,19,0,0,0
482987,1,1,0,9,0,20,8,0,21,0,0,0
482988,0,1,0,0,0,0,0,0,0,0,0,16
482988,1,1,0,19,0,0,0,0,0,0,0,7
482989,0,1,0,0,0,0,0,0,0,0,0,0
482989,1,1,0,0,0,0,0,0,0,0,0,0
482990,1,1,8,5,0,0,0,0,0,0,0,0
482991,1,1,30,30,30,30,30,30,30,30,30,30
482992,1,1,10,10,10,10,10,10,10,10,10,10
482992,2,1,0,0,0,0,0,0,13,0,0,0
482993,1,1,17,17,17,17,17,17,17,17,17,17
482994,0,1,0,0,0,0,0,0,0,0,0,0
482994,1,1,0,0,0,0,0,0,0,15,0,0
482995,0,1,28,0,46,0,0,0,0,0,50,0
482995,1,1,0,0,0,0,0,0,0,0,0,0
482996,1,1,0,0,0,0,0,0,0,0,0,0
482997,1,1,20,20,20,20,20,20,20,20,20,20
482997,2,1,0,12,0,0,23,0,0,0,10,13
482998,1,1,17,0,19,0,0,0,11,24,25,18
482999,1,1,14,14,14,14,14,14,14,14,14,14
483000,1,1,0,25,0,0,0,20,0,0,26,15
483001,1,1,0,0,0,0,0,0,0,0,10,0
483001,2,1,0,0,0,0,0,0,0,0,0,0
483002,0,1,9,0,0,0,9,33,0,0,0,0
483002,1,1,13,4,0,9,0,0,0,13,27,0
483003,1,1,0,0,0,0,0,0,0,0,0,0
483003,2,1,24,0,0,0,0,0,0,0,0,0
483003,3,1,16,0,0,10,0,0,0,0,0,0
483004,1,1,14,0,0,0,0,0,0,6,0,5
483004,2,1,0,0,30,0,0,0,0,0,7,0
483005,1,1,0,0,0,0,0,0,0,0,0,0
483005,2,1,0,0,0,16,0,0,12,0,0,0
483006,0,1,0,0,0,0,0,0,0,0,0,0
483006,1,1,0,0,0,21,0,0,0,0,0,0
483007,1,1,0,0,0,0,9,7,0,0,18,0
483008,1,1,15,15,15,15,15,15,15,15,15,15
483008,2,1,0,0,0,0,0,0,0,0,0,0
483009,1,1,18,14,36,26,0,0,17,33,15,11
483010,1,1,0,0,0,16,11,3,0,0,0,0
483010,2,1,0,0,0,0,19,0,0,0,0,0
483010,3,1,0,0,0,0,0,0,0,0,12,0
483011,1,1,0,28,0,0,0,0,21,0,11,12
483011,2,1,0,0,0,0,0,0,0,5,11,0
483012,1,1,0,24,0,0,0,0,0,0,0,0
483012,2,1,0,0,0,0,19,0,0,0,0,0
483013,1,1,0,7,18,22,17,15,29,11,12,10
483013,2,1,0,0,29,0,0,0,27,18,30,6
483014,0,1,0,0,0,0,16,0,14,0,0,20
483014,1,1,0,0,0,0,0,0,0,9,0,0
483015,1,1,30,30,30,30,30,30,30,30,30,30
483015,2,1,0,24,25,0,9,0,0,16,0,0
483016,1,1,18,18,18,18,18,18,18,18,18,18
483016,2,1,0,0,0,0,0,0,0,0,0,0
483017,1,1,0,0,0,0,0,0,0,0,0,0
483017,2,1,0,0,0,0,0,0,0,20,0,0
483018,1,1,0,0,0,0,0,0,0,0,0,0
483019,1,1,0,27,0,0,0,0,0,0,14,0
483019,2,1,11,9,27,0,0,9,0,0,0,8
483020,0,1,25,25,25,25,25,25,25,25,25,25
483020,1,1,0,0,0,0,8,0,7,0,0,0
483021,1,1,0,0,0,0,0,0,0,0,0,0
483023,1,1,23,0,0,0,0,0,0,0,0,0
483024,1,1,33,0,0,25,0,0,7,19,47,25
483025,0,1,2,2,2,2,2,2,2,2,2,2
483025,1,1,0,0,0,0,0,0,0,0,0,0
483026,1,1,15,15,15,15,15,15,15,15,15,15
483026,2,1,13,13,13,13,13,13,13,13,13,13
483027,1,1,15,15,15,15,15,15,15,15,15,15
483027,2,1,0,0,0,0,0,0,0,0,0,0
483028,0,1,0,0,0,0,0,0,0,0,0,0
483028,1,1,0,0,0,0,0,0,0,0,0,0
483029,1,1,0,17,28,0,0,23,0,23,10,0
483030,0,1,0,31,5,34,0,0,24,0,29,0
483030,1,1,0,0,0,0,0,0,0,0,0,0
483031,1,1,0,0,0,0,0,0,0,0,0,0
483031,2,1,0,0,0,0,0,0,0,0,0,0
483032,0,1,0,26,0,0,0,22,31,0,0,0
483032,1,1,0,0,24,0,0,0,0,19,0,11
483033,0,1,22,48,23,38,25,21,13,0,0,0
483033,1,1,0,0,18,25,22,0,16,21,0,0
483034,0,1,0,0,0,0,0,0,0,0,15,0
483034,1,1,21,16,0,0,14,0,0,0,0,0
483035,1,1,0,0,0,0,0,0,0,0,0,0
483036,1,1,14,14,14,14,14,14,14,14,14,14
483037,1,1,19,19,19,19,19,19,19,19,19,19
483037,2,1,0,0,0,0,0,0,0,0,0,0
483038,1,1,0,0,0,22,16,0,0,19,29,0
483038,2,1,0,0,0,0,0,0,0,0,0,0
483038,3,1,0,0,0,0,0,0,0,0,0,9
483039,1,1,0,0,0,0,0,0,0,0,0,0
483039,2,1,0,0,0,0,0,0,0,0,0,0
483040,1,1,0,0,0,0,0,0,0,0,0,0
483040,2,1,0,0,0,0,0,0,0,0,0,0
483041,0,1,0,0,0,0,0,0,0,0,0,0
483041,1,1,26,10,0,13,0,31,0,6,0,0
483042,1,1,15,0,16,16,0,15,0,0,23,15
483043,0,1,28,0,0,17,0,0,0,32,0,0
483043,1,1,18,0,7,16,0,6,20,19,12,0
483044,0,1,0,0,0,0,0,0,0,0,0,0
483044,1,1,0,0,0,0,0,0,0,0,13,0
483045,0,1,0,21,0,0,36,0,0,0,0,0
483045,1,1,0,10,0,0,0,0,0,13,0,20
483046,1,1,4,0,6,0,0,3,0,0,7,0
483046,2,1,0,0,0,0,0,0,0,0,0,0
483047,1,1,0,0,0,0,0,18,0,0,0,0
483047,2,1,0,0,0,12,0,0,21,0,0,0
483048,0,1,21,25,0,0,30,6,0,23,0,26
483048,1,1,0,0,0,0,0,0,0,0,0,0
483049,0,1,0,36,0,0,0,0,24,33,8,15
483049,1,1,9,0,0,0,0,0,0,19,16,10
483050,1,1,0,21,8,0,0,0,0,4,0,7
483051,1,1,0,0,0,0,0,0,0,0,8,0
483051,2,1,0,0,0,0,0,46,0,0,0,0
483052,1,1,0,0,0,0,0,10,0,0,0,0
483052,2,1,0,0,0,0,0,0,0,0,0,0
483053,1,1,0,0,0,0,0,0,0,0,0,18
483053,2,1,0,0,0,0,0,0,0,17,0,0
483054,1,1,6,0,29,23,14,0,23,0,22,0
483055,1,1,25,25,25,25,25,25,25,25,25,25
483057,1,1,22,0,0,21,0,9,0,14,0,16
483057,2,1,0,10,35,14,0,0,0,0,12,0
483058,0,1,0,25,0,0,25,0,0,39,0,15
483058,1,1,0,0,0,9,0,0,9,0,0,0
483060,0,1,0,0,0,0,0,0,0,0,0,0
483060,1,1,25,22,11,10,12,29,7,20,20,27
483061,1,1,27,27,27,27,27,27,27,27,27,27
483062,2,1,22,0,4,0,17,0,8,0,0,0
483062,3,1,0,0,0,0,0,0,0,0,0,0
483062,4,1,0,0,0,0,0,0,0,0,0,0
483063,1,1,0,0,0,0,0,0,0,0,0,0
483063,2,1,0,20,0,0,0,0,0,0,0,0
483064,1,1,20,20,20,20,20,20,20,20,20,20
483065,1,1,0,0,0,0,22,0,0,23,0,0
483066,1,1,8,8,8,8,8,8,8,8,8,8
483067,0,1,10,8,0,0,0,42,0,29,33,0
483067,1,1,0,0,0,0,5,0,16,14,0,0
483068,1,1,24,24,24,24,24,24,24,24,24,24
483068,2,1,0,0,0,0,0,0,0,0,0,0
483069,1,1,0,0,0,34,0,0,11,0,0,12
483069,2,1,0,0,0,0,0,0,16,0,0,0
483070,0,1,0,10,0,0,0,0,0,0,0,0
483070,1,1,0,13,18,24,22,5,11,0,25,21
483071,0,1,0,6,0,16,16,0,36,0,0,0
483071,1,1,0,0,0,0,14,0,0,9,17,0
483072,0,1,0,0,0,0,0,0,0,0,0,0
483072,1,1,0,0,0,0,0,0,0,0,0,0
483073,1,1,16,16,16,16,16,16,16,16,16,16
483074,1,1,0,0,0,0,0,0,0,0,0,0
483074,2,1,0,0,0,0,0,0,0,0,0,0
483075,1,1,13,13,13,13,13,13,13,13,13,13
483076,1,1,9,9,9,9,9,9,9,9,9,9
483077,1,1,0,0,0,0,0,0,0,0,0,0
483077,2,1,22,22,22,22,22,22,22,22,22,22
483078,1,1,0,0,9,6,31,18,0,23,0,0
483079,1,1,0,0,0,0,0,0,0,0,0,0
483079,2,1,0,0,0,0,0,23,0,0,0,0
483080,1,1,0,0,0,0,0,23,16,0,0,0
483081,1,1,14,14,14,14,14,14,14,14,14,14
483082,0,1,0,0,0,0,0,0,0,0,0,0
483082,1,1,0,0,0,0,0,0,0,0,0,0
483083,1,1,15,15,15,15,15,15,15,15,15,15
483084,1,1,27,27,27,27,27,27,27,27,27,27
483084,2,1,0,0,0,0,0,0,0,0,0,0
483085,1,1,0,0,0,0,0,0,0,15,0,26
483085,2,1,0,0,0,0,0,0,0,0,0,0
483086,1,1,0,0,0,0,0,0,0,0,0,0
483086,2,1,0,0,0,0,0,0,0,0,0,0
483087,0,1,15,0,0,0,36,19,0,0,0,0
483087,1,1,0,0,0,0,0,0,0,0,9,14
483088,1,1,0,0,0,0,0,0,0,0,0,0
483089,1,1,0,21,0,51,15,30,0,0,12,22
483090,1,1,0,0,0,0,0,0,0,0,0,0
483090,2,1,0,0,0,0,0,0,0,0,0,0
483090,3,1,0,0,0,0,0,0,0,0,0,0
483091,1,1,3,3,3,3,3,3,3,3,3,3
483092,1,1,32,32,32,32,32,32,32,32,32,32
483093,1,1,0,0,0,0,0,0,0,0,0,0
483093,2,1,0,0,0,0,0,0,0,0,0,0
483094,1,1,0,0,0,26,0,0,21,0,24,11
483095,1,1,0,0,0,0,0,3,0,23,0,0
483096,1,1,0,0,0,0,0,0,0,0,0,0
483096,2,1,0,0,0,0,0,0,0,0,0,0
483097,1,1,0,0,0,0,0,0,0,12,0,0
483097,2,1,0,0,0,0,0,0,0,0,0,0
483098,1,1,0,0,0,0,0,0,17,0,0,0
483098,2,1,15,15,15,15,15,15,15,15,15,15
483099,0,1,7,4,22,12,28,44,15,17,26,7
483099,1,1,15,14,16,17,17,8,11,18,33,17
483100,0,1,26,18,28,0,21,11,24,18,0,4
483100,1,1,0,23,0,16,0,0,24,0,14,8
483101,1,1,13,0,0,26,0,0,15,0,0,0
483101,2,1,0,0,0,0,0,0,0,11,0,0
483101,3,1,25,0,0,0,29,4,6,16,0,0
483102,0,1,0,0,0,0,0,0,0,0,0,0
483102,1,1,0,0,0,24,53,9,0,0,10,21
483103,1,1,0,16,16,0,0,0,0,0,0,0
483103,2,1,0,0,0,0,0,0,0,0,0,0
483103,3,1,0,0,0,0,0,0,0,0,0,0
483104,1,1,15,15,15,15,15,15,15,15,15,15
483105,1,1,9,9,9,9,9,9,9,9,9,9
483106,1,1,0,0,0,0,10,0,0,0,0,0
483107,0,1,0,0,0,0,0,0,0,0,0,0
483107,1,1,9,0,0,0,0,0,0,0,0,0
483108,1,1,0,0,0,0,0,0,0,0,0,0
483108,2,1,0,0,0,0,0,0,0,0,0,0
483108,3,1,0,0,11,0,0,0,0,0,0,0
483109,1,1,0,0,0,0,0,0,0,0,0,0
483110,1,1,0,0,0,0,0,0,0,0,0,0
483110,2,1,0,0,0,8,0,0,0,0,0,0
483110,3,1,7,0,0,16,0,0,0,0,14,0
483111,0,1,23,17,0,0,0,31,0,12,0,34
483111,0,2,0,18,0,0,0,0,0,0,15,0
483111,1,1,0,0,0,0,0,0,0,0,0,0
483111,2,1,3,15,0,0,0,0,0,0,0,0
483112,1,1,0,0,0,0,0,0,0,0,0,0
483113,1,1,31,14,15,0,13,0,0,0,0,9
483114,1,1,0,0,0,0,0,0,0,0,0,0
483114,2,1,27,0,0,0,0,0,0,0,0,0
483115,1,1,18,18,18,18,18,18,18,18,18,18
483116,1,1,24,24,24,24,24,24,24,24,24,24
483117,1,1,13,13,13,13,13,13,13,13,13,13
483118,1,1,0,0,0,0,0,0,0,0,0,0
483119,1,1,0,33,0,0,0,0,0,19,0,11
483120,1,1,0,0,27,7,0,21,0,25,0,0
483121,1,1,0,0,0,0,0,0,0,0,0,0
483121,2,1,0,7,0,0,0,0,0,0,0,0
483122,1,1,4,0,0,0,0,0,53,13,0,0
483123,0,1,0,28,0,23,0,0,12,0,42,0
483123,0,2,0,0,0,0,0,20,0,0,0,0
483123,0,3,0,0,0,0,0,0,0,11,11,0
483123,0,4,0,0,0,0,10,8,0,15,0,13
483123,1,1,20,20,20,20,20,20,20,20,20,20
483124,1,1,28,0,0,0,0,0,0,0,0,0
483124,2,1,0,0,0,0,7,0,0,0,0,0
483125,1,1,0,0,0,0,0,0,0,0,0,0
483125,2,1,25,25,25,25,25,25,25,25,25,25
483126,1,1,34,0,0,0,23,0,0,0,32,0
483127,0,1,0,10,0,54,0,8,0,0,18,0
483127,1,1,0,0,0,0,0,0,0,0,24,0
483128,1,1,0,0,0,0,0,0,0,0,0,0
483129,1,1,11,3,30,26,0,16,0,0,0,13
483130,1,1,0,0,0,0,0,0,0,0,0,0
483130,2,1,0,0,0,0,0,8,0,0,0,0
483131,1,1,9,18,19,22,24,0,3,26,11,20
483131,2,1,0,0,0,0,0,34,0,0,10,0
483132,1,1,28,28,28,28,28,28,28,28,28,28
483132,2,1,2,2,2,2,2,2,2,2,2,2
483132,3,1,0,0,0,0,0,0,0,0,0,0
483132,4,1,0,0,0,0,25,0,0,0,23,0
483133,1,1,4,4,4,4,4,4,4,4,4,4
483133,2,1,0,6,0,14,15,21,7,0,0,0
483134,1,1,0,0,32,30,0,0,0,23,0,0
483135,0,1,0,0,0,23,0,0,0,18,16,0
483135,1,1,12,25,11,22,13,11,15,29,19,31
483136,1,1,0,0,0,0,0,0,0,0,0,0
483136,2,1,0,0,0,0,0,0,0,0,0,0
483137,1,1,0,0,0,0,0,0,0,0,0,0
483137,2,1,0,5,0,0,0,0,0,0,0,0
483138,0,1,0,0,0,0,0,0,0,0,0,0
483138,1,1,3,12,0,4,0,0,0,0,0,17
483139,1,1,0,17,0,0,0,0,0,0,6,14
483140,1,1,0,0,0,0,0,0,0,0,0,0
483141,0,1,0,0,0,0,0,0,0,0,0,0
483141,1,1,0,0,0,0,0,13,0,10,0,10
483142,1,1,19,19,19,19,19,19,19,19,19,19
483143,1,1,0,17,0,0,17,0,0,0,0,0
483144,1,1,21,21,21,21,21,21,21,21,21,21
483144,2,1,9,6,11,10,20,13,0,21,21,0
483145,1,1,14,11,0,15,0,27,0,0,0,0
483145,2,1,15,15,15,15,15,15,15,15,15,15
483146,0,1,0,0,0,0,9,9,0,0,0,13
483146,1,1,0,0,0,0,0,0,0,0,0,24
483147,0,1,24,0,0,19,0,0,0,26,0,0
483147,1,1,0,0,0,0,0,0,0,0,0,0
483148,1,1,0,28,22,0,4,0,0,0,0,0
483148,2,1,0,0,0,0,0,0,0,0,0,0
483148,3,1,0,0,0,0,0,0,0,0,0,0
483149,0,1,0,40,14,0,0,24,10,20,0,14
483149,1,1,18,18,18,18,18,18,18,18,18,18
483150,1,1,0,0,0,0,0,0,0,0,0,0
483151,0,1,0,0,0,0,0,43,29,29,0,0
483151,1,1,5,0,0,0,0,0,0,0,15,0
483152,1,1,0,17,0,0,0,0,0,26,0,0
483152,2,1,0,26,12,0,0,0,0,0,0,0
483153,1,1,0,0,0,9,0,0,0,0,0,0
483153,2,1,10,0,0,0,8,0,0,5,0,0
483154,0,1,23,12,0,0,0,0,0,15,6,0
483154,1,1,0,0,0,0,0,0,0,0,0,0
483155,1,1,0,0,0,0,0,0,0,0,0,0
483156,1,1,0,0,0,0,28,25,11,5,0,16
483156,2,1,0,0,23,0,21,0,20,21,0,0