ST_CASE,VEH_NO,PER_NO,P1,P2,P3,P4,P5,P6,P7,P8,P9,P10
510112,3,1,0,0,0,0,0,0,0,0,0,0
510113,1,1,0,0,0,0,0,0,0,0,0,0
510113,2,1,0,0,0,0,0,0,0,0,0,0
510114,1,1,0,0,0,0,0,0,19,0,0,0
510115,1,1,24,24,24,24,24,24,24,24,24,24
510116,1,1,26,26,26,26,26,26,26,26,26,26
510117,1,1,0,0,0,0,0,0,0,0,0,0
510117,2,1,0,0,0,0,0,0,0,0,0,0
510118,1,1,0,0,0,0,0,0,0,0,0,0
510119,0,1,0,0,0,0,0,0,0,0,0,0
510119,1,1,17,0,0,0,27,4,0,0,17,0
510119,2,1,0,0,0,0,0,29,0,0,0,26
510120,1,1,14,24,27,22,13,23,21,11,22,0
510120,2,1,0,0,0,0,0,0,0,0,0,0
510120,3,1,0,0,0,0,0,0,0,0,0,0
510120,4,1,0,0,0,0,0,0,0,0,0,0
510120,5,1,0,0,0,0,0,0,0,0,0,0
510120,6,1,0,0,0,0,0,0,0,0,0,0
510120,7,1,0,0,0,0,0,0,0,0,0,0
510121,0,1,0,0,0,0,0,0,0,0,0,0
510121,1,1,0,20,0,0,0,0,0,0,0,0
510122,1,1,0,0,0,0,0,0,0,0,0,0
510122,2,1,0,7,0,0,0,0,0,0,11,0
510123,1,1,0,0,0,0,0,0,0,0,0,0
510123,2,1,0,0,10,11,0,0,0,0,0,0
510124,0,1,0,0,0,0,0,0,0,0,0,0
510124,1,1,0,0,0,0,7,0,9,0,0,0
510125,1,1,11,11,11,11,11,11,11,11,11,11
510126,0,1,0,0,0,0,0,0,0,0,0,0
510126,1,1,0,0,0,0,0,0,0,0,0,0
510127,1,1,26,18,0,0,0,21,33,10,16,0
510128,0,1,5,5,5,5,5,5,5,5,5,5
510129,1,1,0,10,0,0,0,6,0,0,11,0
510129,2,1,0,0,0,0,0,0,0,0,0,0
510130,1,1,0,0,0,0,0,0,0,0,0,0
510131,0,1,3,3,3,3,3,3,3,3,3,3
510131,1,1,19,14,4,13,36,17,24,11,15,12
510132,1,1,0,0,0,0,21,23,0,29,0,0
510133,0,1,0,0,0,0,0,0,0,0,0,0
510133,1,1,0,0,0,0,0,0,0,0,0,0
510134,1,1,0,0,0,0,0,0,0,0,0,0
510134,2,1,0,0,0,0,0,0,0,0,0,0
510135,1,1,12,13,12,0,16,6,29,9,10,5
510136,1,1,29,29,29,29,29,29,29,29,29,29
510136,2,1,0,0,0,0,0,0,16,22,0,0
510137,1,1,0,0,0,0,0,0,0,0,0,0
510137,2,1,0,0,0,0,0,0,0,0,0,0
510138,1,1,0,0,0,0,0,0,0,0,0,0
510138,2,1,0,0,0,0,0,0,0,0,0,0
510139,1,1,0,0,0,0,0,0,0,0,0,0
510139,2,1,0,0,0,0,0,0,0,0,0,0
510140,1,1,12,12,12,12,12,12,12,12,12,12
510141,1,1,0,0,0,0,0,0,0,0,0,0
510141,2,1,0,0,0,0,0,0,0,0,0,0
510142,1,1,16,16,16,16,16,16,16,16,16,16
510143,1,1,15,15,15,15,15,15,15,15,15,15
510143,2,1,14,11,0,0,14,19,0,0,0,0
510144,1,1,0,0,0,0,0,0,0,0,0,0
510144,2,1,0,0,0,0,0,0,0,0,0,0
510145,1,1,0,0,0,0,0,0,0,0,0,0
510145,2,1,0,0,0,0,0,0,0,0,0,0
510146,1,1,0,0,0,0,0,0,0,0,0,0
510147,1,1,26,18,9,14,0,16,0,6,25,13
510148,1,1,7,7,7,7,7,7,7,7,7,7
510148,2,1,0,0,0,0,0,0,0,0,13,0
510149,0,1,0,0,0,0,0,0,0,0,0,0
510149,1,1,0,0,0,0,0,0,0,0,0,0
510150,1,1,0,0,0,0,0,0,0,0,0,0
510150,2,1,0,0,0,0,0,0,0,0,0,0
510151,0,1,25,25,25,25,25,25,25,25,25,25
510151,1,1,0,0,0,0,0,22,0,0,0,0
510152,1,1,0,0,0,0,0,0,0,0,0,0
510152,2,1,5,5,5,5,5,5,5,5,5,5
510153,1,1,39,39,39,39,39,39,39,39,39,39
510154,0,1,21,21,21,21,21,21,21,21,21,21
510154,1,1,0,0,0,0,0,0,0,0,0,0
510155,0,1,0,0,0,0,0,0,0,0,0,0
510155,1,1,0,0,0,0,0,0,0,0,0,0
510156,0,1,0,0,0,0,0,0,0,0,0,0
510156,1,1,0,0,0,0,0,0,0,0,0,0
510157,0,1,12,12,12,12,12,12,12,12,12,12
510157,1,1,0,0,0,0,0,0,0,0,0,0
510157,2,1,0,0,0,0,0,0,0,0,0,0
510158,1,1,0,0,0,0,0,0,0,0,0,0
510158,2,1,0,0,0,0,0,0,0,0,0,0
510159,1,1,0,0,0,37,20,0,3,0,27,0
510160,1,1,11,20,12,10,16,5,17,6,12,10
510160,2,1,0,0,0,0,0,0,0,0,0,0
510160,3,1,28,0,0,17,0,0,0,0,0,0
510161,0,1,1,1,1,1,1,1,1,1,1,1
510161,1,1,0,0,0,0,26,0,0,0,0,9
510162,1,1,16,16,16,16,16,16,16,16,16,16
510163,1,1,23,23,23,23,23,23,23,23,23,23
510164,1,1,24,24,24,24,24,24,24,24,24,24
510165,1,1,22,22,22,22,22,22,22,22,22,22
510166,1,1,0,0,0,0,0,0,0,0,0,0
510166,2,1,0,0,0,0,0,0,0,0,0,0
510168,1,1,7,19,20,18,20,9,25,16,30,14
510169,1,1,20,20,20,20,20,20,20,20,20,20
510170,1,1,22,22,22,22,22,22,22,22,22,22
510171,1,1,23,23,23,23,23,23,23,23,23,23
510171,2,1,0,0,0,0,0,0,0,0,0,0
510172,1,1,0,0,0,0,0,0,0,0,24,0
510173,1,1,0,13,0,0,0,0,0,0,0,0
510173,2,1,0,0,0,0,0,0,0,0,0,0
510174,1,1,10,17,19,18,38,8,0,16,13,23
510174,2,1,0,0,0,0,0,0,0,0,0,0
510175,1,1,0,0,0,0,0,0,0,0,0,0
510175,2,1,0,0,0,0,0,0,0,0,0,0
510176,1,1,0,0,0,0,0,0,0,0,0,0
510176,2,1,0,0,0,0,0,0,0,0,0,0
510177,1,1,0,0,0,0,0,0,0,0,54,0
510178,0,1,29,29,29,29,29,29,29,29,29,29
510178,1,1,0,0,0,0,0,0,0,0,0,0
510179,1,1,0,0,0,0,0,0,0,0,0,0
510180,1,1,39,39,39,39,39,39,39,39,39,39
510181,1,1,0,0,0,0,0,0,0,0,0,0
510181,2,1,0,0,0,0,0,0,0,0,0,0
510182,1,1,0,0,0,0,0,0,0,0,0,0
510182,2,1,0,0,0,0,0,0,0,0,0,0
510183,1,1,0,0,0,0,0,0,0,0,0,0
510183,2,1,0,0,0,0,0,0,0,0,0,0
510184,1,1,0,0,0,0,0,0,0,0,0,0
510184,2,1,0,0,0,5,0,0,0,0,0,0
510185,1,1,0,0,0,0,0,0,0,0,0,0
510185,2,1,0,0,0,0,0,0,0,0,0,0
510187,1,1,0,0,0,0,0,0,0,0,0,0
510188,1,1,0,0,0,0,0,0,0,0,0,0
510188,2,1,0,13,0,0,0,0,0,11,0,0
510189,1,1,0,0,0,0,0,0,0,0,0,0
510189,2,1,0,0,0,0,0,0,0,0,0,0
510190,1,1,0,0,0,0,0,0,0,0,0,0
510190,2,1,0,0,0,0,0,0,13,0,0,0
510190,3,1,0,0,0,0,0,0,0,0,0,0
510191,1,1,0,0,0,0,0,0,0,0,0,0
510192,1,1,7,5,11,12,13,22,12,19,9,15
510193,1,1,7,7,7,7,7,7,7,7,7,7
510194,1,1,0,0,0,0,0,0,0,0,0,0
510195,1,1,0,0,0,0,0,0,0,0,0,0
510195,2,1,0,0,0,0,0,0,0,0,0,0
510196,1,1,0,0,0,0,0,0,0,0,0,0
510196,2,1,0,0,0,0,0,0,0,0,0,0
510197,1,1,33,33,33,33,33,33,33,33,33,33
510198,1,1,0,0,0,0,0,0,6,0,0,18
510199,1,1,0,0,0,0,0,0,0,0,0,0
510200,1,1,0,0,0,0,0,0,0,0,0,0
510200,2,1,0,0,0,0,0,0,0,0,0,0
510201,1,1,0,0,0,0,0,0,0,0,0,0
510201,2,1,0,0,0,0,0,0,0,0,0,0
510202,1,1,0,0,0,0,0,0,0,0,0,0
510203,1,1,28,28,28,28,28,28,28,28,28,28
510204,1,1,0,0,0,0,0,0,0,0,0,0
510205,0,1,0,20,0,0,0,0,0,0,0,0
510205,1,1,0,0,0,0,0,0,0,0,0,0
510205,2,1,0,0,0,0,0,0,0,0,0,0
510206,1,1,0,0,0,0,0,0,0,0,0,0
510206,2,1,0,0,0,0,0,0,0,0,0,0
510207,1,1,53,53,53,53,53,53,53,53,53,53
510208,0,1,5,5,5,5,5,5,5,5,5,5
510208,1,1,0,0,0,10,0,0,11,0,0,0
510209,1,1,0,0,0,0,0,0,0,0,0,0
510209,2,1,0,0,0,0,0,0,0,0,0,0
510210,1,1,0,0,0,0,0,0,0,0,0,0
510211,1,1,0,0,0,0,0,0,0,0,0,0
510211,2,1,0,0,0,0,0,0,0,0,0,0
510212,1,1,14,14,14,14,14,14,14,14,14,14
510213,1,1,0,0,0,0,0,0,0,10,0,0
510213,2,1,0,0,0,0,0,0,0,14,0,0
510214,0,1,0,0,0,0,35,0,0,15,0,12
510214,1,1,0,0,0,0,0,0,0,14,0,0
510215,1,1,0,0,0,0,0,0,0,0,0,0
510215,2,1,0,0,0,0,0,0,0,0,0,0
510216,1,1,14,24,0,0,21,14,24,0,2,14
510217,1,1,7,7,7,7,7,7,7,7,7,7
510218,1,1,0,0,0,0,0,0,0,0,0,0
510218,2,1,0,0,0,0,0,11,0,0,0,0
510218,3,1,0,0,0,0,0,0,0,0,0,0
510219,1,1,0,29,0,0,0,16,0,0,0,0
510219,2,1,0,0,0,0,0,0,0,0,0,0
510220,1,1,25,25,25,25,25,25,25,25,25,25
510220,2,1,0,0,0,0,0,0,0,0,0,0
510221,1,1,0,0,0,0,0,0,0,0,11,0
510221,2,1,0,0,0,0,0,0,0,0,0,0
510222,1,1,27,27,27,27,27,27,27,27,27,27
510223,1,1,21,21,21,21,21,21,21,21,21,21
510224,1,1,19,0,15,23,21,11,25,11,18,25
510224,2,1,0,0,0,0,0,0,0,0,0,0
510225,1,1,0,0,0,0,0,0,0,0,0,0
510226,1,1,0,0,18,0,0,0,24,0,0,0
510227,1,1,0,0,0,0,0,0,6,0,23,0
510228,1,1,0,0,0,0,0,0,0,0,0,0
510228,2,1,0,0,0,0,0,0,0,0,0,0
510229,1,1,25,25,25,25,25,25,25,25,25,25
510230,1,1,0,0,0,0,0,0,0,0,0,0
510230,2,1,0,0,0,0,0,0,0,0,0,0
510231,1,1,0,0,0,0,0,0,0,0,0,0
510232,0,1,0,0,0,0,0,0,0,0,0,0
510232,0,2,0,0,0,0,0,0,0,0,0,0
510232,1,1,0,0,0,0,0,0,0,0,0,0
510233,1,1,26,26,26,26,26,26,26,26,26,26
510234,1,1,26,26,26,26,26,26,26,26,26,26
510235,0,1,0,0,0,0,0,0,0,0,0,0
510235,1,1,0,0,9,0,0,0,0,13,0,0
510236,1,1,10,0,16,13,23,14,0,0,0,25
510237,1,1,0,0,0,0,0,0,0,0,0,0
510238,1,1,0,0,0,0,12,0,0,0,16,0
510238,2,1,0,0,0,0,0,0,0,0,0,0
510238,3,1,0,0,0,0,0,0,0,0,0,0
510239,1,1,0,0,0,0,0,0,0,0,0,0
510240,0,1,1,1,1,1,1,1,1,1,1,1
510240,1,1,0,0,23,0,0,0,12,0,0,0
510241,1,1,0,0,26,0,15,12,16,11,0,0
510242,0,1,0,0,0,0,0,0,24,0,14,0
510242,1,1,0,0,0,0,0,0,0,0,0,0
510243,1,1,18,18,18,18,18,18,18,18,18,18
510243,2,1,0,0,0,0,0,13,0,0,0,0
510244,0,1,34,34,34,34,34,34,34,34,34,34
510244,1,1,6,13,16,23,0,0,16,0,7,38
510244,2,1,0,0,0,0,0,6,0,0,0,7
510245,1,1,0,0,0,0,0,0,0,0,0,0
510246,1,1,0,0,0,0,0,0,0,0,0,0
510247,1,1,18,0,7,0,0,0,0,5,0,0
510247,2,1,0,0,0,0,0,0,0,0,0,0
510247,3,1,14,12,0,9,8,11,13,14,0,5
510248,1,1,24,24,24,24,24,24,24,24,24,24
510249,1,1,0,0,0,0,0,0,0,0,0,0
510249,2,1,0,0,0,0,0,0,0,0,0,14
510250,1,1,0,0,0,0,0,0,0,0,0,0
510250,2,1,0,0,0,0,0,9,0,0,0,0
510251,1,1,41,41,41,41,41,41,41,41,41,41
510251,2,1,0,0,0,0,0,0,0,0,0,0
510252,1,1,3,11,8,7,0,13,8,13,2,0
510252,2,1,0,0,0,0,0,0,0,0,0,0
510253,0,1,0,0,0,0,0,0,0,0,0,0
510253,1,1,0,0,0,0,0,0,0,0,0,0
510254,0,1,0,0,0,0,0,0,0,0,0,0
510254,1,1,0,0,0,0,0,0,0,0,0,0
510255,1,1,23,23,23,23,23,23,23,23,23,23
510256,0,1,19,19,19,19,19,19,19,19,19,19
510256,1,1,0,0,0,0,0,22,0,0,0,0
510256,2,1,0,0,0,0,0,0,0,0,0,0
510256,3,1,14,0,20,0,0,0,0,0,0,0
510257,1,1,0,0,0,0,0,0,0,0,0,21
510257,2,1,0,0,0,0,0,0,0,0,0,0
510258,1,1,0,0,5,0,0,0,0,0,0,0
510258,2,1,0,0,0,0,0,0,0,0,0,22
510259,1,1,0,0,0,0,0,0,0,0,24,0
510260,1,1,26,26,26,26,26,26,26,26,26,26
510261,1,1,0,0,0,0,0,12,0,0,0,0
510262,1,1,0,0,0,0,0,0,0,0,0,0
510263,1,1,0,0,0,0,0,0,0,0,0,0
510263,2,1,0,0,0,0,0,0,0,0,0,0
510264,1,1,26,26,26,26,26,26,26,26,26,26
510264,2,1,0,0,0,0,0,0,0,0,0,0
510265,1,1,23,23,23,23,23,23,23,23,23,23
510266,1,1,25,25,25,25,25,25,25,25,25,25
510266,2,1,0,12,0,0,0,0,0,0,0,0
510267,1,1,1,1,1,1,1,1,1,1,1,1
510267,2,1,0,0,0,0,0,0,0,0,0,0
510267,3,1,0,0,0,0,0,0,0,0,0,0
510268,1,1,0,0,0,0,0,0,0,0,0,0
510269,1,1,0,0,0,0,0,0,0,0,0,0
510269,2,1,0,0,0,0,0,0,0,0,0,0
510269,3,1,0,0,0,0,0,0,0,0,0,0
510270,1,1,0,0,0,0,0,0,0,0,0,0
510270,2,1,1,1,1,1,1,1,1,1,1,1
510271,1,1,16,16,16,16,16,16,16,16,16,16
510272,1,1,34,34,34,34,34,34,34,34,34,34
510273,1,1,19,19,19,19,19,19,19,19,19,19
510273,2,1,17,0,0,0,0,0,0,0,0,0
510274,1,1,0,0,0,0,0,0,0,0,0,0
510275,1,1,0,0,0,0,0,0,0,0,0,0
510275,2,1,25,0,0,0,13,0,0,0,0,0
510276,0,1,17,17,17,17,17,17,17,17,17,17
510276,1,1,0,21,0,0,0,0,0,0,0,0
510277,1,1,16,16,16,16,16,16,16,16,16,16
510278,1,1,0,0,0,0,8,0,0,0,0,0
510278,2,1,0,0,0,0,0,0,0,0,0,0
510279,1,1,28,28,28,28,28,28,28,28,28,28
510280,1,1,20,0,0,17,0,0,24,11,0,0
510281,1,1,0,0,0,0,0,0,0,0,0,0
510281,2,1,0,0,0,0,0,0,0,0,0,0
510282,0,1,24,24,24,24,24,24,24,24,24,24
510282,1,1,0,12,0,0,0,0,0,0,13,0
510282,2,1,0,0,0,0,0,0,0,0,0,0
510283,0,1,0,0,0,0,0,0,0,17,0,0
510283,0,2,0,0,0,0,0,0,0,0,0,0
510283,1,1,0,0,0,0,0,0,0,0,0,0
510283,2,1,0,0,0,0,0,0,0,0,0,0
510284,1,1,0,0,0,0,0,0,0,0,0,0
510284,2,1,0,0,0,0,0,0,0,0,11,0
510286,1,1,0,0,0,0,0,0,0,0,0,9
510287,1,1,0,0,0,0,0,0,0,0,0,0
510288,0,1,0,0,0,0,0,0,0,0,0,0
510288,1,1,0,0,0,0,0,0,0,0,0,0
510288,2,1,18,0,0,0,0,0,0,0,0,0
510288,4,1,0,0,0,0,0,0,0,0,0,0
510288,5,1,0,0,0,0,0,0,0,0,0,0
510289,1,1,0,0,0,0,0,0,0,0,0,0
510289,2,1,0,0,0,12,0,0,0,12,0,0
510290,0,1,0,0,0,0,0,0,0,0,0,0
510290,1,1,0,0,0,0,0,0,0,0,0,0
510291,1,1,16,16,16,16,16,16,16,16,16,16
510291,2,1,0,0,0,0,0,0,0,0,0,0
510292,1,1,0,0,0,0,0,0,0,0,0,0
510293,1,1,17,0,0,16,4,0,27,26,7,11
510294,1,1,25,25,25,25,25,25,25,25,25,25
510295,1,1,21,21,21,21,21,21,21,21,21,21
510296,0,1,26,26,26,26,26,26,26,26,26,26
510296,1,1,0,0,0,0,0,0,0,0,0,0
510296,2,1,0,0,0,0,0,0,0,0,22,0
510297,1,1,0,0,0,0,0,0,0,0,0,0
510298,1,1,0,0,0,0,0,0,0,0,0,0
510299,1,1,20,20,20,20,20,20,20,20,20,20
510299,2,1,0,0,0,0,0,0,0,0,0,0
510300,0,1,0,0,0,0,0,0,0,0,0,0
510300,1,1,0,0,17,15,0,25,10,0,16,15
510301,1,1,0,0,0,0,0,0,0,0,0,0
510302,1,1,19,14,0,15,12,13,21,17,12,12
510303,1,1,0,0,0,0,0,0,0,0,0,0
510304,1,1,26,26,26,26,26,26,26,26,26,26
510305,1,1,0,0,0,0,0,0,0,0,0,0
510305,2,1,0,0,0,0,8,0,0,0,0,0
510306,0,1,52,52,52,52,52,52,52,52,52,52
510306,1,1,0,0,0,10,0,0,0,0,0,0
510306,2,1,0,0,0,0,0,0,0,0,0,0
510307,1,1,0,28,0,0,0,0,0,0,0,20
510307,2,1,6,6,6,6,6,6,6,6,6,6
510308,1,1,0,0,0,0,0,0,0,0,0,0
510308,2,1,0,0,0,0,27,0,15,34,0,0
510308,3,1,0,0,12,0,0,0,0,0,0,0
510309,1,1,0,0,0,0,0,0,0,0,0,0
510309,2,1,19,0,0,0,0,20,0,12,0,0
510310,1,1,32,32,35,23,24,30,37,43,30,32
510311,1,1,10,10,10,10,10,10,10,10,10,10
510312,1,1,0,0,0,0,0,0,0,22,0,0
510313,1,1,18,36,21,21,24,9,17,5,10,28
510314,1,1,0,0,0,0,0,0,0,0,0,0
510315,1,1,0,0,0,0,0,0,0,0,0,0
510316,1,1,0,0,0,0,0,22,23,15,0,13
510317,1,1,21,21,21,21,21,21,21,21,21,21
510317,2,1,13,18,15,30,11,20,4,25,10,7
510317,3,1,0,0,0,0,0,0,12,15,15,0
510318,0,1,6,6,6,6,6,6,6,6,6,6
510318,2,1,0,0,0,0,0,0,20,0,0,0
510319,1,1,26,26,26,26,26,26,26,26,26,26
510320,1,1,33,33,33,33,33,33,33,33,33,33
510321,1,1,0,0,0,0,0,0,0,0,0,0
510322,1,1,19,19,19,19,19,19,19,19,19,19
510323,1,1,0,0,0,0,0,0,0,0,0,0
510323,2,1,0,0,0,0,0,0,0,0,0,0
510324,1,1,0,0,0,0,0,0,0,0,0,0
510325,1,1,0,0,0,0,0,0,0,0,0,0
510325,2,1,0,0,0,0,0,0,0,0,0,0
510325,3,1,0,0,0,0,0,0,0,0,0,0
510326,1,1,0,0,0,0,0,0,0,0,0,0
510326,2,1,0,0,0,0,0,0,0,0,0,0
510327,1,1,0,0,0,6,0,0,0,0,0,0
510328,1,1,0,0,0,7,0,0,0,0,0,0
510328,2,1,0,0,0,0,0,0,0,0,0,0
510330,1,1,19,19,19,19,19,19,19,19,19,19
510331,1,1,0,0,0,0,0,0,0,0,0,0
510331,2,1,0,0,0,0,0,0,0,0,0,21
510332,1,1,1,1,1,1,1,1,1,1,1,1
510333,1,1,11,14,11,0,13,0,20,4,17,0
510334,1,1,0,0,0,0,0,0,0,0,0,0
510335,1,1,0,13,0,0,0,0,0,0,0,0
510335,2,1,0,0,0,0,0,0,0,0,0,0
510336,1,1,23,0,22,0,14,14,14,8,8,19
510336,2,1,0,0,0,0,0,0,0,0,0,0
510336,3,1,17,0,0,0,0,0,0,0,0,0
510337,1,1,0,0,0,0,0,0,0,0,0,0
510338,1,1,0,0,0,0,0,0,0,0,0,0
510338,2,1,0,0,0,0,0,0,0,0,0,0
510340,1,1,0,0,0,0,0,12,0,0,9,0
510341,1,1,18,18,18,18,18,18,18,18,18,18
510342,0,1,9,9,9,9,9,9,9,9,9,9
510342,1,1,0,0,0,0,0,0,0,0,0,0
510343,1,1,0,0,0,0,0,0,0,0,0,0
510343,2,1,0,0,0,0,0,0,0,0,0,0
510344,1,1,0,0,0,0,0,0,0,0,0,0
510344,2,1,0,0,0,0,0,0,0,0,0,0
510345,1,1,22,0,0,0,0,0,28,0,21,0
510345,2,1,0,0,15,0,0,0,0,0,0,0
510346,0,1,0,0,0,0,0,0,0,0,0,0
510346,1,1,7,7,7,7,7,7,7,7,7,7
510347,1,1,0,12,0,0,0,0,0,0,0,27
510347,2,1,0,0,0,0,0,0,0,0,0,0
510348,1,1,0,0,0,0,0,0,0,0,0,0
510349,1,1,0,14,6,0,0,0,8,0,0,0
510349,2,1,0,0,0,0,0,0,0,0,0,0
510350,1,1,0,0,0,0,0,0,0,0,0,0
510351,1,1,0,0,0,0,0,0,0,0,0,0
510351,2,1,0,0,0,0,0,0,0,0,0,0
510352,1,1,21,21,21,21,21,21,21,21,21,21
510353,1,1,0,0,0,0,0,0,0,0,0,0
510354,1,1,0,0,0,0,0,0,0,0,0,0
510354,2,1,0,0,0,0,0,0,0,0,0,0
510355,1,1,0,11,0,0,0,0,0,0,0,0
510356,1,1,0,0,0,0,0,0,0,0,0,0
510356,2,1,0,0,0,0,0,0,0,0,0,0
510357,1,1,0,14,13,12,0,14,16,29,0,0
510358,1,1,19,19,19,19,19,19,19,19,19,19
510358,2,1,0,0,0,0,0,0,0,0,0,0
510358,3,1,0,0,0,0,0,0,0,0,0,0
510358,4,1,0,0,0,0,0,0,0,0,0,0
510358,5,1,0,0,0,0,0,0,0,0,0,0
510359,1,1,0,3,0,0,0,0,0,21,0,0
510360,1,1,20,20,20,20,20,20,20,20,20,20
510361,1,1,5,5,5,5,5,5,5,5,5,5
510362,0,1,0,0,0,0,0,0,24,0,0,0
510362,1,1,0,0,0,15,0,0,0,0,0,0
510363,1,1,0,0,0,0,0,0,0,0,0,0
510363,2,1,10,0,0,0,0,0,0,0,0,0
510364,1,1,0,0,0,0,0,0,0,0,0,0
510365,1,1,0,0,0,0,13,11,7,0,0,0
510366,0,1,22,22,22,22,22,22,22,22,22,22
510366,1,1,0,0,0,0,0,0,0,0,0,0
510367,1,1,0,0,0,0,0,0,0,0,0,0
510367,2,1,0,0,0,0,0,0,0,0,0,0
510367,3,1,0,0,0,0,0,0,0,0,0,0
510368,1,1,0,0,0,0,0,0,0,0,0,0
510368,2,1,0,0,0,0,0,0,0,0,0,0
510369,1,1,0,0,0,0,0,0,0,0,0,0
510369,2,1,0,0,0,0,0,0,0,0,0,0
510370,1,1,0,0,0,0,0,0,0,0,0,0
510371,1,1,77,77,77,77,77,77,77,77,77,77
510371,2,1,0,0,0,0,0,0,0,0,0,0
510372,1,1,13,13,13,13,13,13,13,13,13,13
510372,2,1,0,0,0,0,0,0,0,0,0,0
510373,1,1,0,0,5,13,18,26,23,22,7,15
510374,1,1,21,9,12,10,23,0,30,21,8,28
510375,1,1,0,0,0,0,0,0,0,0,0,0
510376,1,1,0,0,0,0,0,0,0,0,0,0
510377,1,1,16,16,16,16,16,16,16,16,16,16
510378,1,1,24,24,24,24,24,24,24,24,24,24
510379,1,1,0,0,0,0,0,0,0,0,0,0
510380,1,1,0,0,0,0,0,0,0,0,0,0
510381,1,1,0,0,0,0,0,0,0,0,0,0
510381,2,1,0,0,0,0,0,0,0,0,0,0
510382,1,1,0,0,0,0,0,0,0,0,0,0
510382,2,1,0,0,0,0,0,0,0,0,0,0
510382,3,1,0,12,0,0,0,0,0,6,0,0
510382,4,1,0,0,0,0,0,21,0,0,0,26
510382,5,1,0,0,0,0,0,0,0,0,0,0
510382,6,1,0,0,0,0,25,0,0,0,9,0
510383,1,1,0,0,0,0,0,0,0,0,0,0
510384,0,1,19,19,19,19,19,19,19,19,19,19
510384,1,1,0,0,0,0,0,0,0,24,0,0
510385,1,1,0,0,0,0,0,0,0,0,0,0
510386,1,1,0,0,0,0,0,0,0,0,0,0
510387,1,1,0,0,0,0,0,0,0,0,0,0
510387,2,1,11,0,0,0,0,0,0,0,0,0
510388,1,1,19,23,23,6,6,11,28,0,15,11
510388,2,1,0,0,0,0,14,0,0,0,0,0
510389,1,1,0,0,0,0,0,5,0,11,0,0
510389,2,1,7,7,7,7,7,7,7,7,7,7
510390,1,1,13,13,13,13,13,13,13,13,13,13
510391,1,1,0,0,0,0,0,0,0,0,0,0
510391,2,1,0,0,0,0,0,0,0,0,0,0
510392,0,1,23,23,23,23,23,23,23,23,23,23
510392,1,1,44,16,18,10,17,8,45,21,0,5
510393,1,1,0,0,0,7,0,0,16,18,0,0
510394,1,1,0,0,0,0,0,0,0,0,0,0
510394,2,1,0,0,0,0,0,0,0,0,0,0
510395,1,1,0,0,0,0,0,0,0,0,0,0
510395,2,1,0,0,0,0,0,0,0,0,0,0
510396,0,1,41,41,41,41,41,41,41,41,41,41
510396,1,1,0,0,18,6,0,0,0,0,0,0
510397,1,1,0,0,0,0,0,0,0,0,0,0
510398,0,1,0,0,0,0,0,0,0,0,0,0
510398,1,1,17,0,0,0,0,0,0,0,0,0
510399,1,1,0,0,0,0,0,0,7,0,16,0
510400,1,1,23,23,23,23,23,23,23,23,23,23
510401,1,1,0,7,0,18,0,0,0,0,0,0
510402,0,1,0,0,0,0,0,0,0,0,0,0
510402,1,1,0,0,0,0,0,0,0,0,0,0
510403,1,1,0,0,0,0,0,0,0,0,0,0
510404,1,1,0,0,0,0,0,0,0,0,0,0
510404,2,1,0,0,0,0,0,17,0,0,0,0
510405,0,1,26,26,26,26,26,26,26,26,26,26
510405,1,1,0,0,0,0,0,0,0,0,0,0
510406,0,1,31,31,31,31,31,31,31,31,31,31
510406,0,2,10,36,29,12,17,30,37,14,18,32
510406,1,1,0,0,0,0,0,0,0,25,0,0
510407,1,1,0,0,0,0,0,0,0,0,0,0
510407,2,1,0,0,0,0,0,0,0,0,0,0
510408,1,1,0,0,0,0,0,0,0,0,0,0
510409,1,1,0,5,0,1,0,0,0,0,0,0
510410,1,1,34,34,34,34,34,34,34,34,34,34
510411,1,1,18,18,18,18,18,18,18,18,18,18
510412,1,1,0,0,0,0,0,0,0,0,0,0
510412,2,1,0,0,0,0,0,0,0,0,0,0
510413,1,1,0,0,0,0,0,0,0,0,0,0
510414,1,1,0,0,0,0,0,0,0,0,0,0
510415,1,1,0,0,0,0,0,0,0,0,0,0
510415,2,1,0,0,0,0,0,0,0,0,0,0
510416,1,1,8,8,8,8,8,8,8,8,8,8
510416,2,1,0,0,0,0,0,0,0,0,0,0
510417,1,1,0,0,0,0,0,0,0,0,0,0
510418,1,1,0,0,0,0,0,0,0,0,0,0
510419,1,1,0,0,0,0,0,0,0,0,0,0
510420,1,1,0,0,0,0,0,0,0,0,0,0
510421,1,1,0,0,0,0,0,0,0,0,0,0
510421,2,1,0,0,0,0,0,0,0,0,0,0
510422,1,1,19,19,19,19,19,19,19,19,19,19