ST_CASE,VEH_NO,PER_NO,P1,P2,P3,P4,P5,P6,P7,P8,P9,P10
510423,1,1,0,0,0,0,0,0,0,0,0,0
510424,1,1,0,0,0,0,0,0,0,0,0,0
510425,1,1,16,16,16,16,16,16,16,16,16,16
510426,1,1,0,0,0,0,0,0,0,0,0,0
510426,2,1,0,0,0,0,0,0,0,0,0,0
510427,1,1,0,0,0,0,0,0,0,0,0,0
510427,2,1,0,0,0,0,0,0,0,0,0,0
510428,1,1,0,27,29,0,9,0,25,28,0,16
510428,2,1,7,18,0,0,8,18,0,0,13,0
510429,1,1,0,0,0,0,0,0,0,0,0,0
510429,2,1,1,1,1,1,1,1,1,1,1,1
510430,1,1,17,17,17,17,17,17,17,17,17,17
510431,1,1,24,24,24,24,24,24,24,24,24,24
510432,1,1,24,24,24,24,24,24,24,24,24,24
510432,2,1,0,0,0,0,0,0,0,0,0,0
510433,0,1,0,0,0,0,0,0,0,0,0,0
510433,1,1,0,0,16,9,0,0,0,0,10,0
510435,1,1,0,0,0,0,0,0,0,0,0,0
510435,2,1,0,0,0,0,0,0,0,0,0,0
510435,3,1,0,0,0,0,0,10,0,0,0,0
510436,1,1,0,0,0,0,0,0,0,0,0,0
510437,1,1,0,0,0,0,0,0,0,0,0,0
510437,2,1,0,0,0,0,0,0,0,0,0,0
510438,0,1,0,0,0,0,0,0,0,0,0,0
510438,1,1,0,0,0,0,0,0,0,0,0,18
510439,1,1,0,0,0,0,0,0,0,0,0,0
510440,1,1,0,0,0,0,0,0,0,0,0,0
510440,2,1,0,0,0,0,0,0,0,0,0,0
510440,3,1,0,0,0,0,0,0,0,0,0,0
510441,1,1,0,0,0,0,0,0,0,0,0,0
510441,2,1,0,0,0,0,0,0,0,0,0,0
510442,1,1,14,14,14,14,14,14,14,14,14,14
510443,1,1,34,0,0,0,11,13,0,17,8,7
510444,0,1,0,0,0,0,0,0,0,0,0,0
510444,1,1,0,0,6,0,0,18,0,0,0,0
510445,1,1,0,0,0,8,0,7,0,0,0,9
510445,2,1,0,12,0,0,0,0,0,0,0,0
510445,3,1,0,0,0,0,0,0,0,0,0,0
510446,1,1,10,10,10,10,10,10,10,10,10,10
510447,1,1,0,0,0,0,0,0,0,0,0,0
510448,1,1,0,0,0,0,0,0,0,0,0,0
510448,2,1,0,0,0,0,0,0,0,0,0,0
510449,0,1,0,0,0,0,0,0,0,0,0,0
510449,0,2,0,0,0,0,0,0,0,0,0,0
510449,1,1,0,0,20,0,0,0,0,10,13,0
510450,1,1,0,0,0,0,0,0,0,0,0,0
510450,2,1,0,17,0,0,0,7,0,0,0,0
510451,1,1,2,2,2,2,2,2,2,2,2,2
510452,1,1,0,0,0,0,0,0,0,0,0,0
510452,2,1,0,0,0,0,0,0,0,0,0,0
510452,3,1,0,0,0,0,0,0,0,0,0,0
510452,4,1,0,0,0,0,0,0,0,0,0,0
510452,5,1,0,0,0,0,0,0,0,0,0,4
510452,6,1,0,0,0,0,0,0,0,0,0,0
510452,7,1,0,0,0,0,0,0,0,0,0,0
510452,8,1,0,0,0,0,0,0,0,0,0,0
510453,1,1,0,0,0,0,0,0,0,0,0,0
510453,2,1,0,0,0,0,0,0,0,0,0,0
510454,1,1,0,0,0,0,0,0,0,0,0,0
510454,2,1,0,0,0,0,0,0,0,0,0,0
510454,3,1,14,0,0,0,0,0,0,0,0,0
510455,0,1,0,0,0,0,0,0,0,0,0,0
510455,1,1,0,0,0,0,0,0,0,0,0,0
510456,1,1,1,1,1,1,1,1,1,1,1,1
510456,2,1,0,0,0,0,0,0,0,0,0,0
510457,1,1,0,0,0,0,0,0,0,0,0,0
510457,2,1,0,0,0,0,0,0,0,0,0,0
510458,1,1,0,0,0,0,0,0,0,0,0,0
510459,1,1,0,19,0,0,0,0,0,0,0,0
510460,1,1,0,0,0,0,0,0,0,0,0,0
510461,1,1,23,23,23,23,23,23,23,23,23,23
510462,1,1,15,15,15,15,15,15,15,15,15,15
510463,1,1,0,0,0,0,0,0,0,0,0,0
510463,2,1,12,12,12,12,12,12,12,12,12,12
510464,1,1,32,17,13,33,21,33,19,25,20,25
510465,1,1,20,17,16,9,26,18,22,22,15,11
510466,1,1,0,0,0,0,0,0,0,0,0,0
510466,2,1,0,0,0,0,0,0,0,0,0,0
510467,1,1,15,26,16,12,15,16,7,7,0,24
510467,2,1,0,0,0,0,0,0,0,0,0,0
510468,1,1,28,28,28,28,28,28,28,28,28,28
510469,1,1,0,0,0,23,10,0,8,0,0,0
510470,1,1,0,0,0,0,0,0,0,0,0,0
510470,2,1,0,0,0,0,0,0,0,0,0,0
510471,1,1,0,0,0,0,0,0,0,0,0,0
510472,1,1,0,0,0,0,0,0,0,0,0,0
510472,2,1,0,0,0,0,0,0,0,0,0,0
510472,3,1,0,16,0,0,0,0,0,0,17,0
510473,1,1,0,0,0,0,0,0,0,0,0,0
510473,2,1,8,8,8,8,8,8,8,8,8,8
510474,1,1,0,0,0,0,0,0,0,0,0,0
510474,2,1,0,0,0,0,0,0,0,0,0,0
510475,1,1,0,0,0,0,0,0,0,0,0,0
510476,1,1,2,2,2,2,2,2,2,2,2,2
510477,1,1,14,14,14,14,14,14,14,14,14,14
510478,0,1,7,17,24,21,16,18,14,11,25,58
510478,1,1,0,0,0,0,0,0,0,0,0,0
510479,1,1,4,9,8,6,10,20,28,24,26,26
510480,1,1,4,4,4,4,4,4,4,4,4,4
510481,1,1,0,0,0,0,0,0,0,0,0,0
510481,2,1,0,0,0,0,0,0,0,0,0,0
510481,3,1,0,11,0,0,0,0,0,0,0,0
510482,0,1,0,0,0,0,0,0,0,0,0,0
510482,1,1,0,0,0,0,0,0,0,8,0,0
510483,1,1,0,0,0,0,0,0,0,0,0,0
510484,1,1,0,0,0,0,0,0,0,0,0,0
510484,2,1,0,0,0,0,0,0,0,0,0,0
510485,1,1,7,7,7,7,7,7,7,7,7,7
510485,2,1,0,0,0,0,0,0,0,0,0,0
510486,1,1,0,0,0,0,0,0,0,0,0,0
510486,2,1,0,0,0,0,0,0,0,0,0,0
510487,0,1,0,0,0,0,0,0,0,0,0,0
510487,1,1,13,0,26,26,13,32,17,21,25,18
510488,1,1,13,13,13,13,13,13,13,13,13,13
510488,2,1,0,0,0,0,0,0,0,0,0,0
510489,1,1,18,18,18,18,18,18,18,18,18,18
510490,1,1,0,0,0,0,0,0,0,0,0,0
510490,2,1,4,16,18,12,14,22,17,12,10,26
510491,1,1,13,13,13,13,13,13,13,13,13,13
510492,1,1,0,0,0,0,0,0,0,0,0,0
510493,1,1,13,12,24,10,0,25,40,0,28,0
510494,1,1,0,0,0,0,0,0,0,0,0,0
510494,2,1,0,0,0,0,0,0,0,0,0,0
510494,3,1,0,0,0,0,0,0,0,0,0,0
510495,1,1,28,28,28,28,28,28,28,28,28,28
510496,1,1,0,0,0,0,0,0,0,0,0,0
510496,2,1,0,0,0,0,0,0,0,0,0,0
510497,0,1,0,0,0,0,0,0,0,0,0,0
510497,1,1,0,0,0,0,0,0,7,0,0,0
510498,1,1,0,0,0,0,0,0,0,0,0,0
510498,2,1,0,0,0,0,0,0,0,0,0,0
510499,1,1,20,20,20,20,20,20,20,20,20,20
510499,2,1,0,0,0,0,0,0,0,0,0,0
510500,1,1,0,0,0,0,0,0,0,0,0,0
510501,1,1,0,0,0,0,0,0,0,0,0,0
510501,2,1,0,0,0,0,11,0,4,0,5,0
510501,3,1,0,0,0,0,0,0,0,0,0,16
510502,1,1,0,0,0,0,0,0,0,0,0,0
510502,2,1,0,0,0,0,0,0,0,0,0,0
510502,3,1,0,0,0,0,0,0,0,0,0,0
510503,1,1,25,25,25,25,25,25,25,25,25,25
510503,2,1,0,0,0,0,0,0,0,0,0,0
510504,1,1,0,0,0,0,0,0,0,0,13,0
510504,2,1,0,0,0,0,0,0,0,0,0,0
510504,3,1,0,0,0,0,0,0,0,0,0,0
510505,1,1,23,23,23,23,23,23,23,23,23,23
510505,2,1,0,0,0,0,0,0,0,0,0,0
510506,1,1,27,27,27,27,27,27,27,27,27,27
510506,2,1,0,0,0,0,0,0,0,0,0,0
510507,1,1,34,0,0,0,31,0,0,4,9,0
510509,1,1,0,0,15,0,0,0,0,0,0,0
510510,1,1,0,0,0,0,0,0,0,0,0,0
510510,2,1,0,0,0,0,0,0,0,0,0,0
510511,1,1,0,0,0,0,0,0,0,0,0,0
510512,1,1,13,0,0,0,30,0,5,7,27,7
510513,1,1,0,0,0,0,0,0,0,0,0,0
510513,2,1,0,0,0,0,0,0,0,0,0,0
510513,3,1,0,0,19,0,0,0,0,0,0,0
510514,1,1,0,0,0,0,0,0,0,0,0,0
510514,2,1,0,0,0,0,0,0,0,0,0,0
510515,1,1,0,0,0,0,0,0,0,0,0,0
510515,2,1,0,0,0,0,0,0,0,0,18,0
510516,1,1,0,0,0,0,0,0,0,0,0,0
510517,1,1,0,0,0,0,0,0,0,0,0,0
510518,0,1,0,0,0,0,0,0,0,0,0,0
510518,1,1,0,0,0,0,0,0,0,0,19,0
510519,1,1,0,0,0,0,0,0,0,0,0,0
510520,1,1,0,0,0,0,0,0,0,0,0,0
510520,2,1,0,0,0,0,0,0,0,0,0,0
510521,0,1,0,0,0,0,0,0,0,0,0,0
510521,1,1,0,0,0,0,0,0,38,0,0,0
510521,2,1,0,0,0,0,0,0,0,9,0,0
510522,1,1,32,32,32,32,32,32,32,32,32,32
510522,2,1,0,0,0,0,0,0,0,0,0,0
510523,1,1,0,0,0,0,0,0,0,0,0,0
510523,2,1,0,0,0,0,0,0,0,0,0,0
510524,1,1,0,0,0,0,0,0,0,0,0,0
510524,2,1,0,0,0,0,0,0,0,0,0,0
510525,1,1,0,0,0,0,0,0,0,0,0,0
510526,1,1,12,12,12,12,12,12,12,12,12,12
510527,1,1,0,0,0,0,0,0,0,0,0,0
510527,2,1,0,0,0,0,0,0,0,0,0,0
510528,1,1,0,0,0,0,0,0,0,0,0,0
510529,1,1,0,0,0,0,0,0,0,0,0,0
510529,2,1,0,0,0,0,0,0,0,0,0,0
510530,1,1,0,0,0,0,0,0,0,0,0,0
510530,2,1,0,0,8,0,0,13,0,0,0,0
510531,1,1,9,9,9,9,9,9,9,9,9,9
510531,2,1,0,0,16,0,13,0,0,0,0,0
510532,0,1,24,24,24,24,24,24,24,24,24,24
510532,1,1,4,17,27,0,0,0,18,17,19,32
510533,1,1,0,15,20,0,0,28,0,0,15,0
510534,1,1,0,0,0,0,0,0,0,0,0,0
510534,2,1,0,0,0,0,0,0,0,0,0,0
510535,0,1,17,17,17,17,17,17,17,17,17,17
510535,1,1,16,0,0,0,0,0,0,0,0,0
510536,1,1,0,0,0,0,18,0,0,0,0,30
510537,1,1,27,27,27,27,27,27,27,27,27,27
510538,1,1,7,15,10,17,13,28,22,28,27,25
510538,2,1,0,0,0,0,0,0,0,0,0,0
510539,1,1,0,0,0,0,0,0,0,0,0,0
510539,2,1,0,0,0,0,12,0,0,0,0,0
510540,0,1,0,0,0,0,0,0,0,0,0,0
510540,1,1,0,0,0,0,0,0,0,0,0,34
510541,0,1,19,19,19,19,19,19,19,19,19,19
510541,1,1,0,0,20,21,0,0,0,0,0,0
510542,0,1,13,13,13,13,13,13,13,13,13,13
510542,0,2,12,34,28,0,31,0,26,0,0,0
510542,1,1,0,0,0,0,0,0,0,0,0,0
510543,1,1,5,5,5,5,5,5,5,5,5,5
510544,1,1,0,0,0,0,0,0,0,0,0,0
510544,2,1,0,0,0,0,0,0,0,0,0,0
510545,1,1,0,0,0,0,0,0,0,0,0,0
510546,1,1,16,16,16,16,16,16,16,16,16,16
510547,1,1,13,29,0,0,0,15,0,0,0,0
510547,2,1,0,26,13,0,0,0,0,0,0,0
510548,1,1,0,0,0,0,0,0,0,0,0,0
510549,1,1,0,0,0,0,0,0,0,0,0,0
510550,1,1,13,13,13,13,13,13,13,13,13,13
510551,1,1,18,7,20,7,20,9,8,10,19,11
510552,1,1,0,0,0,0,0,0,0,0,0,0
510553,1,1,15,9,10,10,5,4,0,15,18,16
510553,2,1,0,0,0,0,0,0,0,0,0,0
510553,3,1,0,0,0,0,0,0,0,0,0,0
510554,1,1,9,9,9,9,9,9,9,9,9,9
510555,1,1,20,20,20,20,20,20,20,20,20,20
510556,1,1,0,0,0,0,0,0,0,0,0,0
510556,2,1,0,0,0,0,0,0,0,0,0,0
510557,1,1,0,0,0,0,0,0,0,0,0,0
510557,2,1,0,0,0,0,0,0,0,0,0,0
510557,3,1,0,0,0,0,0,0,0,13,0,0
510557,4,1,0,0,0,0,0,0,0,0,0,0
510557,5,1,0,0,0,0,0,0,0,0,0,0
510557,6,1,0,0,0,0,0,0,0,0,0,0
510557,7,1,0,0,0,0,0,0,0,0,0,0
510557,8,1,0,0,0,0,0,0,0,0,0,0
510558,0,1,34,34,34,34,34,34,34,34,34,34
510558,1,1,0,0,0,0,10,0,0,0,25,0
510559,1,1,0,0,0,0,0,0,0,0,0,0
510559,2,1,0,0,0,0,0,0,0,0,0,0
510560,1,1,0,0,0,0,0,0,0,0,0,0
510560,2,1,0,0,0,0,0,0,0,0,0,0
510560,3,1,17,0,0,0,0,0,0,0,0,0
510561,1,1,0,0,0,0,0,0,0,0,0,0
510561,2,1,0,0,0,0,0,0,0,0,0,0
510562,1,1,0,0,0,0,0,0,0,0,0,0
510563,1,1,4,4,4,4,4,4,4,4,4,4
510563,2,1,0,0,0,0,0,0,0,0,0,0
510564,1,1,0,0,0,0,0,0,0,0,28,0
510564,2,1,0,0,0,0,0,0,0,0,0,0
510565,1,1,7,7,7,7,7,7,7,7,7,7
510566,1,1,21,21,21,21,21,21,21,21,21,21
510567,1,1,0,0,0,0,0,0,0,0,0,0
510568,1,1,0,7,0,0,0,0,0,0,0,0
510568,2,1,0,0,0,0,0,0,0,0,0,0
510569,1,1,0,0,0,0,0,0,0,0,0,0
510569,2,1,0,0,0,0,0,0,0,0,0,0
510570,1,1,9,12,0,7,15,15,7,0,4,15
510570,2,1,7,7,7,7,7,7,7,7,7,7
510571,1,1,10,10,10,10,10,10,10,10,10,10
510571,2,1,0,0,0,0,0,0,0,0,0,0
510572,1,1,0,0,0,0,0,0,0,0,0,0
510572,2,1,0,0,0,0,0,0,0,0,0,0
510573,1,1,11,11,11,11,11,11,11,11,11,11
510574,1,1,19,10,24,13,17,7,3,11,24,30
510574,2,1,0,0,0,0,0,0,0,0,0,0
510575,0,1,0,0,0,0,0,0,0,0,0,0
510575,1,1,0,0,0,0,0,0,0,0,0,0
510576,1,1,0,0,0,0,0,0,0,0,0,0
510576,2,1,0,0,0,0,0,0,0,0,0,0
510577,1,1,0,0,0,0,0,0,0,0,0,0
510578,1,1,0,0,11,3,18,24,11,0,10,0
510578,2,1,18,0,0,0,0,0,46,10,0,0
510578,3,1,0,0,14,0,0,0,0,0,0,0
510579,0,1,28,28,28,28,28,28,28,28,28,28
510579,1,1,0,0,0,0,0,0,0,0,0,0
510580,0,1,0,0,0,0,0,0,0,0,0,0
510580,1,1,0,0,0,11,0,0,0,0,0,0
510581,1,1,28,0,0,12,15,18,0,16,18,0
510582,1,1,0,0,8,0,0,0,0,0,0,0
510582,2,1,0,0,0,0,0,0,0,0,0,0
510583,1,1,17,19,20,17,20,6,13,13,15,11
510583,2,1,0,0,0,0,0,0,0,0,0,0
510584,1,1,0,0,0,0,0,0,0,0,0,0
510584,2,1,0,0,0,0,0,0,0,0,0,0
510585,1,1,0,0,0,0,0,0,0,0,0,0
510585,2,1,0,0,0,0,0,0,24,0,0,0
510586,1,1,0,0,0,0,0,0,0,0,0,0
510586,2,1,0,0,0,0,0,0,0,0,0,0
510587,1,1,26,26,26,26,26,26,26,26,26,26
510588,1,1,0,0,0,0,0,0,0,0,0,0
510589,0,1,0,0,0,0,0,0,0,0,0,0
510589,1,1,0,0,0,0,0,0,0,0,0,0
510590,1,1,0,0,0,0,0,0,0,0,0,0
510591,1,1,0,0,0,0,0,0,0,0,0,0
510591,2,1,0,0,0,0,0,0,0,0,0,0
510592,1,1,0,0,0,0,0,0,0,0,0,0
510593,1,1,0,0,0,0,0,0,0,0,0,0
510593,2,1,0,0,0,0,0,0,0,0,0,0
510594,1,1,16,16,16,16,16,16,16,16,16,16
510595,1,1,0,0,0,0,0,0,0,0,0,0
510596,1,1,22,0,13,31,0,0,39,0,0,13
510596,2,1,0,0,0,0,0,0,0,0,0,0
510597,1,1,18,0,0,22,11,8,4,19,0,12
510598,1,1,0,0,0,0,0,0,0,0,0,0
510599,1,1,9,0,0,0,0,0,0,0,0,0
510599,2,1,0,0,0,0,0,0,0,0,0,0
510600,0,1,12,12,12,12,12,12,12,12,12,12
510600,1,1,23,9,17,0,12,7,13,8,9,15
510601,1,1,9,17,11,11,12,14,9,24,6,9
510601,2,1,0,0,0,0,0,0,0,0,0,0
510602,1,1,0,12,0,0,0,0,0,0,0,11
510602,2,1,0,0,0,0,0,0,0,0,0,0
510603,1,1,0,0,0,0,0,0,0,0,0,0
510604,1,1,33,33,33,33,33,33,33,33,33,33
510605,0,1,0,0,0,0,0,0,0,0,0,0
510605,1,1,25,11,18,19,16,0,14,0,20,0
510606,1,1,0,0,0,0,0,0,0,0,0,0
510607,1,1,41,41,41,41,41,41,41,41,41,41
510607,2,1,11,0,11,11,6,17,14,19,0,14
510608,1,1,0,0,0,0,0,0,0,0,0,0
510609,1,1,26,26,26,26,26,26,26,26,26,26
510610,0,1,26,26,26,26,26,26,26,26,26,26
510610,1,1,13,0,26,9,0,0,2,0,0,0
510611,1,1,0,0,0,0,0,0,0,0,0,0
510611,2,1,0,0,0,0,0,0,0,0,0,0
510612,0,1,0,0,0,0,0,0,0,0,0,0
510612,1,1,0,6,0,0,0,0,39,0,0,24
510613,1,1,0,0,0,0,0,0,0,0,0,0
510614,0,1,0,0,0,0,0,0,0,0,0,0
510614,1,1,0,0,0,0,0,0,0,0,0,0
510615,0,1,23,23,23,23,23,23,23,23,23,23
510615,1,1,0,0,0,23,0,0,0,0,0,18
510616,0,1,0,0,0,0,0,0,0,0,0,0
510617,0,1,0,0,0,0,0,0,0,0,0,0
510617,1,1,0,0,0,0,0,0,0,0,0,0
510617,2,1,0,0,0,0,0,0,0,0,0,0
510618,1,1,0,0,9,0,0,0,0,0,0,0
510618,2,1,0,0,0,0,0,0,0,0,0,0
510619,0,1,0,0,0,0,0,0,0,0,0,0
510619,1,1,0,0,0,0,0,0,0,0,0,0
510620,1,1,12,12,12,12,12,12,12,12,12,12
510621,1,1,30,30,30,30,30,30,30,30,30,30
510622,1,1,0,0,0,0,0,0,0,0,0,0
510623,1,1,0,0,0,0,0,0,0,0,0,0
510623,2,1,0,0,0,0,0,0,0,0,0,0
510624,1,1,0,0,17,0,0,0,0,0,0,0
510625,1,1,15,15,15,15,15,15,15,15,15,15
510625,2,1,0,0,0,0,0,0,0,0,0,0
510626,1,1,0,0,0,0,0,0,0,0,0,0
510627,1,1,0,0,0,0,0,0,0,0,0,0
510627,2,1,0,0,0,0,0,0,0,0,0,0
510628,0,1,0,0,0,0,0,0,0,0,0,0
510628,1,1,0,0,0,0,0,0,17,0,0,0
510629,0,1,0,0,0,0,0,0,0,0,0,0
510629,1,1,0,0,24,0,0,0,0,0,0,0
510629,2,1,0,0,0,26,0,0,0,0,0,0
510630,1,1,0,0,0,0,0,0,0,0,0,0
510631,1,1,0,0,0,0,0,0,0,0,0,0
510631,2,1,0,0,0,0,0,0,0,0,0,0
510632,1,1,0,0,0,0,0,0,0,0,0,0
510632,2,1,0,0,0,0,0,0,0,0,0,0
510633,1,1,0,0,0,0,0,0,0,0,0,0
510634,0,1,18,18,18,18,18,18,18,18,18,18
510634,1,1,0,21,0,0,0,0,0,0,0,15
510635,1,1,10,21,0,0,0,0,10,0,18,0
510636,1,1,0,0,0,0,0,0,0,0,0,0
510637,1,1,0,0,0,0,0,0,0,0,0,0
510637,2,1,0,0,0,0,0,0,0,0,0,0
510638,1,1,19,19,19,19,19,19,19,19,19,19
510639,1,1,0,0,0,0,0,0,0,0,0,26
510639,2,1,0,0,0,0,0,0,0,0,0,0
510640,1,1,0,0,0,0,0,0,0,0,0,0
510640,2,1,0,0,0,0,0,0,0,0,0,14
510641,1,1,0,0,0,0,0,0,0,0,0,0
510641,2,1,0,0,0,0,0,0,0,0,6,0
510642,1,1,17,8,19,7,22,10,19,16,14,2
510642,2,1,0,0,0,0,0,0,0,0,0,0
510643,1,1,33,33,33,33,33,33,33,33,33,33
510644,1,1,17,17,17,17,17,17,17,17,17,17
510644,2,1,0,0,0,0,0,0,0,0,0,0
510645,1,1,19,19,19,19,19,19,19,19,19,19
510646,1,1,31,18,19,15,0,8,10,6,11,9
510646,2,1,0,0,0,0,0,0,0,0,0,0
510647,1,1,26,26,26,26,26,26,26,26,26,26
510647,2,1,0,0,0,0,0,0,0,0,0,0
510648,0,1,27,27,27,27,27,27,27,27,27,27
510648,1,1,0,0,0,0,0,0,0,0,0,0
510649,0,1,33,33,33,33,33,33,33,33,33,33
510649,1,1,19,0,10,16,8,25,0,24,0,0
510650,1,1,0,0,0,0,0,0,0,0,0,0
510650,2,1,0,0,0,0,0,0,0,0,0,0
510650,3,1,0,0,0,0,0,0,0,0,0,0
510651,1,1,16,16,16,16,16,16,16,16,16,16
510651,2,1,19,23,31,27,7,9,24,10,18,13
510652,1,1,6,6,6,6,6,6,6,6,6,6
510653,1,1,0,0,0,0,0,0,0,0,0,18
510653,2,1,25,25,25,25,25,25,25,25,25,25
510654,1,1,0,0,0,0,0,0,0,0,0,0
510654,2,1,0,0,0,0,0,0,0,0,0,0
510655,1,1,0,0,0,0,0,0,0,0,0,0
510655,2,1,0,0,0,0,0,0,0,0,0,0
510656,1,1,0,0,0,0,0,0,0,0,0,0
510657,1,1,10,8,16,19,15,8,26,28,26,18
510657,2,1,13,13,13,13,13,13,13,13,13,13
510658,1,1,0,0,0,0,0,0,0,0,0,0
510659,1,1,22,22,22,22,22,22,22,22,22,22
510660,1,1,15,15,15,15,15,15,15,15,15,15
510660,2,1,0,0,0,0,0,0,0,0,0,0
510660,3,1,0,16,0,0,24,0,0,0,0,0
510661,1,1,0,0,0,0,0,0,0,0,0,0
510661,2,1,0,0,0,0,0,0,0,0,0,0
510661,3,1,0,0,0,0,0,0,0,0,0,0
510661,4,1,0,0,0,0,0,0,0,0,0,0
510662,0,1,25,25,25,25,25,25,25,25,25,25
510662,1,1,29,0,0,0,40,0,0,0,20,0
510663,1,1,0,0,0,0,0,15,26,9,0,0
510664,1,1,11,11,11,11,11,11,11,11,11,11
510665,0,1,0,0,0,0,0,0,0,0,0,0
510665,1,1,0,0,10,0,0,0,0,0,0,0
510666,1,1,39,39,39,39,39,39,39,39,39,39
510667,1,1,18,18,18,18,18,18,18,18,18,18
510668,1,1,0,0,0,0,0,0,0,0,17,19
510669,0,1,27,27,27,27,27,27,27,27,27,27
510669,1,1,0,0,0,0,0,0,0,0,0,0
510670,1,1,21,21,21,21,21,21,21,21,21,21
510670,2,1,0,0,0,0,0,0,0,0,0,0
510671,1,1,0,0,0,0,0,0,0,0,0,0
510672,1,1,1,1,1,1,1,1,1,1,1,1
510673,1,1,0,0,0,0,0,0,0,0,0,0
510674,1,1,0,16,0,0,0,0,0,0,18,0
510675,1,1,31,31,31,31,31,31,31,31,31,31
510676,1,1,0,0,0,0,0,0,0,0,0,0
510676,2,1,0,0,0,0,0,0,0,0,0,0
510677,1,1,0,0,0,0,0,0,0,0,0,0
510678,1,1,12,0,29,0,19,23,17,0,0,0
510679,1,1,17,17,17,17,17,17,17,17,17,17
510680,1,1,26,26,26,26,26,26,26,26,26,26
510681,1,1,0,0,0,0,0,0,0,0,0,0
510682,1,1,0,0,0,0,0,0,0,0,0,0
510683,1,1,28,28,28,28,28,28,28,28,28,28
510683,2,1,0,8,27,24,26,0,9,25,18,22
510684,1,1,0,0,0,0,0,0,0,0,0,0
510685,1,1,16,16,16,16,16,16,16,16,16,16
510686,1,1,0,0,0,0,0,0,6,0,0,0
510686,2,1,0,0,0,0,0,0,0,0,0,0
510687,1,1,0,0,0,0,0,0,0,0,0,0
510688,1,1,0,17,0,4,0,12,0,0,0,0
510688,2,1,0,0,0,0,0,0,0,0,0,0
510688,3,1,0,0,0,0,0,0,0,0,0,0
510688,4,1,0,0,0,0,0,0,0,0,0,0
510688,5,1,0,0,0,0,0,0,25,0,0,10
510688,6,1,0,0,0,0,0,0,0,0,0,0
510689,1,1,11,0,0,20,13,15,31,15,12,0
510690,1,1,11,11,11,11,11,11,11,11,11,11
510690,2,1,11,11,11,11,11,11,11,11,11,11
510691,0,1,22,22,22,22,22,22,22,22,22,22
510691,1,1,16,16,16,16,16,16,16,16,16,16
510692,1,1,27,27,27,27,27,27,27,27,27,27
510693,0,1,0,0,0,0,0,0,0,0,0,0
510693,1,1,9,5,24,8,19,18,30,11,12,0
510694,0,1,0,0,0,0,0,0,0,0,0,0
510694,1,1,0,0,0,0,0,0,0,0,0,0
510695,1,1,0,0,0,0,0,0,0,0,0,0
510695,2,1,0,0,0,0,0,0,0,0,0,0
510696,1,1,0,0,0,0,0,0,0,0,0,0
510696,2,1,0,0,0,20,0,15,0,0,0,0
510697,0,1,3,3,3,3,3,3,3,3,3,3
510697,1,1,0,0,0,0,0,0,0,0,0,0
510698,1,1,0,0,0,0,0,0,0,0,0,0
510699,0,1,22,22,22,22,22,22,22,22,22,22
510699,1,1,0,0,0,0,0,0,0,0,0,0
510700,0,1,8,8,8,8,8,8,8,8,8,8
510700,1,1,25,0,0,13,0,19,25,23,18,17
510701,1,1,0,0,0,0,0,0,0,0,0,0
510701,2,1,0,0,0,0,0,0,0,0,0,0
510701,3,1,0,0,0,0,0,0,0,0,0,0
510702,1,1,0,0,0,0,0,0,0,0,0,0
510702,2,1,0,0,0,0,0,0,0,0,0,0
510703,1,1,0,0,0,0,0,0,0,0,0,0
510704,1,1,0,0,0,0,0,0,0,0,0,0
510704,2,1,0,0,0,0,0,0,0,0,0,0
510705,1,1,0,0,0,0,0,0,0,0,0,0
510705,2,1,0,0,0,0,0,0,0,0,0,0
510706,1,1,0,0,0,0,0,0,0,0,0,0
510707,1,1,12,12,12,12,12,12,12,12,12,12
510708,1,1,0,0,0,0,0,0,0,0,0,0
510708,2,1,0,0,0,0,0,0,0,0,0,0
510709,1,1,0,0,0,0,0,0,0,0,0,0
510709,2,1,0,0,0,0,0,0,0,0,0,0
510710,1,1,0,0,0,0,0,0,17,0,0,0
510711,0,1,31,31,31,31,31,31,31,31,31,31
510711,1,1,0,0,0,0,12,0,0,0,0,0
510712,1,1,12,12,12,12,12,12,12,12,12,12
510713,1,1,0,0,0,0,0,0,0,0,0,0
510713,2,1,0,0,0,0,0,0,0,0,0,0
510714,1,1,0,0,0,0,0,0,0,0,0,0
510714,2,1,0,0,0,0,0,0,0,0,0,0
510715,1,1,0,0,0,0,0,0,0,0,0,0
510715,2,1,0,0,0,0,0,0,0,0,0,0
510716,0,1,32,32,32,32,32,32,32,32,32,32
510716,1,1,0,0,0,0,0,0,0,0,0,0
510717,1,1,35,35,35,35,35,35,35,35,35,35
510717,2,1,0,0,0,0,0,0,0,0,0,0
510717,3,1,0,0,0,0,0,0,13,0,0,0