ST_CASE,VEH_NO,PER_NO,P1,P2,P3,P4,P5,P6,P7,P8,P9,P10
510718,1,1,0,0,0,0,0,0,0,0,0,0
510718,2,1,0,0,0,0,0,0,0,0,0,0
510718,3,1,0,0,0,0,0,0,0,20,0,0
510719,1,1,11,8,9,9,10,6,6,11,10,9
510719,2,1,0,0,0,0,36,0,0,0,0,0
510720,1,1,26,0,0,0,7,12,34,0,0,23
510721,1,1,9,9,9,9,9,9,9,9,9,9
510722,1,1,0,0,0,0,0,0,0,0,0,0
510723,1,1,0,0,0,0,0,0,0,0,0,0
510723,2,1,0,0,0,0,0,0,0,0,0,0
510724,0,1,26,26,26,26,26,26,26,26,26,26
510724,1,1,0,0,0,0,0,0,0,0,0,0
510725,1,1,0,0,0,0,0,0,0,0,0,0
510725,2,1,0,0,0,0,0,0,0,0,0,0
510726,1,1,24,24,24,24,24,24,24,24,24,24
510727,0,1,32,32,32,32,32,32,32,32,32,32
510727,1,1,0,0,0,0,0,0,0,0,0,0
510728,1,1,0,0,0,0,0,0,0,0,0,0
510729,1,1,0,0,0,0,0,0,0,0,0,0
510729,2,1,0,0,0,0,0,0,0,0,0,0
510729,3,1,0,0,0,0,0,0,0,0,0,0
510730,0,1,0,0,0,0,0,0,0,0,0,0
510730,1,1,7,0,0,0,0,0,0,0,0,0
510731,1,1,0,0,0,0,0,0,0,0,0,0
510731,2,1,0,0,0,0,0,0,0,0,0,0
510732,0,1,0,0,0,0,0,0,0,0,0,0
510732,1,1,0,0,0,0,0,0,0,0,0,0
510732,3,1,0,0,0,0,0,0,0,0,0,0
510733,1,1,0,0,0,0,0,0,0,0,0,0
510733,2,1,0,0,0,0,0,0,0,0,0,0
510733,3,1,0,0,0,0,0,0,0,0,0,0
510733,4,1,0,0,0,0,0,0,0,0,0,0
510734,1,1,3,3,3,3,3,3,3,3,3,3
510735,1,1,0,0,0,0,0,0,0,0,0,0
510736,1,1,0,0,0,0,0,0,0,0,0,0
510737,1,1,0,0,0,0,0,26,0,0,0,0
510737,2,1,0,0,0,0,0,0,0,0,0,0
510738,1,1,0,0,0,0,0,0,0,0,0,0
510739,0,1,0,0,0,0,0,14,4,0,0,0
510739,1,1,0,0,0,0,0,0,0,0,0,0
510740,1,1,25,25,25,25,25,25,25,25,25,25
510740,2,1,14,0,0,0,0,0,0,0,0,0
510741,1,1,14,14,14,14,14,14,14,14,14,14
510742,1,1,0,0,0,0,0,0,0,0,0,0
510743,1,1,0,0,0,0,0,0,0,0,0,0
510743,2,1,0,11,0,3,5,6,6,11,0,0
510744,1,1,25,11,12,0,0,0,0,0,0,0
510745,1,1,16,16,16,16,16,16,16,16,16,16
510746,1,1,25,25,25,25,25,25,25,25,25,25
510747,1,1,0,0,0,0,0,0,0,0,0,0
510747,2,1,0,0,0,0,0,0,0,0,0,0
510748,1,1,0,0,0,0,0,0,0,0,0,0
510749,1,1,29,29,29,29,29,29,29,29,29,29
510750,1,1,17,17,17,17,17,17,17,17,17,17
510751,1,1,0,0,0,0,0,0,0,0,0,0
510752,1,1,0,0,0,0,0,0,0,0,0,0
510752,2,1,0,0,0,0,0,0,0,0,0,0
510752,3,1,0,0,0,0,0,0,0,0,0,0
510752,4,1,0,0,0,19,0,0,0,0,0,0
510753,1,1,0,0,0,0,0,0,0,0,0,0
510753,2,1,0,0,0,0,0,0,0,0,0,0
510754,1,1,19,19,19,19,19,19,19,19,19,19
510755,1,1,0,0,0,0,0,0,0,0,0,0
510755,2,1,0,0,0,0,0,0,0,0,0,0
510756,1,1,19,19,19,19,19,19,19,19,19,19
510757,1,1,0,0,0,0,0,0,0,0,0,0
510757,2,1,0,0,0,0,0,0,0,0,0,0
510758,1,1,16,16,16,16,16,16,16,16,16,16
510759,1,1,29,29,29,29,29,29,29,29,29,29
510760,1,1,0,0,0,0,0,0,0,0,0,0
510761,1,1,0,0,0,0,0,0,0,0,0,0
510762,1,1,19,19,19,19,19,19,19,19,19,19
510763,1,1,0,0,0,5,0,0,0,19,0,0
510764,1,1,15,15,15,15,15,15,15,15,15,15
510765,1,1,0,0,0,0,0,0,0,0,0,0
510765,2,1,0,0,0,34,0,0,0,0,0,0
510766,1,1,17,0,3,3,15,31,0,19,15,7
510766,2,1,0,0,0,0,0,0,0,0,0,0
510767,1,1,15,15,15,15,15,15,15,15,15,15
510768,0,1,36,36,36,36,36,36,36,36,36,36
510768,1,1,0,0,0,0,0,0,0,0,0,0
510769,1,1,0,0,0,0,0,0,0,0,0,0
510770,1,1,0,0,0,0,0,0,0,0,0,0
510771,1,1,48,48,48,48,48,48,48,48,48,48
510771,2,1,0,0,0,0,0,0,0,0,0,0
510772,1,1,0,0,0,0,0,0,0,0,0,0
510773,0,1,5,5,5,5,5,5,5,5,5,5
510773,1,1,18,6,11,18,24,26,9,7,14,9
510775,1,1,12,20,21,10,7,7,13,6,0,6
510776,1,1,0,9,0,5,10,10,15,19,0,0
510777,1,1,0,0,14,6,11,0,9,9,15,16
510777,2,1,0,0,0,0,0,0,0,0,0,0
510778,0,1,36,36,36,36,36,36,36,36,36,36
510778,1,1,0,0,0,0,0,0,0,0,0,0
510778,2,1,0,0,0,0,0,0,0,0,0,0
510778,3,1,0,0,0,11,0,0,0,7,0,0
510779,1,1,0,0,0,0,0,0,0,0,0,0
510779,2,1,0,0,0,0,0,0,0,0,0,0
510779,3,1,0,0,0,0,0,0,0,0,0,0
510780,1,1,16,0,0,0,0,0,0,12,0,0
510780,2,1,0,0,0,0,0,0,0,0,0,0
510781,1,1,0,0,0,0,0,0,0,0,0,0
510782,1,1,0,0,0,0,0,0,0,0,0,0
510783,1,1,24,24,24,24,24,24,24,24,24,24
510784,1,1,0,0,9,0,0,0,0,0,0,0
510784,2,1,0,0,0,0,0,0,16,0,0,0
510785,0,1,6,6,6,6,6,6,6,6,6,6
510785,1,1,0,0,0,33,22,0,24,22,8,0
510786,1,1,21,21,21,21,21,21,21,21,21,21
510786,2,1,0,0,0,0,0,0,0,0,0,0
510787,1,1,9,9,9,9,9,9,9,9,9,9
510788,0,1,0,0,0,0,0,0,0,0,0,0
510788,1,1,0,0,0,0,0,0,0,0,0,0
510789,1,1,0,0,0,0,0,0,0,0,0,0
510789,2,1,0,0,0,0,0,0,0,0,0,0
510790,1,1,25,0,0,0,0,15,12,6,0,0
510791,1,1,0,0,0,0,0,0,0,0,0,0
510792,1,1,17,17,17,17,17,17,17,17,17,17
510793,1,1,5,5,5,5,5,5,5,5,5,5
510794,1,1,24,24,24,24,24,24,24,24,24,24
510795,1,1,11,0,0,0,0,0,0,0,0,24
510796,0,1,19,19,19,19,19,19,19,19,19,19
510796,1,1,0,0,8,0,0,0,0,0,3,0
510797,1,1,0,0,0,0,0,0,0,0,0,0
510798,1,1,0,0,0,0,0,0,0,0,0,0
510798,2,1,0,0,0,0,0,0,0,0,0,0
510799,1,1,0,20,0,0,20,0,0,0,0,0
510800,1,1,0,0,0,0,0,0,32,0,0,0
510801,1,1,0,0,0,0,0,0,0,0,0,0
510802,0,1,21,21,21,21,21,21,21,21,21,21
510802,1,1,0,0,0,0,0,0,0,0,0,0
510803,1,1,0,0,0,30,0,0,0,0,0,0
510803,2,1,0,0,0,0,0,0,0,0,0,0
510804,1,1,0,0,0,0,0,0,0,0,0,0
510805,1,1,0,0,0,0,0,0,0,0,0,0
510806,1,1,18,0,0,0,0,0,0,0,0,0
510806,2,1,0,0,0,0,0,0,0,36,0,0
530001,0,1,0,0,0,0,0,0,0,0,0,0
530001,1,1,0,0,0,4,0,0,0,0,0,0
530003,0,1,0,0,0,0,0,0,0,0,0,0
530003,1,1,0,0,0,0,0,0,0,0,0,0
530004,1,1,15,15,15,15,15,15,15,15,15,15
530004,2,1,5,0,4,0,0,0,0,0,0,0
530005,1,1,15,15,15,15,15,15,15,15,15,15
530005,2,1,0,0,0,0,0,0,0,0,0,0
530006,1,1,12,12,12,12,12,12,12,12,12,12
530006,2,1,0,0,0,0,0,0,0,0,0,0
530007,1,1,0,0,0,0,0,12,0,0,0,27
530008,1,1,0,0,0,0,0,0,0,0,0,0
530008,2,1,0,0,21,9,0,0,0,0,0,0
530009,0,1,0,0,0,0,0,0,0,0,0,0
530009,1,1,0,0,0,30,19,0,6,17,0,0
530010,1,1,18,18,18,18,18,18,18,18,18,18
530011,0,1,17,17,17,17,17,17,17,17,17,17
530011,1,1,47,0,0,0,11,0,0,0,0,0
530012,1,1,16,16,16,16,16,16,16,16,16,16
530013,1,1,0,0,0,0,0,0,0,0,0,0
530013,2,1,0,0,0,0,0,0,0,0,0,0
530014,1,1,14,14,14,14,14,14,14,14,14,14
530015,0,1,0,0,0,0,0,0,0,0,0,0
530015,1,1,0,0,0,0,0,0,0,0,0,0
530016,1,1,21,0,0,0,0,0,0,22,0,0
530016,2,1,0,0,0,0,0,0,0,0,18,0
530017,1,1,23,23,23,23,23,23,23,23,23,23
530017,2,1,0,0,0,0,0,25,0,0,0,0
530018,1,1,22,0,0,0,0,0,0,6,8,0
530018,2,1,0,0,0,0,0,0,0,13,0,0
530019,0,1,0,0,0,0,0,0,0,0,0,0
530019,0,2,0,16,9,0,23,0,39,23,0,0
530019,1,1,0,16,0,1,0,11,8,0,17,0
530020,0,1,0,0,0,0,0,0,0,0,0,0
530020,0,2,0,0,0,0,0,0,0,0,0,0
530020,1,1,0,0,0,0,0,0,0,0,0,0
530021,0,1,0,0,0,0,0,0,0,0,0,0
530021,1,1,0,20,0,0,0,0,0,0,0,0
530022,1,1,0,0,0,0,0,0,0,0,0,0
530024,1,1,0,0,0,0,0,0,0,0,0,0
530025,0,1,0,0,0,0,0,0,0,0,0,0
530025,1,1,0,0,0,0,0,26,0,0,0,0
530026,1,1,23,23,23,23,23,23,23,23,23,23
530026,2,1,0,0,0,0,0,0,0,0,0,0
530027,1,1,0,25,11,0,0,10,0,12,0,22
530028,1,1,0,0,0,0,0,0,0,0,0,0
530028,2,1,0,0,0,0,0,0,0,0,0,0
530029,1,1,0,0,0,0,0,0,0,0,0,0
530029,2,1,0,0,0,10,12,0,0,14,0,0
530030,1,1,22,22,22,22,22,22,22,22,22,22
530031,1,1,0,0,0,0,0,0,0,0,0,0
530031,2,1,0,0,0,0,0,0,0,0,0,0
530033,1,1,0,0,0,0,0,0,0,0,0,0
530034,1,1,14,14,14,14,14,14,14,14,14,14
530035,1,1,0,0,0,0,0,0,0,0,0,0
530037,0,1,28,28,28,28,28,28,28,28,28,28
530037,1,1,8,0,0,0,0,0,0,0,6,0
530038,1,1,0,0,0,0,0,0,0,0,0,0
530038,2,1,0,0,0,0,0,0,0,0,0,0
530039,1,1,16,16,16,16,16,16,16,16,16,16
530040,0,1,0,0,0,0,0,0,0,0,0,0
530040,1,1,16,0,0,19,16,9,15,8,28,0
530041,0,1,16,16,16,16,16,16,16,16,16,16
530041,1,1,0,0,11,0,18,0,0,14,27,8
530042,0,1,0,0,0,0,0,0,0,0,0,0
530042,1,1,0,0,0,9,0,23,0,0,0,0
530043,1,1,9,9,9,9,9,9,9,9,9,9
530043,2,1,0,0,0,0,0,0,0,0,0,0
530044,1,1,22,22,22,22,22,22,22,22,22,22
530044,2,1,0,0,12,0,0,0,0,0,0,0
530044,3,1,0,0,0,0,32,0,0,25,0,5
530045,1,1,25,25,25,25,25,25,25,25,25,25
530045,2,1,0,0,0,0,0,0,0,0,0,0
530045,3,1,0,10,0,15,0,0,0,31,21,33
530046,1,1,0,0,0,0,27,0,0,0,0,4
530046,2,1,0,0,0,0,0,0,0,0,0,0
530047,1,1,0,0,0,0,0,0,0,0,0,0
530047,2,1,0,0,0,0,0,0,0,0,0,0
530048,1,1,0,0,0,0,0,0,0,0,0,0
530048,2,1,0,0,0,0,0,0,0,0,0,0
530048,3,1,0,0,0,0,0,0,0,0,0,0
530049,1,1,0,0,0,0,0,0,0,0,0,0
530050,1,1,0,0,0,0,0,0,0,0,0,0
530050,2,1,0,0,0,0,0,0,0,0,0,0
530051,0,1,0,0,0,0,0,0,0,0,0,0
530051,1,1,0,0,0,18,0,15,0,0,18,18
530052,0,1,0,0,0,0,0,0,0,0,0,0
530052,1,1,0,0,0,0,0,0,0,15,0,0
530053,1,1,0,0,0,0,0,0,0,0,0,0
530054,1,1,0,8,0,0,0,0,0,0,11,0
530055,1,1,0,0,0,0,0,0,0,0,0,0
530055,2,1,0,10,0,0,0,0,0,0,0,0
530056,1,1,23,23,23,23,23,23,23,23,23,23
530058,1,1,6,6,6,6,6,6,6,6,6,6
530059,0,1,27,27,27,27,27,27,27,27,27,27
530059,1,1,13,5,0,0,9,0,16,0,13,0
530060,1,1,0,0,0,0,0,0,0,0,0,0
530060,2,1,0,0,0,0,0,0,0,0,0,0
530061,0,1,19,19,19,19,19,19,19,19,19,19
530061,1,1,0,0,0,0,0,0,0,0,0,0
530062,1,1,8,8,8,8,8,8,8,8,8,8
530063,1,1,0,0,0,0,0,0,0,0,0,0
530064,0,1,31,31,31,31,31,31,31,31,31,31
530064,1,1,0,0,0,0,0,0,0,0,0,0
530065,1,1,0,0,0,0,0,0,0,0,0,0
530066,0,1,0,0,0,0,0,0,0,0,0,0
530066,1,1,3,3,3,3,3,3,3,3,3,3
530067,1,1,0,0,0,0,0,0,0,0,0,0
530067,2,1,0,0,0,0,0,0,0,0,0,0
530067,3,1,0,0,0,0,6,0,0,0,0,0
530068,2,1,0,7,0,0,0,0,0,17,0,24
530069,1,1,0,0,0,0,0,0,0,0,0,0
530069,2,1,0,0,0,0,0,0,0,0,0,0
530070,1,1,0,0,0,0,0,0,0,0,0,0
530071,1,1,21,21,21,21,21,21,21,21,21,21
530074,1,1,16,16,16,16,16,16,16,16,16,16
530074,2,1,0,17,23,0,0,0,7,10,0,4
530075,0,1,0,0,0,0,0,13,0,0,0,34
530075,1,1,11,11,11,11,11,11,11,11,11,11
530076,1,1,27,0,0,0,0,0,0,0,0,0
530076,2,1,0,0,0,0,0,0,0,0,0,0
530077,0,1,0,0,0,16,0,10,0,0,33,0
530077,1,1,0,0,0,0,0,0,0,0,0,0
530077,2,1,0,0,0,0,0,14,0,0,0,0
530078,1,1,12,12,12,12,12,12,12,12,12,12
530079,0,1,0,0,0,0,0,0,0,0,0,0
530079,1,1,0,0,0,0,0,0,0,0,0,0
530080,1,1,0,0,0,0,0,0,0,0,0,0
530080,2,1,13,13,13,13,13,13,13,13,13,13
530082,1,1,31,31,31,31,31,31,31,31,31,31
530083,1,1,21,21,21,21,21,21,21,21,21,21
530083,2,1,0,0,13,0,0,0,0,0,0,0
530085,1,1,25,25,25,25,25,25,25,25,25,25
530086,1,1,0,0,0,0,0,24,0,0,0,0
530086,2,1,0,0,0,0,0,0,0,0,3,0
530087,0,1,0,0,0,0,0,0,0,0,0,0
530087,1,1,0,0,0,0,0,10,0,0,0,4
530088,0,1,0,0,0,0,0,0,0,0,0,0
530088,1,1,0,15,0,0,0,0,0,0,0,0
530089,1,1,9,9,9,9,9,9,9,9,9,9
530091,1,1,12,12,12,12,12,12,12,12,12,12
530092,0,1,0,0,0,0,0,0,0,0,0,0
530092,1,1,13,0,8,31,0,0,0,19,0,0
530093,1,1,9,9,9,9,9,9,9,9,9,9
530093,2,1,0,0,0,14,0,0,0,0,0,0
530094,1,1,0,0,0,0,0,0,0,0,0,0
530095,0,1,0,0,0,0,0,0,0,0,0,0
530095,1,1,0,6,0,27,28,23,13,12,9,0
530096,1,1,0,0,0,0,0,0,0,0,0,0
530097,1,1,0,0,0,0,0,0,0,0,0,0
530098,1,1,1,1,1,1,1,1,1,1,1,1
530098,2,1,0,0,0,0,0,0,0,0,0,0
530099,1,1,0,0,0,0,0,0,0,0,0,0
530099,2,1,4,4,4,4,4,4,4,4,4,4
530100,1,1,0,0,0,0,0,0,0,0,0,0
530101,1,1,0,0,15,13,0,0,0,0,14,5
530102,1,1,0,0,0,0,0,0,0,0,0,0
530103,1,1,13,13,13,13,13,13,13,13,13,13
530104,1,1,0,0,0,0,0,0,0,0,0,0
530104,2,1,0,0,17,20,35,0,0,0,0,0
530105,1,1,30,30,30,30,30,30,30,30,30,30
530107,1,1,0,0,0,0,0,0,0,0,0,0
530107,2,1,0,0,0,0,0,0,0,0,29,0
530108,0,1,0,0,0,0,0,0,0,0,0,0
530108,1,1,0,0,0,0,0,11,0,0,8,0
530109,1,1,19,19,19,19,19,19,19,19,19,19
530110,1,1,2,2,2,2,2,2,2,2,2,2
530110,2,1,6,6,6,6,6,6,6,6,6,6
530111,0,1,0,0,0,0,0,0,0,0,0,0
530111,1,1,10,10,10,10,10,10,10,10,10,10
530112,1,1,0,0,0,0,0,0,0,0,0,0
530113,1,1,0,0,0,0,0,0,0,0,0,0
530113,2,1,0,0,0,0,0,0,0,0,0,0
530114,1,1,0,0,0,0,0,0,17,13,0,13
530115,1,1,0,0,0,0,0,0,0,0,0,0
530116,1,1,0,0,0,0,0,0,0,0,0,0
530117,1,1,0,0,0,0,0,0,0,0,0,0
530117,2,1,0,0,0,0,0,0,0,0,0,0
530118,1,1,11,11,11,11,11,11,11,11,11,11
530120,1,1,0,0,0,0,0,0,0,0,0,0
530121,1,1,18,18,18,18,18,18,18,18,18,18
530123,1,1,3,3,3,3,3,3,3,3,3,3
530124,1,1,8,8,8,8,8,8,8,8,8,8
530125,1,1,0,0,0,0,0,0,0,0,0,0
530126,1,1,19,19,19,19,19,19,19,19,19,19
530127,1,1,0,0,0,0,0,0,0,0,0,0
530127,2,1,0,0,0,0,0,0,0,0,0,0
530128,0,1,0,0,0,0,0,0,0,0,0,0
530128,1,1,0,0,12,6,22,0,0,0,0,27
530129,1,1,24,24,24,24,24,24,24,24,24,24
530129,2,1,0,0,0,0,0,0,0,0,0,0
530130,1,1,0,0,0,0,0,0,0,0,0,0
530131,1,1,0,0,0,0,5,0,0,0,0,0
530131,2,1,0,0,0,0,0,0,0,0,0,0
530132,1,1,0,0,0,0,0,0,0,0,0,0
530132,2,1,0,0,0,0,0,4,0,0,0,0
530133,1,1,21,21,21,21,21,21,21,21,21,21
530133,2,1,0,15,11,0,0,9,0,0,0,29
530133,3,1,0,0,13,0,0,0,22,0,0,14
530133,4,1,0,0,0,0,12,0,0,0,0,0
530134,1,1,0,0,0,0,0,0,0,0,0,0
530134,2,1,0,3,0,0,0,0,5,0,0,0
530135,1,1,8,0,0,0,0,0,0,0,31,0
530136,1,1,0,0,0,0,0,0,3,10,7,0
530136,2,1,18,18,18,18,18,18,18,18,18,18
530137,1,1,0,0,0,0,0,0,0,0,0,0
530137,2,1,0,0,0,0,16,0,0,0,0,0
530138,1,1,22,22,22,22,22,22,22,22,22,22
530140,1,1,0,0,0,0,0,0,0,0,0,0
530141,0,1,0,0,0,0,0,0,0,0,0,0
530141,1,1,0,0,0,0,10,0,0,0,0,0
530142,1,1,14,14,14,14,14,14,14,14,14,14
530143,1,1,0,0,0,0,0,0,0,0,0,0
530144,1,1,0,0,0,0,0,0,0,0,0,0
530144,2,1,0,0,0,0,0,0,0,0,0,0
530145,1,1,8,8,8,8,8,8,8,8,8,8
530145,2,1,0,7,0,0,0,0,0,0,1,0
530146,1,1,0,0,20,0,0,13,0,20,0,8
530146,2,1,0,0,0,6,0,0,0,0,0,0
530147,1,1,0,0,0,0,0,0,0,0,0,0
530148,1,1,0,0,0,4,10,0,0,0,6,6
530148,2,1,0,0,0,0,0,8,0,0,47,0
530149,1,1,15,15,15,15,15,15,15,15,15,15
530151,0,1,0,19,0,0,0,18,33,34,0,0
530151,1,1,0,0,0,0,0,0,0,0,0,17
530152,1,1,0,0,0,0,0,0,0,0,22,0
530152,2,1,0,0,0,0,0,0,0,0,0,0
530152,3,1,0,0,0,0,0,0,0,0,0,0
530153,1,1,29,0,11,37,0,35,17,0,13,17
530155,1,1,0,0,0,0,0,0,0,0,0,6
530155,2,1,0,0,0,0,0,0,0,0,0,0
530156,1,1,9,0,0,5,0,26,0,0,0,0
530158,1,1,4,4,4,4,4,4,4,4,4,4
530160,1,1,12,12,12,12,12,12,12,12,12,12
530161,1,1,0,0,0,0,0,0,0,0,0,0
530161,2,1,0,0,15,0,14,6,0,0,23,0
530162,1,1,18,18,18,18,18,18,18,18,18,18
530162,2,1,18,0,0,17,0,0,0,6,0,0
530163,1,1,0,0,0,0,0,0,0,11,0,0
530164,1,1,0,26,0,0,0,0,0,0,0,0
530164,2,1,0,10,0,25,0,0,0,0,8,0
530165,1,1,0,0,0,0,0,0,0,0,0,0
530165,2,1,0,0,0,0,0,0,0,0,0,0
530166,1,1,9,9,9,9,9,9,9,9,9,9
530167,1,1,21,12,0,16,16,0,20,18,10,16
530167,2,1,0,23,0,0,0,17,36,0,0,0
530168,1,1,0,0,0,0,0,0,0,0,0,0
530169,1,1,0,0,0,0,0,0,0,0,0,0
530169,2,1,0,0,0,0,0,0,0,0,0,0
530170,0,1,41,41,41,41,41,41,41,41,41,41
530170,1,1,0,0,0,0,11,0,0,0,6,0
530171,1,1,12,12,12,12,12,12,12,12,12,12
530172,1,1,0,0,0,0,0,0,0,0,0,0
530172,2,1,0,0,0,0,0,0,0,0,0,0
530173,1,1,0,0,0,0,0,0,0,0,0,0
530173,2,1,0,10,0,0,0,5,0,0,0,0
530173,3,1,0,0,0,0,0,0,0,0,0,0
530175,1,1,22,0,0,0,0,0,0,0,0,0
530175,2,1,0,0,0,0,0,0,0,0,0,0
530176,1,1,0,0,0,0,0,0,0,0,0,0
530177,1,1,20,20,20,20,20,20,20,20,20,20
530178,1,1,0,22,0,12,5,0,0,18,0,13
530180,0,1,6,6,6,6,6,6,6,6,6,6
530180,1,1,28,12,22,22,21,0,0,21,22,17
530181,1,1,17,17,17,17,17,17,17,17,17,17
530182,0,1,23,23,23,23,23,23,23,23,23,23
530182,1,1,0,0,0,0,0,0,0,0,0,0
530183,1,1,0,0,0,5,0,8,0,0,35,0
530184,1,1,17,17,17,17,17,17,17,17,17,17
530185,1,1,21,21,21,21,21,21,21,21,21,21
530185,2,1,0,0,0,20,0,3,0,15,13,0
530186,1,1,25,25,25,25,25,25,25,25,25,25
530187,1,1,2,2,2,2,2,2,2,2,2,2
530187,2,1,14,0,0,20,13,0,22,0,0,10
530188,0,1,0,0,0,0,0,0,0,0,0,0
530188,1,1,0,12,0,8,0,0,0,0,0,0
530189,1,1,0,0,0,0,0,0,0,0,0,0
530190,1,1,0,0,0,0,0,0,0,0,0,0
530191,1,1,0,0,0,0,0,0,0,0,0,0
530191,2,1,0,0,0,0,0,0,0,0,0,0
530191,3,1,0,0,0,0,0,13,0,0,0,0
530192,1,1,7,7,7,7,7,7,7,7,7,7
530192,2,1,0,0,0,0,0,0,0,0,0,0
530193,1,1,0,0,0,0,0,0,0,0,0,0
530194,1,1,0,0,0,18,0,0,0,0,22,0
530195,1,1,0,0,0,0,0,0,0,4,0,0
530195,2,1,0,0,0,0,0,0,0,0,0,0
530195,3,1,0,0,0,22,0,18,0,0,0,0
530195,4,1,0,0,0,0,0,0,0,0,0,20
530195,5,1,0,0,0,0,0,17,11,0,0,0
530196,1,1,0,0,0,0,0,0,0,0,0,0
530196,2,1,14,0,0,0,0,23,0,0,0,0
530197,1,1,0,0,0,0,0,0,0,0,0,0
530198,1,1,13,13,13,13,13,13,13,13,13,13
530198,2,1,0,18,0,26,38,0,0,0,18,0
530200,1,1,66,66,66,66,66,66,66,66,66,66
530201,1,1,0,0,0,0,0,0,0,0,0,0
530202,1,1,5,5,5,5,5,5,5,5,5,5
530203,1,1,0,0,0,0,0,0,0,0,0,0
530204,1,1,21,21,21,21,21,21,21,21,21,21
530205,1,1,6,6,6,6,6,6,6,6,6,6
530205,2,1,0,0,0,0,0,0,0,0,0,0
530206,1,1,5,0,0,0,15,0,20,0,11,0
530207,1,1,0,0,0,0,0,0,0,0,0,0
530207,2,1,0,0,0,0,0,0,0,0,0,0
530208,1,1,0,0,0,0,0,0,0,0,0,0
530209,0,1,2,2,2,2,2,2,2,2,2,2
530209,1,1,0,0,0,0,0,0,0,0,36,0
530210,0,1,0,0,0,0,0,0,0,0,0,0
530210,1,1,0,0,0,0,0,0,0,0,0,0
530211,1,1,0,0,0,0,0,0,0,0,0,0
530211,2,1,0,0,0,0,0,0,0,0,0,0
530211,3,1,12,0,0,0,0,0,0,0,0,15
530212,1,1,20,8,13,22,18,23,4,16,15,9
530213,1,1,17,17,17,17,17,17,17,17,17,17
530213,2,1,6,6,6,6,6,6,6,6,6,6
530214,1,1,13,13,13,13,13,13,13,13,13,13
530214,2,1,0,0,0,18,0,0,0,21,0,0
530215,1,1,3,3,3,3,3,3,3,3,3,3
530216,1,1,20,20,20,20,20,20,20,20,20,20
530217,1,1,15,14,0,16,0,15,0,16,19,24
530217,2,1,23,0,15,0,0,21,14,0,0,20
530217,3,1,17,17,17,17,17,17,17,17,17,17
530218,1,1,0,0,0,0,0,0,0,0,0,0
530218,2,1,0,0,0,0,0,0,0,9,0,0
530219,1,1,0,0,0,0,0,0,0,0,0,0
530220,1,1,22,22,22,22,22,22,22,22,22,22
530221,1,1,18,18,18,18,18,18,18,18,18,18
530222,1,1,0,0,0,0,0,0,0,0,0,0
530222,2,1,0,0,0,0,0,0,0,0,0,0
530223,1,1,0,0,0,0,0,0,0,0,0,0
530224,1,1,0,0,0,0,0,0,0,0,0,0
530225,1,1,0,0,0,0,0,0,0,0,0,0
530226,1,1,25,25,25,25,25,25,25,25,25,25
530227,1,1,0,0,0,0,0,0,0,0,0,0
530227,2,1,0,0,0,0,0,0,0,0,0,0
530228,1,1,17,17,17,17,17,17,17,17,17,17
530229,0,1,0,0,0,0,0,0,0,0,0,0
530229,1,1,0,0,0,0,0,4,0,0,0,0
530230,1,1,0,0,0,0,0,0,0,0,0,0
530231,0,1,0,0,0,0,0,0,0,0,0,0
530231,1,1,0,0,0,0,0,0,23,0,0,17
530232,1,1,0,0,0,0,0,0,0,0,0,0
530232,2,1,0,0,0,0,0,0,0,0,0,0
530233,1,1,0,0,0,0,0,0,0,0,0,0
530233,2,1,0,0,0,0,0,0,0,0,0,0
530234,1,1,0,27,13,0,0,22,0,10,0,18
530234,2,1,2,2,2,2,2,2,2,2,2,2
530235,1,1,0,0,0,0,0,0,0,7,0,0
530235,2,1,0,0,0,0,0,0,0,0,0,0
530236,1,1,0,0,0,0,0,0,0,0,0,0
530237,1,1,19,19,19,19,19,19,19,19,19,19
530237,2,1,0,0,0,0,0,0,0,0,0,0
530238,0,1,0,0,0,0,0,0,0,0,0,0
530238,1,1,22,15,0,17,0,9,9,0,0,29
530239,1,1,0,0,0,0,0,0,0,0,0,0
530239,2,1,0,0,0,0,0,0,12,0,0,0
530240,1,1,0,0,0,0,0,0,0,0,0,0
530241,1,1,0,0,0,0,0,0,0,0,0,0
530241,2,1,0,0,0,0,0,0,0,0,0,0
530242,0,1,0,0,0,0,0,0,0,0,0,0
530242,1,1,11,22,41,0,0,0,0,0,0,13
530243,0,1,30,30,30,30,30,30,30,30,30,30
530243,1,1,0,0,0,0,0,0,0,0,0,0
530244,1,1,0,0,0,0,0,0,0,0,0,0
530245,1,1,0,0,0,0,0,0,0,0,0,0
530245,2,1,0,0,0,0,0,18,20,16,0,0