ST_CASE,VEH_NO,PER_NO,P1,P2,P3,P4,P5,P6,P7,P8,P9,P10
530246,1,1,0,0,0,0,0,0,0,0,0,0
530247,1,1,0,0,0,0,0,0,0,0,0,0
530247,2,1,0,0,0,0,0,0,0,0,23,0
530248,1,1,0,0,0,0,0,0,9,0,0,0
530248,2,1,0,0,0,0,0,0,0,0,0,0
530249,1,1,22,23,0,0,0,0,0,0,0,0
530249,2,1,0,31,0,0,0,0,0,0,0,0
530250,1,1,27,27,27,27,27,27,27,27,27,27
530250,2,1,0,10,0,0,19,0,21,0,0,0
530251,1,1,0,0,0,0,0,0,0,0,0,0
530251,2,1,21,0,0,0,0,0,0,0,0,0
530252,0,1,22,0,0,0,0,0,0,0,0,17
530252,1,1,0,0,0,15,0,0,0,0,18,0
530253,1,1,27,27,27,27,27,27,27,27,27,27
530254,1,1,0,8,0,19,17,16,0,17,0,0
530255,1,1,25,25,25,25,25,25,25,25,25,25
530256,0,1,0,0,0,0,0,0,0,0,0,0
530256,1,1,0,0,0,0,0,0,0,0,0,0
530257,1,1,22,22,22,22,22,22,22,22,22,22
530258,1,1,0,0,0,0,0,0,0,0,0,0
530259,1,1,0,0,0,0,0,0,0,0,0,0
530260,1,1,5,5,5,5,5,5,5,5,5,5
530260,2,1,0,0,0,0,0,0,0,0,0,0
530260,3,1,0,5,16,12,7,11,14,5,0,6
530261,1,1,16,0,0,15,0,0,0,0,0,18
530262,1,1,0,0,0,0,0,0,0,0,0,0
530263,0,1,8,8,8,8,8,8,8,8,8,8
530263,1,1,21,13,0,0,0,0,0,0,21,0
530264,1,1,0,0,0,0,0,0,0,0,0,0
530265,1,1,0,0,0,24,0,0,0,12,7,0
530266,1,1,28,28,28,28,28,28,28,28,28,28
530266,2,1,0,14,0,14,0,16,0,0,0,0
530267,1,1,0,0,0,0,0,0,0,0,0,0
530267,2,1,0,0,0,0,0,0,0,0,0,0
530268,1,1,0,0,0,0,0,0,0,0,0,0
530268,2,1,0,0,0,0,0,0,12,0,0,0
530268,3,1,0,0,10,0,9,0,0,0,0,0
530269,1,1,42,42,42,42,42,42,42,42,42,42
530269,2,1,0,0,0,0,0,0,0,0,0,0
530270,1,1,0,0,0,0,0,0,0,0,0,0
530270,2,1,0,0,0,0,0,0,0,0,0,0
530271,1,1,14,0,0,23,14,0,0,0,0,26
530272,1,1,31,31,31,31,31,31,31,31,31,31
530274,0,1,0,0,0,0,0,0,0,0,0,0
530274,1,1,0,0,0,0,5,0,0,0,0,0
530275,1,1,0,0,0,0,0,0,0,0,0,0
530276,1,1,0,0,0,0,0,0,0,0,0,0
530276,2,1,0,0,0,0,0,14,0,0,0,0
530277,1,1,28,28,28,28,28,28,28,28,28,28
530278,1,1,26,26,26,26,26,26,26,26,26,26
530278,2,1,0,0,0,0,0,0,9,13,0,0
530279,1,1,18,18,18,18,18,18,18,18,18,18
530280,0,1,11,18,21,31,18,24,60,6,18,15
530280,0,2,0,0,0,0,0,0,0,0,0,0
530280,1,1,17,17,17,17,17,17,17,17,17,17
530281,1,1,18,18,18,18,18,18,18,18,18,18
530281,2,1,0,0,0,28,0,7,0,0,0,0
530282,1,1,0,0,20,11,0,0,18,0,0,0
530282,2,1,0,0,0,0,0,0,0,0,0,0
530283,1,1,20,20,20,20,20,20,20,20,20,20
530284,1,1,0,0,0,0,0,0,0,0,0,0
530284,2,1,0,0,0,0,0,0,0,0,0,0
530284,3,1,0,0,0,0,0,0,0,0,0,0
530285,1,1,0,0,0,0,0,0,0,0,0,0
530285,2,1,0,0,0,0,0,0,0,0,0,0
530286,1,1,0,11,0,0,0,0,25,0,0,0
530286,2,1,0,0,0,0,0,0,0,0,0,0
530287,1,1,20,20,20,20,20,20,20,20,20,20
530287,2,1,0,0,0,0,0,0,0,0,0,0
530288,1,1,0,0,0,0,0,0,0,0,0,0
530288,2,1,0,0,0,0,0,0,0,0,0,0
530288,3,1,0,0,0,0,0,0,0,0,0,0
530289,1,1,0,0,0,0,0,0,0,0,0,0
530289,2,1,30,0,0,0,0,0,0,0,0,0
530290,1,1,20,20,20,20,20,20,20,20,20,20
530290,2,1,0,0,0,0,0,0,0,0,0,0
530291,1,1,26,26,26,26,26,26,26,26,26,26
530292,1,1,18,18,18,18,18,18,18,18,18,18
530293,0,1,4,4,4,4,4,4,4,4,4,4
530293,1,1,10,19,0,0,0,0,0,0,0,0
530295,1,1,18,18,18,18,18,18,18,18,18,18
530296,1,1,24,24,24,24,24,24,24,24,24,24
530297,1,1,0,20,0,0,0,0,0,0,0,0
530297,2,1,0,0,0,0,0,0,0,0,0,0
530298,1,1,0,0,0,0,0,0,0,0,0,0
530299,1,1,22,22,22,22,22,22,22,22,22,22
530299,2,1,0,0,0,0,0,0,0,0,33,0
530300,1,1,4,0,0,0,0,0,0,0,0,12
530300,2,1,5,5,5,5,5,5,5,5,5,5
530301,1,1,22,22,22,22,22,22,22,22,22,22
530301,2,1,0,0,0,0,0,0,0,0,0,0
530302,0,1,0,0,0,0,0,0,0,0,0,0
530302,1,1,31,0,0,12,0,0,17,0,9,0
530303,0,1,0,0,0,0,0,0,0,0,0,0
530303,1,1,0,0,13,31,11,18,8,12,22,12
530304,1,1,0,0,0,0,0,0,0,0,0,0
530304,2,1,0,0,0,12,0,0,8,0,0,0
530305,1,1,0,0,0,0,0,0,0,0,0,0
530305,2,1,0,0,0,0,0,0,0,0,0,0
530306,0,1,0,0,0,0,0,0,0,0,0,0
530306,1,1,0,0,0,14,0,6,0,0,0,0
530307,1,1,18,18,18,18,18,18,18,18,18,18
530308,1,1,0,0,7,21,11,8,0,0,0,0
530308,2,1,18,0,0,15,0,13,0,20,23,26
530309,1,1,0,0,0,0,0,0,0,0,0,0
530309,2,1,0,0,0,0,0,0,0,0,0,0
530310,1,1,0,0,0,0,0,0,0,0,0,0
530310,2,1,0,0,0,0,0,0,0,0,0,13
530312,1,1,0,0,0,0,0,0,0,0,0,0
530312,2,1,0,0,0,0,0,0,0,0,0,0
530313,1,1,0,0,0,0,0,0,0,0,0,0
530313,2,1,0,0,15,0,0,0,0,0,0,0
530314,1,1,18,18,18,18,18,18,18,18,18,18
530315,1,1,0,0,0,0,0,0,0,0,0,0
530316,1,1,18,18,18,18,18,18,18,18,18,18
530316,2,1,0,0,0,0,0,0,0,0,0,0
530317,1,1,0,0,0,0,25,0,0,0,0,0
530317,2,1,0,11,0,0,0,0,0,9,0,0
530317,3,1,0,0,0,0,0,0,0,0,0,0
530319,1,1,0,0,0,0,0,0,0,0,0,0
530319,2,1,0,22,0,0,0,31,10,0,0,0
530320,1,1,0,0,7,22,0,0,0,0,0,0
530320,2,1,0,12,17,0,18,17,0,0,0,0
530321,1,1,0,0,0,0,0,0,0,0,0,0
530321,2,1,0,0,0,0,0,0,0,0,0,0
530322,1,1,22,22,22,22,22,22,22,22,22,22
530324,0,1,0,0,0,0,0,0,0,0,0,0
530324,0,2,0,0,0,0,0,0,0,0,0,0
530324,1,1,0,0,0,0,0,0,0,0,0,0
530325,1,1,0,0,0,0,0,0,0,0,0,0
530325,2,1,0,5,11,5,0,0,19,0,0,39
530326,1,1,0,0,0,0,0,0,0,0,0,0
530327,0,1,0,0,0,0,0,0,0,0,0,0
530327,1,1,0,15,0,0,0,0,0,0,0,0
530328,1,1,0,0,0,0,0,0,0,0,0,0
530329,1,1,6,6,6,6,6,6,6,6,6,6
530330,0,1,0,0,0,0,0,0,0,0,0,0
530330,1,1,0,0,0,0,0,0,0,0,0,0
530331,1,1,3,3,3,3,3,3,3,3,3,3
530332,1,1,18,18,18,18,18,18,18,18,18,18
530333,1,1,0,0,0,0,0,0,0,0,0,0
530333,2,1,0,0,0,0,0,0,0,0,0,0
530333,3,1,0,0,0,0,0,14,0,15,16,19
530334,1,1,0,0,0,0,0,0,0,0,0,7
530334,2,1,0,0,0,0,0,0,0,0,0,0
530335,1,1,5,0,22,0,0,27,23,0,8,0
530336,0,1,0,0,0,0,0,0,0,0,0,0
530336,1,1,0,0,0,14,9,0,13,0,17,0
530336,2,1,0,0,0,0,0,0,0,0,0,0
530337,1,1,9,14,5,11,0,30,17,15,31,0
530338,1,1,0,0,0,0,0,0,0,0,0,0
530338,2,1,0,0,0,0,0,0,0,0,0,0
530338,3,1,10,0,0,0,0,0,7,16,17,0
530339,1,1,1,1,1,1,1,1,1,1,1,1
530339,2,1,0,0,0,0,0,0,15,0,14,0
530340,0,1,15,15,15,15,15,15,15,15,15,15
530340,1,1,0,0,12,0,0,0,0,15,0,0
530341,1,1,0,0,0,0,0,0,0,0,0,0
530342,1,1,0,0,30,34,22,27,21,0,9,0
530343,1,1,22,22,22,22,22,22,22,22,22,22
530344,1,1,21,0,0,0,0,0,0,4,0,0
530345,1,1,4,0,0,17,0,17,3,0,0,0
530345,2,1,10,15,30,0,0,10,0,0,0,0
530346,1,1,16,16,18,0,20,0,14,0,12,12
530346,2,1,0,0,0,0,0,0,0,0,0,0
530348,1,1,10,0,6,11,9,0,0,4,23,12
530348,2,1,4,19,15,0,7,0,22,4,3,0
530349,1,1,11,11,11,11,11,11,11,11,11,11
530350,1,1,0,0,0,0,0,0,24,0,0,0
530350,2,1,0,0,0,0,0,0,0,0,0,0
530350,3,1,0,10,0,0,4,0,22,0,0,0
530350,4,1,0,0,0,0,0,0,0,0,0,0
530351,1,1,16,16,16,16,16,16,16,16,16,16
530352,1,1,0,0,0,0,0,0,0,0,0,0
530352,2,1,0,0,0,0,0,0,0,0,0,0
530353,1,1,0,0,0,0,0,0,0,0,0,0
530353,2,1,0,0,0,14,0,0,0,0,0,0
530354,1,1,16,16,16,16,16,16,16,16,16,16
530355,1,1,30,11,8,20,0,0,14,0,0,0
530355,2,1,0,0,5,0,0,0,38,0,0,0
530355,3,1,0,18,11,0,0,9,0,0,0,8
530356,1,1,0,29,0,0,0,0,0,0,0,0
530356,2,1,0,0,0,0,0,0,0,0,0,0
530357,0,1,0,0,0,0,0,0,0,0,0,0
530357,1,1,0,0,0,0,0,0,0,0,0,0
530358,1,1,30,0,0,0,0,0,0,0,0,0
530358,2,1,0,0,0,0,0,0,0,0,0,0
530358,3,1,0,0,0,0,0,0,0,0,0,35
530358,4,1,0,0,12,0,0,0,0,0,0,0
530359,1,1,0,0,0,0,0,0,0,0,0,0
530359,2,1,2,2,2,2,2,2,2,2,2,2
530360,1,1,12,12,12,12,12,12,12,12,12,12
530362,1,1,0,0,0,0,0,0,0,0,0,0
530362,2,1,0,0,0,0,0,0,0,0,0,0
530363,1,1,10,10,10,10,10,10,10,10,10,10
530364,1,1,0,0,0,0,0,0,0,0,8,0
530364,2,1,0,0,0,0,0,0,0,0,0,0
530365,1,1,19,19,19,19,19,19,19,19,19,19
530365,2,1,15,0,0,12,0,0,23,12,0,0
530366,0,1,0,19,0,0,25,11,22,15,33,0
530366,1,1,0,0,0,23,0,0,0,0,0,0
530367,1,1,12,12,12,12,12,12,12,12,12,12
530368,1,1,13,13,13,13,13,13,13,13,13,13
530369,1,1,0,0,0,0,0,0,0,0,0,0
530369,2,1,0,0,0,0,0,0,0,0,0,0
530370,1,1,0,0,0,0,0,0,0,0,0,0
530370,2,1,0,7,0,0,0,0,0,0,0,0
530370,3,1,0,0,0,0,17,0,0,0,0,0
530371,1,1,18,18,18,18,18,18,18,18,18,18
530371,2,1,0,12,0,0,0,0,14,0,13,13
530372,0,1,25,25,25,25,25,25,25,25,25,25
530372,1,1,23,9,0,18,7,15,0,0,11,0
530373,1,1,0,0,0,0,0,0,0,0,0,0
530373,2,1,0,0,0,0,0,0,0,0,0,0
530374,0,1,33,33,33,33,33,33,33,33,33,33
530374,1,1,6,50,29,9,20,21,9,0,0,0
530375,0,1,7,7,7,7,7,7,7,7,7,7
530375,1,1,0,0,0,0,0,0,0,0,0,0
530376,1,1,24,24,24,24,24,24,24,24,24,24
530376,2,1,0,0,0,0,0,0,0,0,0,0
530376,3,1,0,0,0,0,0,0,0,0,0,0
530377,1,1,0,0,0,0,0,0,0,0,0,0
530377,2,1,0,27,9,23,0,0,7,19,13,0
530378,1,1,0,0,0,0,0,0,0,0,0,0
530379,1,1,33,33,33,33,33,33,33,33,33,33
530379,2,1,0,0,0,0,0,0,11,0,16,0
530380,0,1,13,13,13,13,13,13,13,13,13,13
530380,1,1,0,0,0,0,0,0,0,0,0,0
530381,0,1,0,0,0,0,0,0,0,0,0,0
530381,1,1,0,0,0,0,0,0,0,0,0,0
530382,1,1,0,0,0,0,0,0,0,0,0,0
530382,2,1,0,0,0,0,0,0,0,0,0,0
530383,1,1,14,14,14,14,14,14,14,14,14,14
530384,0,1,0,15,0,0,9,0,17,8,0,0
530384,1,1,0,13,14,12,0,22,15,0,0,0
530386,1,1,0,0,0,0,0,0,0,0,0,0
530387,0,1,0,0,0,0,0,0,6,0,0,0
530387,1,1,0,0,19,0,0,0,0,0,0,0
530387,2,1,0,0,0,0,0,0,0,10,8,0
530387,3,1,0,0,0,23,0,0,0,0,0,0
530389,0,1,0,24,0,0,3,0,0,21,25,0
530389,0,2,0,0,0,0,0,0,0,0,0,0
530389,1,1,0,0,0,0,0,0,0,0,0,0
530390,0,1,0,0,0,0,0,0,0,0,0,0
530390,1,1,0,0,0,0,0,0,0,0,0,0
530391,1,1,0,0,0,0,0,0,0,0,0,0
530391,2,1,0,0,0,0,10,0,0,0,0,0
530392,0,1,22,9,0,19,0,4,24,8,0,0
530392,1,1,0,0,0,0,0,12,0,0,0,0
530393,1,1,11,11,11,11,11,11,11,11,11,11
530395,1,1,0,0,0,0,0,0,0,0,0,0
530398,1,1,0,0,0,0,0,0,0,0,0,0
530398,2,1,0,17,0,0,0,0,0,0,22,20
530399,0,1,0,0,0,0,0,0,0,0,0,0
530399,1,1,0,17,0,0,22,0,0,0,0,0
530400,0,1,0,24,7,0,0,0,18,0,11,0
530400,1,1,0,0,0,0,0,0,0,0,0,0
530401,1,1,8,8,8,8,8,8,8,8,8,8
530401,2,1,0,5,0,0,0,16,0,0,0,0
530402,0,1,24,0,15,0,0,0,0,3,22,0
530402,1,1,0,0,0,0,0,0,0,0,0,0
530403,1,1,17,17,17,17,17,17,17,17,17,17
530404,1,1,0,0,0,0,0,0,0,0,0,0
530404,2,1,6,6,6,6,6,6,6,6,6,6
530405,0,1,0,0,0,0,0,0,0,0,0,0
530405,1,1,0,0,16,0,0,0,4,0,0,22
530406,0,1,34,34,34,34,34,34,34,34,34,34
530406,1,1,0,0,0,0,12,0,0,0,0,0
530407,1,1,0,7,0,0,0,0,0,0,0,15
530407,2,1,0,0,0,0,0,0,0,0,27,0
530409,0,1,0,0,37,0,0,14,14,56,0,6
530409,1,1,0,0,0,0,0,0,0,0,0,0
530409,2,1,0,0,0,0,0,0,0,0,0,0
530410,1,1,0,0,0,0,0,0,0,0,0,0
530410,2,1,0,5,0,17,12,0,0,0,0,8
530410,3,1,0,0,0,30,0,0,0,15,0,0
530411,1,1,0,0,0,0,0,0,0,0,0,0
530411,2,1,0,0,0,0,0,0,0,0,0,0
530412,1,1,14,14,14,14,14,14,14,14,14,14
530413,0,1,15,15,15,15,15,15,15,15,15,15
530413,1,1,0,0,0,0,0,0,0,13,0,0
530414,1,1,12,12,12,12,12,12,12,12,12,12
530415,1,1,0,0,0,16,26,0,0,10,17,0
530415,2,1,0,0,0,0,0,0,0,0,0,0
530416,1,1,0,0,32,0,0,0,0,12,0,0
530416,2,1,0,0,0,0,0,0,0,0,0,0
530417,1,1,0,0,0,0,0,0,0,0,0,0
530418,1,1,0,0,0,0,0,0,0,11,0,0
530419,1,1,16,16,16,16,16,16,16,16,16,16
530420,1,1,15,0,0,0,6,31,25,14,0,10
530420,2,1,0,0,0,0,0,0,0,0,0,0
530421,1,1,23,17,0,9,0,8,0,13,41,0
530421,2,1,0,0,17,28,18,0,0,19,26,0
530422,0,1,0,0,0,0,0,0,0,0,0,0
530422,1,1,0,0,0,6,0,0,13,0,0,0
530422,2,1,17,0,0,15,0,0,0,0,0,0
530423,1,1,0,0,0,0,0,0,0,0,0,0
530423,2,1,0,0,10,0,0,0,0,0,0,0
530423,3,1,0,0,0,0,4,0,0,0,0,0
530424,0,1,10,0,21,0,0,0,8,14,0,14
530424,1,1,0,0,10,0,0,0,15,0,0,7
530425,0,1,0,0,0,0,0,0,0,0,0,0
530425,1,1,0,0,0,15,9,0,0,0,15,0
530426,1,1,0,0,0,0,0,0,0,0,0,0
530426,2,1,0,8,0,0,0,33,0,0,0,0
530427,1,1,0,20,0,0,0,0,15,0,0,0
530428,1,1,0,0,0,0,0,0,0,0,0,0
530429,1,1,0,0,14,0,0,0,0,0,0,0
530430,1,1,17,17,17,17,17,17,17,17,17,17
530431,1,1,0,0,0,0,0,0,0,15,0,0
530431,2,1,17,0,0,0,27,0,0,0,0,0
530432,1,1,25,25,25,25,25,25,25,25,25,25
530432,2,1,11,0,10,7,9,0,0,0,0,0
530434,1,1,0,0,0,0,6,0,0,0,0,0
530434,2,1,0,0,0,0,0,0,0,0,0,0
530435,1,1,6,6,6,6,6,6,6,6,6,6
530436,1,1,0,0,0,0,0,0,0,0,0,0
530436,2,1,0,0,0,0,0,0,0,0,0,0
530437,1,1,0,3,0,9,0,0,0,0,13,0
530437,2,1,0,0,0,0,0,0,0,0,0,0
530437,3,1,0,0,0,0,0,0,0,0,0,0
530438,0,1,0,0,0,0,0,0,0,0,0,0
530438,1,1,0,10,0,0,14,9,4,19,0,0
530439,1,1,24,24,24,24,24,24,24,24,24,24
530440,1,1,0,7,4,7,12,12,31,0,16,29
530440,2,1,0,44,0,0,8,0,7,0,0,15
530441,0,1,27,27,27,27,27,27,27,27,27,27
530441,1,1,0,0,0,0,0,0,0,0,0,0
530441,2,1,0,0,0,0,0,0,0,4,0,0
530442,0,1,0,0,0,0,0,0,0,0,0,0
530442,1,1,16,2,13,0,18,23,22,18,22,0
530443,1,1,0,0,0,0,0,0,0,0,0,0
530443,2,1,0,14,10,21,18,0,29,12,0,0
530444,0,1,0,0,0,0,0,0,0,0,0,0
530444,1,1,0,0,17,0,16,0,6,7,0,12
530445,0,1,0,0,0,0,0,0,0,0,0,0
530445,1,1,0,0,0,0,0,0,0,0,0,0
530446,1,1,0,0,0,0,0,0,0,0,0,0
530446,2,1,18,0,0,0,0,0,0,0,0,0
530447,1,1,0,0,0,0,0,0,18,0,0,0
530448,0,1,44,44,44,44,44,44,44,44,44,44
530448,1,1,0,0,0,0,0,0,0,0,0,0
530449,0,1,0,0,0,0,0,0,0,0,0,0
530449,1,1,0,0,0,0,0,0,0,0,0,0
530450,0,1,2,2,2,2,2,2,2,2,2,2
530450,1,1,0,0,0,0,7,0,16,0,0,0
530451,1,1,0,0,0,4,0,0,0,9,0,3
530451,2,1,0,0,32,12,0,0,11,25,11,9
530452,1,1,0,0,0,13,17,0,0,0,19,0
530452,2,1,0,0,0,0,0,0,0,0,18,0
530453,1,1,0,0,0,0,22,13,7,0,0,0
530453,2,1,5,0,0,0,0,15,0,0,0,0
530454,1,1,0,17,0,0,0,0,0,0,0,0
530454,2,1,0,0,0,0,0,0,0,0,0,0
530454,3,1,0,0,0,0,26,0,0,0,0,0
530455,1,1,0,0,0,0,0,0,0,0,0,0
530455,2,1,0,0,0,0,0,0,0,0,0,0
530456,1,1,23,23,23,23,23,23,23,23,23,23
530456,2,1,14,14,14,14,14,14,14,14,14,14
530457,1,1,0,0,0,0,0,0,0,0,0,0
530458,1,1,24,24,24,24,24,24,24,24,24,24
530459,0,1,0,0,0,0,0,0,0,0,0,0
530459,1,1,0,0,0,0,13,0,15,0,0,0
530460,1,1,0,0,0,0,0,0,0,0,0,0
530460,2,1,0,0,0,9,0,0,0,0,0,0
530460,3,1,0,0,0,0,0,9,0,0,0,0
530460,4,1,0,0,6,12,0,0,0,0,0,0
530461,1,1,0,0,0,0,0,8,8,0,0,0
530461,2,1,32,0,0,0,0,0,25,0,0,0
530462,1,1,29,29,29,29,29,29,29,29,29,29
530463,1,1,0,0,0,0,0,0,0,0,0,0
530463,2,1,0,0,0,0,0,0,0,0,0,0
530464,1,1,0,18,0,0,16,0,39,0,0,0
530464,2,1,0,4,0,0,0,0,11,0,0,0
530465,1,1,3,3,3,3,3,3,3,3,3,3
530466,1,1,22,22,22,22,22,22,22,22,22,22
530466,2,1,7,0,0,0,0,17,0,0,0,0
530467,0,1,0,0,0,0,0,0,0,0,0,0
530467,0,2,0,0,0,0,0,0,23,0,33,25
530467,1,1,12,10,37,2,6,10,21,10,25,10
530468,1,1,23,23,23,23,23,23,23,23,23,23
530468,2,1,15,0,0,18,0,0,0,6,0,0
530469,1,1,3,3,3,3,3,3,3,3,3,3
530469,2,1,0,0,0,0,0,0,0,0,0,0
530470,1,1,33,0,16,25,23,0,15,0,0,0
530471,0,1,0,0,0,0,0,0,0,0,0,0
530471,1,1,0,0,13,18,0,0,0,9,6,0
530472,1,1,0,0,0,0,0,0,0,0,0,0
530472,2,1,0,0,0,0,0,0,0,0,0,0
530472,3,1,0,0,0,0,0,0,0,0,0,0
530472,4,1,0,0,0,0,0,0,0,0,0,0
530472,5,1,0,16,0,0,0,0,0,0,0,0
530472,6,1,10,31,4,11,0,24,0,0,7,0
530472,7,1,25,0,0,6,27,21,0,9,0,0
530473,1,1,0,0,0,0,0,0,0,0,0,0
530473,2,1,0,0,0,0,0,0,0,0,0,0
530474,1,1,0,0,0,0,0,0,0,0,0,0
530474,2,1,0,0,0,0,0,0,0,0,0,0
530475,0,1,0,0,0,0,0,0,0,0,0,0
530475,1,1,0,0,0,0,0,0,0,0,0,0
530476,1,1,22,0,21,0,0,0,19,0,10,7
530476,2,1,0,0,0,0,0,0,0,0,0,0
530477,1,1,33,33,33,33,33,33,33,33,33,33
530477,2,1,0,0,0,0,0,0,0,0,0,0
530478,0,1,32,32,32,32,32,32,32,32,32,32
530478,1,1,8,0,17,16,18,0,3,0,0,0
530479,1,1,5,5,5,5,5,5,5,5,5,5
530480,0,1,0,0,0,0,0,0,0,0,0,0
530480,1,1,0,0,0,0,0,0,0,0,0,0
530481,1,1,23,23,23,23,23,23,23,23,23,23
530482,1,1,0,0,0,0,0,0,0,0,0,0
530482,2,1,0,0,18,13,0,0,0,0,4,0
530483,1,1,0,0,0,0,0,0,0,0,0,0
530483,2,1,0,0,0,0,9,0,0,0,0,0
530484,1,1,0,0,0,0,0,0,0,0,0,0
530485,1,1,0,0,0,0,0,0,0,0,0,0
530486,1,1,20,20,20,20,20,20,20,20,20,20
530486,2,1,0,0,0,0,0,0,0,0,0,0
530487,0,1,0,0,0,0,0,0,0,0,0,0
530487,1,1,21,10,0,0,0,0,28,0,35,0
530488,1,1,33,33,33,33,33,33,33,33,33,33
530489,0,1,0,0,0,0,0,0,0,0,0,0
530489,1,1,0,0,0,0,8,0,0,0,38,0
530490,0,1,0,0,0,0,0,0,0,0,0,0
530490,1,1,0,0,0,0,0,0,34,0,0,0
530491,1,1,0,0,24,0,0,0,19,0,0,9
530492,1,1,18,0,0,0,0,0,0,0,0,0
530492,2,1,0,0,0,0,0,0,0,0,0,0
530492,3,1,7,16,0,0,0,0,7,0,0,0
530492,4,1,0,0,0,0,0,0,0,0,0,0
530492,5,1,0,0,0,0,0,0,0,0,0,0
530493,1,1,17,17,17,17,17,17,17,17,17,17
530494,1,1,0,0,0,0,0,0,0,0,0,0
530494,2,1,0,0,23,5,11,0,0,0,0,0
530495,0,1,0,0,43,0,0,9,0,31,0,31
530495,1,1,0,0,0,16,0,0,30,0,0,17
530496,0,1,15,0,0,0,15,0,25,0,0,4
530496,1,1,20,0,35,25,3,6,0,0,0,14
530497,1,1,0,0,0,4,0,17,0,9,0,3
530498,1,1,8,0,0,0,0,0,0,0,0,16
530498,2,1,34,0,0,0,0,0,0,0,0,0
530499,0,1,0,0,0,0,0,0,0,0,0,0
530499,1,1,0,0,0,0,0,0,0,0,0,0
530500,1,1,32,6,0,11,28,26,26,23,17,21
530501,1,1,1,1,1,1,1,1,1,1,1,1
530501,2,1,0,0,0,0,0,0,0,0,0,0
530502,0,1,0,0,0,0,0,0,0,0,0,0
530502,1,1,9,0,5,11,18,0,0,20,0,0
530503,1,1,0,0,0,0,0,0,0,0,0,0
530503,2,1,0,0,0,0,0,0,0,0,0,0
530504,1,1,0,0,0,0,0,0,0,0,0,0
530504,2,1,0,16,6,11,0,0,0,0,0,14
530505,1,1,0,0,0,0,0,0,0,0,0,0
530505,2,1,0,0,0,0,0,0,0,0,0,0
530506,1,1,0,0,0,0,0,0,0,0,0,0
530507,0,1,0,0,0,0,0,0,0,0,0,0
530507,1,1,17,0,0,0,0,11,0,0,21,0
530508,1,1,0,0,0,0,0,0,0,0,0,0
530508,2,1,0,0,0,0,0,12,0,0,0,0
530508,3,1,0,8,0,0,0,0,0,0,0,0
530508,4,1,9,0,0,0,0,0,22,0,0,0
530509,1,1,0,0,0,0,0,0,0,0,0,0
530510,1,1,9,32,3,0,12,11,23,10,17,26
530511,1,1,1,1,1,1,1,1,1,1,1,1
530511,2,1,0,0,0,0,0,0,0,0,5,0
530512,0,1,23,23,23,23,23,23,23,23,23,23
530512,1,1,0,0,0,0,0,0,0,0,0,0
530513,1,1,8,8,8,8,8,8,8,8,8,8
530514,0,1,0,0,0,0,0,0,0,0,0,0
530514,1,1,11,11,9,12,0,0,0,0,6,2
530515,1,1,15,15,15,15,15,15,15,15,15,15
530516,1,1,6,6,6,6,6,6,6,6,6,6
530517,1,1,0,0,0,0,0,0,0,0,0,0
530517,2,1,16,16,20,7,9,12,0,31,0,0
530517,3,1,0,0,23,0,19,0,28,0,14,0
530518,1,1,20,20,20,20,20,20,20,20,20,20
530519,1,1,0,0,0,0,0,0,0,0,0,0
530519,2,1,0,0,13,0,0,0,0,6,0,0
530521,1,1,0,0,0,0,0,29,0,16,0,0
530522,0,1,0,0,0,0,0,0,0,0,0,0
530522,1,1,28,11,21,17,7,10,23,10,15,21
530523,1,1,0,0,0,0,0,0,0,0,0,0
530523,2,1,0,19,0,0,0,7,19,0,0,22
530524,0,1,0,0,0,0,0,0,0,0,0,0
530524,1,1,24,9,13,14,16,17,16,18,3,0
530525,0,1,0,0,0,0,0,0,0,0,0,0
530525,1,1,0,0,0,0,0,0,0,0,0,0
530525,2,1,0,0,0,12,6,9,0,0,0,7
530526,1,1,0,0,0,0,0,0,0,0,0,0
530526,2,1,0,0,0,0,0,0,0,0,0,0
530526,3,1,0,0,0,0,0,0,0,0,0,0
530526,4,1,0,0,0,14,0,0,0,13,0,0
530527,0,1,0,0,0,0,0,0,0,0,0,0
530527,1,1,0,0,0,0,0,0,0,0,0,0
530528,1,1,9,0,0,0,0,0,0,0,0,0
530528,2,1,0,0,0,0,0,0,0,0,0,0
530529,0,1,0,0,0,0,0,0,0,0,0,0
530530,0,1,0,0,0,0,0,0,0,0,0,0
530530,1,1,0,0,0,2,0,0,0,13,0,0
530531,0,1,0,2,24,0,0,36,15,0,0,0
530531,1,1,8,0,0,0,0,0,17,0,0,20
530532,1,1,0,0,0,38,0,0,11,0,18,0
530532,2,1,0,11,0,17,0,5,0,0,0,30
530533,1,1,6,0,0,0,0,0,0,0,0,0