ST_CASE,VEH_NO,PER_NO,P1,P2,P3,P4,P5,P6,P7,P8,P9,P10
550031,1,1,24,24,24,24,24,24,24,24,24,24
550032,1,1,0,0,0,0,0,0,0,0,0,0
550032,2,1,0,0,0,0,0,0,0,0,0,0
550034,1,1,0,0,0,0,0,24,0,0,0,0
550034,2,1,0,0,0,0,22,17,0,0,0,0
550035,1,1,22,22,22,22,22,22,22,22,22,22
550035,2,1,0,0,0,0,0,0,0,0,0,0
550036,1,1,0,0,0,0,9,0,0,0,0,0
550036,2,1,3,15,0,0,0,0,0,0,0,0
550037,1,1,0,0,0,0,19,0,0,0,0,0
550038,1,1,0,0,0,0,0,0,15,0,0,0
550038,2,1,14,12,12,16,0,15,9,15,7,16
550039,1,1,0,0,0,0,0,0,0,0,0,0
550039,2,1,0,0,0,0,0,0,0,0,0,0
550040,1,1,0,0,0,0,0,0,0,0,0,0
550041,1,1,0,0,0,0,0,0,19,0,0,0
550041,2,1,0,0,0,0,0,0,0,0,0,0
550042,1,1,0,0,7,0,0,0,0,0,0,8
550042,2,1,0,0,0,0,0,28,0,0,0,11
550043,1,1,0,0,0,0,0,0,0,0,0,0
550043,2,1,0,0,0,0,0,0,0,0,0,0
550044,1,1,0,0,0,0,0,0,12,0,0,0
550044,2,1,0,0,0,0,0,0,0,0,0,0
550045,1,1,0,0,0,0,0,0,0,0,0,0
550045,2,1,0,0,0,0,0,0,0,0,0,0
550046,1,1,0,0,0,0,0,0,0,0,0,0
550046,2,1,0,0,0,0,0,0,0,0,0,0
550047,1,1,0,0,0,0,0,0,0,0,0,0
550047,2,1,0,0,0,0,0,0,0,0,0,0
550048,1,1,0,0,6,0,0,0,24,4,0,8
550049,1,1,24,24,24,24,24,24,24,24,24,24
550049,2,1,0,0,0,0,0,0,0,0,0,0
550050,0,1,0,0,0,0,0,0,0,0,0,0
550050,0,2,0,0,0,0,0,0,0,0,0,0
550050,1,1,0,0,0,19,0,0,0,0,0,23
550051,1,1,0,0,0,0,0,0,0,0,0,0
550052,1,1,0,0,0,0,0,0,0,0,0,0
550052,2,1,11,7,11,18,9,16,33,7,14,20
550053,1,1,17,0,0,0,0,0,0,0,0,0
550053,2,1,0,0,0,0,0,0,0,0,0,0
550054,1,1,0,0,0,0,0,0,0,0,0,0
550055,1,1,29,29,29,29,29,29,29,29,29,29
550055,2,1,0,0,0,0,0,0,0,0,0,0
550055,3,1,0,0,0,0,0,0,0,0,0,0
550056,0,1,19,0,0,0,0,0,0,0,0,0
550056,1,2,0,0,0,0,0,0,0,0,0,0
550057,1,1,0,0,0,0,0,0,0,0,0,0
550057,2,1,0,0,0,14,0,0,0,16,0,0
550058,0,1,0,0,0,0,0,0,0,0,0,0
550058,1,1,4,4,4,4,4,4,4,4,4,4
550059,0,1,11,6,31,0,16,0,0,12,0,23
550059,1,1,0,14,0,0,0,0,0,0,0,28
550060,0,1,0,0,0,0,0,0,0,0,0,0
550060,1,1,0,0,0,0,0,0,0,0,0,0
550062,0,1,40,40,40,40,40,40,40,40,40,40
550062,1,1,0,0,0,0,0,0,0,0,0,0
550063,1,1,15,26,23,26,27,0,30,14,6,15
550064,1,1,17,8,13,26,8,0,17,0,19,17
550065,1,1,0,0,0,0,0,0,0,0,0,0
550065,2,1,0,0,0,0,0,0,0,0,0,0
550066,1,1,21,21,21,21,21,21,21,21,21,21
550067,1,1,26,0,0,0,0,0,0,0,0,0
550069,1,1,16,16,16,16,16,16,16,16,16,16
550070,0,1,0,0,3,0,0,0,0,0,0,0
550070,1,1,17,9,46,18,28,17,20,20,23,7
550071,1,1,0,0,0,0,0,0,0,0,0,0
550072,1,1,0,0,24,0,0,0,0,0,0,0
550075,1,1,0,0,0,0,0,0,0,0,0,0
550075,2,1,0,0,0,0,0,0,0,0,0,0
550076,1,1,0,0,0,0,0,0,0,0,0,0
550076,2,1,0,0,0,0,21,0,0,0,0,0
550077,1,1,16,16,16,16,16,16,16,16,16,16
550078,1,1,0,0,8,0,0,0,0,0,0,0
550078,2,1,17,17,17,17,17,17,17,17,17,17
550079,1,1,11,11,11,11,11,11,11,11,11,11
550080,1,1,0,0,0,0,0,0,0,0,0,0
550080,2,1,0,0,0,0,0,0,0,0,0,0
550081,0,1,0,0,0,0,0,0,0,0,36,0
550081,1,1,0,0,0,0,0,0,0,0,0,0
550082,0,1,0,0,0,0,0,0,0,0,0,0
550082,1,1,0,0,0,0,0,0,0,0,0,0
550083,1,1,0,0,0,21,17,3,2,5,0,34
550083,2,1,22,0,0,18,16,9,0,0,0,0
550084,1,1,20,22,0,0,0,0,0,28,0,0
550085,1,1,25,25,25,25,25,25,25,25,25,25
550086,1,1,11,5,27,13,22,22,17,25,17,0
550086,2,1,0,0,0,0,0,0,0,0,0,0
550087,1,1,26,15,25,28,10,0,0,36,24,12
550088,1,1,0,0,0,0,0,0,0,0,0,0
550088,2,1,6,6,6,6,6,6,6,6,6,6
550090,1,1,0,0,0,0,0,0,0,0,0,0
550090,2,1,0,0,0,0,0,0,0,0,0,0
550091,1,1,0,0,0,0,0,0,0,0,0,0
550091,2,1,0,0,0,0,0,0,0,0,0,0
550092,1,1,14,14,14,14,14,14,14,14,14,14
550093,1,1,9,9,9,9,9,9,9,9,9,9
550094,1,1,0,0,0,0,0,0,0,0,0,0
550095,1,1,0,0,4,0,0,0,0,0,0,0
550097,1,1,0,0,0,0,0,0,0,11,21,0
550097,2,1,0,0,0,0,0,0,0,0,0,0
550098,1,1,23,23,23,23,23,23,23,23,23,23
550099,1,1,3,3,3,3,3,3,3,3,3,3
550100,1,1,15,15,15,15,15,15,15,15,15,15
550100,2,1,0,0,0,0,0,0,0,0,20,0
550101,0,1,0,0,0,0,0,0,0,0,0,0
550101,1,1,0,0,0,0,0,0,0,0,0,0
550102,1,1,0,0,0,0,0,0,0,0,0,0
550103,1,1,17,33,7,27,22,0,31,39,11,11
550104,1,1,17,17,17,17,17,17,17,17,17,17
550105,1,1,6,6,6,6,6,6,6,6,6,6
550106,1,1,23,23,23,23,23,23,23,23,23,23
550106,2,1,0,0,0,0,0,0,0,0,0,0
550107,1,1,17,17,17,17,17,17,17,17,17,17
550108,1,1,0,0,0,0,0,0,0,0,0,0
550108,2,1,0,0,0,0,0,0,0,0,0,0
550109,1,1,0,0,13,0,0,0,23,0,0,0
550110,1,1,0,0,0,0,0,0,0,0,0,0
550111,1,1,0,0,0,6,0,0,0,0,0,0
550112,1,1,22,22,22,22,22,22,22,22,22,22
550113,1,1,0,0,0,0,0,0,0,0,0,0
550114,1,1,14,29,9,21,12,25,30,26,15,18
550115,1,1,28,28,28,28,28,28,28,28,28,28
550116,1,1,0,0,0,0,0,0,0,0,0,0
550116,2,1,0,0,0,0,0,0,0,0,0,0
550117,0,1,3,26,13,46,21,8,33,27,4,3
550117,1,1,0,34,23,0,29,0,18,0,0,0
550118,1,1,0,0,0,0,0,0,0,0,0,0
550118,2,1,0,0,7,0,0,0,0,0,0,12
550119,1,1,0,0,0,0,10,0,0,0,0,0
550120,1,1,0,0,0,0,0,0,0,0,0,0
550120,2,1,0,0,0,0,2,0,0,0,4,0
550121,1,1,7,7,7,7,7,7,7,7,7,7
550122,1,1,0,0,0,0,0,15,0,0,0,0
550122,2,1,0,0,0,0,0,0,0,0,0,0
550123,1,1,0,0,0,0,0,0,0,0,0,0
550123,2,1,0,0,0,0,0,0,0,0,0,0
550124,1,1,0,0,0,0,0,0,0,0,0,0
550125,1,1,0,0,0,0,0,0,0,0,0,0
550125,2,1,20,0,0,0,0,0,0,0,0,0
550126,1,1,0,0,0,0,0,0,0,17,0,0
550126,2,1,0,0,0,0,0,0,0,0,0,0
550127,1,1,18,18,18,18,18,18,18,18,18,18
550128,0,1,0,0,0,0,0,0,28,0,0,0
550128,1,1,0,0,0,0,0,0,0,0,0,0
550129,1,1,12,12,12,12,12,12,12,12,12,12
550129,2,1,0,13,0,0,0,0,0,0,0,0
550130,1,1,21,4,18,20,12,16,15,12,23,14
550131,0,1,0,0,0,0,0,0,0,0,24,0
550131,1,1,7,9,25,15,0,11,12,13,5,0
550132,1,1,0,0,0,0,0,0,0,0,0,0
550133,0,1,0,0,0,0,0,0,0,0,0,0
550133,1,1,33,3,0,0,0,0,0,0,0,0
550134,1,1,0,0,0,0,0,0,0,0,0,0
550134,2,1,0,0,0,0,0,0,0,0,0,0
550135,1,1,0,0,0,0,0,0,0,0,0,0
550135,2,1,0,0,0,0,0,0,0,0,0,0
550135,3,1,0,0,0,0,0,0,0,0,0,0
550136,1,1,0,0,0,0,0,0,0,0,0,0
550137,1,1,17,17,17,17,17,17,17,17,17,17
550138,1,1,0,0,0,0,0,0,0,10,0,0
550138,2,1,0,0,0,0,0,0,0,0,0,0
550139,1,1,0,0,0,0,0,0,0,0,0,0
550139,2,1,0,0,0,0,0,0,0,0,0,0
550140,1,1,14,14,14,14,14,14,14,14,14,14
550141,1,1,0,0,0,7,0,0,0,0,0,0
550141,2,1,7,7,7,7,7,7,7,7,7,7
550142,1,1,0,0,0,0,0,0,0,0,0,0
550142,2,1,0,0,0,0,0,0,0,0,0,0
550143,1,1,0,0,0,0,0,0,0,0,0,0
550143,2,1,0,0,0,0,0,0,0,0,0,0
550144,1,1,0,0,0,0,0,0,9,42,26,0
550144,2,1,0,0,0,0,0,0,0,0,0,0
550145,1,1,13,13,13,13,13,13,13,13,13,13
550145,2,1,0,0,0,0,0,0,0,0,0,0
550146,1,1,13,13,13,13,13,13,13,13,13,13
550147,1,1,25,13,15,8,26,24,8,22,8,22
550148,0,1,0,0,0,0,0,0,0,22,0,0
550148,0,2,0,0,21,0,0,0,0,0,0,0
550148,1,1,0,0,14,23,0,0,0,0,0,0
550149,1,1,0,0,0,0,0,0,0,0,0,0
550149,2,1,0,0,0,0,0,0,0,0,0,0
550150,1,1,12,12,12,12,12,12,12,12,12,12
550151,1,1,7,4,11,1,11,9,5,11,7,9
550152,1,1,37,19,17,11,7,13,10,9,6,9
550153,1,1,0,0,0,0,0,0,0,0,0,0
550153,2,1,0,0,0,0,0,0,0,0,0,0
550153,3,1,10,10,10,10,10,10,10,10,10,10
550154,1,1,0,0,0,0,0,0,0,0,0,38
550155,1,1,15,0,0,0,0,0,0,0,0,0
550156,1,1,0,0,0,0,0,0,0,0,0,0
550157,1,1,12,0,4,0,13,0,16,24,18,6
550158,1,1,27,27,27,27,27,27,27,27,27,27
550160,1,1,21,21,21,21,21,21,21,21,21,21
550161,1,1,7,7,7,7,7,7,7,7,7,7
550161,2,1,0,0,0,0,0,0,0,17,0,0
550162,1,1,23,23,23,23,23,23,23,23,23,23
550163,1,1,0,0,0,0,0,0,0,0,0,0
550163,2,1,0,0,0,0,0,0,0,0,0,0
550164,1,1,21,21,21,21,21,21,21,21,21,21
550165,1,1,17,0,0,0,0,0,0,0,0,0
550165,2,1,0,0,0,0,0,0,0,0,0,0
550166,1,1,0,0,0,0,0,0,0,0,0,0
550167,1,1,2,2,2,2,2,2,2,2,2,2
550168,0,1,0,0,0,0,0,0,0,0,0,0
550168,1,1,0,0,0,0,0,0,0,0,0,0
550169,1,1,0,0,0,0,0,0,0,0,6,0
550169,2,1,0,0,11,0,19,0,0,0,0,0
550169,3,1,0,0,0,0,0,0,0,0,0,0
550169,4,1,0,0,0,0,0,30,0,0,0,0
550169,5,1,0,0,0,12,0,0,0,0,0,0
550169,6,1,0,0,0,0,0,0,0,0,0,0
550169,7,1,0,0,0,0,0,0,0,0,0,0
550169,8,1,0,0,0,0,0,0,0,0,0,0
550170,1,1,0,0,0,0,0,0,0,0,0,0
550170,2,1,0,0,0,0,0,0,0,0,0,0
550170,3,1,0,0,0,0,0,0,30,0,0,0
550170,4,1,0,0,0,0,0,0,33,0,0,0
550171,1,1,0,0,0,0,0,0,0,0,8,0
550172,1,1,2,2,2,2,2,2,2,2,2,2
550172,2,1,0,0,0,0,0,0,0,0,0,0
550173,1,1,0,0,0,0,0,0,0,0,0,0
550173,2,1,0,0,25,0,0,0,0,0,0,0
550173,3,1,0,0,0,0,0,12,0,0,0,0
550174,1,1,0,0,0,0,0,0,0,0,0,0
550175,1,1,0,0,0,0,0,0,0,0,0,0
550175,2,1,0,0,0,0,0,0,0,0,0,0
550175,3,1,0,0,0,0,0,0,0,0,0,0
550176,1,1,0,0,0,0,0,0,0,0,0,0
550177,1,1,0,23,0,0,0,0,0,0,0,0
550178,1,1,0,0,0,0,0,0,0,0,0,0
550178,2,1,0,0,0,0,0,0,0,0,0,0
550179,1,1,1,17,6,28,25,16,31,11,8,16
550180,1,1,0,0,0,0,0,0,0,0,0,0
550181,1,1,0,0,0,0,0,0,0,0,0,0
550182,1,1,0,17,0,0,0,0,2,0,30,0
550183,1,1,0,0,0,0,0,0,0,0,0,0
550183,2,1,0,0,0,0,0,0,0,0,0,0
550183,3,1,0,0,0,0,0,0,0,0,0,0
550184,1,1,6,6,6,6,6,6,6,6,6,6
550184,2,1,18,8,0,19,8,14,6,10,12,11
550185,1,1,0,0,0,0,0,0,0,0,0,0
550186,1,1,0,0,0,0,0,0,0,0,0,0
550186,2,1,0,0,0,0,0,0,0,31,0,0
550187,1,1,0,0,0,0,0,0,0,0,0,0
550187,2,1,0,0,0,0,0,0,0,0,0,0
550188,0,1,0,0,0,0,0,0,0,0,0,0
550188,1,1,0,0,0,0,0,0,0,0,0,0
550189,0,1,0,0,0,0,0,0,0,0,0,0
550189,1,1,0,0,0,0,0,0,0,0,0,0
550190,1,1,0,0,0,0,0,0,0,0,0,0
550191,1,1,0,0,0,0,0,0,0,0,26,0
550191,2,1,0,0,0,20,0,0,0,0,0,10
550192,1,1,0,0,0,0,0,0,0,0,0,0
550192,2,1,0,0,0,0,0,0,0,0,0,0
550193,1,1,23,23,23,23,23,23,23,23,23,23
550194,1,1,0,0,0,0,0,0,0,0,0,0
550194,2,1,0,0,0,35,0,13,0,0,0,0
550195,1,1,0,0,0,0,0,0,0,0,0,0
550195,2,1,0,0,0,0,0,0,0,0,0,0
550196,1,1,0,0,0,19,0,0,0,0,0,0
550197,1,1,28,28,28,28,28,28,28,28,28,28
550197,2,1,0,0,0,0,0,0,0,0,0,0
550198,1,1,0,0,0,0,0,0,0,0,0,0
550198,2,1,0,0,0,0,0,0,0,0,0,0
550199,1,1,0,0,0,0,15,0,0,0,0,0
550200,1,1,0,11,0,0,0,0,0,0,0,0
550201,1,1,14,14,14,14,14,14,14,14,14,14
550201,2,1,0,0,0,0,0,0,0,0,0,0
550202,1,1,0,0,0,0,0,0,0,0,0,0
550203,1,1,9,9,9,9,9,9,9,9,9,9
550204,1,1,0,21,27,14,29,11,12,0,0,0
550204,2,1,0,0,0,0,0,0,0,0,0,0
550205,1,1,0,0,0,0,0,0,0,0,0,0
550206,1,1,29,0,17,11,15,6,16,13,0,12
550206,2,1,0,0,0,0,0,0,0,0,0,0
550207,1,1,0,0,0,0,0,0,0,0,0,0
550207,2,1,0,0,0,0,0,0,0,0,0,0
550208,1,1,0,30,15,22,37,19,11,9,11,35
550209,1,1,27,22,27,33,10,7,19,14,23,29
550210,1,1,0,0,0,0,0,0,0,0,0,0
550211,1,1,9,9,9,9,9,9,9,9,9,9
550211,2,1,22,16,21,8,21,10,5,12,11,20
550212,1,1,20,20,20,20,20,20,20,20,20,20
550213,1,1,0,0,0,0,0,0,0,0,0,0
550214,1,1,33,0,0,0,0,0,0,0,0,0
550214,2,1,0,0,0,0,0,0,0,0,0,0
550215,1,1,18,17,9,3,11,12,18,27,34,32
550216,1,1,2,2,2,2,2,2,2,2,2,2
550217,1,1,28,0,16,7,20,9,11,34,9,22
550218,1,1,39,23,28,10,29,27,15,24,19,17
550219,0,1,13,0,0,0,26,26,0,0,19,0
550219,1,1,0,0,0,0,0,0,0,0,0,0
550220,1,1,0,0,0,0,0,0,0,0,0,0
550220,2,1,0,0,0,0,0,0,0,0,0,0
550221,1,1,23,23,23,23,23,23,23,23,23,23
550222,1,1,27,27,27,27,27,27,27,27,27,27
550223,1,1,0,0,0,0,0,0,0,0,0,0
550223,2,1,0,0,0,0,0,0,7,0,0,0
550224,1,1,15,15,15,15,15,15,15,15,15,15
550225,1,1,0,0,0,0,0,0,0,0,0,0
550225,2,1,0,0,0,0,0,0,0,0,0,0
550226,1,1,9,20,36,7,0,13,0,6,17,0
550227,0,1,0,0,0,0,0,0,0,0,0,0
550227,1,1,18,10,10,0,6,0,18,11,17,0
550228,0,1,0,0,16,0,41,0,0,0,0,0
550228,1,1,0,9,5,16,5,19,13,0,0,13
550229,1,1,21,21,21,21,21,21,21,21,21,21
550230,1,1,0,0,0,0,0,0,0,0,0,0
550231,1,1,17,17,17,17,17,17,17,17,17,17
550232,1,1,35,31,7,23,16,10,12,16,0,20
550233,1,1,21,21,21,21,21,21,21,21,21,21
550234,1,1,13,12,16,11,8,14,35,21,17,7
550235,1,1,0,0,0,0,0,0,0,0,0,0
550235,2,1,0,0,0,0,0,0,0,0,0,0
550236,1,1,0,0,0,0,34,0,0,0,0,0
550237,0,1,0,0,0,0,0,0,0,0,0,0
550237,1,1,0,0,0,0,0,0,0,0,0,0
550238,0,1,0,0,39,0,0,0,0,0,0,0
550238,1,1,8,9,4,11,27,4,16,15,13,29
550239,0,1,0,0,0,0,0,0,0,0,0,0
550239,1,1,0,0,0,0,0,0,0,7,0,0
550240,1,1,0,10,7,0,0,0,0,7,0,0
550241,1,1,12,5,21,9,0,23,0,16,0,16
550242,1,1,0,0,0,0,0,8,0,0,17,0
550243,1,1,0,0,0,0,0,0,0,0,0,0
550243,2,1,0,0,0,0,0,0,0,0,0,0
550244,1,1,28,0,0,0,0,0,0,0,0,9
550245,1,1,0,0,0,0,0,0,0,0,0,0
550245,2,1,13,0,0,0,0,0,0,0,0,0
550246,1,1,7,0,0,0,0,0,0,0,0,0
550246,2,1,15,13,5,11,21,16,17,15,14,27
550247,1,1,0,0,0,0,0,0,0,0,0,0
550248,1,1,0,0,0,0,0,0,0,0,0,0
550249,1,1,0,0,0,0,0,0,0,0,0,0
550249,2,1,0,0,0,0,0,0,0,0,0,0
550250,1,1,9,11,5,17,26,19,15,15,39,39
550251,1,1,0,0,0,0,0,0,0,0,0,0
550251,2,1,0,0,0,0,0,0,0,0,0,0
550252,1,1,0,0,0,0,0,0,0,0,0,0
550252,2,1,0,0,0,0,0,0,0,0,0,0
550253,1,1,0,24,0,0,0,0,0,0,0,0
550253,2,1,0,0,0,0,0,0,0,0,0,0
550253,3,1,0,0,0,0,0,0,0,0,0,0
550254,1,1,0,0,0,0,0,0,0,0,0,0
550255,1,1,0,0,0,26,0,0,0,0,0,0
550255,2,1,0,0,0,0,0,0,0,0,0,0
550256,1,1,0,0,0,0,14,0,0,0,0,0
550257,0,1,0,0,0,0,0,0,0,0,0,0
550257,1,1,0,0,0,0,0,0,0,0,0,0
550258,1,1,0,0,0,0,0,0,0,0,0,0
550258,2,1,0,0,0,0,0,0,0,0,0,0
550259,0,1,0,0,0,0,0,0,0,0,0,0
550259,0,2,0,0,0,0,0,0,0,0,0,0
550259,1,1,11,0,0,0,0,0,0,0,16,0
550260,1,1,32,16,21,3,23,0,16,21,14,5
550261,1,1,0,0,0,0,0,0,0,0,0,0
550262,1,1,0,0,0,0,0,0,0,0,0,0
550263,1,1,0,0,0,0,0,0,0,0,0,0
550263,2,1,0,0,0,0,0,0,0,0,0,0
550264,1,1,0,0,0,0,0,6,0,0,0,0
550264,2,1,0,0,0,0,0,0,0,0,0,0
550265,1,1,0,0,0,0,0,0,0,0,0,0
550266,1,1,0,0,0,0,0,0,0,0,11,0
550266,2,1,0,0,0,0,0,0,0,0,0,0
550267,1,1,14,20,10,40,22,20,19,4,17,13
550268,1,1,0,19,0,0,0,0,0,0,13,12
550268,2,1,0,0,0,0,0,0,0,0,0,0
550269,1,1,33,44,19,12,14,14,14,12,12,28
550270,1,1,0,0,0,0,5,10,0,0,0,0
550270,2,1,0,0,0,0,0,0,0,0,0,0
550271,1,1,0,0,0,0,0,0,0,0,0,0
550272,1,1,0,0,0,0,0,0,0,0,0,0
550272,2,1,0,0,0,0,0,0,0,0,0,0
550273,1,1,0,0,0,0,0,0,0,0,0,0
550274,1,1,0,0,0,0,0,0,0,0,0,0
550274,2,1,0,0,0,0,0,0,0,0,0,0
550275,1,1,0,0,0,0,0,0,0,0,0,0
550276,1,1,0,0,0,0,0,0,0,0,34,0
550276,2,1,0,0,0,0,0,0,0,0,0,0
550277,0,1,0,0,0,0,0,0,0,14,0,0
550277,1,1,0,0,0,0,0,0,0,0,0,0
550278,1,1,10,0,23,0,12,0,10,0,0,0
550278,2,1,0,0,0,0,0,0,0,0,0,0
550279,1,1,0,0,0,0,0,0,0,0,0,0
550279,2,1,0,7,0,0,0,0,7,0,0,0
550279,3,1,0,0,0,0,0,0,0,0,0,0
550280,1,1,0,0,0,10,0,0,0,0,0,0
550280,2,1,0,0,0,0,0,0,0,0,0,0
550281,1,1,0,0,0,0,0,0,0,0,0,0
550281,2,1,0,0,14,0,0,0,0,0,0,0
550282,1,1,0,0,27,0,0,0,0,0,0,0
550282,2,1,0,0,0,0,0,0,0,0,0,0
550283,1,1,11,23,19,9,22,21,10,11,31,18
550283,2,1,0,0,0,3,0,0,0,0,0,11
550283,3,1,0,0,0,0,0,0,0,0,0,0
550284,1,1,0,31,0,35,0,0,0,10,12,0
550285,1,1,9,15,12,5,6,7,10,16,16,22
550286,0,1,26,0,0,0,0,29,17,0,5,13
550286,1,1,12,0,0,0,0,0,10,0,24,0
550287,0,1,0,13,0,0,0,0,0,0,0,0
550287,1,1,0,0,0,0,0,0,0,0,0,0
550288,1,1,0,0,0,0,0,0,0,0,0,0
550289,0,1,0,0,0,0,0,0,0,0,0,0
550289,0,2,0,0,0,0,0,0,0,0,49,0
550289,1,1,0,0,0,0,0,0,0,0,0,0
550290,1,1,0,0,0,0,0,0,0,0,0,0
550291,1,1,0,0,0,0,0,0,0,0,0,0
550292,1,1,0,0,0,0,0,0,0,0,0,0
550293,1,1,29,16,20,11,14,17,18,19,15,21
550294,0,1,0,0,0,0,19,0,0,0,0,0
550294,1,1,0,0,0,0,0,0,0,0,0,0
550295,1,1,0,0,0,0,0,0,0,0,0,0
550296,1,1,23,15,9,8,17,25,16,12,10,11
550297,0,1,17,3,25,17,16,19,21,23,16,16
550297,1,1,0,0,0,16,0,0,0,0,0,8
550299,1,1,20,20,20,20,20,20,20,20,20,20
550300,1,1,0,0,0,0,14,0,0,0,0,0
550301,1,1,0,0,0,0,0,0,0,0,0,0
550302,1,1,0,0,0,0,5,0,0,0,0,12
550304,1,1,20,8,25,23,18,13,29,17,13,25
550305,1,1,24,16,3,12,15,21,24,34,4,14
550306,1,1,0,0,0,0,0,0,0,0,0,0
550306,2,1,0,0,0,0,0,0,0,0,0,11
550306,3,1,0,0,0,0,0,0,0,0,0,0
550307,1,1,34,0,11,0,10,20,20,0,31,18
550307,2,1,0,0,0,0,0,0,0,0,0,0
550307,3,1,0,0,0,0,0,0,0,0,0,0
550308,1,1,0,0,0,0,4,25,0,0,0,0
550311,1,1,0,0,0,0,0,0,0,0,0,0
550312,1,1,0,0,0,0,0,0,0,0,0,0
550312,2,1,0,0,13,0,0,0,0,0,0,0
550313,1,1,0,0,0,0,0,0,0,0,0,0
550314,0,1,0,0,0,15,0,0,0,0,0,0
550314,1,1,17,0,0,0,19,37,16,0,15,8
550315,1,1,15,12,0,0,23,0,0,0,0,0
550316,1,1,23,0,0,0,0,0,0,10,10,0
550316,2,1,0,19,0,0,0,0,0,0,0,0
550316,3,1,16,0,0,0,14,0,0,17,0,0
550318,1,1,20,10,14,9,22,19,17,13,14,10
550318,2,1,0,0,0,0,21,0,0,0,0,0
550319,1,1,0,0,0,0,0,9,0,0,0,0
550320,1,1,12,12,12,12,12,12,12,12,12,12
550321,1,1,19,19,19,19,19,19,19,19,19,19
550322,1,1,0,0,0,0,0,0,0,0,0,0
550323,1,1,0,0,0,0,0,0,0,0,0,0
550323,2,1,0,0,0,0,0,0,0,0,0,0
550324,1,1,0,0,0,0,0,0,0,0,0,0
550324,2,1,0,0,0,0,0,0,0,0,0,0
550325,1,1,11,11,11,11,11,11,11,11,11,11
550326,1,1,0,0,0,0,0,0,0,0,0,0
550326,2,1,0,0,0,0,0,0,0,0,0,0
550327,0,1,0,0,0,0,0,0,0,0,0,0
550327,1,1,0,0,0,0,0,0,0,0,0,0
550328,1,1,0,31,17,0,0,0,0,14,0,0
550328,2,1,20,30,15,0,0,0,11,0,0,0
550329,1,1,0,16,6,0,13,8,0,0,9,0
550329,2,1,5,0,0,0,0,0,0,0,0,0
550330,0,1,0,0,0,0,0,0,0,0,0,11
550330,1,1,0,0,0,0,0,0,0,0,0,0
550331,0,1,0,0,0,0,0,0,0,0,0,0
550331,1,1,0,0,0,0,0,0,0,0,0,0
550332,0,1,8,17,0,14,9,20,24,17,22,5
550332,1,1,0,0,0,0,0,0,0,0,0,0
550333,1,1,0,0,0,0,0,0,0,0,0,0
550333,2,1,13,13,13,13,13,13,13,13,13,13
550334,1,1,0,0,0,0,0,0,0,0,0,0
550335,0,1,0,0,0,14,0,0,0,0,5,0
550335,1,1,0,0,0,37,6,23,13,12,7,0
550336,1,1,20,39,21,23,20,15,16,13,0,15
550337,1,1,21,21,21,21,21,21,21,21,21,21
550338,1,1,28,13,11,5,13,18,21,14,0,5
550339,1,1,0,0,0,0,0,0,20,0,4,0
550340,1,1,0,0,0,0,0,0,0,0,0,0
550341,1,1,0,0,0,0,0,0,0,0,0,0
550341,2,1,0,0,0,0,0,0,0,0,0,10
550342,1,1,0,0,0,0,0,0,0,0,0,0
550342,2,1,0,0,0,0,0,0,0,0,0,0
550342,3,1,0,0,0,0,0,0,0,0,0,0
550343,1,1,14,3,27,9,28,10,12,13,21,9
550344,1,1,0,0,0,0,0,0,18,0,0,0
550345,1,1,0,0,0,0,0,0,0,0,0,0
550346,1,1,0,0,0,0,0,0,0,0,0,0
550346,2,1,0,0,0,0,0,0,0,0,0,0
550346,3,1,0,17,0,0,0,0,0,0,0,0
550346,4,1,0,0,0,0,0,0,0,0,0,0
550346,5,1,0,0,0,0,0,0,0,0,0,0
550347,1,1,0,0,0,0,28,0,0,0,0,0
550347,2,1,5,0,0,0,0,0,0,0,0,0
550348,1,1,0,0,0,0,0,0,0,0,0,0
550349,0,1,20,20,5,18,14,30,12,20,11,9
550349,2,1,0,0,0,0,0,0,2,0,0,0
550350,1,1,0,0,0,0,0,0,0,0,0,0
550350,2,1,0,0,0,0,0,0,0,0,0,0
550351,0,1,0,0,0,0,0,0,0,0,0,0
550351,1,1,0,0,0,0,26,0,0,0,0,0
550352,1,1,0,0,0,0,0,0,0,0,0,0
550353,1,1,5,5,5,5,5,5,5,5,5,5
550354,0,1,0,0,0,0,29,0,6,30,0,0
550354,1,1,21,12,26,5,23,32,10,7,27,26
550355,1,1,0,0,0,0,0,0,0,0,0,0
550355,2,1,0,0,0,0,0,0,0,0,0,0
550356,1,1,0,0,0,0,0,0,0,0,0,0
550357,1,1,0,16,0,0,0,0,0,7,0,0
550358,1,1,0,0,0,0,0,0,0,0,0,0
550359,1,1,0,17,0,0,0,0,0,0,0,0
550359,2,1,0,0,0,13,0,0,0,0,0,0
550360,0,1,9,9,9,9,9,9,9,9,9,9
550360,1,1,0,0,0,0,0,0,0,0,0,0