ST_CASE,VEH_NO,PER_NO,P1,P2,P3,P4,P5,P6,P7,P8,P9,P10
550361,0,1,0,0,0,0,0,0,0,0,0,0
550361,1,1,0,0,0,0,0,0,0,0,0,0
550362,1,1,19,10,13,16,13,26,11,0,20,14
550363,1,1,26,35,0,6,10,0,12,22,0,0
550364,0,1,0,0,0,0,0,0,0,0,0,0
550364,1,1,0,0,0,0,0,0,0,0,22,0
550365,1,1,0,0,0,0,0,0,0,0,0,0
550366,1,1,25,26,15,34,11,7,14,17,19,22
550367,1,1,0,0,0,0,0,0,0,0,0,0
550368,1,1,0,0,0,0,0,0,0,0,0,0
550368,2,1,0,0,0,0,0,0,0,0,0,0
550369,1,1,0,0,2,0,0,0,0,0,0,0
550369,2,1,0,0,0,0,0,0,0,0,0,0
550370,1,1,18,43,0,0,3,45,5,14,25,34
550371,1,1,33,36,23,0,10,6,9,25,10,35
550372,1,1,0,0,0,0,0,0,0,0,28,0
550373,1,1,21,21,21,21,21,21,21,21,21,21
550374,1,1,18,17,22,13,11,18,16,12,3,17
550375,1,1,0,0,0,0,0,0,0,0,0,0
550375,2,1,0,0,0,0,19,0,19,0,0,0
550376,1,1,0,0,0,0,0,0,0,0,0,0
550377,1,1,0,0,0,0,0,0,0,0,0,0
550377,2,1,0,0,0,0,0,0,0,0,0,0
550378,1,1,0,0,0,0,0,0,0,0,0,0
550378,2,1,0,0,6,0,0,0,4,0,11,0
550379,0,1,0,0,0,0,0,0,0,0,0,0
550379,0,2,0,0,0,0,0,0,0,17,0,0
550379,1,1,8,8,8,8,8,8,8,8,8,8
550379,2,1,0,0,0,0,0,0,0,0,0,0
550380,1,1,0,0,0,0,0,0,0,0,0,0
550380,2,1,0,0,0,0,0,0,0,0,0,0
550381,1,1,0,0,0,0,0,14,0,0,0,0
550381,2,1,0,0,0,0,0,0,25,0,0,0
550382,1,1,0,0,0,0,27,0,0,0,0,0
550383,1,1,12,30,16,22,7,20,20,17,10,27
550384,1,1,13,13,13,13,13,13,13,13,13,13
550385,1,1,0,0,0,0,0,0,0,0,0,0
550385,2,1,0,0,0,15,0,0,0,0,0,0
550385,3,1,0,0,0,0,0,0,0,0,0,0
550386,1,1,0,0,0,0,0,0,0,0,17,0
550387,1,1,0,0,0,0,0,0,0,0,0,0
550387,2,1,0,0,0,0,0,0,0,0,0,0
550388,1,1,0,0,0,0,0,0,0,0,0,0
550389,1,1,0,0,0,0,0,0,0,0,0,0
550389,2,1,0,16,0,0,0,0,0,0,10,0
550390,1,1,17,31,20,11,22,34,11,9,13,10
550391,1,1,0,0,0,0,0,0,0,0,0,0
550391,2,1,0,0,0,0,0,8,0,0,0,0
550392,1,1,20,6,12,26,19,19,19,16,12,14
550393,1,1,24,24,24,24,24,24,24,24,24,24
550393,2,1,0,0,0,0,0,0,0,0,0,0
550394,1,1,0,0,0,0,0,0,0,0,0,0
550394,2,1,0,8,0,0,0,0,0,0,0,0
550395,1,1,21,21,21,21,21,21,21,21,21,21
550396,1,1,23,0,0,0,0,0,0,11,0,0
550396,2,1,0,0,0,0,0,0,0,0,0,0
550397,1,1,12,0,0,0,0,0,0,0,5,0
550398,0,1,0,0,0,0,0,0,0,0,0,0
550398,1,1,0,0,0,0,0,0,0,0,0,0
550399,1,1,0,0,0,11,0,0,0,0,0,15
550400,1,1,0,0,0,0,0,0,0,0,0,0
550400,2,1,15,22,34,12,11,15,15,17,12,17
550401,1,1,0,0,0,0,0,0,0,0,0,0
550401,2,1,0,0,0,0,21,0,0,0,15,0
550402,0,1,0,0,0,0,0,0,0,0,0,0
550402,1,1,0,0,0,0,0,0,10,0,0,0
550403,1,1,28,28,28,28,28,28,28,28,28,28
550404,1,1,0,0,0,0,0,0,0,0,0,0
550405,1,1,0,0,0,0,0,0,0,0,0,0
550405,2,1,0,0,0,0,0,0,0,0,0,0
550406,1,1,0,0,0,0,0,0,0,0,0,0
550406,2,1,0,0,0,0,0,0,0,10,0,0
550407,1,1,10,10,10,10,10,10,10,10,10,10
550408,1,1,0,0,0,0,0,0,0,0,0,0
550408,2,1,0,0,0,0,0,0,0,0,0,0
550408,3,1,0,0,0,25,9,0,0,0,0,0
550408,4,1,0,0,0,0,0,0,0,0,0,0
550409,1,1,24,17,3,13,11,0,18,16,5,18
550409,2,1,0,0,0,0,0,0,0,0,0,0
550410,1,1,6,10,18,20,27,22,17,11,21,0
550411,1,1,1,1,1,1,1,1,1,1,1,1
550412,1,1,0,0,0,0,0,0,0,0,0,0
550412,2,1,24,18,27,17,14,13,13,13,7,0
550413,1,1,0,0,0,0,0,0,0,0,0,0
550413,2,1,0,0,0,0,0,0,0,0,0,0
550413,3,1,0,0,0,0,0,0,0,0,0,0
550414,1,1,0,0,0,0,0,0,0,0,0,0
550415,1,1,0,0,0,0,0,0,0,0,0,0
550415,2,1,0,0,0,0,0,0,0,0,0,0
550416,1,1,36,6,22,11,24,0,25,5,26,0
550416,2,1,0,0,0,0,0,0,0,0,0,0
550417,1,1,0,0,0,0,0,0,0,0,0,0
550417,2,1,0,0,0,0,0,0,41,0,0,0
550418,1,1,30,23,15,30,18,10,11,21,12,6
550419,1,1,18,0,20,0,0,0,10,0,0,0
550420,1,1,0,0,0,0,0,0,0,0,0,0
550421,1,1,0,0,0,0,0,17,0,0,0,0
550421,2,1,0,0,0,0,0,0,0,0,0,9
550422,1,1,14,14,14,14,14,14,14,14,14,14
550423,1,1,0,26,11,0,0,0,0,0,0,0
550424,1,1,20,20,13,10,40,7,9,17,18,32
550425,1,1,0,0,0,0,0,0,0,0,0,0
550426,1,1,0,0,0,0,0,0,0,0,0,0
550427,1,1,0,0,0,0,0,0,0,0,0,0
550428,1,1,0,0,0,29,0,0,0,18,0,28
550429,1,1,0,0,0,0,0,0,0,0,0,0
550430,1,1,0,0,0,0,0,0,0,0,28,0
550430,2,1,0,0,37,0,0,0,0,4,0,0
550431,1,1,0,0,0,0,0,0,0,0,0,0
550431,2,1,0,0,0,0,0,0,0,0,0,0
550432,1,1,9,10,15,16,18,8,18,15,14,19
550433,1,1,0,0,0,0,0,7,0,27,0,0
550433,2,1,0,0,0,0,0,0,0,0,0,0
550434,1,1,0,0,0,8,0,0,7,0,0,0
550435,1,1,19,19,19,19,19,19,19,19,19,19
550436,1,1,0,0,0,8,0,0,0,0,0,0
550437,1,1,0,0,0,0,0,0,0,0,0,0
550437,2,1,0,0,0,0,0,0,0,0,0,0
550440,1,1,0,0,0,0,0,0,0,0,0,0
550440,2,1,0,0,0,0,0,0,0,0,0,0
550441,1,1,18,11,14,25,19,7,20,16,22,0
550442,0,1,0,0,0,0,0,0,0,0,0,0
550442,1,1,0,0,20,0,0,0,23,0,0,0
550442,2,1,0,0,0,0,0,0,0,0,0,0
550443,1,1,0,0,0,0,6,0,0,0,0,0
550444,1,1,0,0,0,0,0,0,0,0,0,0
550444,2,1,0,0,0,0,0,0,0,0,0,0
550445,0,1,0,0,0,0,0,0,0,0,0,0
550445,1,1,0,0,0,0,0,0,0,0,0,0
550446,1,1,0,0,0,0,0,0,0,0,0,0
550446,2,1,0,0,0,0,0,0,0,0,0,0
550447,1,1,0,0,0,0,0,0,0,0,0,0
550447,2,1,0,0,0,0,0,0,0,0,0,0
550448,1,1,22,12,31,44,17,21,21,25,17,16
550449,1,1,0,0,0,0,0,0,21,28,0,0
550450,1,1,0,0,0,0,0,0,0,0,0,0
550450,2,1,0,0,0,0,0,0,0,0,0,0
550450,3,1,0,0,0,0,0,0,0,0,0,0
550451,1,1,0,0,0,0,0,0,0,0,0,0
550452,0,1,0,0,0,0,0,0,0,0,0,0
550452,1,1,0,0,0,0,0,0,0,0,0,0
550453,1,1,0,0,0,0,0,0,0,0,0,0
550454,1,1,0,0,0,13,0,0,0,0,0,0
550455,1,1,11,14,0,27,36,14,15,19,15,7
550456,0,1,0,0,0,0,0,0,11,0,0,0
550456,1,1,0,0,0,0,0,0,0,0,0,0
550457,1,1,17,16,17,19,8,0,16,18,8,28
550457,2,1,0,0,0,0,0,0,0,0,0,0
550458,1,1,0,0,0,0,0,0,0,0,0,0
550459,1,1,12,36,12,10,11,21,14,30,11,13
550460,1,1,0,0,0,0,0,0,0,0,0,0
550460,2,1,0,7,0,0,0,9,11,0,0,0
550461,1,1,36,20,12,26,16,5,18,8,23,11
550462,1,1,0,0,0,0,32,0,0,0,0,0
550462,2,1,0,0,0,0,0,0,0,0,0,0
550463,1,1,0,0,0,16,0,0,0,0,0,21
550463,2,1,20,0,0,0,0,0,0,0,0,0
550464,1,1,17,3,14,18,0,3,11,18,19,0
550465,1,1,0,0,0,0,0,0,0,0,0,0
550465,2,1,0,0,0,0,0,0,0,0,0,0
550467,1,1,22,18,25,33,17,4,13,7,14,6
550469,1,1,0,0,0,0,0,0,0,0,30,11
550470,0,1,18,18,18,18,18,18,18,18,18,18
550470,1,1,0,0,0,0,0,0,0,0,0,0
550471,1,1,20,6,13,11,12,23,0,13,25,0
550472,1,1,23,23,23,23,23,23,23,23,23,23
550473,1,1,0,15,0,0,0,17,26,0,0,0
550474,1,1,22,23,20,10,20,24,15,13,25,20
550475,1,1,2,2,2,2,2,2,2,2,2,2
550476,1,1,0,0,0,0,0,0,0,0,0,0
550477,1,1,19,18,0,0,0,21,10,0,0,0
550478,1,1,0,18,0,0,0,28,21,16,17,6
550478,2,1,0,0,0,0,0,0,0,0,0,0
550479,1,1,18,15,0,7,16,0,0,0,0,0
550479,2,1,0,0,0,0,0,0,0,0,0,0
550480,1,1,0,0,0,0,0,0,0,0,0,0
550480,2,1,0,0,0,0,0,0,0,0,0,0
550481,1,1,15,18,13,0,21,16,8,18,0,16
550482,1,1,0,0,13,0,0,0,0,0,0,0
550483,1,1,0,0,0,0,0,12,0,0,0,0
550483,2,1,0,0,0,0,0,0,0,0,0,0
550484,1,1,0,0,0,0,0,0,0,0,0,0
550484,2,1,0,0,0,0,0,0,0,0,0,0
550485,1,1,0,0,0,0,0,0,0,0,0,0
550485,2,1,0,0,0,0,0,0,0,0,0,0
550486,1,1,17,17,17,17,17,17,17,17,17,17
550487,1,1,13,28,3,23,19,25,23,13,20,15
550488,1,1,0,0,0,0,0,0,0,0,0,0
550488,2,1,0,0,0,0,0,0,0,0,0,0
550488,3,1,0,0,0,0,0,0,0,0,0,0
550489,1,1,0,0,0,0,0,0,0,0,0,0
550489,2,1,0,0,0,0,0,0,0,0,0,0
550490,1,1,0,0,0,0,0,0,0,0,0,0
550490,2,1,0,0,0,0,0,0,0,0,0,0
550491,1,1,0,0,0,0,0,0,0,0,0,0
550492,1,1,0,0,0,0,0,0,0,0,0,0
550492,2,1,0,0,0,21,0,0,0,0,0,0
550493,1,1,9,10,5,29,11,7,25,7,13,11
550495,0,1,0,21,0,13,0,0,12,14,0,6
550495,1,1,26,13,9,0,13,0,24,0,25,17
550496,1,1,0,0,0,0,0,0,0,0,0,10
550497,1,1,0,22,0,0,0,0,0,0,0,0
550498,1,1,11,0,0,0,0,0,0,0,0,0
550499,1,1,0,0,0,0,0,0,0,0,0,0
550499,2,1,0,0,0,0,0,0,0,0,0,0
550500,1,1,0,0,0,19,0,6,0,0,0,0
550501,1,1,0,0,0,0,0,0,13,0,0,0
550502,1,1,0,0,0,0,0,0,0,0,0,0
550503,0,1,0,0,0,0,26,0,0,0,0,0
550503,1,1,0,26,0,0,0,0,0,0,0,0
550504,1,1,0,0,0,0,0,0,0,0,0,0
550504,2,1,0,0,0,0,0,0,0,0,0,0
550505,1,1,24,28,9,8,27,24,4,19,12,13
550506,1,1,0,0,0,0,0,0,0,0,0,0
550506,2,1,0,10,0,0,0,0,0,0,0,0
550507,1,1,0,0,0,0,0,0,0,0,0,0
550507,2,1,0,13,0,0,0,0,0,0,0,0
550508,1,1,12,12,12,12,12,12,12,12,12,12
550509,1,1,0,0,0,0,0,0,0,0,0,0
550509,2,1,0,0,0,0,0,0,0,0,0,0
550510,1,1,10,11,47,38,17,30,30,7,12,24
550511,1,1,25,31,25,21,0,29,34,19,21,18
550511,2,1,0,0,0,0,0,0,0,0,0,0
550511,3,1,0,0,0,0,13,0,0,0,0,0
550512,1,1,0,0,0,0,0,0,0,0,0,0
550513,1,1,0,0,0,0,0,26,39,0,0,0
550513,2,1,0,0,0,0,0,0,0,0,0,0
550514,1,1,21,21,21,21,21,21,21,21,21,21
550514,2,1,0,0,0,0,0,0,14,0,0,0
550514,3,1,0,0,0,0,0,0,0,0,25,0
550514,4,1,0,0,0,0,0,0,0,0,0,0
550515,0,1,0,0,0,0,0,29,0,33,0,0
550515,1,1,0,0,0,0,0,0,0,12,0,0
550516,1,1,23,14,16,15,9,27,12,15,20,22
550517,1,1,0,0,0,0,0,0,16,18,0,0
550517,2,1,0,0,0,0,0,0,0,0,0,0
550518,1,1,0,0,0,21,0,0,0,0,0,0
550519,0,1,3,0,0,0,0,0,0,0,0,0
550519,1,1,0,0,0,0,0,0,0,0,0,0
550519,2,1,0,0,0,0,0,0,0,0,0,0
550519,3,1,0,0,0,0,0,0,0,0,19,0
550519,4,1,0,0,0,0,0,0,0,0,0,0
550520,1,1,0,0,0,0,0,0,26,0,0,0
550521,1,1,0,0,0,0,0,0,0,0,0,0
550522,1,1,3,12,11,9,23,9,16,16,6,13
550523,1,1,0,0,0,0,0,0,0,0,0,0
550523,2,1,0,0,0,0,0,0,0,0,0,0
550524,1,1,0,0,0,0,0,0,0,0,0,0
550525,1,1,23,15,26,14,15,21,15,14,21,11
550526,1,1,9,9,9,9,9,9,9,9,9,9
550527,1,1,20,18,29,24,19,27,13,24,0,10
550527,2,1,0,0,0,0,0,0,0,0,0,0
550528,1,1,15,22,15,10,15,10,23,16,0,18
550528,2,1,0,0,0,0,0,0,0,0,22,0
550529,1,1,25,17,9,13,16,19,11,9,10,23
550531,1,1,0,0,0,0,0,0,0,0,0,0
550532,1,1,15,0,24,0,0,0,0,0,0,11
550532,2,1,0,0,0,0,0,0,7,0,22,0
550533,0,1,0,0,0,0,0,0,0,0,0,0
550533,1,1,0,0,0,0,7,0,0,0,0,14
550534,1,1,0,0,31,0,0,24,0,0,15,0
550534,2,1,13,0,12,0,0,0,0,36,0,0
550534,3,1,0,0,0,0,0,0,0,0,0,0
550535,1,1,10,0,0,0,0,0,0,0,0,0
550535,2,1,0,0,0,0,0,0,5,0,0,0
550535,3,1,11,0,0,0,0,0,0,0,0,0
550536,1,1,0,0,0,22,0,0,0,8,0,0
550536,2,1,0,0,0,0,0,23,0,0,0,19
550537,1,1,0,0,0,0,0,0,0,0,0,0
550537,2,1,0,0,0,0,0,0,0,0,0,0
550537,3,1,0,0,0,0,0,0,0,0,0,0
550537,4,1,0,0,0,0,0,0,0,0,0,0
550538,1,1,0,0,0,0,0,0,0,0,0,0
550538,2,1,0,0,0,0,0,0,0,0,0,0
550539,1,1,0,0,0,0,0,0,0,0,0,0
550540,1,1,12,11,25,15,15,12,31,19,13,13
550541,1,1,0,16,26,18,21,11,23,16,29,24
550542,0,1,0,0,0,0,0,0,0,0,0,0
550542,1,1,15,0,0,16,0,0,0,0,0,0
550543,1,1,20,0,11,18,5,9,0,0,8,0
550544,1,1,0,0,0,0,0,0,0,0,0,0
550544,2,1,0,23,0,0,0,0,0,0,0,0
550544,3,1,0,0,0,0,0,0,0,0,19,0
550545,1,1,0,0,0,0,0,0,0,0,0,0
550545,2,1,0,0,0,0,0,0,0,0,0,0
550546,0,1,0,0,0,0,0,0,0,0,0,0
550546,1,1,0,0,0,0,0,0,0,0,0,0
550547,1,1,18,13,21,5,30,14,9,11,21,14
550548,1,1,12,23,8,2,0,17,10,24,17,7
550549,1,1,0,0,0,0,0,0,0,0,20,0
550549,2,1,0,0,0,0,0,0,0,0,0,0
550550,1,1,0,0,0,0,0,0,13,0,0,0
550550,2,1,0,15,0,0,0,0,0,0,0,0
550551,1,1,0,0,0,0,9,0,0,0,0,0
550551,2,1,15,0,15,0,0,0,0,0,14,21
550552,0,1,0,16,0,0,21,0,0,0,0,0
550552,1,1,0,0,0,21,0,0,9,0,0,0
550553,1,1,0,0,0,0,0,0,0,0,0,0
550553,2,1,0,0,0,0,0,0,0,0,0,0
550554,1,1,0,0,0,0,0,0,0,0,0,0
550554,2,1,0,0,0,0,0,0,0,0,0,0
550555,1,1,15,29,0,3,20,16,31,21,17,12
550556,1,1,0,0,0,9,0,0,0,0,0,0
550556,2,1,0,15,0,0,0,11,0,0,0,0
550557,1,1,11,11,11,11,11,11,11,11,11,11
550558,1,1,21,21,21,21,21,21,21,21,21,21
550559,1,1,0,0,0,21,9,0,7,0,0,0
550560,1,1,18,18,18,18,18,18,18,18,18,18
550561,1,1,19,19,19,19,19,19,19,19,19,19
550562,1,1,16,16,16,16,16,16,16,16,16,16
550563,1,1,26,26,26,26,26,26,26,26,26,26
550564,1,1,0,0,0,0,0,0,0,0,0,0
550565,1,1,0,0,0,22,0,0,26,0,0,0
550566,1,1,22,16,3,9,5,20,10,5,11,18
550567,1,1,11,33,16,9,42,29,14,0,14,9
550568,1,1,26,26,26,26,26,26,26,26,26,26
550569,1,1,16,11,14,36,41,24,31,16,30,10
550570,1,1,0,0,0,0,0,0,0,0,0,0
550571,1,1,0,0,8,17,0,0,0,0,17,0
550572,1,1,0,0,0,28,0,0,0,12,0,20
550573,1,1,13,13,13,13,13,13,13,13,13,13
550574,1,1,0,0,0,29,0,0,12,0,12,7
550575,1,1,0,0,0,0,0,0,0,0,0,0
550576,1,1,7,26,11,7,6,24,15,33,17,14
550577,1,1,0,0,0,0,0,0,0,0,0,0
550578,1,1,16,16,16,16,16,16,16,16,16,16
550579,1,1,0,0,0,0,0,0,0,0,10,0
560001,1,1,0,0,0,0,0,0,0,0,0,0
560002,1,1,0,0,0,0,0,16,0,26,0,0
560003,1,1,0,0,3,0,0,0,0,0,0,0
560003,2,1,0,0,0,0,0,0,0,0,0,0
560003,3,1,0,0,11,0,0,0,0,0,0,0
560003,4,1,0,0,0,0,0,0,0,0,0,0
560004,1,1,0,0,0,0,0,0,0,0,0,0
560004,2,1,0,0,0,0,0,0,0,0,0,0
560004,3,1,0,0,0,0,0,0,0,0,0,0
560005,1,1,0,0,0,0,0,0,0,0,0,0
560005,2,1,0,0,0,0,0,0,0,0,0,0
560006,1,1,0,0,0,0,0,0,0,0,0,0
560006,2,1,0,0,0,0,0,0,0,0,0,0
560007,1,1,0,0,0,0,0,0,0,0,0,0
560008,0,1,21,21,21,21,21,21,21,21,21,21
560008,1,1,18,0,21,27,0,23,15,22,12,0
560009,1,1,0,0,0,0,0,0,0,0,0,0
560009,2,1,0,0,0,0,0,0,0,0,0,0
560009,3,1,0,0,0,0,0,0,0,0,0,0
560009,4,1,0,0,0,0,0,0,0,0,0,0
560009,5,1,0,0,0,0,0,0,0,0,0,0
560010,1,1,0,0,0,0,0,0,0,0,0,0
560010,2,1,0,0,0,0,0,0,0,0,0,0
560010,3,1,0,0,0,0,0,0,0,0,0,0
560011,1,1,0,5,0,0,0,0,0,0,0,0
560012,1,1,24,24,24,24,24,24,24,24,24,24
560013,1,1,6,6,6,6,6,6,6,6,6,6
560014,1,1,10,10,10,10,10,10,10,10,10,10
560015,1,1,0,24,0,0,0,16,14,0,0,0
560016,1,1,0,0,0,0,0,0,0,0,0,0
560016,2,1,0,0,0,0,0,0,0,0,0,0
560017,1,1,0,0,0,0,0,0,0,0,0,0
560017,2,1,0,0,0,0,0,0,0,0,0,0
560018,1,1,16,16,16,16,16,16,16,16,16,16
560019,1,1,19,19,19,19,19,19,19,19,19,19
560020,1,1,10,10,10,10,10,10,10,10,10,10
560021,1,1,26,26,26,26,26,26,26,26,26,26
560022,1,1,0,0,0,0,0,0,0,0,0,0
560022,2,1,0,0,0,0,33,0,0,16,0,0
560023,1,1,0,0,0,0,0,0,0,0,0,0
560024,1,1,8,8,8,8,8,8,8,8,8,8
560024,2,1,0,0,0,0,0,0,0,0,0,0
560025,1,1,0,0,0,0,0,0,0,0,0,0
560026,1,1,0,0,0,0,0,0,0,0,0,0
560026,2,1,0,0,0,0,0,0,0,0,0,0
560027,1,1,27,27,27,27,27,27,27,27,27,27
560028,1,1,0,0,0,0,0,0,0,0,0,0
560029,1,1,0,0,0,0,21,0,0,0,0,0
560030,1,1,16,16,16,16,16,16,16,16,16,16
560031,1,1,25,24,21,25,14,0,6,12,27,11
560032,1,1,9,9,9,9,9,9,9,9,9,9
560033,1,1,12,12,12,12,12,12,12,12,12,12
560034,1,1,0,0,0,0,0,0,0,0,0,0
560034,2,1,0,0,0,0,0,0,0,0,0,0
560035,1,1,0,0,0,0,0,14,0,0,0,0
560036,1,1,0,0,0,0,0,0,8,0,0,0
560037,1,1,0,0,0,0,0,23,15,26,0,0
560038,1,1,3,3,3,3,3,3,3,3,3,3
560038,2,1,0,0,0,0,0,0,0,0,0,0
560039,1,1,0,0,0,0,0,0,0,0,0,0
560039,2,1,0,0,0,0,0,0,0,0,0,0
560040,1,1,16,16,16,16,16,16,16,16,16,16
560041,1,1,0,0,0,0,0,0,0,0,0,0
560042,1,1,28,28,28,28,28,28,28,28,28,28
560043,1,1,0,0,0,0,0,0,0,0,0,0
560043,2,1,0,0,0,0,0,0,0,0,0,0
560044,1,1,0,0,0,0,0,0,0,0,0,0
560045,1,1,12,12,12,12,12,12,12,12,12,12
560046,1,1,18,10,18,13,23,27,11,17,13,5
560046,2,1,0,0,0,0,0,0,0,0,0,0
560047,1,1,26,26,26,26,26,26,26,26,26,26
560048,1,1,0,0,0,0,0,0,0,0,0,0
560048,2,1,0,0,0,0,0,0,0,0,0,0
560049,1,1,0,0,0,0,0,0,0,0,0,0
560049,2,1,0,0,0,0,0,0,0,0,0,0
560050,1,1,34,34,34,34,34,34,34,34,34,34
560051,1,1,0,0,0,0,0,0,0,0,0,0
560051,2,1,0,17,0,0,0,0,0,12,0,0
560052,1,1,31,31,31,31,31,31,31,31,31,31
560053,1,1,17,17,17,17,17,17,17,17,17,17
560054,1,1,0,0,0,0,0,0,0,0,0,0
560055,1,1,0,0,0,0,0,0,0,0,0,0
560056,1,1,0,0,0,0,0,0,0,0,0,0
560056,2,1,0,0,0,0,0,0,0,0,0,0
560057,1,1,0,0,0,0,0,0,0,0,0,0
560058,1,1,16,16,16,16,16,16,16,16,16,16
560059,1,1,0,0,0,0,5,0,0,0,0,12
560060,0,1,0,0,0,0,0,0,0,0,0,0
560061,1,1,0,0,0,0,0,0,0,25,0,0
560062,1,1,0,0,0,0,0,0,0,0,0,0
560062,2,1,0,0,5,7,0,0,0,0,0,0
560063,1,1,0,0,0,0,0,0,0,0,0,0
560064,1,1,0,0,0,0,0,0,0,0,0,0
560065,1,1,0,0,0,10,0,0,0,0,0,0
560067,1,1,26,26,26,26,26,26,26,26,26,26
560068,1,2,21,19,0,29,4,13,20,8,13,16
560069,1,1,12,12,12,12,12,12,12,12,12,12
560070,1,1,0,0,0,0,0,0,0,0,0,0
560070,2,1,8,8,8,8,8,8,8,8,8,8
560071,1,1,15,10,0,18,21,0,0,0,0,11
560071,2,1,0,0,0,0,0,0,0,0,0,0
560071,3,1,0,0,0,0,10,0,0,0,0,0
560072,1,1,31,23,0,0,0,25,23,27,0,0
560073,0,1,19,0,50,0,10,0,0,0,0,13
560073,1,1,0,22,38,0,13,11,0,0,19,0
560074,1,1,13,21,27,12,22,11,21,9,17,12
560075,1,1,0,0,0,0,0,0,0,0,0,9
560076,1,1,0,0,0,0,0,0,20,0,0,0
560076,2,1,0,0,0,0,0,0,0,0,0,0
560077,1,1,10,0,0,0,0,0,0,0,0,0
560078,1,1,16,0,0,0,0,0,0,0,0,0
560078,2,1,0,0,0,0,0,0,0,0,0,0
560079,1,1,24,0,10,13,19,24,14,24,6,9
560080,1,1,0,0,0,0,0,0,0,0,0,0
560080,2,1,0,0,0,0,0,0,0,0,0,0
560080,3,1,0,0,0,0,0,0,0,0,0,0
560081,1,1,0,0,0,0,0,0,0,0,0,0
560082,1,1,0,32,0,0,0,0,0,0,0,0
560082,2,1,0,0,0,0,0,0,0,0,0,0
560082,3,1,0,0,0,0,0,0,0,0,0,0
560083,1,1,0,0,0,0,0,6,0,0,0,0
560083,2,1,0,0,0,0,0,0,0,0,0,0
560083,3,1,0,0,0,0,0,0,0,0,0,0
560084,1,1,11,0,0,0,9,0,0,0,0,0
560085,1,1,0,0,0,0,0,0,0,0,0,0
560086,0,1,0,0,0,0,0,0,0,0,0,0
560086,1,1,0,0,0,0,0,0,0,0,5,0
560087,1,1,13,13,13,13,13,13,13,13,13,13
560088,1,1,29,29,29,29,29,29,29,29,29,29
560088,2,1,0,0,0,0,0,0,0,0,0,0
560089,1,1,0,0,0,0,0,0,0,0,0,0
560089,2,1,0,0,0,0,0,0,0,0,0,0
560090,1,1,0,0,0,0,0,0,0,0,0,0
560090,2,1,0,0,0,0,0,0,0,0,0,0
560090,3,1,0,0,0,0,0,0,0,0,0,0
560090,4,1,0,0,0,0,0,0,0,0,0,0
560090,5,1,0,0,0,0,0,0,0,0,0,0
560090,6,1,0,0,0,0,0,0,0,0,0,0
560091,1,1,0,0,0,0,0,0,0,0,0,0
560091,2,1,0,0,0,0,0,0,0,0,0,0
560092,1,1,19,19,19,19,19,19,19,19,19,19
560093,1,1,12,0,0,0,23,0,0,18,18,24
560094,1,1,5,5,5,5,5,5,5,5,5,5
560095,1,1,0,0,0,0,0,0,0,0,0,0
560095,2,1,0,0,0,0,0,0,0,0,0,0
560096,1,1,0,0,0,0,0,0,0,14,0,0
560097,1,1,7,7,7,7,7,7,7,7,7,7
560098,1,1,0,0,0,0,0,0,0,0,0,0
560098,2,1,0,0,0,0,0,0,0,0,0,0
560099,0,1,0,0,0,0,0,0,0,0,0,0
560099,2,1,0,0,0,0,0,0,0,0,0,0
560100,1,1,0,0,0,12,0,0,0,0,0,0
560100,2,1,0,0,0,0,0,0,0,15,0,0
560101,1,1,0,0,0,0,0,9,19,0,0,0
560102,1,1,0,0,21,22,0,0,0,0,0,11
560103,1,1,0,0,0,0,0,0,0,0,0,0
560103,2,1,0,0,0,0,0,0,0,0,17,0
560104,1,1,0,0,0,0,0,0,0,0,0,0
560105,0,1,0,0,0,0,0,0,0,0,0,0
560105,1,1,1,1,1,1,1,1,1,1,1,1
560106,1,1,0,0,0,0,0,0,0,0,0,0
560107,1,1,0,0,0,0,11,0,0,18,0,0
560108,1,1,10,33,0,22,0,25,11,23,21,18
560108,2,1,0,0,0,0,0,0,0,0,0,0
560109,1,1,9,9,9,9,9,9,9,9,9,9
560110,1,1,0,0,0,0,0,0,0,0,0,0
560110,2,1,0,0,0,0,0,0,0,0,0,0
560110,3,1,0,0,0,0,0,0,0,0,0,0
560111,1,1,0,0,0,0,0,0,0,0,0,0
560111,2,1,0,0,0,0,28,17,0,0,0,0
560112,1,1,0,0,0,0,0,0,0,0,0,0
560112,2,1,0,0,0,21,0,0,0,0,0,0
560112,3,1,0,0,0,0,0,0,0,0,0,0
560113,1,1,0,0,0,0,0,0,0,0,0,0
560113,2,1,0,0,0,0,0,0,0,0,0,0
560113,3,1,0,0,0,0,0,0,0,0,0,0
560114,0,1,0,6,0,0,0,0,0,0,0,0
560114,1,1,0,0,0,0,0,0,0,0,0,0
560114,2,1,0,0,0,0,0,0,0,0,0,0
560115,1,1,0,0,0,0,0,0,0,0,0,0