ST_CASE,VEH_NO,PER_NO,P1,P2,P3,P4,P5,P6,P7,P8,P9,P10
60001,1,1,0,0,0,0,0,0,0,0,0,0
60001,2,1,0,0,16,0,0,0,0,0,6,0
60002,1,1,0,0,0,0,0,0,0,0,0,0
60002,2,1,0,0,0,0,0,0,0,0,0,0
60003,1,1,0,0,0,0,0,0,0,0,0,0
60003,2,1,0,0,0,0,0,0,0,0,0,0
60004,1,1,0,0,0,0,0,0,0,0,0,0
60004,2,1,0,0,0,0,0,0,0,0,0,0
60005,1,1,0,0,0,0,0,18,0,0,16,0
60005,2,1,0,0,17,0,0,0,12,0,0,0
60006,1,1,0,0,0,13,0,0,0,0,0,30
60006,2,1,0,0,0,0,0,0,0,0,0,0
60007,1,1,0,0,0,0,0,0,0,0,0,0
60008,1,1,0,0,0,0,0,0,0,0,0,0
60008,2,1,0,0,0,0,0,0,0,0,0,0
60008,3,1,0,0,0,0,0,0,38,0,0,0
60009,1,1,0,0,0,0,0,0,0,0,0,0
60010,1,1,0,0,0,0,0,0,0,0,0,0
60011,1,1,0,0,0,0,0,0,0,0,0,0
60011,2,1,0,0,0,0,0,0,0,0,0,0
60012,1,1,2,2,2,2,2,2,2,2,2,2
60012,2,1,0,0,0,0,0,0,0,0,0,0
60013,1,1,0,0,0,0,0,0,0,0,0,0
60013,2,1,0,0,0,0,0,0,0,0,0,0
60014,0,1,0,0,0,0,0,0,0,0,0,0
60014,1,1,0,13,0,0,0,0,0,0,7,0
60015,1,1,0,0,0,0,0,0,0,0,0,0
60015,2,1,0,0,0,0,0,0,0,0,0,0
60016,0,1,0,0,0,0,0,0,0,0,0,0
60016,1,1,0,0,0,0,0,0,0,0,0,0
60016,3,1,0,0,0,0,0,0,0,0,0,0
60017,1,1,17,17,17,17,17,17,17,17,17,17
60018,1,1,0,0,0,0,0,0,0,0,0,0
60018,2,1,0,0,0,0,0,0,0,0,0,0
60019,1,1,0,0,0,0,0,0,0,0,0,0
60020,0,1,0,0,0,0,0,0,0,0,0,0
60020,1,1,0,0,0,0,0,0,0,0,0,0
60021,1,1,10,10,10,10,10,10,10,10,10,10
60021,2,1,0,0,0,0,0,0,0,0,0,0
60022,0,1,0,0,0,0,0,0,0,0,0,0
60022,1,1,0,0,0,0,0,0,10,0,0,0
60023,0,1,19,9,0,12,22,18,0,23,36,10
60023,1,1,0,0,0,0,0,0,0,0,0,0
60023,2,1,0,0,0,0,0,0,0,0,0,0
60024,1,1,0,0,0,0,0,0,0,0,0,0
60025,1,1,0,0,0,0,0,0,0,0,0,0
60026,1,1,16,16,16,16,16,16,16,16,16,16
60027,1,1,0,9,0,0,16,0,0,16,11,0
60028,0,1,0,0,24,0,0,21,0,0,0,0
60028,1,1,0,0,0,0,0,0,0,0,0,0
60029,1,1,0,0,0,0,0,0,0,0,0,0
60030,1,1,28,28,28,28,28,28,28,28,28,28
60031,1,1,0,0,15,0,26,0,17,0,0,0
60032,1,1,0,0,0,0,0,0,0,0,0,0
60033,1,1,0,0,0,0,0,0,0,0,0,0
60034,1,1,0,0,0,0,0,0,0,0,0,0
60034,2,1,0,0,0,0,0,0,0,0,0,0
60035,1,1,0,0,0,0,0,0,0,0,0,0
60035,2,1,0,0,0,0,0,0,0,0,0,0
60036,1,1,0,0,0,0,0,0,0,0,0,0
60036,2,1,0,0,0,8,9,0,0,0,0,0
60037,1,1,0,0,0,0,0,0,0,0,0,0
60038,1,1,0,0,0,0,0,0,0,0,0,0
60038,2,1,0,0,0,0,0,0,0,0,0,0
60038,3,1,0,0,0,0,0,0,0,0,0,0
60039,1,1,0,0,0,0,0,0,0,0,0,0
60039,2,1,0,0,0,0,0,0,0,0,0,0
60040,1,1,0,0,0,0,0,0,0,0,0,0
60041,1,1,0,0,0,0,0,0,0,0,0,0
60041,2,1,0,0,0,0,0,0,0,0,0,0
60042,1,1,0,0,0,0,0,0,0,0,0,0
60043,0,1,0,0,21,17,0,0,0,13,0,0
60043,1,1,0,0,29,23,0,24,9,16,10,16
60044,1,1,0,0,0,0,0,0,0,0,0,0
60045,1,1,15,15,15,15,15,15,15,15,15,15
60045,2,1,0,0,0,0,0,0,0,0,0,0
60045,3,1,4,0,0,0,0,0,0,0,0,0
60045,4,1,0,0,0,0,0,0,0,0,0,0
60046,1,1,0,0,0,0,0,0,0,0,0,0
60046,2,1,29,0,0,0,0,0,0,0,0,0
60046,3,1,0,0,0,0,0,0,0,0,0,0
60047,1,1,0,0,0,0,0,0,0,0,0,0
60048,0,1,0,0,0,0,0,0,0,0,0,0
60048,1,1,0,0,0,0,0,0,0,0,0,0
60049,1,1,0,0,0,0,0,0,0,0,0,0
60049,2,1,0,0,0,0,0,0,0,0,0,15
60049,3,1,0,0,0,0,0,0,0,0,0,0
60050,1,1,0,0,0,0,0,0,0,0,0,0
60050,2,1,0,0,0,0,0,0,0,0,0,0
60051,1,1,0,0,0,0,0,0,0,0,0,0
60052,1,1,0,0,0,0,0,0,0,0,0,0
60053,1,1,0,0,0,0,0,0,0,0,0,0
60053,2,1,0,0,0,0,0,0,0,0,0,0
60054,0,1,0,0,0,0,0,0,0,0,0,0
60054,1,1,0,0,0,0,0,0,0,0,0,0
60055,0,1,23,23,23,23,23,23,23,23,23,23
60055,1,1,10,0,17,25,0,12,0,0,0,17
60056,1,1,0,0,0,0,0,0,0,0,0,0
60056,2,1,0,0,0,0,0,0,0,0,0,0
60056,3,1,0,0,0,0,0,0,0,0,0,0
60057,1,1,0,0,0,0,0,0,0,0,0,0
60058,0,1,0,0,0,26,0,0,30,0,36,0
60058,1,1,19,0,0,0,0,0,0,0,0,0
60059,0,1,21,21,21,21,21,21,21,21,21,21
60059,1,1,9,0,0,0,0,0,0,0,0,0
60060,1,1,17,17,17,17,17,17,17,17,17,17
60061,1,1,0,0,0,0,0,0,0,0,0,0
60062,1,1,11,11,11,11,11,11,11,11,11,11
60062,2,1,0,0,0,0,0,0,0,0,0,0
60062,3,1,0,0,0,0,0,0,0,0,0,15
60062,4,1,0,0,0,0,0,0,0,0,0,0
60063,1,1,0,0,0,0,0,0,0,0,0,0
60063,2,1,0,0,0,0,0,0,0,0,0,0
60063,3,1,0,0,0,0,0,0,0,0,0,0
60064,0,1,0,0,0,0,0,0,0,0,0,0
60064,1,1,0,0,0,0,0,0,0,0,0,0
60065,1,1,0,0,0,0,0,20,0,0,0,0
60065,2,1,0,0,0,0,0,0,0,0,0,0
60066,0,1,6,6,6,6,6,6,6,6,6,6
60066,1,1,0,0,0,0,0,0,0,0,0,0
60067,1,1,11,11,11,11,11,11,11,11,11,11
60068,1,1,0,0,0,0,0,0,0,0,0,0
60068,2,1,0,0,0,0,0,0,0,0,0,0
60069,1,1,0,0,0,0,0,0,11,21,0,0
60070,1,1,0,0,0,0,0,0,20,0,0,27
60071,1,1,0,0,0,0,0,0,0,0,0,0
60071,2,1,0,0,0,0,0,0,0,0,0,0
60072,1,1,0,0,0,0,0,0,0,0,0,0
60072,2,1,3,0,0,0,0,0,0,0,19,0
60073,0,1,6,6,6,6,6,6,6,6,6,6
60073,1,1,0,0,0,0,0,0,0,0,0,0
60074,1,1,20,20,20,20,20,20,20,20,20,20
60075,1,1,0,0,0,0,0,0,0,0,0,0
60076,1,1,0,0,0,0,0,0,0,0,0,0
60077,1,1,24,24,24,24,24,24,24,24,24,24
60077,2,1,0,0,0,0,0,0,0,0,0,0
60078,0,1,0,0,0,0,0,0,0,0,0,0
60078,1,1,0,0,0,0,26,0,20,0,0,0
60079,1,1,0,0,0,0,0,0,0,0,0,0
60080,1,1,0,0,8,29,0,0,0,0,0,0
60080,2,1,0,0,0,0,0,0,0,0,0,0
60081,1,1,3,3,3,3,3,3,3,3,3,3
60082,1,1,9,9,9,9,9,9,9,9,9,9
60083,1,1,18,18,18,18,18,18,18,18,18,18
60083,2,1,0,0,0,0,0,0,0,0,0,0
60083,3,1,0,0,0,0,0,0,0,0,0,0
60084,1,1,12,12,12,12,12,12,12,12,12,12
60084,2,1,0,0,0,0,0,0,0,0,0,0
60085,1,1,0,0,0,0,0,0,0,0,0,0
60085,2,1,7,7,7,7,7,7,7,7,7,7
60086,1,1,0,0,0,0,0,0,0,0,0,0
60086,2,1,0,0,0,0,0,0,0,0,0,0
60087,0,1,0,0,0,0,0,0,0,0,0,0
60087,1,1,0,0,0,0,0,0,0,0,0,0
60088,0,1,0,0,0,0,0,0,0,0,0,0
60088,1,1,17,17,17,17,17,17,17,17,17,17
60089,1,1,14,14,14,14,14,14,14,14,14,14
60089,2,1,0,0,0,0,0,0,0,0,0,0
60089,3,1,7,0,0,0,0,0,0,0,0,0
60090,0,1,0,0,0,0,0,0,0,0,0,0
60090,1,1,0,0,0,16,0,0,0,24,0,0
60091,1,1,0,0,0,0,0,0,0,0,0,0
60092,0,1,17,17,17,17,17,17,17,17,17,17
60092,1,1,0,0,30,11,18,0,0,18,0,12
60093,1,1,0,0,0,0,0,0,0,0,0,0
60093,2,1,0,0,0,0,0,0,0,0,0,0
60093,3,1,0,0,0,0,0,0,0,0,0,0
60094,1,1,0,0,0,0,0,0,0,0,0,0
60095,1,1,0,0,0,0,0,0,0,0,0,0
60096,1,1,0,0,0,0,0,0,0,0,0,0
60097,0,1,0,0,0,0,0,0,0,0,0,0
60097,1,1,0,20,0,0,0,20,0,0,0,0
60098,0,1,0,0,0,0,0,0,0,0,0,0
60098,1,1,0,0,0,6,0,0,0,0,16,0
60098,2,1,0,0,0,0,0,0,0,0,0,32
60098,3,1,12,0,9,29,0,0,21,11,20,0
60099,0,1,0,0,0,0,0,0,0,0,0,0
60099,1,1,21,21,21,21,21,21,21,21,21,21
60100,1,1,0,0,0,0,0,0,0,0,0,0
60101,1,1,0,0,0,0,0,0,0,0,0,0
60101,2,1,0,0,0,0,0,0,0,0,0,0
60102,0,1,0,0,0,0,0,0,0,0,0,0
60102,1,1,12,27,28,25,17,0,23,13,18,10
60103,1,1,0,0,0,0,0,0,0,0,0,0
60104,0,1,0,0,0,0,0,0,0,0,0,0
60104,1,1,0,0,0,0,0,0,0,0,0,0
60105,1,1,0,0,0,0,0,0,0,0,0,0
60105,2,1,14,14,14,14,14,14,14,14,14,14
60106,0,1,0,0,0,0,0,0,0,0,0,0
60106,1,1,0,0,0,0,0,0,0,0,0,0
60107,0,1,0,0,0,37,0,16,0,0,0,0
60107,1,1,0,0,0,0,0,0,0,0,0,0
60108,0,1,0,0,0,0,0,0,0,0,0,0
60108,1,1,0,0,0,0,0,0,16,0,0,0
60109,0,1,30,30,30,30,30,30,30,30,30,30
60109,1,1,9,1,6,6,17,0,0,11,0,2
60110,1,1,20,20,20,20,20,20,20,20,20,20
60111,1,1,0,0,0,0,0,0,0,0,0,0
60112,1,1,21,21,21,21,21,21,21,21,21,21
60112,2,1,0,0,0,0,0,0,0,0,0,0
60112,3,1,0,0,0,0,0,0,0,0,0,0
60112,4,1,0,0,0,0,0,0,15,0,0,0
60113,0,1,0,0,0,0,0,0,0,0,0,0
60113,1,1,17,37,0,15,46,25,8,10,12,17
60114,1,1,0,0,0,0,0,0,0,0,0,0
60114,2,1,0,0,0,0,0,0,0,0,0,0
60115,1,1,0,0,0,0,0,0,0,0,0,0
60115,2,1,0,0,0,0,0,5,0,0,0,0
60116,1,1,1,8,0,2,9,10,22,7,15,27
60116,2,1,0,0,0,0,0,0,0,0,0,0
60117,1,1,0,0,0,0,0,0,0,0,0,0
60117,2,1,0,0,0,0,0,0,0,0,0,0
60118,0,1,33,33,33,33,33,33,33,33,33,33
60118,1,1,6,9,0,0,0,26,0,0,0,0
60119,1,1,0,0,0,0,0,0,0,0,0,0
60119,2,1,0,0,0,0,0,0,0,0,0,0
60120,0,1,0,0,0,0,0,26,22,24,0,0
60120,0,2,0,0,0,0,24,18,46,0,19,23
60120,0,3,0,16,0,0,0,0,0,9,31,0
60120,1,1,9,9,9,9,9,9,9,9,9,9
60121,0,1,0,0,0,0,0,0,0,0,0,0
60121,1,1,0,4,0,7,0,20,0,0,0,8
60122,0,1,0,0,0,0,0,0,0,0,0,0
60122,1,1,0,0,0,0,0,0,0,0,0,0
60123,0,1,24,24,24,24,24,24,24,24,24,24
60123,1,1,0,0,0,0,0,0,0,0,0,0
60124,1,1,15,0,17,47,13,0,18,7,25,14
60124,2,1,0,0,0,0,0,0,0,0,0,0
60125,0,1,3,3,3,3,3,3,3,3,3,3
60125,1,1,7,0,0,18,25,0,0,0,18,0
60126,1,1,11,11,11,11,11,11,11,11,11,11
60127,1,1,0,0,0,0,0,0,0,0,0,0
60127,2,1,0,0,0,0,0,0,0,0,0,0
60128,0,1,0,0,0,0,0,0,0,0,0,0
60128,1,1,13,13,13,13,13,13,13,13,13,13
60129,1,1,0,0,0,0,0,0,0,0,0,0
60130,0,1,0,0,0,0,0,0,0,0,0,0
60130,1,1,0,0,0,0,0,0,0,0,0,0
60131,1,1,0,0,0,0,0,0,25,17,0,0
60132,1,1,0,0,0,0,0,0,0,0,0,0
60133,1,1,0,0,0,0,0,0,0,0,0,0
60134,1,1,15,15,15,15,15,15,15,15,15,15
60134,2,1,0,0,0,0,0,0,0,0,0,0
60135,1,1,0,0,0,0,0,0,0,0,0,0
60135,2,1,0,0,0,0,0,0,0,0,0,0
60136,1,1,0,0,0,0,0,0,0,0,0,0
60137,1,1,0,0,0,0,27,0,0,0,0,0
60137,2,1,0,0,0,0,0,0,0,0,0,0
60138,1,1,0,0,0,0,0,0,0,0,0,0
60139,0,1,0,0,0,0,0,0,0,0,0,0
60139,1,1,0,0,0,0,0,0,0,0,0,0
60140,0,1,0,0,0,0,0,0,0,0,0,0
60140,1,1,0,0,0,0,0,0,0,0,0,0
60141,1,1,26,26,26,26,26,26,26,26,26,26
60142,1,1,0,0,0,0,0,17,0,0,0,0
60142,2,1,0,0,0,0,0,0,0,0,0,0
60143,0,1,0,0,0,0,0,0,0,0,0,0
60143,1,1,0,0,0,0,15,0,0,0,0,20
60144,0,1,17,17,17,17,17,17,17,17,17,17
60144,1,1,26,23,0,0,0,0,22,0,0,0
60145,1,1,0,0,0,0,0,0,0,0,0,0
60146,1,1,0,0,0,0,23,8,0,0,0,0
60146,2,1,0,0,0,0,0,0,0,0,0,0
60147,1,1,0,0,0,0,0,13,16,10,0,0
60148,1,1,0,0,0,0,0,0,0,0,0,0
60148,2,1,0,0,0,0,0,0,0,0,0,0
60148,3,1,16,0,0,0,0,0,0,0,0,0
60149,0,1,0,0,0,0,0,0,0,0,0,0
60149,1,1,0,0,0,0,0,0,0,0,0,0
60150,1,1,2,2,2,2,2,2,2,2,2,2
60150,2,1,0,0,0,0,0,0,0,0,0,0
60151,1,1,0,0,0,0,0,0,0,0,0,0
60151,2,1,7,0,0,0,0,0,0,0,10,0
60152,1,1,19,19,19,19,19,19,19,19,19,19
60153,1,1,0,0,0,0,0,0,0,0,0,0
60154,0,1,2,2,2,2,2,2,2,2,2,2
60154,1,1,0,0,0,0,0,0,0,10,0,0
60156,1,1,0,0,0,0,0,0,0,0,0,0
60156,2,1,0,0,0,0,0,0,0,0,0,0
60157,0,1,0,0,0,0,0,0,0,0,0,0
60157,0,2,0,0,0,0,0,0,0,0,9,0
60157,0,3,0,0,0,0,0,0,0,0,0,0
60157,0,4,0,0,0,0,0,0,0,0,0,0
60157,0,5,0,0,0,0,0,17,0,0,12,0
60157,1,1,0,0,0,0,0,0,0,0,0,0
60158,0,1,0,0,0,0,0,0,0,0,0,0
60158,1,1,0,0,0,0,0,0,0,0,0,0
60159,1,1,15,15,15,15,15,15,15,15,15,15
60160,1,1,0,0,0,0,0,0,0,0,0,0
60160,2,1,0,0,0,0,0,0,0,0,0,0
60161,1,1,0,0,0,0,0,0,0,0,24,0
60162,1,1,22,22,22,22,22,22,22,22,22,22
60163,0,1,0,0,0,0,0,0,0,0,0,21
60163,1,1,0,0,0,0,0,0,0,0,0,0
60164,0,1,0,0,0,0,12,0,22,0,0,0
60164,1,1,0,0,0,0,0,0,0,0,0,0
60164,2,1,0,0,0,0,0,0,0,0,0,0
60165,1,1,0,0,0,0,0,0,0,0,0,0
60165,2,1,0,0,0,0,0,0,0,0,0,0
60165,3,1,0,0,0,0,0,0,0,0,0,0
60168,1,1,0,0,0,0,0,0,0,0,0,0
60168,2,1,0,0,0,0,0,0,0,0,0,0
60169,1,1,14,14,14,14,14,14,14,14,14,14
60170,1,1,0,0,0,0,0,0,0,0,0,0
60171,0,1,25,25,25,25,25,25,25,25,25,25
60171,1,1,0,0,0,0,0,0,0,0,0,0
60172,0,1,0,0,11,0,0,0,0,26,18,0
60172,1,1,0,0,0,0,25,0,0,0,0,0
60173,1,1,0,0,0,0,0,0,0,0,0,0
60173,2,1,0,0,0,0,0,0,0,0,0,0
60173,3,1,0,0,0,0,0,0,0,0,0,0
60174,1,1,0,0,0,0,0,0,0,0,0,0
60174,2,1,0,0,0,0,0,0,31,0,0,0
60174,3,1,0,0,0,0,0,0,0,0,0,0
60175,1,1,21,21,21,21,21,21,21,21,21,21
60176,1,1,0,0,0,0,0,0,0,0,0,0
60176,2,1,0,0,0,0,0,0,0,0,0,0
60177,0,1,0,0,0,0,0,0,0,0,0,0
60177,1,1,0,0,0,0,0,0,0,0,13,0
60178,1,1,13,0,29,0,23,0,0,0,19,0
60179,1,1,0,0,0,0,0,0,0,0,0,0
60179,2,1,0,0,0,0,0,0,0,0,0,0
60179,3,1,0,0,0,0,0,0,0,0,0,0
60180,0,1,0,0,0,0,0,0,0,0,0,0
60180,1,1,0,0,0,0,0,0,0,0,0,0
60181,1,1,12,12,12,12,12,12,12,12,12,12
60182,1,1,0,0,0,0,0,0,0,0,0,0
60183,1,1,0,0,0,0,0,0,0,0,0,0
60183,2,1,0,0,0,0,0,0,0,0,0,0
60184,1,1,0,0,0,0,0,0,0,0,0,0
60185,0,1,0,0,0,0,0,0,0,0,0,0
60185,1,1,0,0,0,13,0,7,0,0,0,0
60186,0,1,0,0,0,0,0,0,0,0,0,0
60186,1,1,0,0,0,0,0,0,0,0,0,0
60187,1,1,0,0,0,0,0,0,0,0,0,0
60187,2,1,6,0,17,32,0,0,18,0,0,13
60188,1,1,0,0,0,0,0,0,0,0,0,0
60189,0,1,0,0,0,0,0,0,0,0,0,0
60189,1,1,0,0,0,0,0,0,0,0,0,0
60190,1,1,0,0,0,0,0,0,0,0,0,0
60190,2,1,0,0,0,0,0,0,0,0,0,0
60191,1,1,0,0,0,31,0,0,21,0,0,0
60191,2,1,0,0,0,0,0,0,0,0,0,0
60192,0,1,0,0,49,0,0,0,0,0,0,0
60192,1,1,0,0,0,0,0,0,0,0,0,0
60193,0,1,0,0,0,0,0,0,0,0,0,0
60193,1,1,0,0,0,0,0,0,0,0,0,0
60194,0,1,0,0,0,0,0,0,0,0,0,0
60194,1,1,0,0,0,0,0,0,0,0,0,0
60195,0,1,0,0,0,0,0,0,0,0,0,0
60195,1,1,0,0,0,0,0,16,0,0,0,0
60196,1,1,0,0,0,0,0,0,0,0,0,0
60196,2,1,0,0,0,0,0,0,0,0,0,0
60197,1,1,0,0,0,0,0,0,0,0,0,0
60198,1,1,0,0,0,0,0,0,0,0,0,0
60198,2,1,0,0,0,0,0,0,0,0,0,0
60199,1,1,26,26,26,26,26,26,26,26,26,26
60200,1,1,0,0,0,0,0,0,0,0,0,0
60200,2,1,0,0,0,0,0,0,0,0,0,0
60201,0,1,0,0,0,0,0,0,0,0,0,0
60201,1,1,11,0,0,16,12,13,0,0,17,0
60201,2,1,0,9,5,0,22,0,0,0,9,23
60202,1,1,0,0,0,0,0,0,0,0,0,0
60203,1,1,0,0,0,0,0,0,0,0,0,0
60203,2,1,0,0,0,0,0,0,0,0,0,0
60203,3,1,0,0,0,0,0,0,0,0,0,0
60204,1,1,0,0,0,0,0,0,0,0,0,0
60204,2,1,0,0,0,0,0,0,0,0,0,0
60204,3,1,0,0,0,0,0,0,0,0,0,0
60205,0,1,0,0,0,0,0,0,0,0,0,0
60205,1,1,0,0,0,0,0,0,0,0,0,0
60206,1,1,21,21,21,21,21,21,21,21,21,21
60206,2,1,0,0,0,0,0,0,0,0,0,0
60207,1,1,0,0,0,0,0,0,0,0,0,0
60207,2,1,0,0,0,0,0,0,0,0,0,0
60208,1,1,0,0,0,0,0,0,0,0,0,0
60209,0,1,0,0,0,0,0,0,0,0,0,0
60209,1,1,0,0,0,0,0,0,0,0,0,0
60210,1,1,0,0,0,0,0,0,0,0,0,0
60210,2,1,0,0,0,0,0,0,0,0,0,0
60210,3,1,0,0,0,0,0,0,0,0,0,0
60211,1,1,0,0,0,0,0,0,0,0,0,0
60211,2,1,24,24,0,39,0,15,0,0,0,0
60211,3,1,0,0,0,0,0,0,0,0,0,0
60211,4,1,0,0,0,0,0,0,0,0,0,0
60212,1,1,0,0,0,0,0,0,0,0,21,0
60212,2,1,0,0,0,0,0,0,0,0,0,0
60213,1,1,7,0,0,0,0,0,0,0,0,0
60213,2,1,0,0,0,0,0,0,0,0,0,0
60214,1,1,0,0,0,0,0,0,0,0,0,0
60215,0,1,48,48,48,48,48,48,48,48,48,48
60215,1,1,11,11,11,11,11,11,11,11,11,11
60216,1,1,23,23,23,23,23,23,23,23,23,23
60216,2,1,0,0,0,0,0,0,0,0,0,0
60218,0,1,0,0,0,0,0,0,0,0,0,0
60218,1,1,18,0,28,0,0,0,0,0,0,0
60220,1,1,0,0,0,0,0,0,0,0,0,0
60220,2,1,0,0,0,0,0,0,0,0,0,0
60221,1,1,15,15,15,15,15,15,15,15,15,15
60222,1,1,0,0,16,0,0,0,0,0,0,0
60223,1,1,0,0,0,0,0,0,0,0,0,0
60223,2,1,0,11,11,0,22,0,0,0,24,0
60224,0,1,0,0,0,0,0,0,0,0,0,0
60224,1,1,0,0,0,0,0,0,0,0,0,0
60225,1,1,0,0,0,0,0,0,0,0,0,8
60225,2,1,0,0,0,0,0,0,0,0,0,0
60226,1,1,0,0,0,0,0,0,0,0,0,0
60227,0,1,0,0,0,0,0,0,0,0,0,0
60227,1,1,0,0,0,0,0,0,0,0,0,0
60228,0,1,0,0,0,0,0,0,0,0,0,0
60228,1,1,15,26,0,19,21,0,27,15,9,0
60229,1,1,2,2,2,2,2,2,2,2,2,2
60229,2,1,0,16,20,0,0,0,0,0,0,0
60230,1,1,0,0,0,0,0,0,0,0,0,0
60231,0,1,0,0,0,0,0,0,0,0,0,0
60231,1,1,0,0,0,0,0,0,0,0,0,0
60232,1,1,14,14,14,14,14,14,14,14,14,14
60233,1,1,0,0,0,0,0,0,0,0,0,0
60234,1,1,0,0,0,0,0,0,0,0,31,0
60234,2,1,0,0,44,0,0,0,0,0,0,0
60235,1,1,8,8,8,8,8,8,8,8,8,8
60235,2,1,0,0,0,4,0,0,0,0,0,0
60235,3,1,0,0,0,0,0,0,0,0,0,0
60236,1,1,10,10,10,10,10,10,10,10,10,10
60236,2,1,0,0,0,0,0,0,0,0,0,0
60237,0,1,0,0,0,0,0,0,0,0,0,0
60237,1,1,0,0,0,0,0,0,0,0,0,0
60238,1,1,0,0,0,0,0,0,0,0,0,0
60238,2,1,0,0,0,0,0,0,0,0,0,0
60239,1,1,12,12,12,12,12,12,12,12,12,12
60240,1,1,0,0,0,0,0,6,0,0,0,0
60241,1,1,0,0,0,0,0,0,0,0,0,0
60241,2,1,0,42,0,0,0,0,0,0,19,0
60242,0,1,0,0,0,0,0,0,0,0,0,0
60242,1,1,0,26,0,0,0,15,0,0,0,0
60243,1,1,0,0,0,0,0,0,0,0,0,0
60243,2,1,0,0,0,0,0,0,0,0,0,9
60243,3,1,0,0,0,12,0,0,0,0,0,0
60244,1,1,0,0,0,0,0,0,0,0,0,0
60244,2,1,0,0,0,0,0,0,0,0,0,0
60245,1,1,22,22,22,22,22,22,22,22,22,22
60246,1,1,0,0,0,0,0,0,0,0,0,0
60247,1,1,21,21,21,21,21,21,21,21,21,21
60248,1,1,0,0,0,0,0,0,0,0,0,0
60248,2,1,0,0,11,0,0,0,0,0,0,0
60248,3,1,0,0,0,0,0,0,0,0,0,0
60249,1,1,0,0,0,0,0,0,0,0,0,0
60250,1,1,0,0,0,0,0,0,0,0,0,0
60250,2,1,0,0,0,0,0,0,0,0,0,0
60251,0,1,0,0,0,0,0,0,0,0,0,0
60251,1,1,0,0,0,0,0,0,0,0,0,0
60252,0,1,27,26,13,31,16,33,22,47,11,27
60252,1,1,0,0,0,0,0,0,0,0,0,0
60253,1,1,0,0,0,0,0,0,0,0,0,0
60254,1,1,40,0,9,18,12,14,14,20,17,0
60255,1,1,0,0,0,0,0,0,0,0,0,0
60256,1,1,0,0,0,0,0,0,0,0,0,0
60257,1,1,0,0,0,0,0,0,0,0,0,0
60257,2,1,0,0,0,0,0,0,0,0,0,0
60258,1,1,3,3,3,3,3,3,3,3,3,3
60259,1,1,0,0,5,8,0,0,0,0,0,0
60260,1,1,0,0,0,0,0,0,0,0,0,0
60260,2,1,0,0,0,0,0,0,7,0,0,0
60262,1,1,0,0,0,0,0,0,0,0,0,24
60262,2,1,0,0,0,0,0,0,0,0,0,0
60263,1,1,11,14,13,0,0,22,0,0,3,0
60264,1,1,0,0,0,0,0,0,0,0,0,0
60265,1,1,25,25,25,25,25,25,25,25,25,25
60266,1,1,26,26,26,26,26,26,26,26,26,26
60267,1,1,0,0,0,0,0,0,0,0,0,0
60267,2,1,0,0,0,0,0,0,0,0,0,0
60268,1,1,0,0,0,0,0,18,18,9,0,12
60268,2,1,0,0,0,0,0,0,0,0,0,0
60269,0,1,0,0,0,0,0,0,0,0,0,0
60269,1,1,8,15,24,0,13,0,16,47,20,20
60270,0,1,0,0,0,0,0,0,0,0,0,0
60270,1,1,14,0,0,0,0,8,0,0,0,0
60271,1,1,4,4,4,4,4,4,4,4,4,4
60272,1,1,0,0,0,0,0,0,0,0,0,0
60272,2,1,0,0,0,0,0,0,0,0,0,0
60273,1,1,30,9,16,34,15,16,39,18,8,29
60273,2,1,0,0,0,26,0,0,0,26,0,23
60274,1,1,0,0,0,0,0,0,0,0,0,0
60274,2,1,0,0,0,0,0,0,0,0,0,0
60275,0,1,27,27,27,27,27,27,27,27,27,27
60275,1,1,0,0,0,0,0,0,0,12,18,18
60276,0,1,24,24,24,24,24,24,24,24,24,24
60276,1,1,0,0,10,0,0,0,38,0,0,0
60277,0,1,17,17,17,17,17,17,17,17,17,17
60277,1,1,0,7,0,0,10,0,0,0,26,0
60278,1,1,0,0,0,0,0,0,0,0,0,0
60278,2,1,0,0,0,0,0,0,0,0,0,0
60279,0,1,0,0,0,0,0,0,0,0,0,0
60279,1,1,22,0,0,0,0,0,0,0,0,0
60280,0,1,0,0,49,26,22,0,0,0,0,0
60280,1,1,0,0,0,0,0,0,0,0,0,0
60281,1,1,0,0,0,0,0,0,0,0,0,0
60282,1,1,23,23,23,23,23,23,23,23,23,23
60282,2,1,0,0,0,0,0,0,0,8,0,15
60283,0,1,0,0,0,20,0,0,0,13,0,0
60283,1,1,0,0,0,0,0,0,0,0,0,0
60284,1,1,2,2,2,2,2,2,2,2,2,2
60285,0,1,31,31,31,31,31,31,31,31,31,31
60285,1,1,24,17,12,9,23,0,0,2,9,0
60286,0,1,12,12,12,12,12,12,12,12,12,12
60286,1,1,18,18,18,18,18,18,18,18,18,18
60287,0,1,30,30,30,30,30,30,30,30,30,30
60287,1,1,0,0,0,0,0,0,0,0,0,0
60288,1,1,0,0,0,0,0,0,0,0,0,0
60288,2,1,15,0,0,17,0,20,24,0,0,0
60288,3,1,0,8,0,0,0,0,0,0,0,9
60289,1,1,22,22,22,22,22,22,22,22,22,22
60290,1,1,35,35,35,35,35,35,35,35,35,35
60290,2,1,0,0,0,0,0,0,0,0,0,0
60292,0,1,0,0,0,0,11,0,0,0,0,15
60292,1,1,0,3,0,0,0,17,0,0,0,0