ST_CASE,VEH_NO,PER_NO,P1,P2,P3,P4,P5,P6,P7,P8,P9,P10
60293,1,1,22,22,22,22,22,22,22,22,22,22
60294,0,1,0,0,0,0,0,0,0,0,0,0
60294,1,1,0,0,0,0,0,0,0,0,0,0
60295,1,1,0,0,0,0,0,0,0,0,0,0
60296,0,1,0,0,0,0,0,0,0,0,0,0
60296,1,1,32,13,8,32,18,0,7,19,22,7
60297,1,1,0,0,0,0,0,0,0,0,0,0
60297,2,1,11,0,0,0,0,0,0,0,0,0
60298,1,1,0,0,0,0,0,0,0,0,0,0
60298,2,1,0,0,0,0,0,0,0,0,0,0
60298,3,1,0,0,0,18,0,0,0,0,0,0
60298,4,1,0,0,0,0,0,0,0,0,0,0
60298,5,1,0,0,0,0,0,0,0,0,0,0
60299,1,1,18,0,29,0,0,24,19,0,15,17
60300,1,1,0,0,0,0,0,0,0,0,0,0
60301,1,1,16,21,30,0,20,0,0,0,0,0
60302,1,1,20,20,20,20,20,20,20,20,20,20
60302,2,1,0,0,0,0,24,0,0,0,0,21
60303,1,1,0,0,0,0,0,0,0,0,0,0
60304,1,1,0,0,0,0,0,0,0,0,0,0
60304,2,1,0,0,0,0,0,0,0,0,0,0
60305,1,1,18,21,15,20,19,24,18,3,8,0
60306,0,1,6,14,12,30,13,25,18,18,21,11
60306,1,1,0,0,0,0,0,0,0,0,0,0
60307,1,1,0,0,17,13,19,0,17,0,7,14
60307,2,1,0,0,8,0,0,0,0,9,36,15
60308,1,1,0,0,0,0,0,0,0,0,0,0
60308,2,1,0,0,0,0,0,0,0,0,0,0
60309,1,1,0,0,0,0,0,0,0,0,0,0
60309,2,1,27,19,8,0,6,2,15,6,0,22
60310,1,1,0,0,0,0,0,0,0,0,0,0
60311,1,1,0,0,0,0,0,0,0,0,0,0
60312,1,1,0,0,0,0,14,0,0,0,0,0
60312,2,1,0,0,0,0,0,0,0,0,0,0
60313,1,1,0,0,0,0,0,0,0,0,0,0
60314,1,1,0,0,0,0,0,0,0,0,0,0
60314,2,1,0,0,0,0,0,0,0,0,0,0
60315,1,1,0,0,0,0,0,0,0,0,0,0
60315,2,1,0,0,0,0,0,0,0,0,0,0
60316,1,1,0,0,0,0,0,0,0,0,0,0
60317,1,1,0,0,0,0,0,0,0,0,0,0
60317,2,1,0,0,0,0,0,0,0,0,0,0
60319,1,1,0,0,0,0,0,0,0,0,0,0
60320,1,1,0,0,0,0,0,0,0,0,0,0
60321,1,1,13,13,13,13,13,13,13,13,13,13
60321,2,1,0,0,0,0,0,0,0,0,0,0
60322,1,1,0,0,0,0,0,0,0,0,0,0
60322,2,1,0,0,0,0,0,0,0,0,22,0
60323,1,1,0,0,0,0,0,0,0,0,0,0
60323,2,1,0,0,0,0,0,0,0,0,0,0
60324,0,1,0,0,0,38,0,0,0,26,0,0
60324,1,1,0,0,0,0,0,0,0,0,0,0
60325,1,1,2,2,2,2,2,2,2,2,2,2
60325,2,1,0,0,0,0,0,0,0,0,0,0
60326,1,1,15,15,15,15,15,15,15,15,15,15
60326,2,1,9,0,0,0,0,0,0,0,0,0
60327,0,1,0,0,0,0,0,0,0,0,0,0
60327,1,1,0,0,0,0,0,0,0,0,0,0
60328,1,1,0,0,0,0,0,0,0,0,0,0
60328,2,1,0,0,0,0,0,0,0,0,0,0
60328,3,1,0,0,0,0,0,0,0,0,0,0
60329,1,1,0,0,0,0,0,0,0,0,0,0
60329,2,1,0,0,0,0,0,0,0,0,0,0
60330,1,1,14,14,14,14,14,14,14,14,14,14
60331,1,1,2,2,2,2,2,2,2,2,2,2
60331,2,1,0,0,0,0,0,0,0,0,0,0
60332,0,1,0,0,0,0,0,0,0,0,0,0
60332,1,1,0,0,0,0,0,0,0,0,0,0
60333,1,1,0,0,0,0,0,0,0,0,0,0
60334,1,1,0,0,0,0,0,0,0,0,0,0
60334,2,1,0,0,0,0,0,0,0,0,0,0
60334,3,1,0,0,0,0,9,0,0,0,0,0
60334,4,1,0,0,0,0,0,0,0,0,0,0
60334,5,1,0,0,0,0,17,0,0,0,0,0
60335,1,1,20,20,20,20,20,20,20,20,20,20
60336,1,1,0,0,0,0,0,0,0,0,0,0
60337,1,1,34,34,34,34,34,34,34,34,34,34
60338,0,1,24,0,14,0,4,22,0,0,0,12
60338,1,1,0,0,32,0,0,0,0,9,0,0
60339,0,1,23,0,0,35,0,22,0,0,0,0
60339,1,1,0,0,0,0,0,0,0,0,0,0
60340,0,1,0,0,0,0,0,0,0,0,0,0
60340,1,1,0,0,0,0,0,0,0,0,0,0
60341,1,1,0,0,0,0,0,0,0,0,0,0
60342,1,1,25,25,25,25,25,25,25,25,25,25
60343,1,1,0,0,0,0,0,0,0,0,0,0
60343,2,1,0,0,9,0,0,0,0,0,0,0
60344,1,1,0,0,0,0,0,0,0,0,0,0
60345,1,1,0,0,0,0,0,0,0,0,0,0
60345,2,1,0,0,0,0,0,0,0,0,0,0
60346,1,1,0,0,4,3,14,6,0,0,12,0
60346,2,1,0,0,0,0,0,0,0,0,10,19
60347,0,1,0,0,0,0,0,0,0,0,0,0
60347,1,1,0,0,0,0,0,0,0,0,0,0
60348,0,1,0,0,0,0,0,0,0,0,0,0
60348,0,2,0,0,0,0,0,0,0,0,0,0
60348,1,1,0,0,0,0,0,0,0,0,0,0
60349,0,1,21,21,21,21,21,21,21,21,21,21
60349,1,1,0,0,0,24,16,0,0,16,6,0
60350,0,1,0,0,0,0,0,0,0,0,23,0
60350,1,1,0,0,0,0,0,0,0,0,0,0
60351,1,1,40,40,40,40,40,40,40,40,40,40
60352,1,1,0,0,0,0,0,0,0,0,0,0
60352,2,1,0,0,0,0,0,0,0,0,0,0
60352,3,1,0,0,0,0,0,0,0,0,0,0
60353,0,1,21,21,21,21,21,21,21,21,21,21
60353,1,1,0,0,0,0,0,0,0,0,0,0
60354,0,1,0,0,0,0,0,0,0,0,0,0
60354,1,1,0,0,0,13,0,19,29,18,0,11
60356,1,1,22,22,22,22,22,22,22,22,22,22
60357,0,1,27,15,15,10,40,8,16,14,37,18
60357,1,1,0,11,22,31,19,7,7,0,13,0
60358,1,1,0,0,8,20,0,0,0,25,0,7
60359,1,1,0,20,8,13,0,0,16,23,20,0
60359,2,1,0,0,0,0,0,0,0,0,0,0
60360,1,1,0,0,0,0,0,0,0,18,15,0
60360,2,1,0,0,0,0,0,0,0,4,0,0
60361,1,1,14,14,14,14,14,14,14,14,14,14
60362,1,1,0,0,0,0,0,0,0,0,0,0
60362,2,1,6,0,0,0,0,0,0,0,0,0
60363,1,1,25,25,25,25,25,25,25,25,25,25
60363,2,1,0,0,0,0,0,0,0,0,0,0
60364,0,1,12,12,12,12,12,12,12,12,12,12
60364,1,1,0,0,0,0,0,0,0,0,0,0
60365,0,1,0,0,0,0,0,0,0,0,0,0
60365,1,1,0,0,0,0,0,0,0,0,0,0
60365,2,1,0,0,0,0,0,0,0,0,0,0
60366,0,1,0,0,0,0,0,30,0,0,0,0
60366,1,1,0,0,0,0,0,0,0,0,0,0
60367,0,1,3,9,0,44,0,7,18,16,0,16
60367,1,1,0,0,0,0,0,0,0,0,0,0
60368,1,1,19,19,19,19,19,19,19,19,19,19
60368,2,1,0,0,0,0,0,0,0,0,0,0
60369,1,1,0,0,0,0,0,0,0,0,0,0
60370,1,1,12,12,12,12,12,12,12,12,12,12
60371,1,1,22,22,22,22,22,22,22,22,22,22
60371,2,1,0,0,0,0,0,0,0,0,0,0
60372,1,1,26,26,26,26,26,26,26,26,26,26
60373,1,1,0,0,0,0,0,0,0,0,0,0
60373,2,1,0,0,0,11,0,0,0,0,0,0
60374,1,1,0,0,0,0,0,0,0,0,0,0
60375,1,1,0,0,0,0,0,0,0,0,0,0
60376,1,1,31,31,31,31,31,31,31,31,31,31
60377,1,1,0,0,0,0,0,0,0,0,0,0
60377,2,1,0,0,0,0,0,0,0,0,0,0
60378,1,1,0,0,0,0,0,0,0,0,0,0
60379,1,1,25,25,25,25,25,25,25,25,25,25
60381,1,1,0,0,0,0,0,0,0,0,0,0
60381,2,1,0,0,0,0,0,0,0,0,0,0
60381,3,1,0,0,0,0,0,0,0,12,0,0
60382,0,1,0,0,0,0,0,0,0,0,0,0
60382,1,1,0,0,0,0,0,0,0,0,0,0
60383,1,1,0,0,0,0,0,0,0,0,0,0
60384,1,1,0,0,0,0,0,0,0,0,0,0
60385,1,1,3,3,3,3,3,3,3,3,3,3
60386,1,1,8,8,8,8,8,8,8,8,8,8
60386,2,1,0,0,0,0,0,0,0,0,0,0
60387,1,1,0,0,0,0,0,0,0,0,0,0
60388,1,1,0,0,0,0,0,0,0,0,0,0
60390,1,1,18,9,9,32,4,9,17,14,11,7
60391,1,1,27,27,27,27,27,27,27,27,27,27
60393,0,1,6,0,0,0,34,11,0,18,0,0
60393,1,1,0,0,2,0,0,10,0,0,0,13
60394,1,1,0,0,0,0,0,0,0,0,0,0
60394,2,1,0,0,0,0,0,0,0,0,0,0
60395,1,1,19,19,19,19,19,19,19,19,19,19
60396,1,1,20,20,20,20,20,20,20,20,20,20
60397,1,1,4,4,4,4,4,4,4,4,4,4
60397,2,1,0,0,0,0,0,0,0,0,0,0
60398,0,1,0,16,13,19,0,0,0,0,0,32
60398,1,1,0,0,0,0,0,0,0,0,0,0
60398,2,1,0,0,2,0,30,0,0,0,0,0
60398,3,1,0,0,0,0,0,0,0,12,0,0
60399,1,1,0,0,0,0,0,0,0,0,0,0
60400,1,1,0,0,0,0,0,0,0,0,0,0
60400,2,1,0,0,0,0,0,0,0,0,0,0
60400,3,1,0,0,7,0,0,0,0,0,0,0
60400,4,1,0,0,0,13,0,0,0,0,0,0
60400,5,1,0,0,0,0,0,0,0,0,0,0
60401,1,1,0,0,0,0,0,0,0,0,0,0
60402,1,1,0,0,0,0,0,0,0,0,0,0
60402,2,1,0,0,0,0,0,0,0,0,0,0
60403,1,1,19,19,19,19,19,19,19,19,19,19
60404,1,1,0,0,0,0,0,0,0,0,0,0
60404,2,1,0,0,0,0,0,0,0,0,0,0
60405,1,1,0,0,0,0,0,0,0,0,0,0
60406,1,1,0,0,0,0,0,19,0,0,0,0
60407,1,1,0,0,0,0,0,0,0,0,0,0
60408,1,1,23,23,23,23,23,23,23,23,23,23
60408,2,1,0,0,0,0,0,0,0,0,0,0
60409,0,1,0,0,0,0,0,0,0,0,0,0
60409,1,1,0,0,0,0,0,0,0,0,0,0
60409,2,1,0,0,0,0,0,0,23,0,0,0
60409,3,1,0,0,0,5,0,9,0,0,0,0
60410,1,1,0,0,0,0,0,0,0,0,0,0
60411,1,1,32,13,0,0,0,0,0,0,0,0
60412,1,1,0,0,0,0,0,0,0,0,0,0
60413,1,1,26,26,26,26,26,26,26,26,26,26
60414,1,1,0,0,0,0,0,0,0,0,0,0
60415,0,1,0,0,0,0,0,0,0,0,0,0
60415,1,1,0,0,0,11,0,27,0,0,0,0
60417,0,1,0,0,0,0,0,0,0,0,0,0
60417,1,1,0,0,0,0,0,0,0,0,0,0
60418,1,1,0,0,0,0,0,0,0,0,0,0
60418,2,1,0,0,0,0,0,0,0,0,0,0
60419,0,1,0,0,0,0,0,0,0,0,0,0
60419,1,1,17,0,0,0,0,0,0,0,28,0
60420,1,1,0,0,0,0,0,0,0,0,0,0
60421,1,1,0,0,0,26,26,0,0,0,0,17
60422,1,1,0,0,15,0,0,20,0,0,0,0
60422,2,1,23,14,0,0,0,0,15,12,22,18
60423,1,1,0,0,0,0,0,0,0,0,0,0
60423,2,1,0,0,0,0,0,0,0,20,0,0
60424,1,1,0,0,0,0,0,0,0,0,0,0
60424,2,1,0,0,0,0,0,0,0,0,0,0
60425,1,1,22,22,22,22,22,22,22,22,22,22
60426,1,1,17,17,17,17,17,17,17,17,17,17
60426,2,1,0,0,0,0,0,0,0,0,0,0
60427,0,1,0,0,0,0,0,0,0,0,0,0
60427,2,1,0,0,0,0,0,0,0,0,0,0
60428,1,1,0,0,0,0,0,0,0,0,0,0
60428,2,1,0,0,0,0,0,30,0,0,0,0
60429,1,1,0,0,0,0,0,0,0,0,0,0
60430,1,1,0,0,18,24,14,16,0,23,0,30
60430,2,1,0,0,0,0,0,0,0,0,0,0
60432,1,1,0,0,0,0,0,0,0,0,0,0
60433,1,1,0,0,0,0,0,0,0,0,0,0
60433,2,1,0,0,0,0,0,0,0,0,0,0
60434,1,1,0,0,0,0,0,0,0,0,0,0
60434,2,1,0,0,0,0,0,0,6,0,0,0
60435,1,1,0,0,0,0,0,0,0,0,0,0
60435,2,1,0,0,0,0,0,0,0,0,0,0
60436,0,1,0,0,0,0,0,0,0,0,0,0
60436,1,1,0,0,0,0,0,0,0,0,0,0
60437,1,1,12,12,12,12,12,12,12,12,12,12
60438,0,1,0,0,0,0,0,0,0,0,0,0
60438,1,1,11,0,0,0,0,0,0,0,0,0
60439,1,1,21,21,21,21,21,21,21,21,21,21
60439,2,1,0,0,0,0,0,0,0,0,0,0
60439,3,1,18,0,0,0,0,0,0,0,0,0
60440,1,1,6,8,24,0,0,20,0,0,0,20
60441,1,1,0,0,0,0,0,0,0,0,0,0
60441,2,1,0,0,0,0,0,0,0,0,0,0
60442,1,1,0,0,0,0,0,0,0,0,0,0
60444,1,1,24,24,24,24,24,24,24,24,24,24
60445,1,1,15,0,0,0,0,0,0,0,14,0
60446,1,1,0,18,19,21,0,24,0,17,0,0
60447,1,1,28,28,28,28,28,28,28,28,28,28
60448,0,1,35,35,35,35,35,35,35,35,35,35
60448,1,1,0,0,0,0,0,0,0,0,0,0
60449,1,1,15,15,15,15,15,15,15,15,15,15
60449,2,1,0,0,0,0,0,0,0,0,0,0
60450,1,1,15,15,15,15,15,15,15,15,15,15
60451,1,1,16,16,16,16,16,16,16,16,16,16
60452,0,1,0,0,0,0,0,0,0,0,0,0
60452,1,1,3,3,3,3,3,3,3,3,3,3
60453,1,1,0,0,0,0,0,0,0,0,0,0
60453,2,1,0,0,0,0,0,0,0,0,0,0
60453,3,1,0,0,0,0,0,0,0,0,0,0
60454,1,1,0,0,0,0,0,0,0,0,0,0
60454,2,1,0,0,0,0,0,0,0,0,0,0
60454,3,1,0,0,0,0,0,0,0,0,0,0
60454,4,1,0,0,0,0,0,0,0,0,0,0
60455,1,1,44,44,44,44,44,44,44,44,44,44
60455,2,1,8,8,8,8,8,8,8,8,8,8
60456,1,1,14,14,14,14,14,14,14,14,14,14
60456,2,1,0,0,0,0,0,0,6,0,0,0
60457,0,1,26,26,26,26,26,26,26,26,26,26
60457,1,1,0,0,0,0,0,0,0,0,0,0
60458,1,1,13,13,13,13,13,13,13,13,13,13
60459,0,1,38,38,38,38,38,38,38,38,38,38
60459,1,1,0,0,0,0,0,0,0,0,0,0
60460,1,1,0,0,0,0,0,0,0,0,0,0
60461,0,1,0,0,0,0,0,0,0,0,0,0
60461,1,1,0,0,0,0,0,0,0,0,0,0
60462,1,1,0,0,17,28,0,26,0,0,22,0
60463,1,1,26,26,26,26,26,26,26,26,26,26
60463,2,1,0,19,0,0,0,0,18,0,0,0
60463,3,1,0,0,0,0,0,0,0,0,0,0
60464,1,1,15,15,15,15,15,15,15,15,15,15
60464,2,1,0,0,0,0,0,0,0,0,0,0
60465,1,1,0,0,0,0,0,0,0,0,0,0
60465,2,1,0,10,0,0,0,0,0,0,0,0
60466,1,1,0,0,0,0,0,0,0,0,0,0
60467,1,1,13,13,13,13,13,13,13,13,13,13
60468,1,1,0,0,9,0,0,0,0,0,0,0
60469,1,1,0,0,0,0,0,0,0,0,0,0
60470,0,1,0,0,0,0,0,0,0,0,0,0
60470,1,1,0,0,0,0,0,0,0,0,0,14
60471,1,1,21,21,21,21,21,21,21,21,21,21
60472,1,1,0,0,0,0,0,0,0,0,0,0
60472,2,1,0,0,0,0,0,0,0,0,0,0
60473,1,1,18,18,18,18,18,18,18,18,18,18
60473,2,1,0,0,0,0,0,0,0,0,0,0
60473,3,1,0,0,0,0,0,0,0,0,0,0
60473,4,1,0,0,0,17,21,41,0,0,0,0
60474,1,1,0,0,0,0,0,0,0,0,0,0
60475,0,1,12,15,0,0,0,20,20,0,20,0
60475,1,1,0,0,0,0,8,0,0,0,0,0
60476,0,1,0,0,0,0,0,0,0,0,0,0
60476,0,2,0,0,0,0,4,0,18,0,0,0
60476,1,1,23,25,0,19,19,0,0,14,0,0
60477,1,1,22,22,22,22,22,22,22,22,22,22
60477,2,1,0,0,0,0,0,0,0,0,0,0
60478,1,1,0,0,0,0,0,0,0,0,0,0
60479,0,1,0,0,0,0,0,0,0,0,0,0
60479,1,1,0,0,0,0,0,0,0,0,0,0
60480,1,1,0,0,0,0,0,0,0,0,0,0
60481,0,1,25,25,25,25,25,25,25,25,25,25
60481,1,1,0,0,0,0,0,0,0,0,0,0
60482,0,1,27,27,27,27,27,27,27,27,27,27
60482,1,1,0,0,0,0,0,0,0,0,0,0
60483,1,1,0,0,0,0,0,0,0,0,0,0
60484,0,1,0,0,0,0,0,0,0,0,0,0
60484,1,1,0,20,12,35,0,44,19,25,0,0
60485,1,1,0,0,0,0,0,0,0,0,0,0
60486,1,1,18,18,18,18,18,18,18,18,18,18
60486,2,1,0,0,0,0,0,0,0,0,0,0
60487,1,1,0,0,0,0,0,0,0,0,0,0
60488,1,1,0,0,0,0,4,0,0,0,7,0
60488,2,1,0,0,0,0,0,0,0,0,0,0
60489,1,1,26,26,26,26,26,26,26,26,26,26
60490,1,1,0,0,0,0,0,0,0,0,0,0
60490,2,1,0,0,0,0,0,0,0,0,0,0
60490,3,1,0,0,0,0,0,0,0,0,0,0
60491,1,1,0,0,0,0,0,0,0,0,0,17
60491,2,1,0,0,0,0,0,0,0,0,0,0
60492,1,1,13,13,13,13,13,13,13,13,13,13
60492,2,1,0,0,11,0,0,0,0,0,14,0
60492,3,1,10,13,15,17,0,0,21,20,24,0
60492,4,1,0,0,0,26,0,23,0,0,0,0
60493,1,1,10,10,10,10,10,10,10,10,10,10
60494,0,1,0,0,0,0,0,0,0,0,0,0
60494,1,1,0,0,0,0,0,0,0,0,0,15
60495,0,1,0,0,0,0,0,0,0,0,0,4
60495,1,1,0,0,0,16,0,0,19,0,14,0
60496,1,1,13,13,13,13,13,13,13,13,13,13
60497,0,1,0,0,0,0,0,0,0,0,0,0
60497,1,1,26,26,26,26,26,26,26,26,26,26
60497,2,1,20,0,0,0,0,0,0,0,0,34
60497,3,1,0,0,0,0,0,16,0,0,0,0
60498,1,1,0,0,0,0,0,0,0,0,0,0
60498,2,1,0,0,0,0,0,0,0,0,0,0
60499,0,1,0,0,0,0,0,0,0,0,0,0
60499,1,1,0,0,0,0,0,0,0,0,0,0
60500,1,1,0,0,0,0,0,0,0,0,0,0
60501,1,1,0,0,0,0,0,0,0,0,0,0
60502,1,1,6,6,6,6,6,6,6,6,6,6
60503,1,1,9,23,10,15,8,13,14,4,18,13
60503,2,1,0,0,0,0,0,0,0,0,0,0
60504,1,1,20,20,20,20,20,20,20,20,20,20
60505,1,1,4,4,4,4,4,4,4,4,4,4
60506,1,1,23,23,23,23,23,23,23,23,23,23
60506,2,1,0,0,0,0,0,0,0,0,0,0
60507,1,1,19,19,19,19,19,19,19,19,19,19
60508,1,1,20,20,20,20,20,20,20,20,20,20
60509,1,1,26,26,26,26,26,26,26,26,26,26
60510,0,1,0,0,0,0,0,0,0,0,0,0
60510,1,1,0,0,0,0,0,0,0,0,0,0
60511,1,1,29,29,29,29,29,29,29,29,29,29
60513,1,1,0,0,0,0,0,0,0,0,0,0
60513,2,1,0,0,0,0,0,0,0,0,0,0
60514,1,1,0,0,0,0,0,0,0,0,0,0
60514,2,1,0,0,0,0,20,0,0,0,0,0
60515,1,1,0,0,0,0,0,0,0,0,0,0
60516,1,1,16,16,16,16,16,16,16,16,16,16
60517,1,1,0,0,0,0,0,0,0,0,0,0
60517,2,1,0,0,0,0,0,0,0,0,0,0
60518,1,1,0,0,0,0,0,0,0,0,0,0
60518,2,1,0,0,0,0,0,0,0,0,0,0
60520,1,1,0,17,0,0,0,0,0,0,4,0
60520,2,1,0,0,0,0,0,0,0,0,0,0
60520,3,1,0,15,0,0,0,0,0,0,0,0
60521,1,1,4,4,4,4,4,4,4,4,4,4
60521,2,1,0,0,0,0,0,0,0,0,0,0
60522,0,1,16,16,16,16,16,16,16,16,16,16
60522,1,1,0,0,0,0,0,0,0,0,0,0
60523,1,1,0,0,0,0,0,0,0,0,0,0
60524,0,1,25,28,19,10,16,18,19,0,5,24
60524,1,1,0,18,0,0,35,0,0,0,0,0
60524,3,1,0,26,0,0,19,0,14,11,6,0
60524,4,1,8,0,0,0,0,0,0,0,0,0
60525,0,1,0,0,0,0,0,0,0,0,0,0
60525,1,1,0,0,0,0,0,0,0,0,0,0
60526,1,1,23,23,23,23,23,23,23,23,23,23
60527,0,1,0,0,0,0,0,0,0,0,0,0
60527,1,1,0,0,0,0,0,0,0,0,0,0
60528,1,1,0,0,0,0,0,0,0,0,0,0
60528,2,1,0,8,0,15,0,0,8,0,0,0
60529,1,1,0,0,0,0,0,0,0,0,0,0
60529,2,1,0,0,0,0,0,0,0,0,0,0
60530,1,1,8,8,8,8,8,8,8,8,8,8
60531,1,1,0,0,0,0,0,0,0,0,0,0
60531,2,1,0,0,0,0,0,0,0,0,0,0
60532,1,1,0,0,0,0,0,0,0,0,0,0
60533,1,1,21,21,21,21,21,21,21,21,21,21
60533,2,1,0,0,19,0,0,0,0,0,0,0
60533,3,1,0,0,0,0,0,0,0,0,0,0
60533,4,1,22,0,0,0,0,0,0,0,0,0
60534,0,1,0,0,0,0,0,0,0,0,0,0
60534,0,2,0,0,0,0,0,0,0,15,0,0
60534,1,1,14,13,23,18,3,14,10,32,5,14
60535,1,1,11,20,19,0,0,0,29,18,15,0
60536,0,1,35,35,35,35,35,35,35,35,35,35
60536,1,1,0,0,0,0,0,0,0,0,0,0
60537,1,1,0,0,0,0,0,0,0,0,0,0
60537,2,1,0,0,0,0,0,0,0,0,0,0
60538,0,1,0,0,0,0,0,0,0,0,0,0
60538,1,1,0,0,0,0,0,0,0,0,0,0
60539,0,1,0,0,0,0,0,0,0,0,0,0
60539,1,1,7,0,10,13,24,11,19,8,0,0
60540,0,1,0,0,0,0,0,0,0,0,0,0
60540,1,1,0,0,0,0,0,0,0,16,0,0
60540,3,1,0,0,0,0,0,21,0,0,0,0
60542,0,1,0,0,0,0,0,0,0,0,0,0
60542,1,1,0,0,0,0,0,0,0,0,19,0
60543,0,1,0,0,0,0,0,0,0,0,0,0
60543,0,2,0,18,0,0,0,0,0,0,0,0
60543,1,1,42,13,0,17,22,53,10,13,0,14
60544,1,1,31,31,31,31,31,31,31,31,31,31
60545,0,1,0,0,0,0,0,0,0,0,0,0
60545,1,1,0,0,0,0,0,0,0,0,0,0
60546,0,1,17,17,17,17,17,17,17,17,17,17
60546,1,1,0,0,0,0,0,0,0,0,0,0
60547,0,1,35,0,24,16,19,17,21,0,24,10
60547,1,1,0,0,0,0,0,0,0,0,0,16
60548,1,1,0,0,0,0,0,0,0,0,0,0
60549,0,1,0,0,0,0,0,0,0,0,0,0
60549,1,1,2,0,15,0,0,0,0,0,0,0
60550,1,1,17,17,17,17,17,17,17,17,17,17
60551,0,1,24,24,24,24,24,24,24,24,24,24
60551,1,1,0,0,0,0,0,0,0,0,0,0
60552,0,1,0,0,0,0,0,0,0,0,0,0
60552,1,1,0,0,0,0,0,0,0,0,0,0
60553,0,1,9,9,9,9,9,9,9,9,9,9
60553,1,1,0,0,0,0,0,0,0,0,0,0
60554,1,1,0,0,0,0,0,0,0,0,0,0
60554,2,1,0,0,5,0,0,0,0,0,0,0
60555,0,1,25,25,25,25,25,25,25,25,25,25
60555,1,1,9,9,9,9,9,9,9,9,9,9
60556,1,1,0,0,0,13,0,0,0,0,0,13
60556,2,1,0,13,0,0,0,0,17,0,0,0
60558,0,1,0,0,0,0,0,0,0,0,0,0
60558,1,1,0,0,0,0,0,0,0,0,0,0
60559,1,1,0,0,0,0,0,13,0,0,18,0
60559,2,1,18,18,18,18,18,18,18,18,18,18
60560,0,1,17,17,17,17,17,17,17,17,17,17
60560,1,1,0,13,0,0,0,0,0,0,0,0
60561,1,1,15,15,15,15,15,15,15,15,15,15
60562,1,1,0,0,0,0,0,0,0,0,0,17
60563,1,1,0,0,0,0,0,12,0,0,0,0
60563,2,1,0,0,0,0,0,0,0,0,0,0
60563,3,1,0,0,0,0,0,0,0,0,0,0
60564,1,1,0,0,0,0,0,0,0,0,0,0
60564,2,1,0,0,0,0,0,0,0,0,0,0
60565,1,1,0,0,0,0,0,0,0,0,0,0
60565,2,1,0,0,0,0,10,0,0,0,0,0
60566,1,1,0,0,0,0,0,0,0,0,0,0
60566,2,1,0,0,0,0,0,0,0,0,0,0
60567,0,1,0,0,0,0,0,0,0,0,0,0
60567,1,1,0,0,0,0,0,0,0,0,0,0
60568,1,1,0,0,12,0,0,0,0,0,0,0
60568,2,1,0,0,0,0,0,0,0,0,0,0
60569,1,1,15,15,15,15,15,15,15,15,15,15
60570,1,1,0,0,0,0,0,0,0,0,0,0
60570,2,1,0,0,0,0,0,0,0,0,0,0
60570,3,1,0,0,0,0,21,0,15,11,0,0
60570,4,1,0,0,0,0,0,0,0,0,0,0
60571,0,1,0,0,0,0,0,0,0,0,0,0
60571,1,1,0,0,0,0,0,30,0,0,0,0
60572,0,1,13,13,13,13,13,13,13,13,13,13
60572,1,1,0,0,0,0,0,0,0,0,0,0
60573,1,1,0,0,0,0,0,0,0,13,0,0
60574,1,1,0,0,0,0,0,0,0,0,0,0
60574,2,1,0,15,0,0,0,0,0,0,0,0
60575,0,1,0,0,0,0,0,0,0,0,0,0
60575,1,1,0,0,24,0,0,0,0,0,0,0
60576,0,1,10,0,0,22,11,0,12,3,0,32
60576,1,1,0,0,0,0,0,0,0,0,0,0
60577,0,1,23,18,0,18,14,15,0,0,14,0
60577,1,1,0,0,0,0,0,0,0,0,0,0
60578,1,1,0,0,0,21,0,0,0,13,0,0
60579,1,1,0,0,0,0,0,0,0,0,0,0
60580,1,1,25,25,25,25,25,25,25,25,25,25
60581,1,1,0,0,0,0,0,0,0,0,0,0
60582,1,1,0,0,5,12,0,6,0,0,0,0
60582,2,1,0,0,0,0,0,0,18,10,0,0
60583,1,1,13,13,13,13,13,13,13,13,13,13
60584,1,1,0,0,0,0,0,0,0,0,0,0
60585,1,1,29,29,29,29,29,29,29,29,29,29
60586,1,1,24,24,24,24,24,24,24,24,24,24
60586,2,1,0,0,0,0,0,0,0,0,0,0
60587,1,1,0,0,0,0,0,0,0,0,0,0
60587,2,1,0,0,0,0,0,0,0,0,0,0
60588,1,1,0,0,0,0,0,0,0,0,0,0
60589,1,1,5,5,5,5,5,5,5,5,5,5
60590,0,1,0,0,0,0,0,0,0,0,0,0
60590,1,1,21,0,0,0,0,0,0,0,0,0
60591,1,1,21,21,21,21,21,21,21,21,21,21
60592,0,1,26,26,26,26,26,26,26,26,26,26
60592,1,1,0,0,0,0,0,0,0,0,0,0
60593,0,1,0,0,0,0,0,0,0,0,0,0
60593,1,1,0,26,0,0,0,0,0,0,0,0
60594,0,1,26,26,26,26,26,26,26,26,26,26
60594,1,1,0,0,0,0,0,0,0,0,0,0
60595,1,1,26,26,26,26,26,26,26,26,26,26