ST_CASE,VEH_NO,PER_NO,P1,P2,P3,P4,P5,P6,P7,P8,P9,P10
60596,1,1,0,0,0,0,0,0,0,0,0,0
60597,1,1,0,0,0,0,0,0,0,0,0,0
60597,2,1,0,0,0,0,0,0,0,0,0,0
60598,1,1,0,0,0,0,0,0,0,0,0,0
60598,2,1,0,0,0,0,0,0,5,0,0,9
60598,3,1,0,0,0,0,0,0,0,0,0,5
60599,1,1,4,4,4,4,4,4,4,4,4,4
60600,1,1,0,0,0,0,0,0,0,0,0,0
60600,2,1,0,0,0,0,0,0,0,0,0,0
60600,3,1,0,0,0,0,0,0,0,0,0,0
60600,4,1,0,0,0,0,0,0,0,0,0,0
60600,5,1,0,0,0,16,0,0,0,0,0,0
60601,0,1,0,0,0,0,0,0,0,0,0,0
60601,1,1,0,9,0,0,0,0,17,0,0,0
60602,1,1,13,0,18,0,0,20,0,0,6,0
60603,1,1,0,0,0,0,0,0,0,0,0,0
60603,2,1,0,0,0,0,0,11,0,0,13,0
60604,1,1,0,0,0,0,0,0,0,0,0,0
60605,0,1,20,20,20,20,20,20,20,20,20,20
60605,1,1,0,0,0,0,0,0,0,0,0,0
60606,0,1,25,25,25,25,25,25,25,25,25,25
60606,1,1,10,14,11,27,19,18,12,3,15,7
60607,1,1,0,0,0,0,0,0,0,0,0,0
60608,0,1,33,33,33,33,33,33,33,33,33,33
60608,1,1,0,0,0,0,0,0,0,0,0,0
60608,2,1,10,0,0,0,0,0,0,0,0,0
60609,0,1,16,16,16,16,16,16,16,16,16,16
60609,1,1,0,45,15,14,14,11,17,12,0,0
60610,1,1,0,0,0,0,0,0,0,0,0,0
60610,2,1,0,0,0,0,0,0,0,0,0,0
60610,3,1,0,0,0,0,0,15,0,0,0,0
60611,0,1,0,0,0,0,0,0,0,0,0,0
60611,1,1,0,0,0,0,0,0,0,0,0,0
60612,1,1,0,0,0,0,0,0,0,0,0,0
60613,1,1,20,20,20,20,20,20,20,20,20,20
60614,1,1,0,0,0,0,0,0,0,0,0,0
60614,2,1,14,14,14,14,14,14,14,14,14,14
60615,0,1,0,0,0,0,0,0,0,0,0,0
60615,1,1,0,0,0,0,0,0,0,0,0,0
60616,1,1,10,10,10,10,10,10,10,10,10,10
60617,0,1,6,0,0,31,0,22,19,0,24,0
60617,1,1,0,0,0,0,0,0,0,0,0,0
60618,0,1,0,0,0,0,0,0,0,0,0,0
60618,1,1,17,23,0,0,0,7,0,0,0,0
60619,0,1,0,0,0,0,0,0,10,0,0,13
60619,1,1,0,0,0,0,0,0,0,0,0,0
60620,1,1,0,0,0,0,0,0,0,0,0,0
60620,2,1,0,0,0,0,0,0,0,0,0,0
60620,3,1,0,0,0,0,0,15,0,8,26,0
60621,1,1,0,0,24,0,9,12,0,0,0,0
60622,1,1,16,22,0,26,0,0,0,0,0,23
60623,1,1,0,0,0,0,0,0,0,0,0,0
60624,1,1,22,22,22,22,22,22,22,22,22,22
60625,1,1,0,0,0,0,0,0,0,0,0,0
60625,2,1,0,0,0,0,0,0,0,0,0,0
60626,1,1,18,18,18,18,18,18,18,18,18,18
60627,1,1,31,31,31,31,31,31,31,31,31,31
60627,2,1,0,0,0,0,0,0,0,0,0,0
60627,3,1,0,0,0,0,12,0,0,0,0,0
60628,1,1,16,16,16,16,16,16,16,16,16,16
60628,2,1,0,0,0,0,0,0,0,0,0,0
60628,3,1,0,0,0,0,0,0,0,0,0,0
60629,1,1,0,0,0,0,0,0,0,0,0,0
60630,0,1,20,20,20,20,20,20,20,20,20,20
60630,1,1,0,0,0,0,0,0,0,0,0,0
60631,1,1,0,0,0,0,0,0,0,0,0,0
60631,2,1,12,16,26,0,0,11,0,7,15,0
60632,1,1,19,0,0,0,0,0,0,0,0,0
60632,2,1,0,0,0,28,0,23,0,0,0,0
60633,1,1,22,0,0,0,6,0,0,0,0,23
60633,2,1,0,0,0,0,0,0,0,0,0,0
60634,0,1,17,17,17,17,17,17,17,17,17,17
60634,1,1,0,0,0,0,0,0,0,0,0,0
60635,1,1,0,0,0,0,0,0,0,0,0,0
60636,0,1,0,0,0,0,0,0,0,0,0,0
60636,1,1,0,14,19,14,0,0,5,0,0,0
60637,0,1,0,0,0,0,0,0,0,0,0,0
60637,0,2,0,0,0,0,13,0,0,0,0,24
60638,1,1,0,0,23,25,0,0,0,11,0,13
60638,2,1,0,0,0,0,0,0,0,0,0,0
60639,1,1,17,18,0,0,17,0,0,0,0,0
60639,2,1,0,0,0,0,0,0,0,0,0,0
60640,0,1,0,0,0,0,0,0,0,0,0,0
60640,1,1,0,0,0,0,0,0,0,0,0,0
60641,0,1,0,0,0,0,0,0,0,0,0,0
60641,1,1,0,0,0,0,0,0,0,0,0,0
60642,1,1,14,31,32,6,19,16,11,28,3,11
60643,1,1,0,0,0,0,0,0,0,0,0,0
60643,2,1,0,0,0,0,0,0,0,0,0,0
60644,1,1,0,0,0,0,0,0,0,0,0,0
60645,1,1,0,0,0,0,0,0,0,0,0,0
60645,2,1,6,6,6,6,6,6,6,6,6,6
60646,0,1,0,0,0,0,0,0,0,0,0,0
60646,1,1,0,0,0,0,0,0,0,0,15,0
60647,1,1,0,0,0,0,0,0,0,0,0,0
60647,2,1,0,0,0,0,0,0,0,0,0,0
60647,3,1,0,0,0,0,0,13,0,0,0,16
60647,4,1,0,0,0,13,0,0,0,0,0,0
60647,5,1,0,0,0,0,0,0,0,0,0,0
60648,1,1,0,0,10,5,17,8,0,0,26,24
60648,2,1,0,0,0,0,0,0,0,0,0,0
60649,0,1,24,24,24,24,24,24,24,24,24,24
60649,1,1,8,8,8,8,8,8,8,8,8,8
60650,1,1,0,0,0,34,7,0,0,0,26,0
60650,2,1,0,0,0,0,0,0,0,0,0,0
60651,1,1,8,8,8,8,8,8,8,8,8,8
60651,2,1,0,0,0,0,0,0,0,0,0,0
60651,3,1,0,0,0,0,0,0,0,0,0,0
60651,4,1,0,0,0,0,0,0,0,0,0,11
60652,1,1,5,5,5,5,5,5,5,5,5,5
60653,1,1,0,0,0,0,0,0,0,0,0,0
60654,1,1,19,19,19,19,19,19,19,19,19,19
60654,2,1,0,0,0,0,0,0,0,0,0,0
60655,1,1,0,0,0,0,0,0,0,0,0,0
60656,0,1,20,0,0,8,0,0,0,24,0,21
60656,0,2,0,0,0,0,0,0,0,0,0,0
60656,1,1,0,0,0,0,0,0,0,0,0,0
60656,2,1,0,0,0,0,0,0,0,0,0,0
60657,1,1,28,28,28,28,28,28,28,28,28,28
60658,0,1,0,0,0,0,0,0,0,0,0,0
60658,1,1,0,6,0,17,0,13,0,0,0,0
60659,1,1,0,0,0,0,0,0,0,0,0,0
60660,1,1,8,14,24,26,29,14,28,0,0,22
60661,1,1,4,4,4,4,4,4,4,4,4,4
60662,1,1,0,0,0,0,0,0,0,0,0,0
60662,2,1,0,0,0,0,0,0,0,0,0,0
60663,1,1,12,12,12,12,12,12,12,12,12,12
60663,2,1,0,0,0,0,0,0,0,0,0,0
60664,1,1,19,19,19,19,19,19,19,19,19,19
60664,2,1,0,0,0,0,0,0,0,0,0,0
60664,3,1,0,0,0,0,0,0,0,0,0,0
60665,1,1,0,0,0,0,0,0,8,0,0,0
60666,1,1,0,0,0,0,0,0,0,0,0,0
60667,0,1,0,0,0,0,0,0,0,0,0,0
60667,1,1,0,0,0,0,0,0,0,0,0,0
60667,2,1,0,0,0,0,0,0,0,0,12,0
60668,0,1,0,0,0,0,0,0,0,0,0,0
60668,1,1,0,0,0,0,0,0,0,0,26,0
60669,1,1,0,0,0,0,0,0,0,0,0,0
60669,2,1,0,0,0,0,0,0,0,0,0,0
60670,1,1,31,31,31,31,31,31,31,31,31,31
60670,2,1,0,0,0,0,14,0,0,0,0,0
60671,0,1,0,0,0,0,0,0,0,0,0,0
60671,1,1,0,0,0,0,0,0,0,0,0,0
60672,0,1,0,0,0,0,0,0,0,0,0,0
60672,1,1,0,0,0,0,0,0,0,0,0,0
60673,0,1,5,5,5,5,5,5,5,5,5,5
60673,0,2,0,0,0,0,0,0,0,0,0,0
60673,1,1,8,8,8,8,8,8,8,8,8,8
60674,0,1,1,1,1,1,1,1,1,1,1,1
60674,0,2,0,0,0,0,0,0,0,0,0,0
60674,1,1,0,0,0,0,0,0,0,0,0,0
60675,0,1,18,18,18,18,18,18,18,18,18,18
60675,1,1,0,0,0,0,0,0,0,0,0,0
60676,1,1,13,13,13,13,13,13,13,13,13,13
60677,1,1,0,0,0,0,0,0,0,0,0,0
60678,1,1,0,0,0,0,0,0,0,0,0,0
60679,0,1,0,0,0,0,0,0,0,0,0,0
60679,1,1,20,30,22,0,0,23,9,16,36,23
60680,1,1,0,0,0,0,0,0,0,0,0,0
60681,1,1,11,11,11,11,11,11,11,11,11,11
60681,2,1,0,0,0,0,0,0,0,0,0,0
60682,1,1,36,0,9,26,9,22,0,0,14,0
60683,0,1,0,0,0,0,0,0,0,0,0,0
60683,1,1,21,13,0,0,0,0,14,9,17,0
60684,1,1,23,23,23,23,23,23,23,23,23,23
60685,1,1,0,0,0,0,0,0,0,0,0,0
60685,2,1,0,0,0,0,0,0,0,0,0,0
60686,0,1,0,0,0,0,0,0,0,0,0,0
60686,1,1,0,0,0,0,0,0,0,0,0,10
60687,1,1,50,50,50,50,50,50,50,50,50,50
60687,2,1,0,18,15,0,0,0,0,0,0,0
60688,1,1,0,0,0,0,0,0,0,0,0,0
60688,2,1,12,0,0,0,0,0,0,0,0,0
60688,3,1,0,0,0,0,0,0,0,0,0,0
60690,1,1,0,0,0,0,0,0,0,0,0,0
60690,2,1,0,0,0,0,0,0,0,0,0,0
60691,1,1,0,0,0,0,0,0,0,0,0,0
60692,0,1,0,0,0,0,0,0,0,0,0,0
60692,1,1,10,0,0,0,0,0,0,0,0,0
60693,0,1,0,0,0,0,0,0,0,0,0,0
60693,1,1,0,0,0,0,0,0,0,0,0,0
60694,1,1,0,0,0,0,0,0,0,0,0,0
60695,1,1,19,19,19,19,19,19,19,19,19,19
60696,0,1,9,9,9,9,9,9,9,9,9,9
60696,1,1,0,0,11,0,15,0,9,0,0,0
60697,1,1,4,4,4,4,4,4,4,4,4,4
60698,1,1,0,0,0,0,0,0,0,0,0,0
60699,1,1,0,0,0,0,0,0,0,0,0,0
60699,2,1,0,0,0,0,0,0,0,0,0,0
60699,3,1,0,0,0,0,0,0,0,0,0,0
60700,1,1,0,0,0,22,0,0,0,15,0,0
60700,2,1,0,0,0,0,0,0,0,0,0,0
60701,0,1,0,0,0,0,0,0,0,0,0,0
60701,1,1,0,0,0,0,0,0,0,0,0,0
60702,0,1,0,0,0,0,0,0,0,0,0,0
60702,1,1,0,0,0,0,0,0,0,0,0,0
60703,0,1,0,0,0,0,0,0,0,0,0,0
60703,1,1,0,0,0,0,0,0,0,0,0,0
60704,1,1,0,0,0,0,0,0,0,0,0,0
60705,0,1,0,0,0,0,0,0,0,0,0,0
60705,1,1,0,0,0,6,0,0,0,0,32,0
60706,1,1,0,0,0,9,0,12,0,0,0,25
60706,2,1,0,0,0,0,0,0,0,0,0,0
60707,1,1,22,22,22,22,22,22,22,22,22,22
60708,1,1,0,0,0,0,0,0,0,0,0,0
60709,0,1,0,0,0,0,0,0,0,0,0,0
60709,1,1,0,0,0,0,0,0,0,0,0,0
60710,0,1,7,7,7,7,7,7,7,7,7,7
60710,1,1,13,16,21,52,5,10,24,7,8,4
60711,1,1,0,0,0,0,0,0,0,0,0,0
60712,1,1,13,13,13,13,13,13,13,13,13,13
60713,1,1,1,1,1,1,1,1,1,1,1,1
60713,2,1,0,0,0,0,0,0,0,0,0,0
60714,0,1,29,0,0,0,0,0,0,23,0,0
60714,1,1,0,34,0,0,0,0,0,0,0,0
60714,3,1,0,0,0,0,0,0,0,0,0,0
60714,4,1,0,38,0,0,0,12,0,0,0,0
60714,5,1,19,0,0,0,0,27,15,0,0,0
60714,6,1,0,22,0,0,0,12,0,0,0,0
60715,0,1,0,0,0,0,0,0,0,0,0,0
60715,1,1,0,0,27,0,0,18,0,0,29,0
60716,0,1,0,0,0,0,0,0,0,0,0,0
60716,1,1,0,0,0,0,0,0,0,0,0,0
60717,1,1,13,13,13,13,13,13,13,13,13,13
60717,2,1,0,0,0,0,0,0,0,0,0,0
60718,0,1,0,0,0,0,0,0,0,0,0,0
60718,1,1,0,0,0,0,0,0,0,0,0,0
60719,1,1,1,1,1,1,1,1,1,1,1,1
60720,0,1,0,0,0,0,0,0,21,0,0,0
60720,1,1,0,0,0,6,0,0,0,9,0,0
60721,1,1,22,22,22,22,22,22,22,22,22,22
60721,2,1,0,0,0,0,0,0,0,0,0,0
60721,3,1,0,21,0,0,0,0,5,0,0,16
60721,4,1,0,0,0,0,0,0,0,0,0,0
60722,1,1,24,24,24,24,24,24,24,24,24,24
60723,1,1,0,0,0,0,0,0,0,0,0,0
60723,2,1,0,0,0,0,0,0,0,0,11,0
60724,0,1,0,0,0,0,0,0,0,0,0,0
60724,1,1,0,0,0,0,0,0,0,0,0,0
60725,0,1,0,0,0,0,0,0,0,0,0,0
60725,1,1,0,24,0,22,0,0,31,0,13,0
60726,0,1,0,0,24,0,21,0,0,0,0,0
60726,1,1,0,20,8,0,0,0,0,0,0,0
60727,1,1,24,24,24,24,24,24,24,24,24,24
60728,1,1,15,15,15,15,15,15,15,15,15,15
60728,2,1,0,0,0,0,0,0,0,0,0,0
60729,1,1,0,0,0,0,0,0,0,0,0,0
60729,2,1,0,0,0,0,0,0,0,0,0,0
60729,3,1,0,6,0,0,0,0,0,0,0,0
60730,0,1,23,23,23,23,23,23,23,23,23,23
60730,1,1,14,0,0,0,10,22,0,22,16,11
60731,0,1,0,0,0,0,0,0,0,0,0,0
60731,1,1,0,0,0,0,0,0,0,0,0,0
60732,1,1,19,0,0,0,0,0,0,20,0,0
60732,2,1,0,0,0,0,0,0,0,0,0,0
60733,0,1,22,23,0,0,0,15,0,32,38,0
60733,1,1,0,0,0,0,0,0,0,0,0,0
60734,0,1,0,0,0,0,23,0,0,27,11,0
60734,1,1,0,0,0,0,0,0,0,0,0,0
60735,1,1,0,0,0,0,0,0,0,0,0,0
60735,2,1,0,0,0,0,0,0,0,0,0,0
60736,1,1,0,0,0,0,0,0,0,0,0,0
60737,1,1,0,11,0,0,12,0,0,0,0,0
60737,2,1,0,0,0,0,0,0,0,0,0,0
60737,4,1,0,0,0,0,0,18,0,0,0,0
60738,0,1,28,28,28,28,28,28,28,28,28,28
60738,1,1,0,0,0,0,0,0,0,0,0,0
60739,1,1,0,0,0,0,0,0,0,0,0,0
60740,1,1,17,11,18,21,25,23,13,24,24,18
60740,2,1,20,20,20,20,20,20,20,20,20,20
60741,1,1,0,0,0,0,0,0,0,0,0,0
60741,2,1,0,0,0,0,0,0,0,0,0,0
60742,0,1,24,24,24,24,24,24,24,24,24,24
60742,1,1,22,22,22,22,22,22,22,22,22,22
60743,1,1,0,0,0,0,0,0,0,25,16,0
60743,2,1,0,0,0,0,8,0,0,0,13,0
60744,0,1,26,26,26,26,26,26,26,26,26,26
60744,1,1,0,26,0,0,0,0,0,0,0,0
60745,1,1,0,0,0,0,0,0,0,0,0,0
60745,2,1,0,0,0,0,0,0,0,0,0,0
60746,1,1,0,20,20,0,15,2,11,16,0,18
60748,0,1,8,6,50,0,22,0,0,7,0,0
60748,1,1,0,0,0,0,0,0,0,0,0,0
60749,1,1,21,21,21,21,21,21,21,21,21,21
60750,1,1,0,0,0,0,0,0,0,0,0,0
60750,2,1,0,0,0,0,0,0,0,0,0,0
60751,1,1,0,0,0,0,0,0,0,0,23,0
60751,2,1,0,0,0,0,6,0,0,0,0,0
60752,1,1,0,0,0,0,0,0,0,0,0,0
60753,0,1,24,24,24,24,24,24,24,24,24,24
60753,1,1,0,0,0,0,0,0,0,0,0,0
60754,1,1,0,0,0,0,0,0,0,0,0,0
60755,1,1,1,1,1,1,1,1,1,1,1,1
60755,2,1,0,0,0,0,0,0,0,0,0,0
60756,1,1,0,0,0,0,0,0,0,0,0,0
60757,1,1,27,27,27,27,27,27,27,27,27,27
60758,0,1,6,6,6,6,6,6,6,6,6,6
60758,2,1,20,0,0,0,0,22,0,0,11,20
60760,0,1,8,8,8,8,8,8,8,8,8,8
60760,1,1,0,11,21,0,0,14,20,0,20,0
60761,1,1,12,12,12,12,12,12,12,12,12,12
60762,0,1,0,0,0,0,0,0,0,0,0,0
60762,1,1,0,0,0,0,0,0,0,0,0,0
60763,1,1,23,23,23,23,23,23,23,23,23,23
60764,0,1,38,38,38,38,38,38,38,38,38,38
60764,1,1,0,0,22,34,0,0,0,0,8,0
60765,0,1,0,0,0,0,21,0,0,0,25,0
60765,1,1,0,0,0,0,0,0,0,0,0,0
60766,0,1,0,0,0,0,0,12,36,0,12,0
60766,1,1,0,0,0,0,0,0,0,0,0,0
60767,1,1,0,0,0,0,0,0,0,0,0,0
60767,2,1,0,0,0,0,0,0,0,0,0,0
60768,0,1,0,0,0,0,0,0,0,0,0,0
60768,1,1,3,0,16,25,8,4,0,0,9,18
60768,2,1,0,8,21,18,26,4,17,12,0,0
60769,1,1,20,20,20,20,20,20,20,20,20,20
60770,1,1,0,0,0,0,0,0,0,0,0,0
60771,0,1,5,5,5,5,5,5,5,5,5,5
60771,1,1,7,12,11,6,26,11,28,28,12,9
60772,1,1,0,0,0,0,0,0,0,0,0,0
60773,1,1,8,8,8,8,8,8,8,8,8,8
60773,2,1,0,0,0,0,0,0,0,0,0,0
60774,0,1,0,0,0,0,0,0,0,0,0,0
60774,1,1,8,0,0,5,12,12,19,0,21,0
60774,2,1,0,0,0,0,0,0,0,0,0,0
60775,1,1,0,0,0,0,0,0,0,0,0,0
60776,1,1,15,15,15,15,15,15,15,15,15,15
60777,1,1,0,0,0,0,0,0,0,0,0,0
60777,2,1,0,0,0,0,0,0,0,0,0,0
60778,1,1,20,20,20,20,20,20,20,20,20,20
60779,0,1,23,23,23,23,23,23,23,23,23,23
60779,1,1,0,0,0,0,0,0,0,0,0,0
60780,1,1,0,0,0,0,0,0,0,0,0,0
60781,0,1,0,0,0,0,0,0,0,0,0,0
60781,1,1,0,0,0,0,0,0,0,0,0,0
60783,0,1,20,20,20,20,20,20,20,20,20,20
60783,1,1,0,0,0,0,0,0,0,0,0,0
60784,1,1,0,0,0,0,0,0,0,0,0,0
60784,2,1,0,0,0,0,0,0,0,0,0,0
60785,1,1,13,13,13,13,13,13,13,13,13,13
60785,2,1,0,0,0,0,0,0,0,0,0,0
60786,1,1,17,17,17,17,17,17,17,17,17,17
60786,2,1,22,0,0,0,10,0,0,0,0,0
60787,1,1,7,0,0,0,9,0,0,0,0,0
60788,0,1,0,0,0,0,0,0,0,0,0,0
60788,1,1,0,0,0,0,0,0,0,0,0,0
60789,1,1,0,0,0,0,0,0,13,0,0,0
60789,2,1,0,0,0,0,0,0,0,0,0,0
60790,1,1,20,20,20,20,20,20,20,20,20,20
60791,1,1,23,0,0,0,0,0,8,0,0,0
60791,2,1,0,0,0,0,0,0,0,0,0,0
60792,1,1,0,0,0,0,0,0,0,0,0,0
60792,2,1,0,5,11,0,0,0,0,0,0,0
60793,0,1,0,0,0,0,0,37,0,0,0,0
60793,1,1,0,0,0,0,0,0,0,0,0,0
60794,1,1,0,0,0,0,0,0,0,0,0,0
60794,2,1,0,0,0,0,0,0,0,0,0,0
60795,0,1,0,0,0,0,0,0,0,0,0,0
60795,0,2,21,0,0,0,0,0,0,0,0,0
60795,1,1,0,0,0,0,0,0,0,0,0,0
60795,2,1,0,0,0,0,0,0,0,0,0,0
60796,0,1,2,2,2,2,2,2,2,2,2,2
60796,1,1,0,0,0,0,0,0,0,0,0,0
60797,0,1,24,24,24,24,24,24,24,24,24,24
60797,1,1,0,0,21,0,18,0,20,25,13,0
60798,1,1,2,2,2,2,2,2,2,2,2,2
60798,2,1,0,0,0,0,0,0,0,0,0,0
60799,0,1,0,0,0,0,0,0,0,0,0,0
60799,1,1,0,0,0,0,0,0,0,0,0,0
60800,1,1,0,0,0,0,0,0,0,0,0,0
60800,2,1,0,0,0,0,0,0,0,0,0,0
60801,1,1,21,21,21,21,21,21,21,21,21,21
60802,1,1,0,0,0,0,0,0,0,0,0,0
60803,1,1,0,0,0,0,0,0,0,0,0,0
60804,1,1,0,0,0,0,0,0,0,0,0,0
60805,1,1,0,0,0,0,0,0,0,0,0,0
60805,2,1,0,0,0,0,0,0,0,0,0,0
60806,1,1,0,0,0,0,0,0,0,0,0,0
60806,2,1,0,0,0,0,0,0,0,0,0,0
60807,0,1,0,0,0,0,0,0,0,0,0,0
60807,1,1,0,0,0,0,0,0,0,0,0,0
60808,0,1,0,0,0,0,0,0,0,0,0,0
60808,1,1,0,0,0,0,0,0,0,0,0,0
60809,0,1,0,0,0,0,0,0,0,0,0,0
60809,1,1,0,0,0,0,0,0,0,0,0,0
60810,1,1,0,0,0,0,0,0,0,0,0,0
60810,2,1,0,0,0,0,0,0,0,0,0,0
60811,0,1,16,16,16,16,16,16,16,16,16,16
60811,0,2,0,10,0,0,32,0,0,14,35,13
60811,1,1,0,0,0,0,0,0,0,0,0,0
60812,1,1,8,23,21,30,11,0,17,13,19,30
60813,1,1,0,0,0,0,0,0,0,0,0,0
60813,2,1,0,0,0,18,0,0,0,0,0,18
60814,1,1,10,10,10,10,10,10,10,10,10,10
60814,2,1,0,0,0,0,0,0,0,0,0,0
60815,1,1,0,0,0,0,0,0,0,0,0,0
60816,1,1,13,13,13,13,13,13,13,13,13,13
60816,2,1,0,0,0,0,0,0,0,0,0,0
60817,0,1,31,31,31,31,31,31,31,31,31,31
60817,1,1,0,0,0,17,0,0,0,0,19,15
60818,1,1,30,30,30,30,30,30,30,30,30,30
60820,0,1,2,2,2,2,2,2,2,2,2,2
60820,1,1,0,0,0,0,0,0,0,0,0,0
60821,0,1,0,0,0,0,0,0,0,0,0,0
60821,1,1,0,0,0,9,0,0,5,0,0,0
60822,1,1,17,17,17,17,17,17,17,17,17,17
60823,1,1,0,0,0,0,0,0,0,0,0,0
60823,2,1,0,0,0,0,0,0,0,0,0,0
60824,1,1,19,19,19,19,19,19,19,19,19,19
60824,2,1,0,0,0,17,0,0,0,0,0,0
60825,0,1,0,0,0,0,0,0,0,0,0,0
60825,1,1,0,0,0,0,0,0,0,0,0,0
60826,1,1,14,14,14,14,14,14,14,14,14,14
60827,1,1,0,0,0,0,0,0,0,0,0,0
60828,1,1,0,0,0,0,0,0,0,0,0,0
60829,0,1,0,0,0,0,0,0,0,0,0,0
60829,1,1,0,0,0,0,0,0,0,0,0,0
60830,1,1,23,23,23,23,23,23,23,23,23,23
60831,1,1,12,12,12,12,12,12,12,12,12,12
60831,2,1,0,0,0,0,0,0,0,0,0,0
60832,1,1,6,6,6,6,6,6,6,6,6,6
60832,2,1,0,0,0,0,0,0,0,0,0,0
60833,0,1,0,0,0,0,0,0,0,0,0,0
60833,1,1,0,0,0,0,0,0,0,0,0,0
60834,0,1,0,0,0,0,0,0,0,0,0,0
60834,1,1,0,0,0,0,0,0,0,0,0,0
60835,0,1,0,0,0,0,0,0,0,0,0,0
60835,0,2,0,0,24,0,31,0,0,19,0,0
60835,1,1,13,15,22,9,6,0,5,0,11,0
60836,1,1,20,20,20,20,20,20,20,20,20,20
60837,1,1,0,0,0,0,0,0,0,0,0,0
60838,0,1,0,0,0,0,0,0,0,0,0,0
60838,1,1,0,0,0,0,0,0,0,0,0,0
60839,1,1,0,0,0,0,0,0,0,0,0,0
60840,1,1,0,0,0,0,0,0,0,0,0,0
60841,1,1,18,18,18,18,18,18,18,18,18,18
60841,2,1,0,0,0,0,0,0,0,23,0,0
60842,0,1,0,0,0,0,0,0,0,0,0,0
60842,1,1,0,0,0,0,0,0,0,0,0,15
60843,1,1,0,0,0,24,0,0,10,0,0,0
60843,2,1,0,0,0,0,0,0,0,0,0,0
60844,0,1,0,0,0,0,0,0,0,0,0,0
60844,1,1,9,9,9,9,9,9,9,9,9,9
60844,2,1,9,14,0,0,0,19,0,0,0,20
60845,0,1,0,0,0,0,0,0,0,0,0,0
60845,1,1,17,0,0,0,0,0,0,0,0,0
60846,1,1,0,0,0,0,0,0,0,0,0,0
60846,2,1,0,0,0,0,0,0,0,0,0,0
60847,0,1,0,0,0,0,0,0,29,0,12,0
60847,1,1,18,9,0,0,13,28,22,24,0,0
60848,0,1,0,0,0,0,0,0,0,0,0,0
60848,1,1,0,0,0,0,0,0,0,0,0,0
60849,1,1,0,0,0,0,0,0,0,0,0,0
60850,1,1,0,0,0,17,0,0,0,0,0,16
60851,0,1,0,0,0,0,0,0,0,0,0,0
60851,1,1,0,0,0,0,0,0,0,0,0,0
60852,1,1,0,0,0,0,10,0,0,0,0,0
60852,2,1,0,0,0,0,0,0,0,0,0,0
60853,0,1,18,0,0,9,0,0,11,17,24,0
60853,0,2,17,0,0,23,7,0,25,8,11,21
60853,1,1,0,0,0,0,0,0,0,0,0,0
60854,1,1,20,20,20,20,20,20,20,20,20,20
60855,1,1,0,0,0,0,0,0,0,0,0,0
60856,1,1,12,21,6,26,15,38,25,21,19,25
60856,2,1,10,0,0,0,0,0,0,0,0,0
60857,1,1,23,23,23,23,23,23,23,23,23,23
60857,2,1,0,0,0,0,0,0,0,0,0,0
60858,1,1,10,10,10,10,10,10,10,10,10,10
60859,1,1,0,0,0,0,0,0,0,0,0,0
60859,2,1,0,0,0,0,0,0,0,0,0,0
60860,0,1,0,0,0,0,0,0,0,0,0,0
60860,1,1,0,0,0,0,0,0,0,0,0,0
60861,1,1,0,0,0,0,0,0,0,0,0,0
60861,2,1,0,0,0,0,0,0,0,0,0,0
60862,0,1,4,4,4,4,4,4,4,4,4,4
60862,1,1,9,9,9,9,9,9,9,9,9,9
60863,1,1,10,10,10,10,10,10,10,10,10,10
60864,1,1,0,0,0,0,0,0,0,0,0,0
60864,2,1,0,0,0,0,0,0,0,0,0,0
60865,1,1,0,0,0,0,0,0,0,0,0,0
60865,2,1,0,0,0,0,0,0,0,0,0,0
60866,0,1,0,0,0,0,0,0,0,0,0,0
60866,1,1,0,4,0,10,14,0,20,2,5,21
60867,0,1,0,17,0,0,0,0,0,0,0,0
60867,1,1,0,0,0,0,0,0,0,0,0,0
60868,0,1,19,19,19,19,19,19,19,19,19,19
60868,1,1,21,0,25,16,14,0,8,7,13,0
60869,0,1,27,27,27,27,27,27,27,27,27,27
60869,1,1,14,5,15,0,7,2,6,18,2,3
60870,1,1,0,0,0,0,0,0,0,0,0,0
60870,2,1,0,0,0,0,0,0,0,0,0,21
60871,0,1,0,0,0,0,0,0,0,0,0,0
60871,1,1,0,0,0,0,0,0,0,0,0,0
60872,0,1,0,0,0,0,0,0,0,0,0,0
60872,1,1,0,0,0,0,0,0,20,0,0,0
60873,1,1,8,8,8,8,8,8,8,8,8,8
60874,1,1,10,10,10,10,10,10,10,10,10,10
60875,1,1,0,0,0,0,0,0,0,0,0,0
60875,2,1,24,10,5,9,9,5,32,31,8,12
60876,1,1,0,0,0,0,0,0,0,0,0,0
60878,0,1,0,0,0,0,0,0,0,0,0,0
60878,1,1,0,0,0,0,0,0,0,0,0,0
60879,1,1,5,5,5,5,5,5,5,5,5,5
60880,1,1,17,17,17,17,17,17,17,17,17,17
60881,1,1,18,18,18,18,18,18,18,18,18,18
60882,0,1,0,0,0,0,0,0,0,0,0,0
60882,1,1,0,0,0,0,0,0,0,0,0,0
60883,1,1,0,0,0,0,0,0,0,0,0,0