ST_CASE,VEH_NO,PER_NO,P1,P2,P3,P4,P5,P6,P7,P8,P9,P10
60883,2,1,0,0,0,0,0,0,0,0,0,0
60884,1,1,25,25,25,25,25,25,25,25,25,25
60885,1,1,11,11,11,11,11,11,11,11,11,11
60886,1,1,0,12,14,20,6,21,6,18,27,0
60887,0,1,0,0,0,0,0,0,0,0,0,0
60887,1,1,0,0,0,0,0,0,0,0,0,0
60888,1,1,0,0,0,0,0,0,0,0,0,0
60888,2,1,0,0,0,0,0,0,0,0,0,0
60889,1,1,0,0,0,0,0,0,0,0,0,0
60889,2,1,0,0,0,0,0,0,0,0,0,0
60890,1,1,3,3,3,3,3,3,3,3,3,3
60890,2,1,8,7,24,0,16,20,0,0,0,0
60891,0,1,0,0,0,0,0,0,0,0,0,0
60891,1,1,25,0,0,0,11,0,0,0,0,0
60892,0,1,0,0,0,0,0,0,0,0,0,0
60892,1,1,0,0,0,0,0,0,0,0,0,0
60893,0,1,26,0,0,0,0,0,28,0,0,6
60893,1,1,0,0,0,0,0,0,0,0,0,0
60894,0,1,0,0,0,0,0,0,0,0,0,0
60894,1,1,0,0,0,0,0,0,0,0,19,6
60895,0,1,0,0,0,0,0,0,0,0,0,0
60895,1,1,0,0,0,0,0,0,0,0,0,0
60896,1,1,0,0,0,0,0,0,0,0,0,0
60896,2,1,0,0,0,0,0,0,0,0,0,0
60897,1,1,21,21,21,21,21,21,21,21,21,21
60898,1,1,13,13,13,13,13,13,13,13,13,13
60899,0,1,19,19,19,19,19,19,19,19,19,19
60899,1,1,12,12,12,12,12,12,12,12,12,12
60900,1,1,26,26,26,26,26,26,26,26,26,26
60900,2,1,0,0,0,0,0,0,0,0,0,11
60900,3,1,0,0,0,0,0,0,0,0,0,0
60901,1,1,0,0,0,0,0,0,0,0,0,0
60902,0,1,24,24,24,24,24,24,24,24,24,24
60902,1,1,0,37,0,0,0,0,0,0,0,0
60903,0,1,0,0,0,0,0,0,0,0,0,0
60903,1,1,8,0,0,0,0,0,0,0,0,0
60903,2,1,0,0,0,0,0,0,0,0,0,15
60904,0,1,20,20,20,20,20,20,20,20,20,20
60904,1,1,14,0,26,0,17,0,0,0,0,0
60905,1,1,1,1,1,1,1,1,1,1,1,1
60905,2,1,0,0,0,0,0,0,0,0,0,0
60907,1,1,0,0,0,0,0,0,0,0,0,0
60907,2,1,0,0,0,0,0,0,0,0,0,0
60908,1,1,0,0,17,0,15,2,0,14,0,13
60909,1,1,15,0,12,0,10,0,0,16,0,0
60910,1,1,0,0,0,0,0,0,0,0,0,0
60911,1,1,0,0,0,0,0,0,0,0,0,0
60912,1,1,0,0,0,0,0,0,0,0,0,0
60913,0,1,0,0,0,0,0,0,0,0,0,0
60913,1,1,0,0,19,0,0,0,0,15,0,0
60914,1,1,0,0,0,0,0,0,0,0,0,0
60914,2,1,0,0,0,0,0,0,0,0,0,0
60915,0,1,6,6,6,6,6,6,6,6,6,6
60915,1,1,4,19,32,18,14,23,21,8,10,15
60916,0,1,23,23,23,23,23,23,23,23,23,23
60916,1,1,0,0,0,0,0,0,0,0,0,0
60917,1,1,9,9,9,9,9,9,9,9,9,9
60918,1,1,20,13,9,20,26,10,10,3,25,17
60919,0,1,13,13,13,13,13,13,13,13,13,13
60919,1,1,0,0,0,0,0,0,0,0,0,0
60919,2,1,0,0,0,0,0,0,0,0,0,0
60920,0,1,0,0,0,0,0,0,0,0,0,0
60920,1,1,0,0,0,0,0,0,0,0,0,0
60921,1,1,0,0,0,0,0,0,0,0,0,0
60921,2,1,0,0,23,0,8,0,0,15,5,0
60922,1,1,0,0,0,0,0,0,0,0,0,0
60923,0,1,0,0,0,0,0,0,0,0,0,0
60923,1,1,0,0,0,0,0,0,0,0,0,0
60924,0,1,42,17,18,30,4,35,5,38,21,12
60924,1,1,0,0,14,43,20,0,0,14,18,11
60925,1,1,22,22,22,22,22,22,22,22,22,22
60926,0,1,15,0,20,0,0,0,9,0,0,19
60926,1,1,11,18,0,0,0,0,23,0,0,0
60927,1,1,20,20,20,20,20,20,20,20,20,20
60928,1,1,9,9,9,9,9,9,9,9,9,9
60929,1,1,13,13,13,13,13,13,13,13,13,13
60930,1,1,19,19,19,19,19,19,19,19,19,19
60931,1,1,5,5,5,5,5,5,5,5,5,5
60931,2,1,10,10,10,10,10,10,10,10,10,10
60932,0,1,0,0,0,0,0,0,0,0,0,0
60932,1,1,0,0,0,0,0,0,0,0,0,0
60933,1,1,0,0,0,0,0,0,0,0,0,0
60933,2,1,0,0,0,0,0,0,0,0,0,0
60934,1,1,0,0,0,0,0,0,0,0,0,0
60934,2,1,0,0,0,0,0,0,0,0,0,0
60935,0,1,13,33,23,13,13,23,16,5,8,35
60935,1,1,10,0,0,0,0,0,0,0,0,0
60936,1,1,0,0,0,0,0,0,0,0,0,0
60936,2,1,0,0,0,0,0,0,0,0,0,0
60937,1,1,0,0,0,0,0,0,0,0,0,0
60937,2,1,14,0,0,0,0,0,0,0,0,0
60938,1,1,19,19,19,19,19,19,19,19,19,19
60939,1,1,18,18,18,18,18,18,18,18,18,18
60940,1,1,0,0,0,0,0,0,18,0,0,0
60941,1,1,0,0,0,0,0,0,0,0,0,0
60941,2,1,0,0,0,0,0,0,0,0,0,0
60942,0,1,0,0,0,0,18,0,17,0,29,0
60942,1,1,0,0,0,0,0,0,0,0,0,0
60943,1,1,0,0,0,0,0,0,0,0,0,0
60943,2,1,0,0,0,0,0,0,0,0,0,0
60944,1,1,0,0,0,0,0,0,0,0,0,0
60944,2,1,0,0,0,0,0,0,0,0,13,0
60945,1,1,0,0,0,0,0,0,0,0,0,0
60946,1,1,19,19,19,19,19,19,19,19,19,19
60946,2,1,0,0,0,0,0,0,0,27,0,0
60947,1,1,0,0,0,0,0,0,0,0,0,0
60947,2,1,0,0,0,0,0,0,0,0,0,0
60948,1,1,6,6,6,6,6,6,6,6,6,6
60949,1,1,26,26,26,26,26,26,26,26,26,26
60950,1,1,0,0,0,0,0,0,0,0,0,0
60951,1,1,0,0,0,0,0,0,0,0,0,0
60951,2,1,0,0,0,0,0,0,0,0,0,0
60951,3,1,0,0,0,0,0,0,0,0,0,0
60952,0,1,0,0,0,0,0,0,0,0,0,0
60952,1,1,7,0,0,0,0,0,0,0,0,0
60953,1,1,0,0,0,0,9,0,21,17,0,16
60954,1,1,0,0,0,0,0,0,0,0,0,0
60954,2,1,0,0,0,0,0,0,0,0,0,0
60955,1,1,0,0,0,0,0,0,0,0,0,0
60956,1,1,0,0,0,0,0,0,0,0,0,0
60957,1,1,0,0,0,0,0,0,0,0,0,0
60957,2,1,0,0,0,0,0,0,0,0,0,0
60958,1,1,0,0,0,0,0,0,0,0,0,0
60958,2,1,0,0,17,0,0,0,11,0,0,0
60959,1,1,3,3,3,3,3,3,3,3,3,3
60960,1,1,0,0,0,0,0,0,0,0,0,0
60960,2,1,0,0,0,0,0,0,0,0,0,0
60960,3,1,0,0,0,0,0,0,0,0,0,0
60961,1,1,0,0,0,0,0,0,0,0,0,0
60961,2,1,0,0,0,0,0,0,0,3,0,0
60962,1,1,0,0,0,0,0,0,0,0,0,0
60963,1,1,25,25,25,25,25,25,25,25,25,25
60964,1,1,25,25,25,25,25,25,25,25,25,25
60964,2,1,0,0,0,0,0,0,0,0,0,0
60965,1,1,16,16,16,16,16,16,16,16,16,16
60966,1,1,0,0,0,0,0,0,23,0,0,0
60967,1,1,0,0,0,0,0,0,0,0,0,0
60968,1,1,0,0,0,0,11,0,0,0,0,0
60968,2,1,0,0,0,0,0,0,0,0,0,0
60969,0,1,0,0,0,0,0,0,0,0,0,0
60969,1,1,0,0,0,0,0,0,0,0,0,0
60971,1,1,19,19,19,19,19,19,19,19,19,19
60972,1,1,15,15,15,15,15,15,15,15,15,15
60973,1,1,0,0,0,5,14,0,0,0,9,17
60973,2,1,0,0,0,0,0,0,0,0,0,0
60974,1,1,0,0,0,0,0,0,0,0,0,0
60975,0,1,24,25,0,0,21,0,0,36,17,0
60975,0,2,0,0,0,0,0,0,0,0,0,0
60975,1,1,0,0,0,0,0,0,0,0,0,0
60976,1,1,12,12,12,12,12,12,12,12,12,12
60976,2,1,0,0,0,0,0,0,0,0,0,0
60977,0,1,4,4,4,4,4,4,4,4,4,4
60977,1,1,0,10,0,26,0,0,27,0,0,0
60978,0,1,0,0,0,0,0,0,0,0,0,0
60978,1,1,0,0,0,0,0,0,0,0,0,0
60979,0,1,7,0,0,0,0,13,0,33,33,0
60979,1,1,0,8,0,0,0,0,0,0,13,0
60980,1,1,10,10,10,10,10,10,10,10,10,10
60981,0,1,0,0,0,0,0,0,0,0,0,0
60981,1,1,0,0,0,0,0,0,0,0,0,0
60982,1,1,0,0,0,0,0,0,0,0,0,0
60983,0,1,17,0,0,0,0,0,16,0,0,0
60983,1,1,0,0,0,0,0,0,0,0,0,0
60984,0,1,15,15,15,15,15,15,15,15,15,15
60984,1,1,0,0,0,0,0,0,0,0,0,0
60985,1,1,0,0,0,0,0,0,0,0,0,0
60985,2,1,0,0,0,0,0,0,0,0,0,0
60986,1,1,0,0,0,0,0,0,0,0,0,0
60987,0,1,0,0,0,0,0,0,0,0,0,0
60987,1,1,21,0,0,0,0,0,11,0,0,0
60988,1,1,0,7,14,6,0,24,0,0,32,18
60988,2,1,0,0,0,0,0,0,0,0,0,0
60989,1,1,9,9,9,9,9,9,9,9,9,9
60990,1,1,0,0,0,0,0,0,0,0,0,0
60991,1,1,25,25,25,25,25,25,25,25,25,25
60992,1,1,0,0,0,0,0,0,0,0,0,0
60992,2,1,0,0,0,0,0,0,0,0,0,0
60993,1,1,13,13,13,13,13,13,13,13,13,13
60995,1,1,0,0,0,0,0,0,0,0,0,0
60996,0,1,23,23,23,23,23,23,23,23,23,23
60996,1,1,0,0,0,0,0,0,0,0,0,0
60997,0,1,0,10,0,10,0,24,3,0,0,15
60997,1,1,0,0,8,0,0,5,31,0,0,0
60998,1,1,0,0,0,0,0,0,10,0,0,0
60999,0,1,0,0,0,0,0,0,0,0,0,0
60999,1,1,17,17,17,17,17,17,17,17,17,17
61000,1,1,0,0,0,0,0,0,0,0,0,0
61000,2,1,0,0,0,0,0,0,0,0,0,0
61001,1,1,0,0,0,0,0,0,0,0,0,0
61002,1,1,23,30,31,0,27,17,22,25,15,21
61002,2,1,1,1,1,1,1,1,1,1,1,1
61002,3,1,0,0,0,0,0,0,0,0,13,0
61003,1,1,0,0,0,0,0,0,0,0,0,0
61003,2,1,0,0,0,0,0,0,0,0,0,0
61004,0,1,2,2,2,2,2,2,2,2,2,2
61004,1,1,12,13,16,26,17,18,19,14,0,11
61005,0,1,0,0,0,0,0,0,0,0,0,0
61005,1,1,0,0,0,0,0,0,0,0,0,0
61006,0,1,6,6,6,6,6,6,6,6,6,6
61006,1,1,0,0,0,0,0,0,0,0,0,0
61007,0,1,0,0,0,0,0,0,0,0,0,0
61007,0,2,0,0,0,23,0,0,0,0,0,0
61007,1,1,17,17,17,17,17,17,17,17,17,17
61009,0,1,13,13,13,13,13,13,13,13,13,13
61009,1,1,0,0,0,0,17,3,0,0,20,0
61010,1,1,0,0,0,0,0,0,0,0,0,0
61010,2,1,0,0,0,0,0,0,0,0,0,14
61011,1,1,0,0,0,0,0,0,0,0,0,0
61011,2,1,25,0,0,0,0,0,0,0,0,0
61012,0,1,14,22,11,37,19,12,4,12,26,33
61012,1,1,0,0,0,0,0,0,0,0,0,0
61013,1,1,0,0,0,0,0,0,0,0,0,0
61013,2,1,0,0,0,0,0,0,0,0,0,0
61013,3,1,0,0,0,0,0,0,0,0,0,0
61014,1,1,18,18,18,18,18,18,18,18,18,18
61014,2,1,0,0,0,0,0,0,0,0,0,0
61015,1,1,8,8,8,8,8,8,8,8,8,8
61016,1,1,19,0,0,0,0,0,0,0,0,0
61016,2,1,0,0,0,0,12,0,0,0,0,0
61016,3,1,0,0,0,0,0,0,0,0,0,0
61016,4,1,0,0,0,0,0,0,0,0,0,0
61016,5,1,0,0,0,0,0,0,0,0,0,0
61017,1,1,0,0,0,0,0,0,0,0,0,0
61018,1,1,0,0,0,0,0,0,0,0,0,0
61018,2,1,0,0,0,0,0,0,0,0,0,0
61019,1,1,0,0,0,0,0,0,16,0,0,0
61019,2,1,0,0,0,0,0,0,0,0,0,0
61020,1,1,19,19,19,19,19,19,19,19,19,19
61021,1,1,0,0,0,0,0,0,0,0,0,0
61021,2,1,0,0,0,0,0,0,0,0,0,0
61022,1,1,0,0,0,0,0,0,0,0,0,0
61023,1,1,4,4,4,4,4,4,4,4,4,4
61024,1,1,0,0,0,0,0,0,0,0,0,0
61025,1,1,17,17,17,17,17,17,17,17,17,17
61025,2,1,0,0,0,0,0,0,0,0,0,0
61026,1,1,13,13,13,13,13,13,13,13,13,13
61027,1,1,22,22,22,22,22,22,22,22,22,22
61028,0,1,0,0,0,0,0,0,0,0,0,0
61028,1,1,0,14,0,8,24,12,16,18,10,20
61029,1,1,0,0,0,0,0,0,0,0,0,0
61029,2,1,0,0,0,0,0,0,0,0,0,0
61030,1,1,0,0,0,0,0,0,0,0,0,0
61030,2,1,0,0,0,0,0,0,0,0,0,0
61031,1,1,0,0,0,0,0,0,0,0,0,0
61031,2,1,0,0,0,0,0,0,0,0,0,0
61032,0,1,37,15,16,0,22,17,0,19,18,31
61032,1,1,0,0,11,19,12,19,5,0,17,0
61032,2,1,0,0,15,5,0,0,0,0,9,0
61032,3,1,0,0,0,0,0,0,17,0,0,0
61033,1,1,0,0,0,0,0,0,0,0,0,0
61034,1,1,0,0,0,0,0,0,0,0,0,0
61035,1,1,0,0,0,6,0,0,0,40,0,0
61035,2,1,0,0,0,0,0,0,0,0,0,0
61036,1,1,0,0,0,0,0,0,0,0,0,0
61036,2,1,0,0,0,0,0,0,0,0,0,0
61037,1,1,0,0,0,0,0,0,0,0,0,0
61037,2,1,0,0,0,0,0,0,0,0,0,0
61038,0,1,0,0,0,0,0,0,0,0,0,0
61038,1,1,0,0,0,0,0,0,0,0,0,0
61039,1,1,0,0,0,0,0,0,0,0,0,0
61039,2,1,0,0,0,0,0,0,0,0,0,0
61039,3,1,0,0,0,15,0,7,0,0,22,0
61040,1,1,0,0,0,0,0,0,0,0,0,0
61041,1,1,0,0,0,0,0,0,0,0,0,0
61041,2,1,0,0,0,0,0,0,0,0,0,0
61041,3,1,0,0,0,0,0,0,0,0,0,0
61042,1,1,0,0,0,0,0,0,0,0,0,0
61042,2,1,0,0,0,0,0,0,0,0,0,0
61043,1,1,0,0,0,0,11,0,0,0,3,0
61044,1,1,16,6,13,28,23,23,5,13,5,19
61045,1,1,0,0,0,0,0,0,0,0,0,0
61045,2,1,0,0,0,0,0,0,0,0,0,0
61046,1,1,0,0,0,0,0,0,0,0,0,0
61046,2,1,0,0,0,0,0,0,0,0,0,0
61047,0,1,0,11,23,23,0,0,21,12,28,14
61047,1,1,0,0,0,0,0,0,0,0,0,9
61048,1,1,0,0,0,0,0,0,0,0,0,0
61048,2,1,0,0,0,0,0,0,0,0,0,0
61049,1,1,0,0,0,0,0,0,0,0,0,0
61049,2,1,0,0,0,0,0,0,0,0,0,0
61050,1,1,0,0,0,0,0,0,0,0,0,0
61051,1,1,0,0,0,0,0,0,0,0,0,0
61051,2,1,0,0,0,0,0,0,0,0,0,0
61052,1,1,0,0,0,0,0,0,0,0,0,0
61052,2,1,0,0,0,0,0,0,0,0,0,0
61053,1,1,11,11,11,11,11,11,11,11,11,11
61053,2,1,0,0,0,0,0,0,0,0,0,0
61053,3,1,0,0,0,0,0,0,0,0,0,0
61054,1,1,0,0,17,0,0,0,0,0,0,13
61055,1,1,0,0,0,0,0,0,0,0,0,0
61056,0,1,39,39,39,39,39,39,39,39,39,39
61056,0,2,10,17,29,16,0,17,8,17,21,16
61056,1,1,0,33,0,0,0,0,0,0,0,0
61057,1,1,0,20,0,20,0,0,0,0,0,0
61058,1,1,0,0,0,0,0,0,0,0,0,0
61059,0,1,35,35,35,35,35,35,35,35,35,35
61059,1,1,0,0,0,0,0,0,0,0,0,0
61060,0,1,25,25,25,25,25,25,25,25,25,25
61060,1,1,0,0,0,0,0,0,0,0,0,0
61061,0,1,0,0,0,0,0,0,0,0,0,0
61061,1,1,0,0,0,0,0,0,0,0,0,0
61062,0,1,0,0,0,0,0,0,0,0,0,0
61062,1,1,0,0,0,0,0,0,0,0,0,0
61063,1,1,24,23,6,10,25,8,22,8,11,0
61063,2,1,20,20,20,20,20,20,20,20,20,20
61064,0,1,37,37,37,37,37,37,37,37,37,37
61064,1,1,0,0,0,0,0,0,0,0,0,0
61065,0,1,0,0,0,0,0,0,0,0,0,0
61065,1,1,0,0,0,0,0,25,0,0,0,0
61066,1,1,0,0,0,0,0,0,0,0,0,0
61066,2,1,0,0,0,0,0,0,0,0,0,0
61067,0,1,0,0,0,0,0,0,0,0,0,0
61067,1,1,0,0,0,0,12,21,11,0,0,14
61067,2,1,0,0,0,35,0,0,0,0,0,0
61068,1,1,0,0,9,0,0,30,26,0,14,0
61069,1,1,9,9,9,9,9,9,9,9,9,9
61070,0,1,0,0,0,0,0,0,0,0,0,0
61070,1,1,0,0,0,0,0,0,0,0,0,0
61070,2,1,0,0,0,0,0,0,0,0,0,0
61070,3,1,0,0,0,0,0,0,0,0,0,0
61071,0,1,0,0,0,0,0,0,0,0,0,0
61071,1,1,0,0,0,0,0,0,0,0,0,0
61072,1,1,13,13,13,13,13,13,13,13,13,13
61072,2,1,0,0,0,0,0,0,0,0,0,0
61072,3,1,13,30,0,0,0,0,0,0,0,0
61073,1,1,3,3,3,3,3,3,3,3,3,3
61074,1,1,0,0,0,0,0,0,0,0,0,0
61074,2,1,16,6,0,0,0,0,0,0,0,0
61075,1,1,0,0,0,0,0,0,0,0,0,0
61075,2,1,14,14,14,14,14,14,14,14,14,14
61076,1,1,28,28,28,28,28,28,28,28,28,28
61077,1,1,16,16,16,16,16,16,16,16,16,16
61078,1,1,0,16,10,17,0,23,21,14,13,12
61078,2,1,0,0,0,0,0,0,0,0,0,0
61078,3,1,0,0,0,0,0,0,0,0,0,0
61079,1,1,0,0,0,0,0,0,0,0,0,0
61080,1,1,23,23,23,23,23,23,23,23,23,23
61081,0,1,0,0,0,0,0,0,0,0,0,0
61081,1,1,0,0,0,0,0,0,0,0,0,0
61082,1,1,0,0,0,0,0,0,0,0,0,0
61083,1,1,36,36,36,36,36,36,36,36,36,36
61084,1,1,0,0,0,0,0,0,0,0,0,0
61084,2,1,0,0,0,0,0,0,0,0,0,0
61085,1,1,0,0,0,0,0,0,0,0,0,0
61086,1,1,17,17,17,17,17,17,17,17,17,17
61087,0,1,0,0,0,0,0,0,0,0,0,0
61087,1,1,11,4,7,0,0,0,7,0,0,0
61088,1,1,19,19,19,19,19,19,19,19,19,19
61089,1,1,0,0,0,0,0,19,0,0,0,24
61089,2,1,6,6,6,6,6,6,6,6,6,6
61090,1,1,21,21,21,21,21,21,21,21,21,21
61091,1,1,4,4,4,4,4,4,4,4,4,4
61092,1,1,23,23,23,23,23,23,23,23,23,23
61093,1,1,0,0,0,0,0,0,0,0,0,0
61094,0,1,0,0,0,0,0,0,0,0,0,0
61094,1,1,0,0,0,0,0,0,0,0,0,0
61095,0,1,0,0,0,0,0,0,0,0,0,0
61095,1,1,0,0,0,0,0,0,0,0,0,13
61096,1,1,24,7,0,5,8,15,25,0,29,21
61097,1,1,0,0,0,0,0,0,0,0,0,0
61097,2,1,0,0,0,0,0,0,0,0,0,0
61097,3,1,0,0,0,0,0,0,0,0,0,0
61098,1,1,0,0,0,0,0,0,0,0,0,0
61098,2,1,0,0,0,0,0,0,0,0,0,0
61099,1,1,0,0,0,0,0,0,0,0,19,0
61099,2,1,0,0,0,0,0,0,0,0,0,0
61100,0,1,0,0,0,0,0,0,0,0,0,0
61100,1,1,10,0,14,21,16,0,0,24,14,9
61101,1,1,0,0,0,0,0,0,0,0,0,0
61101,2,1,0,0,0,0,0,0,0,0,0,0
61103,0,1,31,31,31,31,31,31,31,31,31,31
61103,1,1,0,0,0,0,0,0,0,0,0,0
61104,0,1,0,0,0,0,0,0,0,0,0,0
61104,1,1,0,0,0,0,0,0,0,0,0,0
61105,1,1,10,10,10,10,10,10,10,10,10,10
61106,1,1,0,0,0,0,0,0,0,0,0,0
61106,2,1,0,0,0,0,0,0,0,0,0,0
61106,3,1,0,0,0,0,0,0,0,0,0,0
61107,0,1,7,0,0,0,0,0,0,32,0,0
61107,1,1,0,0,0,0,0,0,0,0,0,0
61108,0,1,0,0,0,0,0,0,0,0,0,0
61108,1,1,0,0,0,0,0,0,0,0,0,0
61109,1,1,0,0,0,0,0,0,0,0,0,0
61110,1,1,0,0,6,0,0,0,0,0,0,0
61110,2,1,2,2,2,2,2,2,2,2,2,2
61111,0,1,38,38,38,38,38,38,38,38,38,38
61111,1,1,0,30,0,0,0,0,0,0,0,0
61112,1,1,0,0,0,0,0,0,0,0,0,0
61112,2,1,0,0,0,0,0,0,0,0,0,0
61113,1,1,16,16,16,16,16,16,16,16,16,16
61114,1,1,0,0,0,0,0,0,0,0,0,0
61114,2,1,0,0,0,0,0,0,0,0,0,0
61114,3,1,0,0,0,0,0,0,0,0,0,0
61115,0,1,0,0,0,0,0,0,0,0,0,0
61115,1,1,0,0,0,0,0,0,3,0,0,0
61116,1,1,0,0,0,0,0,0,0,0,0,0
61116,2,1,0,0,0,0,0,0,0,0,0,0
61116,3,1,0,0,0,0,0,0,0,0,0,0
61117,0,1,0,0,0,0,0,0,0,0,0,0
61117,1,1,0,0,0,0,0,0,0,0,0,0
61117,2,1,0,0,0,0,0,0,0,0,0,0
61118,1,1,0,0,0,0,0,0,0,0,0,0
61119,1,1,0,0,0,0,0,0,0,0,0,0
61120,0,1,2,2,2,2,2,2,2,2,2,2
61120,1,1,0,0,15,0,0,0,0,0,11,0
61121,0,1,0,0,0,0,0,0,0,0,0,0
61121,1,1,0,0,0,0,0,23,0,0,0,0
61122,0,1,0,0,0,0,0,0,0,0,0,0
61122,1,1,32,32,32,32,32,32,32,32,32,32
61123,0,1,0,0,0,0,0,0,0,0,0,0
61123,0,2,0,0,0,0,0,0,25,0,0,25
61123,1,1,0,0,0,0,0,0,0,0,0,0
61124,1,1,15,15,15,15,15,15,15,15,15,15
61124,2,1,0,0,0,0,0,0,0,0,0,0
61126,1,1,0,0,0,0,0,0,0,0,0,0
61127,1,1,19,19,19,19,19,19,19,19,19,19
61128,1,1,0,0,0,0,0,0,0,0,0,0
61128,2,1,0,0,0,0,0,0,0,0,0,0
61128,3,1,0,15,0,0,0,0,0,0,0,0
61128,4,1,0,0,0,0,0,0,0,0,0,0
61128,5,1,0,0,10,0,0,0,16,0,0,0
61128,6,1,0,0,0,0,0,0,0,0,0,0
61128,7,1,0,0,0,0,0,0,0,0,0,0
61128,8,1,0,0,0,0,0,0,0,0,0,0
61129,1,1,0,0,0,0,0,0,0,0,0,0
61130,1,1,25,0,13,0,0,0,0,15,10,0
61131,1,1,18,18,18,18,18,18,18,18,18,18
61132,0,1,40,40,40,40,40,40,40,40,40,40
61132,1,1,10,0,18,0,9,7,16,29,0,5
61133,1,1,0,0,0,0,0,0,0,0,0,0
61133,2,1,6,13,7,16,6,9,2,19,42,11
61134,1,1,0,0,0,0,0,0,0,0,0,0
61134,2,1,0,16,0,0,0,0,0,0,0,9
61135,1,1,8,8,8,8,8,8,8,8,8,8
61136,1,1,13,13,13,13,13,13,13,13,13,13
61136,2,1,0,0,0,0,0,0,0,0,0,0
61137,1,1,12,12,12,12,12,12,12,12,12,12
61137,2,1,0,0,0,0,0,0,0,0,0,0
61138,1,1,0,0,0,10,0,0,0,0,0,0
61139,1,1,10,10,10,10,10,10,10,10,10,10
61139,2,1,0,0,0,0,0,0,0,0,0,0
61140,1,1,0,0,0,0,0,0,0,0,0,0
61140,2,1,0,0,0,0,20,12,0,0,0,0
61140,3,1,0,8,0,0,0,0,0,0,0,0
61140,4,1,0,0,0,0,0,0,0,0,0,0
61141,1,1,15,15,15,15,15,15,15,15,15,15
61141,2,1,0,0,0,0,0,0,0,0,0,0
61141,3,1,0,0,0,0,0,0,0,0,0,0
61142,0,1,4,4,4,4,4,4,4,4,4,4
61142,1,1,0,0,0,0,0,0,0,0,0,0
61143,1,1,0,0,0,0,0,0,0,0,0,0
61144,1,1,9,9,9,9,9,9,9,9,9,9
61146,1,1,0,0,0,0,0,0,0,0,0,0
61147,1,1,0,0,0,0,0,0,0,0,0,0
61148,1,1,20,2,5,11,8,14,0,7,9,3
61148,2,1,0,0,0,0,0,0,0,0,0,0
61148,3,1,0,0,0,24,0,0,0,0,0,0
61149,1,1,11,11,11,11,11,11,11,11,11,11
61150,1,1,0,0,0,0,0,0,0,0,0,0
61150,2,1,0,0,0,0,0,0,0,0,0,0
61150,3,1,0,0,0,0,0,0,0,0,0,0
61151,0,1,0,0,0,0,0,0,0,0,0,0
61151,0,2,9,9,9,9,9,9,9,9,9,9
61151,0,3,0,0,0,0,0,0,0,0,0,0
61151,0,4,0,0,0,0,0,0,0,0,0,0
61151,1,1,0,0,0,0,0,0,0,0,0,0
61152,1,1,0,0,0,0,0,0,0,0,0,0
61153,1,1,0,0,18,0,0,0,0,0,0,0
61154,0,1,0,26,0,30,0,20,0,18,0,0
61154,1,1,0,0,23,0,0,0,0,0,0,0
61155,0,1,0,0,0,0,16,0,0,21,7,0
61155,1,1,10,10,10,10,10,10,10,10,10,10
61156,0,1,0,0,0,0,0,0,0,0,0,0
61156,1,1,0,0,0,0,0,0,0,0,0,0
61157,0,1,0,0,0,0,0,0,0,0,0,0
61157,1,1,0,0,0,0,0,0,0,0,0,0
61158,1,1,15,15,15,15,15,15,15,15,15,15
61158,2,1,0,0,0,0,0,0,0,0,0,0
61159,1,1,0,0,0,0,0,0,0,0,0,0
61159,2,1,0,0,0,0,0,0,0,0,0,0
61160,1,1,0,0,0,0,0,0,0,0,10,0
61160,2,1,0,8,0,0,0,0,0,0,0,0
61161,1,1,0,7,0,0,3,0,0,0,21,0
61161,2,1,0,0,0,0,0,0,0,0,0,0
61162,0,1,37,37,37,37,37,37,37,37,37,37
61162,1,1,0,0,0,0,0,0,0,0,0,0
61163,1,1,0,0,0,0,0,0,0,0,0,0
61163,2,1,0,0,0,0,0,0,0,0,0,0
61163,3,1,0,0,0,22,0,0,0,0,0,0
61163,4,1,0,0,0,0,0,0,0,0,0,0
61164,0,1,0,0,0,0,0,0,0,0,0,0
61164,1,1,0,0,0,0,0,0,0,0,0,0
61165,0,1,0,17,0,0,0,0,7,0,0,18
61165,1,1,0,2,0,0,18,0,0,2,23,8
61166,1,1,0,0,0,0,0,0,0,0,0,0
61167,1,1,0,0,18,0,28,0,19,0,0,18
61168,0,1,0,0,0,0,0,0,0,0,0,0
61168,1,1,11,0,0,0,0,0,0,0,0,0
61169,0,1,3,3,3,3,3,3,3,3,3,3
61169,1,1,0,0,0,0,0,0,0,0,0,0
61170,0,1,0,0,0,8,15,0,9,11,19,0
61170,1,1,0,0,0,0,5,0,0,0,0,0
61171,1,1,0,17,13,12,16,25,25,20,25,5
61172,1,1,18,18,18,18,18,18,18,18,18,18
61172,2,1,0,17,0,0,0,0,0,0,0,0
61173,1,1,0,0,0,0,0,0,0,0,0,0
61174,1,1,11,11,11,11,11,11,11,11,11,11
61175,0,1,15,15,15,15,15,15,15,15,15,15
61175,1,1,0,0,0,0,0,0,0,0,0,0