ST_CASE,VEH_NO,PER_NO,P1,P2,P3,P4,P5,P6,P7,P8,P9,P10
61176,1,1,0,0,0,0,0,0,0,0,0,0
61176,2,1,0,0,0,0,0,0,0,0,0,0
61176,3,1,0,13,0,0,0,0,29,0,0,0
61176,4,1,0,0,0,0,0,0,0,0,0,0
61177,1,1,0,0,0,0,0,0,0,0,0,0
61177,2,1,0,0,0,0,0,0,0,0,0,0
61178,1,1,0,0,0,0,0,0,0,0,0,0
61179,1,1,0,0,0,14,0,0,0,0,0,0
61179,2,1,0,0,0,0,0,0,0,0,0,0
61179,3,1,0,0,0,0,0,0,0,0,0,0
61180,1,2,0,0,34,0,0,0,0,20,0,0
61181,1,1,10,10,10,10,10,10,10,10,10,10
61181,2,1,0,0,0,0,0,0,0,0,0,0
61182,1,1,0,0,0,0,0,0,0,0,0,0
61182,2,1,0,0,0,0,0,0,0,0,0,0
61183,1,1,0,0,0,0,0,0,0,0,0,0
61183,2,1,0,14,0,0,16,0,0,0,14,0
61184,1,1,9,9,9,9,9,9,9,9,9,9
61185,0,1,0,0,0,0,0,0,0,0,0,0
61185,1,1,43,0,8,12,7,12,19,27,18,0
61186,0,1,7,14,0,0,17,0,29,0,0,0
61186,1,1,0,0,0,0,0,0,0,0,0,0
61187,1,1,0,0,0,11,11,0,0,2,0,9
61187,2,1,0,0,0,0,0,24,0,0,0,0
61188,1,1,0,0,0,0,0,0,0,0,0,0
61189,0,1,0,0,0,0,0,0,0,0,0,0
61189,1,1,0,0,0,0,0,0,0,0,0,0
61190,0,1,34,0,3,0,0,0,41,20,0,0
61190,1,1,0,0,0,0,0,0,0,0,0,0
61190,2,1,0,0,0,0,0,0,0,0,0,0
61191,0,1,3,3,3,3,3,3,3,3,3,3
61191,1,1,0,0,0,0,35,0,0,0,0,0
61192,1,1,0,0,0,0,0,0,0,0,0,0
61192,2,1,0,0,0,0,0,0,0,0,0,0
61193,1,1,0,0,0,0,0,0,0,0,0,0
61194,1,1,0,0,0,0,0,0,0,0,0,0
61195,1,1,0,0,0,0,0,0,0,0,0,0
61195,2,1,0,0,0,0,0,0,0,0,0,0
61196,1,1,14,14,14,14,14,14,14,14,14,14
61197,1,1,0,19,14,6,16,21,15,17,47,5
61197,2,1,0,0,0,0,0,0,0,0,0,0
61198,1,1,0,0,0,0,0,0,0,0,0,0
61198,2,1,0,0,0,0,0,0,0,0,0,0
61199,1,1,0,0,0,17,13,0,11,2,28,26
61200,1,1,18,18,18,18,18,18,18,18,18,18
61200,2,1,6,6,6,6,6,6,6,6,6,6
61200,3,1,0,0,0,0,0,0,10,0,0,0
61201,1,1,0,0,0,0,0,0,0,0,0,0
61201,2,1,0,11,0,0,0,0,0,0,0,0
61202,0,1,0,0,0,0,0,0,0,0,0,0
61202,1,1,24,24,24,24,24,24,24,24,24,24
61203,0,1,0,0,0,0,0,0,0,0,0,0
61203,1,1,0,0,11,0,0,0,0,0,0,0
61204,1,1,0,0,0,0,0,0,0,0,0,0
61204,2,1,0,0,0,0,0,0,0,0,0,0
61205,1,1,0,0,0,0,0,0,0,0,0,0
61206,1,1,0,0,0,0,0,0,0,0,0,0
61207,1,1,11,11,11,11,11,11,11,11,11,11
61208,0,1,0,0,0,0,0,0,0,0,0,0
61208,1,1,0,7,0,19,12,0,0,0,7,0
61209,0,1,0,0,0,0,0,0,0,0,0,0
61209,1,1,14,7,26,37,0,0,23,10,13,0
61210,1,1,17,17,17,17,17,17,17,17,17,17
61211,1,1,18,18,18,18,18,18,18,18,18,18
61211,2,1,0,0,0,0,0,0,0,3,0,0
61212,1,1,0,0,0,0,0,0,0,0,0,0
61212,2,1,0,0,0,0,0,0,0,0,0,0
61213,1,1,0,0,0,0,0,0,0,0,0,0
61214,1,1,17,0,0,37,17,21,0,10,23,22
61215,1,1,26,0,0,26,15,23,0,0,13,10
61216,1,1,0,0,0,0,0,0,0,0,0,0
61216,2,1,0,0,0,0,0,0,0,0,0,0
61217,0,1,0,0,0,0,0,0,0,0,0,0
61217,1,1,0,0,0,0,0,0,0,0,0,0
61218,0,1,44,44,44,44,44,44,44,44,44,44
61218,1,1,0,0,0,0,15,0,0,0,0,0
61219,0,1,0,0,0,0,0,0,0,0,0,0
61219,1,1,4,4,4,4,4,4,4,4,4,4
61220,1,1,7,27,21,28,22,27,25,16,15,28
61221,1,1,23,23,23,23,23,23,23,23,23,23
61222,0,1,0,0,0,0,0,0,0,0,0,0
61222,1,1,0,0,0,0,0,0,0,0,0,0
61223,0,1,0,0,0,0,0,0,0,0,0,0
61223,1,1,0,0,10,20,26,0,0,0,0,27
61224,0,1,0,0,0,0,0,0,0,0,0,0
61224,1,1,17,21,12,51,22,7,14,21,31,5
61225,1,1,0,0,0,0,0,0,0,0,0,0
61225,2,1,0,0,0,0,0,0,0,0,0,0
61226,1,1,0,0,0,0,0,0,0,0,0,0
61226,2,1,0,0,0,0,0,0,0,0,0,0
61227,1,1,0,0,0,0,0,0,0,0,0,0
61228,1,1,0,0,0,0,0,0,0,0,0,0
61229,1,1,0,0,0,0,0,0,0,0,0,0
61229,2,1,0,0,0,0,0,0,0,0,0,0
61230,1,1,0,0,0,0,0,0,0,0,0,0
61230,2,1,0,0,0,0,0,0,0,0,0,0
61231,1,1,30,30,30,30,30,30,30,30,30,30
61231,2,1,0,0,0,0,0,0,0,0,0,0
61232,0,1,0,0,0,0,0,0,0,0,0,0
61232,1,1,0,0,0,0,0,0,0,0,0,0
61233,1,1,0,0,0,0,0,0,0,0,0,0
61233,2,1,0,0,0,0,0,0,0,0,0,0
61234,0,1,0,0,0,0,0,0,0,0,0,0
61234,1,1,0,0,0,0,0,0,0,0,0,0
61235,1,1,0,0,0,0,0,0,0,0,0,0
61236,1,1,27,27,27,27,27,27,27,27,27,27
61237,1,1,26,26,26,26,26,26,26,26,26,26
61237,2,1,0,0,0,0,0,0,0,0,0,0
61238,0,1,34,34,34,34,34,34,34,34,34,34
61238,1,1,0,0,0,0,0,0,0,0,0,0
61239,1,1,17,17,17,17,17,17,17,17,17,17
61239,2,1,0,0,0,0,0,0,0,0,0,0
61240,1,1,0,0,0,0,0,0,0,0,0,0
61241,1,1,0,0,0,0,0,0,0,0,0,0
61242,0,1,25,0,0,2,22,0,27,0,0,0
61242,1,1,0,0,0,0,0,0,0,0,0,0
61243,1,1,0,0,0,0,0,0,0,0,0,0
61243,2,1,0,0,0,0,0,0,0,0,0,0
61244,1,1,0,0,0,0,0,0,0,0,0,0
61244,2,1,0,0,0,0,0,0,0,0,0,0
61245,1,1,0,0,0,0,0,0,0,0,0,0
61246,0,1,0,0,0,0,12,0,0,0,21,0
61247,1,1,7,7,7,7,7,7,7,7,7,7
61247,2,1,0,0,0,0,0,0,0,0,0,0
61248,1,1,21,23,26,35,19,0,12,17,16,33
61248,2,1,0,0,0,24,0,0,0,0,0,0
61249,1,1,7,11,6,7,29,27,8,3,15,16
61250,1,1,21,0,0,0,0,0,0,0,0,0
61251,1,1,0,0,0,0,0,0,0,0,0,0
61252,1,1,0,0,0,0,0,0,0,0,0,0
61252,2,1,0,0,0,0,0,0,0,0,0,0
61253,0,1,0,0,0,0,0,0,0,0,0,0
61253,1,1,0,0,0,12,0,0,0,4,0,0
61254,1,1,0,0,0,0,10,0,0,0,19,0
61255,0,1,0,0,0,0,0,0,0,0,0,0
61255,1,1,8,8,8,8,8,8,8,8,8,8
61256,0,1,0,0,0,0,0,0,0,0,0,0
61256,1,1,0,0,0,40,0,0,0,25,23,0
61257,1,1,0,0,0,0,0,0,0,0,0,0
61258,1,1,0,0,0,0,0,0,0,0,0,0
61258,2,1,0,0,0,0,0,0,0,0,0,0
61259,1,1,0,0,0,0,0,0,0,0,0,0
61260,1,1,0,0,0,0,0,0,0,0,0,0
61260,2,1,0,0,0,0,0,0,0,0,0,0
61260,3,1,0,0,0,0,0,0,0,0,0,0
61260,4,1,0,0,0,0,0,0,0,0,0,0
61260,5,1,0,0,0,0,0,0,0,0,0,0
61260,6,1,0,0,0,0,0,9,0,0,0,0
61260,7,1,0,0,0,0,0,0,0,0,0,0
61260,8,1,0,0,0,0,0,0,0,0,0,0
61260,9,1,0,0,0,0,0,0,0,0,0,0
61260,10,1,0,0,0,0,0,0,0,0,0,0
61261,1,1,9,25,23,3,40,15,17,17,11,17
61262,1,1,0,12,0,0,0,0,16,0,0,0
61262,2,1,0,0,0,0,0,0,0,0,0,0
61263,1,1,16,16,16,16,16,16,16,16,16,16
61263,2,1,0,0,0,0,20,0,0,0,0,0
61264,1,1,0,0,0,0,0,0,0,0,0,0
61265,1,1,0,0,0,0,5,0,0,0,0,0
61265,2,1,0,0,0,0,0,0,0,0,0,0
61266,1,1,1,1,1,1,1,1,1,1,1,1
61266,2,1,0,0,0,0,0,0,25,0,0,0
61267,1,1,0,0,0,0,0,0,0,0,0,0
61268,1,1,14,14,14,14,14,14,14,14,14,14
61268,2,1,0,0,0,0,0,0,0,0,0,0
61269,1,1,6,6,6,6,6,6,6,6,6,6
61270,0,1,0,0,0,0,0,0,0,0,0,0
61270,1,1,0,0,0,0,0,0,0,0,0,0
61271,0,1,0,0,0,0,0,0,0,0,0,0
61271,1,1,0,0,0,0,0,0,0,0,0,0
61272,1,1,0,0,0,0,0,20,0,0,0,0
61273,1,1,0,0,0,0,0,0,0,0,0,0
61274,0,1,15,15,15,15,15,15,15,15,15,15
61274,1,1,0,0,0,0,0,0,0,0,0,0
61275,1,1,24,24,24,24,24,24,24,24,24,24
61275,2,1,0,0,0,0,0,0,0,0,0,0
61276,1,1,0,0,0,0,0,0,0,0,0,0
61277,0,1,0,0,0,0,0,0,0,0,0,0
61277,1,1,14,0,10,13,4,17,2,7,0,15
61277,2,1,0,9,7,0,6,0,0,0,0,0
61277,3,1,16,0,10,0,0,0,17,6,0,0
61278,1,1,0,0,0,0,0,0,0,0,0,0
61278,2,1,0,0,0,0,0,0,0,0,0,0
61279,1,1,0,0,0,0,0,0,0,0,0,0
61279,2,1,0,0,0,0,0,0,0,0,0,0
61280,1,1,0,0,0,0,0,0,0,0,0,0
61280,2,1,0,0,0,0,0,0,0,0,0,0
61280,3,1,0,0,0,0,0,15,0,26,0,0
61281,1,1,0,0,0,0,0,0,0,0,0,0
61282,1,1,0,0,0,0,0,0,0,0,0,0
61282,2,1,0,0,0,0,0,0,0,0,0,0
61283,0,1,29,29,29,29,29,29,29,29,29,29
61283,1,1,5,12,4,14,24,27,9,20,8,29
61284,1,1,0,0,0,0,0,0,0,0,0,0
61285,1,1,0,0,0,0,0,0,0,0,0,16
61285,2,1,0,0,0,0,0,0,0,0,0,0
61286,1,1,0,0,0,0,0,0,0,0,0,32
61286,2,1,0,0,0,0,0,0,0,0,0,0
61287,0,1,0,24,0,26,0,0,16,0,12,0
61287,1,1,0,0,0,0,0,11,11,0,0,0
61287,2,1,0,0,0,0,0,0,0,0,0,0
61287,3,1,0,0,0,0,0,0,0,0,0,0
61288,0,1,8,8,8,8,8,8,8,8,8,8
61288,1,1,8,8,8,8,8,8,8,8,8,8
61289,1,1,0,0,0,0,0,0,0,0,0,0
61289,2,1,0,0,0,0,0,0,0,0,0,0
61290,0,1,0,0,0,0,0,0,0,0,0,0
61290,1,1,0,0,0,0,0,0,0,0,0,0
61291,1,1,2,2,2,2,2,2,2,2,2,2
61291,2,1,0,0,0,0,0,0,0,0,0,0
61292,1,1,31,31,31,31,31,31,31,31,31,31
61292,2,1,0,0,0,0,0,0,0,0,0,0
61293,1,1,0,0,0,0,0,0,0,0,0,9
61294,1,1,35,35,35,35,35,35,35,35,35,35
61295,1,1,0,0,0,0,0,0,0,0,0,18
61296,0,1,0,0,0,0,0,0,0,0,41,0
61296,1,1,24,22,7,31,0,0,22,25,0,0
61297,1,1,41,41,41,41,41,41,41,41,41,41
61298,0,1,0,0,0,0,0,0,0,0,0,0
61298,1,1,21,21,21,21,21,21,21,21,21,21
61299,1,1,0,0,0,0,0,0,0,0,0,0
61299,2,1,0,0,0,0,0,0,24,0,0,0
61300,0,1,0,0,0,0,0,0,0,0,0,0
61300,1,1,0,0,0,0,0,0,0,0,0,0
61301,1,1,0,0,0,0,0,0,0,0,0,0
61301,2,1,0,0,0,0,0,0,0,0,0,0
61301,3,1,0,0,0,0,0,0,0,0,0,0
61302,0,1,0,0,0,0,0,0,0,11,8,0
61302,1,1,0,0,0,0,0,0,0,0,0,0
61303,1,1,29,29,29,29,29,29,29,29,29,29
61304,1,1,22,22,22,22,22,22,22,22,22,22
61305,1,1,0,0,0,0,0,0,0,0,0,0
61306,1,1,0,0,0,0,0,0,0,0,0,0
61306,2,1,0,0,0,0,0,0,0,0,0,0
61307,1,1,0,0,0,0,0,0,0,0,0,0
61307,2,1,0,0,0,0,0,7,0,0,0,0
61308,0,1,0,27,32,24,0,0,0,0,20,0
61308,1,1,0,0,0,0,0,0,0,0,0,0
61309,1,1,21,21,21,21,21,21,21,21,21,21
61310,1,1,0,0,0,0,0,12,18,0,0,0
61311,1,1,0,0,0,0,0,0,0,0,0,12
61311,2,1,0,0,0,0,0,0,0,0,0,0
61312,1,1,0,0,0,0,0,0,0,0,0,27
61313,1,1,0,0,0,0,0,0,0,0,0,0
61314,0,1,23,23,23,23,23,23,23,23,23,23
61314,1,1,0,0,21,0,0,0,0,0,23,0
61315,1,1,15,13,22,17,27,12,13,14,24,15
61315,2,1,0,0,0,0,0,0,0,0,0,0
61316,1,1,0,0,0,0,0,0,0,0,0,0
61317,1,1,0,0,0,0,0,0,0,0,0,0
61318,1,1,0,0,0,0,0,0,0,0,0,0
61319,1,1,0,0,0,0,0,0,0,0,0,0
61320,1,1,0,0,0,0,0,5,27,21,18,0
61320,2,1,0,0,0,0,0,0,0,0,0,0
61320,3,1,0,0,0,0,0,0,0,0,0,0
61321,1,1,0,0,0,0,0,0,0,0,0,0
61321,2,1,0,0,0,0,0,0,0,0,0,0
61322,1,1,22,0,25,0,18,0,0,22,31,12
61322,2,1,0,0,0,0,0,0,0,0,0,0
61322,3,1,0,0,0,0,0,0,0,0,0,0
61323,1,1,0,0,0,0,0,0,0,0,0,0
61324,1,1,0,10,0,0,16,0,0,22,0,0
61325,1,1,11,11,11,11,11,11,11,11,11,11
61326,1,1,8,8,8,8,8,8,8,8,8,8
61327,0,1,0,0,0,0,0,0,0,0,0,0
61327,1,1,0,0,0,0,0,0,0,0,0,0
61328,1,1,17,17,17,17,17,17,17,17,17,17
61329,1,1,23,23,23,23,23,23,23,23,23,23
61330,1,1,0,0,0,0,0,0,0,0,0,0
61331,1,1,0,0,0,0,0,0,0,0,0,0
61331,2,1,0,0,0,0,0,0,0,0,0,0
61332,1,1,28,28,28,28,28,28,28,28,28,28
61333,0,1,0,0,0,0,0,0,0,0,0,0
61333,1,1,0,0,0,0,0,0,0,0,0,0
61333,2,1,0,0,16,0,26,9,0,12,13,0
61333,3,1,19,0,13,7,0,0,10,8,0,0
61333,4,1,0,6,0,5,9,0,0,0,7,0
61334,1,1,0,0,0,0,0,0,0,0,0,0
61334,2,1,0,14,0,0,0,32,0,0,0,0
61334,3,1,0,0,0,0,0,0,0,0,0,0
61335,1,1,13,11,14,13,4,24,0,8,8,0
61336,1,1,0,0,0,0,0,0,0,0,0,0
61337,0,1,49,19,11,0,17,0,17,0,0,0
61337,1,1,24,0,26,10,19,0,19,12,11,0
61338,1,1,0,0,0,0,0,0,0,0,0,0
61338,2,1,0,0,0,0,0,0,0,0,0,0
61339,1,1,0,0,0,0,0,0,0,0,0,0
61339,2,1,0,0,0,0,0,0,0,0,0,0
61340,0,1,0,0,0,0,0,0,0,0,0,0
61340,1,1,0,0,14,0,0,0,0,0,0,0
61341,1,1,3,3,3,3,3,3,3,3,3,3
61342,1,1,15,15,15,15,15,15,15,15,15,15
61343,1,1,27,27,27,27,27,27,27,27,27,27
61344,0,1,0,0,0,0,0,0,0,0,0,0
61344,1,1,0,0,0,0,0,0,8,0,0,0
61345,1,1,10,10,10,10,10,10,10,10,10,10
61346,0,1,31,31,31,31,31,31,31,31,31,31
61346,1,1,0,0,0,0,0,0,0,0,0,0
61347,1,1,15,15,15,15,15,15,15,15,15,15
61348,1,1,0,8,0,0,0,0,0,0,0,0
61349,1,1,0,0,0,0,0,0,0,0,0,0
61349,2,1,0,0,0,0,0,0,0,0,0,0
61350,0,1,0,0,0,0,0,0,0,0,0,0
61350,1,1,0,0,0,0,0,0,0,0,0,0
61351,0,1,39,39,39,39,39,39,39,39,39,39
61351,1,1,0,5,14,0,0,0,11,11,0,0
61352,0,1,0,0,0,0,0,0,0,0,0,0
61352,1,1,0,0,0,0,0,0,0,0,0,0
61353,1,1,0,0,0,0,0,0,0,0,0,0
61354,0,1,0,0,0,0,0,0,0,0,0,0
61354,1,1,0,0,0,0,0,0,0,0,0,0
61354,2,1,0,0,0,0,0,8,0,0,0,0
61355,1,1,0,15,0,0,0,9,18,16,16,0
61356,1,1,0,0,0,0,0,0,0,0,0,0
61357,1,1,0,0,0,0,0,0,0,0,0,0
61358,1,1,15,15,15,15,15,15,15,15,15,15
61359,1,1,0,0,0,0,0,0,0,0,0,0
61360,1,1,0,0,0,0,0,0,0,0,0,0
61361,1,1,0,0,0,0,0,0,0,0,8,0
61361,2,1,0,0,0,0,0,0,0,0,0,0
61362,1,1,0,0,0,0,0,0,0,0,0,8
61362,2,1,0,10,0,0,0,0,0,0,0,0
61362,3,1,0,0,0,0,0,0,0,0,0,0
61363,1,1,7,7,7,7,7,7,7,7,7,7
61364,1,1,0,0,0,0,0,0,0,0,0,0
61364,2,1,0,0,0,0,0,0,0,0,0,0
61364,3,1,0,0,0,0,0,0,0,0,0,0
61365,1,1,0,0,0,0,0,0,0,0,0,0
61366,1,1,17,17,17,17,17,17,17,17,17,17
61366,2,1,0,0,0,0,0,0,0,0,0,0
61367,1,1,20,20,20,20,20,20,20,20,20,20
61368,0,1,0,0,0,0,0,0,0,0,0,0
61368,1,1,0,0,0,0,0,0,0,0,0,0
61369,0,1,0,0,0,0,0,0,0,0,0,0
61369,1,1,0,0,0,0,0,0,0,0,0,0
61370,1,1,0,0,0,0,0,0,0,0,0,0
61371,1,1,0,0,0,0,0,0,0,0,0,0
61372,1,1,0,0,0,0,0,0,0,0,0,0
61372,2,1,0,0,0,0,0,0,0,0,0,0
61373,1,1,0,0,0,0,0,0,0,0,0,0
61374,1,1,0,4,0,0,0,0,0,0,0,0
61374,2,1,0,0,0,0,0,0,0,0,0,0
61375,1,1,0,0,0,0,0,0,0,0,0,0
61376,1,1,0,0,0,0,12,0,0,0,0,0
61376,2,1,0,0,0,0,0,0,0,0,0,0
61377,1,1,19,19,19,19,19,19,19,19,19,19
61378,1,1,0,0,0,0,0,0,0,0,0,0
61378,2,1,0,0,0,0,0,0,0,0,0,0
61379,0,1,27,27,27,27,27,27,27,27,27,27
61379,1,1,0,0,12,0,0,0,0,0,0,0
61380,1,1,14,12,0,3,13,9,21,32,0,18
61380,2,1,0,0,0,0,0,0,0,0,0,0
61381,1,1,0,0,0,0,0,0,0,0,0,0
61382,1,1,0,0,0,0,0,0,0,0,0,0
61382,2,1,0,0,0,0,0,0,0,0,0,0
61383,1,1,0,0,0,0,0,0,0,0,0,0
61384,1,1,12,12,12,12,12,12,12,12,12,12
61384,2,1,0,0,0,0,0,0,0,0,0,0
61384,3,1,0,0,0,0,0,0,0,0,0,0
61384,4,1,0,0,0,0,14,0,0,0,0,0
61385,1,1,25,25,25,25,25,25,25,25,25,25
61386,0,1,15,15,15,15,15,15,15,15,15,15
61386,1,1,0,0,0,0,0,0,0,0,0,0
61387,1,1,0,0,0,0,0,0,0,0,0,0
61387,2,1,0,0,0,0,23,22,0,0,0,0
61388,1,1,0,0,0,0,0,0,0,0,0,0
61388,2,1,0,0,0,0,0,0,0,0,0,0
61389,1,1,6,6,6,6,6,6,6,6,6,6
61390,0,1,0,0,0,0,0,0,0,0,0,0
61390,1,1,0,0,0,0,0,0,26,27,23,0
61391,1,1,7,7,7,7,7,7,7,7,7,7
61391,2,1,0,0,0,0,0,0,0,0,0,0
61392,1,1,0,0,0,0,0,0,0,0,0,0
61393,0,1,0,0,0,0,0,0,0,0,0,0
61393,1,1,20,14,10,0,13,0,15,0,19,10
61394,1,1,0,0,0,0,0,0,0,0,0,0
61395,1,1,0,0,0,0,0,0,0,0,0,0
61395,2,1,0,0,0,0,0,0,0,0,0,0
61396,1,1,0,0,0,0,0,0,0,0,0,0
61396,2,1,20,7,10,15,18,10,9,20,23,15
61397,1,1,7,7,7,7,7,7,7,7,7,7
61398,0,1,0,0,0,0,0,0,0,0,0,0
61398,1,1,0,0,0,0,0,0,14,0,0,0
61399,0,1,0,0,0,0,0,0,0,0,0,0
61399,1,1,0,0,24,0,32,0,0,17,0,20
61400,0,1,0,0,0,0,0,0,0,0,0,0
61400,1,1,0,0,0,0,0,0,0,0,0,0
61402,1,1,0,0,0,0,0,0,0,0,0,0
61403,0,1,18,18,18,18,18,18,18,18,18,18
61403,1,1,13,16,26,18,4,7,19,7,0,29
61404,0,1,0,0,0,0,0,0,0,0,0,0
61404,1,1,0,0,0,0,5,0,0,0,0,0
61405,0,1,0,0,0,0,0,0,0,0,0,0
61405,1,1,0,17,0,0,14,0,0,6,0,0
61406,1,1,0,0,0,0,0,11,15,0,0,0
61406,2,1,5,5,5,5,5,5,5,5,5,5
61407,1,1,12,13,26,20,31,19,30,11,28,33
61408,1,1,0,0,0,0,0,0,0,0,0,0
61409,1,1,0,0,0,0,0,0,0,0,0,0
61410,1,1,0,0,0,0,0,0,0,0,0,0
61411,1,1,0,0,0,0,0,0,0,0,21,0
61411,2,1,8,0,0,0,0,0,0,0,0,0
61411,3,1,11,11,11,11,11,11,11,11,11,11
61412,1,1,0,0,0,0,0,0,0,0,0,0
61413,1,1,0,0,0,0,0,0,0,0,0,0
61413,2,1,0,0,0,0,0,0,0,0,0,0
61414,0,1,24,0,25,0,0,0,0,0,0,0
61414,2,1,0,17,0,0,12,10,0,23,0,0
61415,1,1,0,0,0,0,0,0,0,0,0,0
61415,2,1,0,0,0,0,0,0,0,0,0,0
61416,1,1,35,35,35,35,35,35,35,35,35,35
61417,1,1,12,12,12,12,12,12,12,12,12,12
61418,1,1,15,15,15,15,15,15,15,15,15,15
61418,2,1,0,0,0,0,0,0,0,0,0,0
61418,3,1,0,0,0,0,0,0,0,0,0,0
61419,0,1,0,0,0,0,0,0,0,0,0,0
61419,1,1,0,0,0,0,0,0,0,0,0,0
61420,0,1,19,19,19,19,19,19,19,19,19,19
61420,1,1,0,0,0,0,0,0,0,0,0,0
61421,1,1,22,22,22,22,22,22,22,22,22,22
61421,2,1,0,0,0,0,0,0,0,28,0,0
61422,1,1,0,0,19,15,15,26,24,5,16,12
61422,2,1,0,0,0,0,0,0,0,0,0,0
61423,1,1,17,17,17,17,17,17,17,17,17,17
61424,1,1,21,21,21,21,21,21,21,21,21,21
61424,2,1,0,0,0,0,0,0,0,0,0,0
61425,0,1,24,24,24,24,24,24,24,24,24,24
61425,1,1,16,11,12,0,35,10,0,0,6,0
61426,1,1,13,13,13,13,13,13,13,13,13,13
61427,0,1,0,0,0,0,0,0,0,16,0,0
61427,1,1,0,0,0,0,0,0,0,0,0,0
61427,2,1,0,0,0,11,0,20,0,0,0,0
61428,1,1,0,0,0,0,0,0,0,0,0,0
61428,2,1,0,0,0,0,0,0,0,0,0,0
61429,1,1,7,0,48,0,0,0,0,0,24,0
61429,2,1,0,0,0,0,0,0,0,0,0,0
61430,1,1,17,17,17,17,17,17,17,17,17,17
61430,2,1,0,0,0,0,0,0,0,0,0,0
61430,3,1,0,0,0,0,0,0,0,0,0,0
61431,1,1,0,0,0,0,0,0,0,0,0,0
61432,1,1,0,0,0,0,0,0,0,0,0,0
61432,2,1,0,0,0,0,0,0,0,0,0,0
61433,1,1,10,10,10,10,10,10,10,10,10,10
61433,2,1,0,0,0,0,0,17,0,0,0,0
61434,1,1,0,0,0,0,0,0,0,0,0,0
61435,0,1,3,3,3,3,3,3,3,3,3,3
61435,1,1,25,0,14,0,0,0,0,0,0,0
61436,1,1,0,0,0,0,0,0,0,0,0,0
61436,2,1,0,0,0,0,0,0,0,0,0,0
61437,1,1,12,18,0,10,21,0,8,0,0,5
61437,2,1,0,0,0,0,0,0,0,0,0,0
61438,1,1,0,0,0,0,0,0,0,0,0,0
61438,2,1,0,0,0,0,0,0,0,0,0,0
61438,3,1,0,0,0,0,0,34,0,0,0,0
61439,1,1,0,0,0,0,0,0,0,0,0,0
61439,2,1,0,0,0,0,0,0,0,0,0,0
61439,3,1,0,0,0,0,0,0,0,0,0,0
61440,0,1,0,0,0,0,0,0,0,0,0,0
61440,1,1,19,0,17,16,15,33,0,0,0,0
61441,1,1,25,25,25,25,25,25,25,25,25,25
61442,1,1,0,0,0,19,0,0,0,0,0,0
61442,2,1,0,0,0,0,0,0,0,0,0,0
61443,1,1,0,0,0,0,0,28,7,32,0,0
61443,2,1,0,0,0,0,0,0,0,0,0,0
61444,1,1,21,15,22,3,0,30,16,7,0,18
61444,2,1,0,0,0,0,0,0,0,0,0,0
61444,3,1,0,0,0,0,0,0,0,0,0,0
61444,4,1,0,0,0,0,0,0,0,0,0,0
61445,1,1,0,0,30,29,0,0,0,0,0,0
61445,2,1,0,0,0,0,0,23,0,0,0,0
61445,3,1,0,0,0,0,0,0,0,0,0,0
61446,0,1,0,0,0,0,0,0,0,0,0,0
61446,1,1,0,0,0,0,0,0,0,0,0,0
61447,1,1,0,0,0,0,0,0,0,0,0,0
61448,0,1,0,0,0,0,0,0,0,0,0,0
61448,1,1,0,0,0,0,0,0,0,0,0,0
61449,0,1,0,0,0,0,0,0,0,0,0,0
61449,1,1,0,0,0,0,0,0,0,0,0,0
61450,0,1,0,0,0,0,0,0,0,0,0,0
61450,1,1,0,0,0,0,0,0,0,0,0,0
61451,0,1,30,0,22,0,11,0,0,0,0,0
61451,1,1,0,0,0,0,0,0,0,0,0,0
61452,1,1,0,0,0,0,0,0,0,0,0,0
61452,2,1,0,0,13,18,17,0,0,0,0,0
61453,1,1,0,0,0,0,0,0,0,0,0,0
61454,1,1,0,0,0,0,0,0,0,0,0,0
61454,2,1,0,0,0,0,0,0,0,0,0,0
61455,0,1,0,0,0,0,0,0,0,0,0,0
61455,1,1,0,0,0,0,0,0,0,0,0,0
61456,1,1,0,0,0,0,0,0,0,0,0,0
61456,2,1,0,0,0,0,0,0,0,0,0,0
61457,1,1,0,0,0,0,0,0,0,0,0,0
61457,2,1,0,0,0,0,0,0,0,0,0,0
61458,1,1,23,23,23,23,23,23,23,23,23,23
61459,1,1,0,0,0,0,0,0,0,0,0,0
61459,2,1,0,0,0,19,27,0,26,0,0,0
61460,1,1,9,9,9,9,9,9,9,9,9,9
61460,2,1,0,0,0,0,0,0,0,0,0,0
61461,1,1,0,0,0,0,0,0,0,0,0,0
61462,1,1,0,0,0,0,0,0,0,0,0,0
61462,2,1,0,0,0,0,0,0,0,0,0,0
61463,1,1,4,4,4,4,4,4,4,4,4,4
61464,1,1,7,7,7,7,7,7,7,7,7,7
61465,1,1,17,17,17,17,17,17,17,17,17,17
61465,2,1,5,5,5,5,5,5,5,5,5,5
61465,3,1,23,0,0,0,0,0,0,0,0,0
61466,1,1,0,0,0,0,0,0,0,0,0,0
61466,2,1,0,0,0,0,0,0,0,0,19,0
61466,3,1,0,0,0,0,0,0,0,0,30,0
61467,1,1,0,0,0,0,0,0,0,0,0,0
61468,1,1,0,0,0,0,0,0,0,0,0,0
61468,2,1,0,0,0,0,0,0,0,0,0,0
61468,3,1,0,0,0,0,0,0,0,0,0,0