ST_CASE,VEH_NO,PER_NO,P1,P2,P3,P4,P5,P6,P7,P8,P9,P10
61762,1,1,0,0,0,0,0,0,0,0,0,0
61762,2,1,0,0,0,0,0,0,0,0,0,0
61763,1,1,15,15,15,15,15,15,15,15,15,15
61764,1,1,33,33,33,33,33,33,33,33,33,33
61765,1,1,0,0,0,0,0,0,0,0,0,0
61765,2,1,0,0,0,0,0,0,0,0,0,0
61765,3,1,0,0,10,20,0,0,0,16,15,0
61766,0,1,0,0,0,0,0,0,0,0,0,0
61766,1,1,0,0,0,0,0,0,0,0,0,0
61767,1,1,2,2,2,2,2,2,2,2,2,2
61767,2,1,0,0,0,0,0,0,0,0,0,0
61768,1,1,3,3,3,3,3,3,3,3,3,3
61768,2,1,0,0,0,0,0,0,0,0,0,0
61769,0,1,6,6,6,6,6,6,6,6,6,6
61769,0,2,0,0,0,0,0,0,0,0,0,0
61769,1,1,9,18,5,22,20,16,10,0,0,16
61770,1,1,0,0,0,0,0,0,0,0,0,0
61771,1,1,0,0,0,0,0,0,0,0,0,0
61771,2,1,0,0,0,0,0,0,0,0,0,0
61773,1,1,8,8,8,8,8,8,8,8,8,8
61774,1,1,2,2,2,2,2,2,2,2,2,2
61775,1,1,0,0,0,0,0,0,0,0,0,0
61776,0,1,0,0,0,0,0,0,0,0,0,0
61776,1,1,16,17,13,0,27,22,8,15,16,0
61777,0,1,0,0,0,0,0,0,0,0,0,0
61777,1,1,0,0,0,0,0,0,0,0,14,0
61778,0,1,1,1,1,1,1,1,1,1,1,1
61778,1,1,13,7,15,0,21,27,7,18,0,0
61779,1,1,0,0,0,0,0,0,0,0,0,0
61779,2,1,0,0,0,0,0,0,0,0,0,0
61779,3,1,0,0,0,0,0,0,0,0,0,0
61780,1,1,0,0,0,0,0,0,0,0,0,0
61780,2,1,0,0,0,0,0,0,3,0,0,0
61781,1,1,0,0,0,0,0,0,0,0,0,0
61781,2,1,3,3,3,3,3,3,3,3,3,3
61782,1,1,0,0,0,0,0,0,0,0,0,0
61783,1,1,0,0,0,0,0,0,0,0,0,0
61784,1,1,0,0,0,0,0,0,0,0,0,0
61785,1,1,14,14,14,14,14,14,14,14,14,14
61786,0,1,0,0,0,0,0,0,0,0,0,0
61786,1,1,0,0,0,0,0,0,0,0,0,0
61787,0,1,0,0,0,0,0,0,0,0,0,0
61787,1,1,0,0,0,0,0,0,0,0,0,0
61789,1,1,11,11,11,11,11,11,11,11,11,11
61790,0,1,27,27,27,27,27,27,27,27,27,27
61790,1,1,0,0,0,0,0,0,0,0,0,0
61791,1,1,0,0,0,0,0,0,20,0,0,0
61791,2,1,0,0,0,22,0,0,0,0,0,0
61792,1,1,17,26,0,10,4,0,0,20,0,12
61793,1,1,5,5,5,5,5,5,5,5,5,5
61794,0,1,0,0,0,0,0,0,0,0,0,0
61794,1,1,0,0,0,0,0,0,0,0,0,0
61795,1,1,8,8,8,8,8,8,8,8,8,8
61796,1,1,0,0,0,0,0,0,0,0,0,0
61796,2,1,0,0,0,0,0,0,0,0,0,0
61797,1,1,0,0,0,0,0,0,0,0,0,0
61797,2,1,0,0,0,0,0,0,0,0,0,0
61798,1,1,0,0,0,0,0,0,0,0,0,0
61799,1,1,0,0,0,19,0,28,0,0,15,0
61800,0,1,0,0,0,0,0,0,0,0,0,0
61800,1,1,0,0,0,6,0,0,0,0,0,0
61801,1,1,10,10,10,10,10,10,10,10,10,10
61802,1,1,0,0,0,0,0,0,0,0,0,0
61802,2,1,0,0,0,0,0,0,0,0,0,0
61803,1,1,0,0,0,0,0,0,0,0,0,0
61804,1,1,0,0,0,0,0,0,0,0,0,0
61805,1,1,0,0,0,0,0,0,0,0,0,0
61805,2,1,0,0,0,0,0,0,0,0,0,0
61806,1,1,0,0,0,0,0,0,0,0,0,0
61806,2,1,0,0,0,0,0,0,26,0,0,0
61807,1,1,0,0,0,0,0,0,0,0,0,0
61808,0,1,0,0,0,0,0,0,0,0,0,0
61808,1,1,22,22,22,22,22,22,22,22,22,22
61809,0,1,0,0,0,0,0,0,0,0,0,0
61809,1,1,0,0,0,0,0,0,0,0,0,0
61809,2,1,0,0,0,0,0,0,0,0,0,0
61809,3,1,0,0,0,0,0,0,0,0,0,0
61810,1,1,0,0,0,0,25,0,0,0,0,0
61810,2,1,0,0,0,0,0,0,0,0,0,0
61811,1,1,0,0,0,0,0,0,0,0,0,0
61811,2,1,0,0,0,0,0,0,0,0,0,0
61812,1,1,0,0,0,45,0,0,0,0,0,0
61813,1,1,14,14,14,14,14,14,14,14,14,14
61813,2,1,0,0,0,0,0,0,0,0,0,0
61814,1,1,19,19,19,19,19,19,19,19,19,19
61814,2,1,0,0,0,0,0,0,0,0,0,0
61815,1,1,8,8,8,8,8,8,8,8,8,8
61815,2,1,25,0,0,0,0,0,0,0,22,0
61816,1,1,0,0,0,0,0,0,0,0,0,0
61817,1,4,0,0,0,0,0,0,0,0,0,0
61818,1,1,0,0,0,0,0,0,0,0,0,0
61818,2,1,0,0,0,0,0,0,0,0,0,0
61819,1,1,16,16,16,16,16,16,16,16,16,16
61819,2,1,0,0,0,0,0,0,0,0,0,0
61820,0,1,0,0,0,0,18,17,0,9,0,27
61820,1,1,0,0,0,18,9,0,0,0,0,0
61821,1,1,11,11,11,11,11,11,11,11,11,11
61822,1,1,0,0,0,8,0,17,0,0,0,26
61823,1,1,0,0,0,0,0,0,0,0,0,0
61823,2,1,28,0,0,0,0,0,0,0,0,0
61823,3,1,0,0,0,0,0,0,0,0,0,0
61824,1,1,8,8,8,8,8,8,8,8,8,8
61825,1,1,0,0,0,0,0,0,0,0,0,0
61825,2,1,0,0,0,0,0,0,0,0,0,0
61825,3,1,0,0,0,0,0,0,0,0,0,0
61826,1,1,0,0,0,0,0,0,0,0,0,0
61827,0,1,29,0,0,0,0,0,16,0,0,0
61827,1,1,0,0,0,0,0,0,0,0,0,0
61828,0,1,25,25,25,25,25,25,25,25,25,25
61828,1,1,0,0,0,0,0,0,0,0,0,0
61829,1,1,0,0,0,0,0,0,0,0,0,0
61829,2,1,0,0,0,0,0,0,0,0,0,0
61829,3,1,0,0,0,0,0,0,0,0,0,0
61830,1,1,6,0,0,0,0,0,0,0,6,0
61830,2,1,0,0,0,0,0,0,0,0,0,0
61830,3,1,0,0,0,0,0,0,0,0,0,0
61831,1,1,0,0,0,0,0,0,0,0,0,0
61832,1,1,0,0,0,0,0,0,0,0,0,0
61832,2,1,0,0,0,0,0,0,0,0,0,0
61833,1,1,0,0,0,0,0,0,0,0,0,0
61834,1,1,0,0,0,0,0,0,0,0,0,0
61834,2,1,0,0,0,0,0,0,0,0,0,0
61835,1,1,0,0,0,0,0,0,0,0,0,0
61836,1,1,0,0,0,0,0,0,0,0,0,0
61837,1,1,0,7,0,0,0,0,22,0,0,0
61837,2,1,0,0,0,0,0,0,0,0,0,0
61838,0,1,0,0,0,0,0,0,0,0,0,0
61838,1,1,0,0,0,0,0,0,0,0,0,0
61839,1,1,11,11,11,11,11,11,11,11,11,11
61841,1,1,0,0,0,0,0,0,0,0,0,0
61841,2,1,0,14,0,22,7,7,0,0,0,17
61842,1,1,8,8,8,8,8,8,8,8,8,8
61842,2,1,0,0,0,0,0,0,0,0,0,0
61843,1,1,0,0,0,0,0,0,0,0,0,0
61845,1,1,0,0,0,0,0,0,0,0,0,0
61846,1,1,21,21,21,21,21,21,21,21,21,21
61846,2,1,0,0,0,0,0,0,0,0,0,0
61847,0,1,8,8,8,8,8,8,8,8,8,8
61847,1,1,14,14,14,14,14,14,14,14,14,14
61848,0,1,10,10,10,10,10,10,10,10,10,10
61848,1,1,15,0,0,0,0,0,0,0,0,0
61849,1,1,0,0,16,0,0,0,0,0,0,27
61850,0,1,22,22,22,22,22,22,22,22,22,22
61850,1,1,2,5,18,0,0,0,10,0,0,0
61850,2,1,2,0,14,0,11,11,0,16,0,9
61851,1,1,27,27,27,27,27,27,27,27,27,27
61852,1,1,2,2,2,2,2,2,2,2,2,2
61852,2,1,0,0,0,0,0,0,0,0,0,0
61853,1,1,29,29,29,29,29,29,29,29,29,29
61853,2,1,0,0,0,0,0,0,0,0,0,0
61854,1,1,26,26,26,26,26,26,26,26,26,26
61855,0,1,0,0,0,0,0,0,0,0,0,0
61855,1,1,0,0,0,22,0,0,0,0,22,0
61856,0,1,0,0,0,0,0,0,0,0,0,0
61856,1,1,0,8,0,0,0,0,0,9,0,0
61857,1,1,0,0,0,0,0,0,0,0,21,0
61857,2,1,0,0,0,0,0,0,0,0,0,0
61858,1,1,0,0,0,0,0,0,0,0,0,0
61858,2,1,0,0,0,0,0,0,0,0,0,0
61859,0,1,0,0,0,0,0,0,0,0,0,0
61859,1,1,0,0,0,0,0,0,0,0,0,0
61860,1,1,9,17,10,28,11,9,16,5,9,6
61861,1,1,0,0,0,0,0,0,0,0,0,0
61861,2,1,0,0,0,0,0,0,0,0,0,0
61861,3,1,15,0,0,0,0,0,0,0,27,0
61862,1,1,11,11,11,11,11,11,11,11,11,11
61862,2,1,0,0,0,0,0,0,0,0,0,0
61863,1,1,32,32,32,32,32,32,32,32,32,32
61864,1,1,0,0,0,0,0,0,0,0,0,0
61865,1,1,0,0,0,0,0,0,21,0,28,29
61866,1,1,0,0,0,0,0,0,0,0,0,0
61866,3,1,0,0,0,0,0,0,0,0,0,0
61867,0,1,0,0,0,0,0,18,0,0,0,27
61867,1,1,0,0,0,0,0,0,0,0,0,0
61868,1,1,0,0,0,0,0,0,0,0,0,0
61869,1,1,0,0,0,0,0,0,0,0,0,0
61869,2,1,0,0,0,0,0,0,0,0,0,0
61870,2,1,0,0,0,0,0,0,0,0,0,0
61870,3,1,0,0,0,0,0,0,0,0,0,0
61871,0,1,0,0,0,0,0,0,0,0,0,0
61871,1,1,9,18,0,0,11,0,0,0,17,0
61872,1,1,0,0,0,0,0,0,0,0,0,0
61872,2,1,0,0,0,0,0,0,0,0,0,0
61872,3,1,0,0,0,0,0,0,0,0,0,0
61872,4,1,0,0,0,0,0,0,0,0,0,0
61872,5,1,0,0,0,0,0,0,0,0,0,0
61873,0,1,0,0,0,0,0,0,0,0,0,0
61873,1,1,0,0,0,0,0,0,0,0,0,0
61874,0,1,0,25,23,42,24,0,0,0,22,18
61874,1,1,0,0,0,0,0,0,0,0,0,0
61875,0,1,0,0,0,0,0,0,0,0,0,0
61875,1,1,0,13,0,0,10,0,0,0,5,0
61876,1,1,0,0,0,0,0,0,0,0,0,0
61877,0,1,0,0,0,0,0,0,0,0,0,0
61877,1,1,0,0,0,0,0,0,0,0,0,0
61878,1,1,6,6,6,6,6,6,6,6,6,6
61879,1,1,0,0,0,0,0,22,0,0,0,0
61879,2,1,0,0,0,0,0,0,0,0,0,0
61880,0,1,0,0,0,0,0,0,0,0,0,0
61880,1,1,0,0,0,0,0,0,0,0,0,0
61881,1,1,33,33,33,33,33,33,33,33,33,33
61882,1,1,0,0,0,0,0,0,0,0,0,0
61882,2,1,0,0,0,0,0,0,0,0,0,0
61883,1,1,35,0,24,6,4,14,20,26,15,14
61884,0,1,0,0,0,0,0,0,0,0,0,0
61884,1,1,0,0,0,0,0,0,0,0,0,0
61885,1,1,30,30,30,30,30,30,30,30,30,30
61885,2,1,0,0,0,0,0,0,0,0,0,0
61886,0,1,24,24,24,24,24,24,24,24,24,24
61886,1,1,0,0,0,0,0,0,0,0,0,0
61887,1,1,20,20,20,20,20,20,20,20,20,20
61888,1,1,0,0,0,0,0,0,0,0,0,0
61888,2,1,0,0,0,0,0,0,0,0,0,0
61888,3,1,0,0,12,0,25,0,0,0,0,0
61888,4,1,0,0,0,0,0,0,0,0,0,0
61889,0,1,0,0,0,14,36,0,0,0,21,5
61889,1,1,0,0,33,0,0,9,0,7,27,0
61890,1,1,0,0,0,0,0,0,0,0,0,0
61890,2,1,0,0,0,0,0,4,0,0,0,0
61891,1,1,10,16,0,0,0,0,0,14,23,0
61891,2,1,0,0,0,0,0,0,0,0,0,0
61892,0,1,2,2,2,2,2,2,2,2,2,2
61892,1,1,0,17,0,12,30,21,31,0,15,0
61893,1,1,33,33,33,33,33,33,33,33,33,33
61894,1,1,0,0,0,0,0,0,0,0,0,0
61894,2,1,0,0,0,0,0,0,0,0,0,0
61895,1,1,0,0,0,0,0,0,0,0,0,0
61895,2,1,0,0,0,0,0,0,0,0,0,0
61895,3,1,0,0,0,0,0,0,0,0,0,0
61895,4,1,0,0,0,0,0,0,0,0,0,0
61895,5,1,0,0,0,0,0,0,0,0,0,0
61896,1,1,6,6,6,6,6,6,6,6,6,6
61897,0,1,53,53,53,53,53,53,53,53,53,53
61897,1,1,17,0,0,0,21,0,11,20,17,0
61899,1,1,19,19,19,19,19,19,19,19,19,19
61900,0,1,9,0,0,16,0,0,5,19,31,21
61900,1,1,0,0,0,0,0,0,0,0,0,0
61901,1,1,20,20,20,20,20,20,20,20,20,20
61902,1,1,2,2,2,2,2,2,2,2,2,2
61903,1,1,23,25,22,0,23,0,7,0,24,0
61903,2,1,0,0,0,0,0,0,0,0,0,0
61903,3,1,0,27,0,0,0,0,8,0,0,0
61903,4,1,0,0,0,0,0,0,0,0,0,0
61904,1,1,12,12,12,12,12,12,12,12,12,12
61905,1,1,12,12,12,12,12,12,12,12,12,12
61907,1,1,0,0,0,0,18,0,0,0,0,0
61907,2,1,0,0,0,0,0,0,0,0,0,0
61908,1,1,0,0,0,0,0,0,0,0,0,0
61908,2,1,0,0,0,0,0,0,0,0,0,0
61910,0,1,32,0,0,0,0,0,10,0,0,0
61910,1,1,0,0,0,0,0,0,0,0,0,0
61911,1,1,28,28,28,28,28,28,28,28,28,28
61911,2,1,0,0,0,0,0,0,0,0,0,0
61912,1,1,0,0,0,0,0,0,0,0,0,0
61912,2,1,0,0,0,0,0,0,0,0,0,0
61913,1,1,0,0,0,0,0,0,0,0,0,0
61914,1,1,29,29,29,29,29,29,29,29,29,29
61915,0,1,8,8,8,8,8,8,8,8,8,8
61915,1,1,0,0,0,0,0,0,0,0,0,0
61916,1,1,14,0,0,0,0,0,0,0,0,23
61916,2,1,0,0,0,0,0,6,0,0,20,0
61916,3,1,0,0,0,0,0,0,0,0,0,0
61917,0,1,0,0,0,0,6,0,0,0,0,0
61917,1,1,0,0,0,0,0,0,0,0,0,0
61918,1,1,0,0,0,0,0,0,0,0,0,0
61918,2,1,12,22,0,0,0,0,15,0,0,11
61919,1,1,12,12,12,12,12,12,12,12,12,12
61919,2,1,1,1,1,1,1,1,1,1,1,1
61920,1,1,25,25,25,25,25,25,25,25,25,25
61921,1,1,15,15,15,15,15,15,15,15,15,15
61922,1,1,0,0,0,0,0,0,0,0,0,0
61922,2,1,0,0,0,0,0,0,0,0,0,0
61922,3,1,0,0,0,0,0,0,0,0,0,0
61922,4,1,0,0,0,0,0,0,0,0,0,0
61923,1,1,0,0,0,0,0,0,0,0,0,0
61923,2,1,0,0,0,6,0,0,0,0,0,0
61924,1,1,16,16,16,16,16,16,16,16,16,16
61924,2,1,0,0,0,0,0,0,0,0,0,0
61925,0,1,0,0,0,0,0,0,0,0,0,0
61925,1,1,0,0,0,15,0,19,0,18,0,17
61926,1,1,0,0,0,0,0,0,0,0,0,0
61926,2,1,0,0,0,0,0,0,0,0,0,0
61927,0,1,0,0,0,0,0,0,0,0,0,0
61927,1,1,0,0,0,6,0,0,15,0,0,0
61928,1,1,0,0,0,23,14,0,0,0,0,0
61928,2,1,0,0,0,0,0,0,0,0,0,0
61929,0,1,0,0,0,0,0,0,0,0,0,0
61929,1,1,0,0,0,0,0,0,23,0,0,0
61930,0,1,0,0,0,0,0,0,0,0,0,0
61930,1,1,0,0,0,0,0,0,0,0,0,0
61931,1,1,21,21,21,21,21,21,21,21,21,21
61932,0,1,20,20,20,20,20,20,20,20,20,20
61932,1,1,0,0,0,0,0,0,0,0,0,0
61933,1,1,2,2,2,2,2,2,2,2,2,2
61933,2,1,0,0,0,0,0,0,0,0,0,0
61933,3,1,0,0,0,0,0,0,0,0,0,0
61934,0,1,17,17,17,17,17,17,17,17,17,17
61934,1,1,0,0,0,0,0,0,0,0,0,0
61935,0,1,0,0,0,0,0,0,0,0,0,0
61935,1,1,0,0,0,0,0,0,0,0,0,0
61936,0,1,0,0,0,0,0,0,0,0,0,0
61936,1,1,0,0,0,0,0,0,0,0,0,0
61937,1,1,27,27,27,27,27,27,27,27,27,27
61938,0,1,0,0,0,0,0,0,0,0,0,0
61938,1,1,0,0,0,0,0,0,0,0,0,0
61939,1,1,0,0,0,0,0,0,0,0,0,0
61940,1,1,0,0,0,0,0,0,0,0,0,0
61940,2,1,0,0,0,0,0,0,0,0,0,0
61941,0,1,12,12,12,12,12,12,12,12,12,12
61941,1,1,0,13,0,0,11,13,0,0,0,0
61942,1,1,9,9,9,9,9,9,9,9,9,9
61943,1,1,0,0,0,0,0,0,0,0,0,0
61944,1,1,0,0,0,0,15,0,0,0,0,0
61944,2,1,0,0,0,0,0,0,0,0,0,1
61945,1,1,1,1,1,1,1,1,1,1,1,1
61946,1,1,14,14,14,14,14,14,14,14,14,14
61947,1,1,0,0,0,0,0,0,0,0,0,0
61948,1,1,0,0,0,0,0,0,0,0,0,0
61948,2,1,0,0,0,0,0,0,0,0,0,0
61949,1,1,19,19,19,19,19,19,19,19,19,19
61950,1,1,25,25,25,25,25,25,25,25,25,25
61950,2,1,0,0,0,0,0,0,0,0,0,0
61951,1,1,0,0,0,0,0,0,0,0,0,0
61952,1,1,0,0,0,0,0,0,0,0,0,0
61952,2,1,0,0,0,0,0,0,0,0,0,0
61953,1,1,0,0,0,0,0,0,0,0,0,0
61953,2,1,0,0,0,0,0,0,0,0,0,0
61954,1,1,31,31,31,31,31,31,31,31,31,31
61954,2,1,0,0,0,0,0,0,0,0,0,0
61955,1,1,0,0,0,0,0,0,0,0,0,0
61956,0,1,0,26,0,0,11,38,0,29,2,0
61956,1,1,0,0,0,0,0,22,0,0,0,0
61957,1,1,29,29,29,29,29,29,29,29,29,29
61958,1,1,16,16,16,16,16,16,16,16,16,16
61959,1,1,0,0,0,0,0,0,0,0,0,0
61959,2,1,0,0,0,0,0,0,0,0,0,0
61960,1,1,19,19,19,19,19,19,19,19,19,19
61961,1,1,0,0,0,0,0,0,0,0,0,0
61961,2,1,0,0,0,0,0,0,0,0,0,0
61962,1,1,0,0,0,0,0,0,0,0,0,0
61962,2,1,0,0,0,0,0,0,0,0,0,0
61963,1,1,12,12,12,12,12,12,12,12,12,12
61964,0,1,0,0,12,26,0,35,12,0,23,18
61964,1,1,0,0,0,0,0,0,0,0,10,0
61964,2,1,0,0,0,0,0,0,0,0,0,0
61965,1,1,2,18,0,14,0,16,24,0,23,0
61965,2,1,0,0,0,0,0,0,11,0,0,0
61966,1,1,0,18,8,4,0,21,43,10,22,14
61967,1,1,0,0,0,0,0,0,0,0,0,0
61968,1,1,0,0,0,0,0,0,0,0,0,0
61969,0,1,6,6,6,6,6,6,6,6,6,6
61969,1,1,0,0,0,0,0,0,0,0,0,0
61970,1,1,15,15,15,15,15,15,15,15,15,15
61970,2,1,15,12,37,9,0,0,0,0,0,13
61970,3,1,0,0,0,0,0,0,0,0,0,0
61971,0,1,0,0,0,0,0,0,0,0,0,0
61971,1,1,0,0,12,8,0,0,0,0,8,0
61971,2,1,9,18,12,21,0,0,5,0,0,0
61972,0,1,0,0,0,0,0,0,0,0,0,0
61972,1,1,0,0,0,0,0,0,0,0,0,0
61973,1,1,0,0,0,0,0,0,0,0,0,0
61973,2,1,0,0,3,0,0,0,0,0,0,0
61974,1,1,0,0,0,0,0,0,0,0,0,0
61975,1,1,0,0,0,0,0,0,0,0,0,0
61975,2,1,0,0,0,0,0,23,0,0,0,11
61976,0,1,0,0,0,0,0,0,0,0,20,0
61976,1,1,4,0,17,0,20,0,13,24,0,0
61978,1,1,0,0,0,0,0,0,0,0,0,0
61979,1,1,0,0,0,0,0,0,0,0,0,0
61980,1,1,16,16,16,16,16,16,16,16,16,16
61981,0,1,0,0,0,0,0,0,0,0,0,0
61981,1,1,0,0,0,0,0,0,0,10,0,0
61982,0,1,0,0,0,0,0,0,0,0,0,0
61982,1,1,0,0,0,0,0,0,0,0,0,0
61983,1,1,26,21,0,0,0,19,4,0,15,0
61984,1,1,32,32,32,32,32,32,32,32,32,32
61984,2,1,0,0,0,0,0,0,0,0,0,0
61985,1,1,0,0,0,0,0,0,0,0,0,0
61986,1,1,0,0,0,0,0,0,0,0,0,0
61986,2,1,0,0,0,0,0,0,0,0,0,0
61986,3,1,0,22,0,0,0,0,15,0,0,0
61987,0,1,52,13,0,19,0,32,18,20,30,0
61987,1,1,0,0,0,0,16,0,0,0,0,0
61988,1,1,3,3,3,3,3,3,3,3,3,3
61989,1,1,0,0,0,0,0,0,0,0,0,0
61990,0,1,42,10,0,0,0,16,19,16,0,23
61990,1,1,0,10,15,16,0,17,14,6,13,0
61991,1,1,0,0,0,0,0,0,0,0,0,0
61991,2,1,0,0,0,0,0,0,0,0,0,0
61992,0,1,0,0,0,0,0,0,0,0,0,0
61992,1,1,0,0,0,0,0,0,0,11,0,0
61993,1,1,41,20,19,0,16,7,0,15,21,8
61994,0,1,25,25,25,25,25,25,25,25,25,25
61994,1,1,0,0,0,0,14,0,0,0,0,0
61995,1,1,9,9,9,9,9,9,9,9,9,9
61995,2,1,0,0,0,0,0,0,0,0,0,0
61997,1,1,0,0,0,0,0,0,0,0,0,0
61997,2,1,0,0,0,0,0,0,0,0,0,0
61997,3,1,0,0,0,0,0,0,0,0,0,0
61998,1,1,5,5,5,5,5,5,5,5,5,5
61999,1,1,12,12,12,12,12,12,12,12,12,12
62000,1,1,3,3,3,3,3,3,3,3,3,3
62001,1,1,0,13,31,28,0,0,0,0,0,0
62001,2,1,0,0,0,0,0,0,0,18,0,0
62002,1,1,0,0,11,0,0,9,0,0,20,0
62002,2,1,0,0,0,0,0,0,0,0,0,0
62003,1,1,0,0,0,0,0,0,0,0,0,0
62003,2,1,0,16,0,0,10,0,0,10,0,0
62004,0,1,4,0,36,0,0,23,0,19,0,16
62004,1,1,29,0,7,0,0,0,0,0,0,0
62005,1,1,11,11,11,11,11,11,11,11,11,11
62006,1,1,0,0,0,27,31,0,0,0,13,16
62007,0,1,0,0,0,0,0,0,0,0,0,0
62007,1,1,0,0,0,0,0,0,0,0,0,0
62008,1,1,0,0,0,0,0,0,0,0,0,0
62009,1,1,5,5,5,5,5,5,5,5,5,5
62009,2,1,0,0,0,0,0,0,0,0,20,0
62010,1,1,0,0,0,0,0,0,0,0,0,0
62011,0,1,10,23,0,0,0,21,0,0,31,0
62011,1,1,0,0,0,0,0,0,0,0,0,24
62012,1,1,0,0,0,0,0,0,0,0,0,0
62013,1,1,0,0,0,0,0,0,0,0,0,0
62014,1,1,0,0,0,0,0,0,0,0,0,0
62015,1,1,0,0,0,0,0,0,0,0,0,0
62016,1,1,0,0,0,0,0,0,0,0,0,0
62017,1,1,28,28,28,28,28,28,28,28,28,28
62018,1,1,0,0,0,0,0,0,0,0,0,0
62018,2,1,0,0,0,0,0,0,0,0,0,0
62019,0,1,7,7,7,7,7,7,7,7,7,7
62019,1,1,0,0,0,0,0,0,0,0,0,0
62020,1,1,0,0,0,0,0,0,0,0,0,0
62021,1,1,4,4,4,4,4,4,4,4,4,4
62022,1,1,22,0,0,0,27,0,0,21,0,17
62023,0,1,15,15,15,15,15,15,15,15,15,15
62023,1,1,0,0,0,0,0,0,0,0,0,0
62024,0,1,0,0,0,0,0,0,0,0,0,0
62024,1,1,0,0,0,17,0,0,0,0,0,0
62025,1,1,0,0,0,0,0,0,0,0,0,0
62026,0,1,0,0,0,0,0,0,0,0,0,0
62026,1,1,15,0,0,0,0,0,0,0,0,0
62027,1,1,0,0,0,0,0,0,0,0,0,0
62027,2,1,0,0,0,0,0,0,0,0,0,0
62028,1,1,0,24,0,0,0,0,0,0,0,0
62029,1,1,0,0,0,0,0,0,0,0,0,0
62029,2,1,0,0,0,0,0,0,0,0,0,0
62029,3,1,0,0,0,0,18,0,0,0,0,0
62029,4,1,0,0,0,0,0,0,0,0,0,0
62029,5,1,26,0,0,0,0,0,0,0,0,0
62029,6,1,0,0,0,0,0,0,0,0,0,0
62030,0,1,0,0,0,0,0,0,0,0,0,0
62030,1,1,0,0,0,0,0,0,0,0,0,0
62031,1,1,0,0,0,0,0,0,0,0,0,0
62031,2,1,0,0,0,0,0,0,0,0,0,0
62032,1,1,0,9,0,6,0,0,14,19,33,0
62033,0,1,9,0,0,0,0,25,0,0,0,0
62033,1,1,0,0,0,0,0,0,0,0,14,0
62034,1,1,5,0,0,0,0,0,0,0,0,0
62035,1,1,0,0,0,0,0,0,0,0,0,0
62036,1,1,0,0,0,0,0,0,0,0,0,0
62036,2,1,0,0,0,0,0,0,0,0,0,0
62037,1,1,0,0,0,0,0,0,0,0,0,0
62038,1,1,20,20,20,20,20,20,20,20,20,20
62038,2,1,0,0,0,0,0,0,0,0,0,0
62039,1,1,0,0,0,0,0,0,0,0,0,0
62040,1,1,0,0,0,0,0,0,0,0,0,0
62041,1,1,18,18,18,18,18,18,18,18,18,18
62042,0,1,30,0,12,24,18,0,10,32,8,0
62042,1,1,0,0,0,0,0,0,0,0,0,0
62043,0,1,0,0,0,0,0,0,0,0,0,0
62043,1,1,0,0,0,0,0,0,0,0,0,0
62043,2,1,0,11,0,0,0,0,0,0,0,0
62044,0,1,0,0,0,0,0,0,0,0,0,0
62044,1,1,0,0,0,0,0,0,0,0,0,0
62045,1,1,0,0,0,0,0,0,0,0,0,0
62045,2,1,0,0,0,0,0,0,0,0,0,0
62046,1,1,10,10,10,10,10,10,10,10,10,10
62046,2,1,0,0,0,0,0,0,0,0,0,0
62047,1,1,0,0,0,0,0,0,0,0,0,0
62047,2,1,0,0,0,0,0,0,0,0,0,0
62048,0,1,0,0,0,0,0,0,0,0,0,0
62048,1,1,0,17,0,0,0,0,0,0,0,0
62049,0,1,5,5,5,5,5,5,5,5,5,5
62049,1,1,0,0,0,0,0,0,0,0,0,0
62050,1,1,4,4,4,4,4,4,4,4,4,4
62050,2,1,0,0,0,0,0,0,0,0,0,0
62051,1,1,0,0,0,0,0,0,0,0,0,0
62051,2,1,0,0,0,0,0,0,0,0,0,0
62052,1,1,12,12,12,12,12,12,12,12,12,12
62053,1,1,0,0,0,0,17,0,0,0,0,0
62054,1,1,0,0,0,0,0,0,0,0,0,0
62055,1,1,6,0,14,0,10,15,0,0,18,11
62056,1,1,30,0,0,0,26,0,18,0,0,0
62056,2,1,0,0,0,0,0,0,0,0,0,0
62057,1,1,9,9,9,9,9,9,9,9,9,9
62057,2,1,30,0,0,0,13,0,0,0,0,17
62058,1,1,22,22,22,22,22,22,22,22,22,22
62059,1,1,0,21,0,0,0,0,0,0,0,0
62060,1,1,20,20,20,20,20,20,20,20,20,20
62060,2,1,0,0,0,0,0,0,0,0,0,0
62061,1,1,21,21,21,21,21,21,21,21,21,21
62061,2,1,0,0,0,0,0,0,0,0,0,0
62062,1,1,31,31,31,31,31,31,31,31,31,31
62063,1,1,5,5,5,5,5,5,5,5,5,5
62063,2,1,0,0,22,0,0,0,0,0,0,0
62064,1,1,19,19,19,19,19,19,19,19,19,19
62065,1,1,0,0,0,0,0,0,0,0,0,0
62065,2,1,0,0,0,0,0,0,0,0,0,0
62066,0,1,0,12,0,0,0,0,0,0,14,0
62066,1,1,0,0,0,0,0,0,0,0,0,0
62067,0,1,0,0,0,0,0,0,0,0,0,0
62067,1,1,0,0,0,0,0,0,0,0,0,0
62067,2,1,0,0,0,0,10,17,0,14,17,0