ST_CASE,VEH_NO,PER_NO,P1,P2,P3,P4,P5,P6,P7,P8,P9,P10
62068,1,1,14,14,14,14,14,14,14,14,14,14
62069,0,1,0,0,0,0,0,0,0,0,0,0
62069,1,1,12,16,7,8,19,11,20,6,5,4
62070,1,1,0,0,0,0,0,0,0,0,0,0
62070,2,1,0,0,0,0,0,0,0,0,0,0
62071,1,1,25,25,25,25,25,25,25,25,25,25
62072,0,1,0,0,0,0,0,0,0,0,0,0
62072,1,1,0,0,0,0,0,0,0,0,0,0
62072,2,1,0,0,0,14,0,0,0,0,0,0
62073,0,1,22,22,22,22,22,22,22,22,22,22
62073,1,1,0,0,0,0,0,0,0,0,0,11
62074,0,1,0,0,0,0,0,0,0,0,0,0
62074,0,2,0,0,0,23,0,0,0,0,0,0
62074,1,1,0,0,0,0,0,0,0,0,0,0
62075,1,1,0,0,0,0,0,0,0,0,0,0
62075,2,1,0,0,0,0,0,0,0,0,0,0
62076,1,1,0,0,0,0,0,0,0,0,0,0
62077,1,1,0,0,0,0,0,0,0,0,0,0
62078,1,1,0,0,0,0,0,0,0,0,0,0
62079,1,1,0,0,0,0,0,0,0,0,0,0
62079,2,1,0,0,0,0,0,0,0,0,0,0
62079,3,1,0,0,0,0,18,0,0,0,0,0
62079,4,1,0,0,0,0,0,0,0,0,0,0
62080,1,1,17,15,21,12,21,13,6,31,17,6
62081,1,1,0,0,0,0,0,0,0,0,0,0
62081,2,1,0,0,0,0,0,0,0,0,0,0
62082,1,1,0,0,0,0,0,0,0,0,0,0
62082,2,1,0,0,0,0,0,0,0,0,0,0
62083,0,1,0,0,0,0,0,26,21,0,0,0
62083,1,1,0,0,0,17,0,0,0,0,0,0
62084,1,1,0,0,0,0,0,0,0,0,0,0
62084,2,1,0,0,0,0,0,0,0,0,0,0
62085,0,1,0,0,0,0,0,0,0,0,0,0
62085,1,1,0,0,0,0,4,0,0,0,0,11
62086,1,1,6,6,6,6,6,6,6,6,6,6
62086,2,1,30,26,0,0,0,0,0,0,0,0
62086,3,1,0,29,0,18,0,22,21,2,0,0
62087,1,1,0,0,0,0,0,0,0,0,0,0
62088,1,1,0,0,0,0,0,0,0,0,0,0
62088,2,1,0,0,0,0,0,0,0,0,0,0
62089,1,1,0,0,0,0,0,0,0,0,0,0
62090,1,1,0,0,0,0,11,13,0,0,0,0
62090,2,1,25,0,32,0,11,0,28,0,0,0
62091,1,1,0,0,0,0,0,0,0,0,0,0
62092,0,1,13,0,12,14,31,0,20,19,19,10
62092,1,1,0,0,6,17,4,12,0,9,3,8
62092,2,1,0,0,0,0,0,0,0,0,0,0
62093,1,1,24,24,24,24,24,24,24,24,24,24
62094,0,1,14,14,14,14,14,14,14,14,14,14
62094,1,1,0,0,0,0,0,0,0,0,0,0
62095,1,1,0,0,0,0,0,0,0,0,0,0
62096,1,1,31,31,31,31,31,31,31,31,31,31
62097,1,1,31,31,31,31,31,31,31,31,31,31
62097,2,1,0,0,0,0,0,0,0,0,0,0
62098,1,1,0,0,0,0,0,0,0,0,0,0
62099,1,1,0,0,0,0,0,0,0,0,0,0
62099,2,1,0,0,0,0,0,0,0,0,0,0
62100,1,1,0,0,0,0,0,0,0,0,0,0
62100,2,1,0,0,0,0,0,0,0,0,0,0
62101,0,1,0,0,0,0,0,0,0,0,0,0
62101,1,1,0,0,0,0,0,0,0,0,0,0
62102,1,1,0,0,0,0,0,0,0,0,0,0
62103,1,1,0,0,0,0,0,0,0,0,0,0
62103,2,1,0,0,0,0,0,0,0,0,0,0
62104,1,1,0,0,0,0,0,0,0,0,0,0
62105,0,1,29,21,20,9,39,11,5,9,14,13
62105,1,1,3,3,3,3,3,3,3,3,3,3
62106,0,1,0,0,0,0,0,0,0,0,0,0
62106,1,1,21,7,24,20,10,19,17,16,20,22
62107,1,1,0,0,0,0,7,46,0,16,0,27
62108,1,1,0,0,0,0,0,0,0,0,7,0
62108,2,1,20,0,0,0,0,0,0,0,0,11
62109,1,1,11,11,11,11,11,11,11,11,11,11
62109,2,1,0,0,0,0,0,0,0,0,0,0
62109,3,1,0,0,0,0,0,0,0,0,0,0
62110,1,1,17,17,17,17,17,17,17,17,17,17
62111,1,1,10,6,0,22,0,15,0,7,15,0
62111,2,1,0,0,0,0,0,0,0,0,0,0
62112,1,1,17,17,17,17,17,17,17,17,17,17
62112,2,1,0,0,0,0,0,0,0,0,0,0
62112,3,1,0,0,0,0,0,0,0,0,0,0
62112,4,1,0,0,0,28,0,0,0,0,0,0
62112,5,1,0,0,0,0,0,0,0,21,0,0
62113,0,1,0,0,0,0,0,0,0,0,0,0
62113,1,1,0,0,0,0,0,0,0,0,0,0
62114,1,1,0,0,0,0,0,0,0,0,0,0
62114,2,1,0,0,0,0,0,0,0,0,0,0
62114,3,1,13,0,0,0,0,0,0,0,0,0
62115,1,1,0,0,0,31,9,0,0,0,0,0
62116,1,1,0,0,0,0,0,0,0,0,0,0
62116,2,1,0,0,0,8,0,0,0,0,0,0
62117,1,1,27,27,27,27,27,27,27,27,27,27
62118,1,1,0,0,0,0,0,0,0,0,0,0
62119,1,1,0,0,0,0,0,0,0,0,0,0
62120,1,1,24,24,24,24,24,24,24,24,24,24
62121,1,1,0,0,0,0,0,0,17,0,0,0
62121,2,1,0,0,0,0,0,0,0,0,0,0
62121,3,1,0,0,0,0,0,0,0,0,0,0
62122,1,1,23,23,23,23,23,23,23,23,23,23
62123,1,1,19,19,19,19,19,19,19,19,19,19
62124,1,1,0,0,0,0,0,0,0,0,0,0
62124,2,1,0,0,0,0,0,0,0,0,0,0
62125,1,1,0,0,0,0,0,0,0,0,0,0
62125,2,1,0,0,0,0,0,0,0,0,0,0
62126,1,1,0,0,0,0,0,0,0,0,0,0
62126,2,1,5,30,0,0,0,0,0,0,0,0
62127,1,1,0,0,0,0,0,14,0,0,0,0
62127,2,1,0,0,0,0,0,0,0,0,0,0
62128,1,1,19,19,19,19,19,19,19,19,19,19
62128,2,1,0,0,0,0,0,0,0,0,0,0
62128,3,1,0,0,0,0,0,0,0,0,0,0
62128,4,1,0,0,0,0,14,0,0,0,0,0
62129,1,1,0,0,0,0,0,0,0,0,0,0
62130,1,1,9,9,9,9,9,9,9,9,9,9
62131,0,1,36,36,36,36,36,36,36,36,36,36
62131,1,1,17,0,0,14,15,0,11,27,21,0
62132,1,1,0,0,0,0,0,0,0,0,0,0
62133,1,1,0,0,0,0,0,0,0,0,0,0
62134,1,1,0,0,0,0,0,0,0,0,0,0
62134,2,1,0,0,0,0,0,17,0,0,0,0
62135,0,1,35,35,35,35,35,35,35,35,35,35
62135,1,1,0,0,21,26,0,24,0,0,0,0
62136,1,1,0,0,0,0,0,0,0,0,0,0
62136,2,1,0,0,0,0,0,0,0,0,0,0
62137,1,1,11,11,11,11,11,11,11,11,11,11
62137,2,1,0,0,0,0,0,0,0,0,0,0
62138,0,1,18,18,18,18,18,18,18,18,18,18
62138,0,2,0,0,0,0,0,0,0,0,0,0
62138,3,1,0,0,0,0,0,0,0,0,0,0
62138,4,1,0,0,0,0,0,0,0,0,0,0
62139,1,1,0,0,0,0,0,0,0,0,0,0
62139,2,1,0,0,11,0,20,0,0,15,0,18
62139,3,1,0,0,0,0,0,0,0,0,0,0
62139,4,1,0,0,0,0,0,0,0,0,0,0
62140,1,1,0,0,0,0,0,0,0,0,0,0
62140,2,1,0,0,0,0,0,0,0,0,0,0
62140,3,1,0,0,0,0,0,0,0,22,0,19
62140,4,1,0,0,0,0,0,6,0,0,0,0
62140,5,1,0,0,0,0,0,0,14,0,0,0
62141,1,1,0,0,0,0,0,0,0,0,0,0
62142,1,1,14,31,0,12,0,0,6,0,0,16
62143,1,1,20,20,20,20,20,20,20,20,20,20
62144,1,1,0,0,0,0,0,0,0,0,0,0
62144,2,1,0,0,5,0,0,0,0,0,0,0
62145,1,1,0,0,18,0,8,0,0,0,0,0
62145,2,1,0,0,0,0,0,0,0,0,0,0
62146,1,1,13,13,13,13,13,13,13,13,13,13
62146,2,1,10,0,11,0,0,10,0,0,0,21
62146,3,1,0,0,0,0,0,0,0,0,0,0
62147,1,1,22,22,22,22,22,22,22,22,22,22
62148,1,1,28,0,34,10,32,0,14,7,21,20
62149,1,1,15,21,4,24,0,31,20,22,12,5
62150,1,1,0,0,0,0,16,0,0,0,0,0
62150,2,1,0,0,0,0,0,0,0,0,0,0
62151,1,1,19,19,19,19,19,19,19,19,19,19
62152,1,1,0,0,0,0,0,0,0,0,0,0
62152,2,1,0,0,0,0,0,0,0,0,0,0
62153,1,1,0,0,0,0,0,0,0,0,0,0
62153,2,1,5,23,6,14,12,18,5,32,30,8
62154,0,1,0,0,0,0,0,0,0,0,0,0
62154,1,1,0,0,0,0,0,0,0,0,0,0
62155,1,1,17,17,17,17,17,17,17,17,17,17
62156,1,1,0,0,0,0,0,0,0,0,0,0
62157,1,1,25,25,25,25,25,25,25,25,25,25
62157,2,1,0,0,0,0,0,0,0,0,0,0
62158,0,1,0,0,0,0,0,0,0,0,0,0
62158,1,1,0,0,0,0,0,11,0,0,0,0
62159,1,1,0,0,0,0,0,0,0,0,0,0
62159,2,1,0,0,0,0,0,0,0,0,0,0
62160,1,1,0,0,0,0,0,0,0,0,0,0
62161,1,1,0,0,0,0,0,0,0,0,0,0
62162,1,1,14,14,14,14,14,14,14,14,14,14
62163,0,1,15,15,15,15,15,15,15,15,15,15
62163,1,1,0,0,0,0,0,0,0,0,0,0
62164,1,1,0,0,0,0,0,0,0,0,0,0
62165,1,1,0,0,0,0,0,0,0,0,0,0
62165,2,1,0,0,0,0,0,0,0,0,0,0
62166,0,1,0,37,18,0,31,0,0,0,0,0
62166,1,1,14,0,4,0,0,0,0,0,22,0
62167,0,1,0,0,0,0,0,0,0,0,0,0
62167,1,1,0,0,0,0,0,0,0,0,0,0
62167,2,1,0,0,0,0,0,0,0,0,0,0
62168,1,1,0,0,0,0,0,0,0,0,0,0
62168,2,1,0,0,0,0,0,0,0,0,0,0
62169,1,1,3,3,3,3,3,3,3,3,3,3
62170,0,1,1,1,1,1,1,1,1,1,1,1
62170,1,1,0,0,0,0,0,0,0,0,0,0
62171,1,1,25,25,25,25,25,25,25,25,25,25
62172,1,1,0,10,0,0,0,0,6,0,0,5
62172,2,1,0,0,0,0,0,0,0,0,0,0
62173,0,1,9,9,9,9,9,9,9,9,9,9
62173,1,1,0,0,10,0,12,0,0,19,0,0
62174,0,1,0,0,0,0,0,0,0,0,0,0
62174,1,1,9,13,8,4,0,11,4,7,19,8
62175,1,1,0,8,0,0,0,15,0,8,0,0
62176,0,1,0,0,0,0,0,0,0,0,0,0
62176,1,1,13,29,10,12,10,13,11,13,0,0
62177,1,1,0,0,0,0,0,0,0,0,0,0
62177,2,1,0,0,0,0,0,0,0,0,0,0
62178,0,1,0,0,0,0,0,0,0,0,0,0
62178,1,1,0,0,0,0,0,0,17,0,0,0
62179,0,1,0,0,0,0,0,0,0,0,0,0
62179,1,1,0,0,0,0,0,0,0,0,0,0
62180,1,1,0,0,0,0,0,0,0,0,0,0
62180,2,1,0,0,0,0,0,0,0,0,0,0
62181,0,1,0,0,0,0,26,0,0,0,0,0
62181,1,1,0,0,0,0,0,0,0,0,0,0
62182,0,1,0,0,0,0,0,0,0,0,0,0
62182,1,1,0,0,0,0,0,0,0,0,0,0
62183,1,1,0,0,0,0,0,0,0,0,0,0
62183,2,1,0,0,0,0,0,0,0,0,0,0
62184,1,1,0,0,0,0,0,0,0,0,0,0
62184,2,1,0,0,0,0,0,0,0,0,0,0
62185,0,1,20,20,20,20,20,20,20,20,20,20
62185,1,1,0,0,0,0,0,0,19,0,0,0
62186,1,1,27,27,27,27,27,27,27,27,27,27
62187,1,1,19,19,19,19,19,19,19,19,19,19
62187,2,1,0,0,0,0,0,0,0,0,0,0
62187,3,1,0,0,0,0,0,0,0,0,0,0
62188,1,1,0,0,0,0,0,0,0,0,0,0
62189,1,1,19,19,19,19,19,19,19,19,19,19
62189,2,1,0,0,0,0,0,0,0,12,0,0
62190,1,1,0,0,0,0,10,0,0,0,0,0
62190,2,1,0,0,0,0,0,0,0,0,0,0
62190,3,1,0,0,0,0,0,0,0,0,0,0
62191,1,1,35,35,35,35,35,35,35,35,35,35
62192,1,1,0,0,0,0,0,0,0,0,0,0
62192,2,1,0,0,0,0,0,0,0,0,0,0
62193,1,1,4,4,4,4,4,4,4,4,4,4
62193,2,1,0,0,0,0,0,0,0,0,0,0
62194,1,1,0,0,0,0,0,0,0,0,0,0
62194,2,1,23,0,0,0,0,0,12,0,0,0
62195,0,1,0,0,0,0,0,0,0,0,0,0
62195,1,1,0,0,0,0,0,0,0,0,0,0
62196,1,1,0,0,0,0,0,0,0,0,0,0
62196,2,1,0,0,0,0,13,0,0,0,0,0
62197,0,1,0,0,0,0,0,0,0,0,0,0
62197,1,1,24,24,24,24,24,24,24,24,24,24
62198,0,1,0,0,0,0,0,0,0,0,0,0
62198,1,1,0,0,0,0,0,0,0,0,0,0
62199,1,1,10,10,10,10,10,10,10,10,10,10
62199,2,1,0,0,0,0,0,0,0,0,0,0
62199,3,1,0,0,0,0,12,0,0,17,10,0
62200,0,1,0,0,0,0,0,0,0,0,0,0
62200,1,1,0,0,7,0,0,0,23,7,0,0
62201,1,1,0,0,0,0,0,0,0,0,0,0
62201,2,1,0,6,0,0,0,0,0,0,0,0
62202,0,1,0,0,0,0,0,0,0,0,0,0
62202,1,1,0,16,23,0,7,10,23,0,18,0
62203,0,1,26,26,26,26,26,26,26,26,26,26
62203,1,1,0,0,0,0,0,0,0,17,0,0
62204,0,1,0,0,0,0,0,0,0,0,0,0
62204,1,1,0,0,0,0,0,0,0,0,0,0
62205,0,1,25,21,0,16,32,0,15,0,0,0
62205,1,1,0,0,0,0,0,0,0,0,0,0
62206,1,1,0,0,0,0,0,0,0,0,0,0
62206,2,1,0,0,0,0,0,0,0,0,0,0
62207,0,1,0,0,0,0,0,0,0,0,0,0
62207,1,1,0,0,0,0,0,0,0,0,0,0
62208,1,1,10,10,21,24,0,19,16,4,13,0
62208,2,1,0,0,0,0,0,0,0,0,0,0
62209,1,1,19,33,14,20,4,9,4,14,10,28
62210,1,1,0,0,0,0,0,0,0,0,0,0
62211,0,1,0,0,0,0,0,0,0,0,0,0
62211,1,1,0,0,0,0,0,0,0,0,0,0
62212,1,1,12,12,12,12,12,12,12,12,12,12
62213,1,1,17,17,17,17,17,17,17,17,17,17
62213,2,1,0,0,0,0,0,0,6,0,0,0
62214,1,1,6,6,6,6,6,6,6,6,6,6
62215,0,1,0,0,0,0,0,0,0,0,0,0
62215,1,1,0,0,0,0,0,0,0,0,0,0
62216,1,1,0,0,0,0,0,0,0,0,0,0
62216,2,1,0,0,0,0,0,0,0,0,0,0
62217,1,1,0,0,0,0,0,0,0,0,0,0
62218,1,1,12,12,12,12,12,12,12,12,12,12
62219,1,1,0,0,0,0,0,0,0,0,0,0
62219,2,1,0,0,0,0,0,0,0,0,0,0
62220,1,1,0,0,15,14,0,0,8,0,0,16
62221,1,1,21,21,21,21,21,21,21,21,21,21
62222,0,1,0,0,0,0,0,0,0,0,0,0
62222,1,1,0,0,0,0,15,0,0,0,0,0
62223,1,1,20,20,20,20,20,20,20,20,20,20
62224,1,1,18,19,27,21,21,18,10,39,7,2
62225,1,1,0,0,0,0,0,0,0,0,0,0
62225,2,1,0,0,0,0,0,0,0,0,0,0
62225,3,1,0,0,0,0,0,0,0,0,0,0
62226,1,1,11,11,11,11,11,11,11,11,11,11
62227,0,1,0,18,17,12,28,18,33,0,0,0
62227,1,1,0,0,0,0,0,0,0,0,0,0
62228,1,1,18,18,18,18,18,18,18,18,18,18
62229,1,1,17,17,17,17,17,17,17,17,17,17
62230,1,1,0,0,0,0,0,0,0,0,0,0
62230,2,1,0,0,0,0,0,0,0,0,0,0
62231,1,1,0,0,0,0,0,0,0,0,0,23
62232,1,1,15,15,15,15,15,15,15,15,15,15
62233,1,1,0,0,0,0,0,0,0,0,0,0
62233,2,1,0,0,25,0,0,0,0,0,0,0
62234,1,1,0,0,0,0,0,0,0,0,0,0
62234,2,1,0,15,0,0,0,11,0,0,0,0
62234,3,1,0,0,0,0,0,0,0,0,0,0
62234,4,1,0,0,0,0,0,0,0,0,0,0
62235,1,1,20,20,20,20,20,20,20,20,20,20
62235,2,1,0,0,0,0,0,0,0,0,0,0
62236,1,1,0,0,0,0,0,0,0,0,0,0
62236,2,1,0,0,0,0,0,0,0,0,0,0
62237,1,1,0,12,6,8,11,0,0,0,4,0
62237,2,1,18,0,0,0,0,0,0,0,0,0
62238,1,1,11,11,11,11,11,11,11,11,11,11
62239,1,1,0,0,0,0,0,0,0,0,0,0
62240,0,1,0,0,0,0,0,0,0,0,0,0
62240,1,1,0,0,0,0,0,0,0,0,0,0
62240,2,1,0,0,0,0,0,0,0,0,0,0
62241,1,1,9,9,9,9,9,9,9,9,9,9
62242,1,1,0,0,0,0,0,0,0,0,0,0
62243,1,1,0,0,0,0,0,0,0,0,0,0
62243,2,1,0,0,0,0,0,0,0,0,0,0
62244,0,1,30,30,30,30,30,30,30,30,30,30
62244,1,1,0,0,0,0,0,0,0,11,0,0
62245,0,1,0,0,0,0,0,0,0,0,0,0
62245,1,1,0,0,0,0,0,0,0,0,0,0
62246,1,1,0,0,0,0,0,0,0,0,0,0
62246,2,1,0,0,0,0,0,0,0,0,0,0
62246,3,1,0,0,0,0,0,0,0,0,0,0
62246,4,1,0,0,0,0,0,0,0,0,0,0
62246,5,1,0,0,0,0,0,0,0,0,0,0
62246,6,1,0,0,0,0,0,0,0,0,0,0
62247,1,1,0,8,0,0,0,0,0,0,0,0
62247,2,1,0,0,0,0,0,0,0,0,0,0
62248,1,1,0,0,0,0,0,0,0,0,0,0
62248,2,1,20,20,20,20,20,20,20,20,20,20
62249,0,1,0,0,0,0,0,0,0,0,0,0
62249,0,2,0,30,13,7,0,0,15,28,6,0
62249,1,1,0,0,0,0,0,0,0,0,0,0
62250,1,1,0,44,0,0,0,0,0,15,0,0
62250,2,1,0,0,0,0,0,0,0,0,0,0
62251,1,1,0,0,0,0,0,0,0,0,0,0
62251,2,1,0,0,0,0,0,0,0,0,0,0
62251,3,1,0,0,12,0,0,0,0,0,0,0
62251,4,1,0,0,0,0,0,0,15,0,0,0
62252,1,1,0,0,0,0,0,0,0,0,0,0
62252,2,1,0,0,0,0,0,0,0,0,0,0
62253,1,1,0,0,0,0,0,0,0,0,0,0
62253,2,1,0,0,0,0,0,0,0,0,0,0
62254,0,1,0,0,0,0,0,0,0,0,0,0
62254,1,1,0,0,0,0,0,0,0,0,0,0
62255,0,1,0,0,0,0,0,0,0,0,0,0
62255,1,1,0,0,0,0,0,0,0,0,0,0
62256,1,1,22,22,22,22,22,22,22,22,22,22
62257,1,1,0,0,0,0,0,10,0,0,0,0
62257,2,1,0,0,0,0,0,0,0,0,0,0
62258,1,1,0,0,0,0,0,0,0,0,0,0
62258,2,1,0,0,0,0,0,0,0,0,0,0
62259,1,1,26,26,26,26,26,26,26,26,26,26
62259,2,1,22,21,16,11,0,12,0,0,0,14
62260,0,1,0,0,0,0,0,0,0,0,0,0
62260,1,1,0,0,0,16,0,0,0,0,0,0
62260,2,1,0,0,14,0,0,0,0,0,24,0
62260,3,1,0,14,0,0,0,0,0,7,0,0
62261,1,1,21,21,21,21,21,21,21,21,21,21
62262,1,1,37,27,15,14,19,25,20,10,27,0
62263,0,1,0,0,0,0,0,0,0,0,0,0
62263,1,1,22,0,11,0,0,0,13,41,9,27
62264,1,1,28,28,28,28,28,28,28,28,28,28
62264,2,1,0,0,0,0,0,0,0,0,0,0
62265,1,1,9,9,9,9,9,9,9,9,9,9
62265,2,1,0,0,0,0,0,0,0,0,0,0
62266,1,1,33,33,33,33,33,33,33,33,33,33
62266,2,1,0,0,0,0,0,0,0,0,0,0
62267,1,1,0,0,0,0,0,0,0,0,0,0
62267,2,1,1,1,1,1,1,1,1,1,1,1
62268,1,1,0,0,0,0,0,0,0,0,0,0
62268,2,1,0,0,0,0,0,0,0,0,0,0
62269,0,1,0,0,0,0,0,0,0,0,0,0
62269,1,1,0,0,0,0,0,0,0,0,0,0
62270,0,1,11,23,0,5,9,29,7,4,12,33
62270,1,1,5,0,0,0,0,0,0,0,0,0
62271,0,1,0,0,0,0,0,0,0,0,0,0
62271,1,1,0,0,0,0,0,0,0,0,0,0
62271,2,1,0,0,0,0,0,0,0,0,0,0
62272,1,1,0,0,11,0,0,0,30,17,0,0
62272,2,1,0,0,0,0,0,0,0,0,0,0
62273,0,1,0,0,0,0,0,0,0,0,0,0
62273,1,1,0,0,0,0,0,0,0,0,0,0
62274,1,1,0,0,0,0,0,0,0,0,0,0
62274,2,1,0,0,0,0,0,0,0,0,0,0
62274,3,1,0,0,0,0,0,0,0,0,0,0
62275,1,1,0,0,0,0,0,0,0,0,0,0
62275,2,1,0,0,0,0,0,0,18,0,0,0
62275,3,1,0,0,0,0,0,0,0,0,0,0
62276,1,1,0,0,0,0,0,0,0,0,0,0
62277,1,1,7,7,7,7,7,7,7,7,7,7
62277,2,1,0,0,0,0,0,0,0,0,0,0
62278,0,1,1,1,1,1,1,1,1,1,1,1
62278,1,1,0,0,0,0,0,0,0,0,0,0
62279,1,1,0,0,0,0,17,0,0,0,12,5
62280,1,1,34,34,34,34,34,34,34,34,34,34
62281,0,1,0,0,0,0,27,0,11,13,0,11
62281,1,1,7,7,7,7,7,7,7,7,7,7
62282,1,1,2,2,2,2,2,2,2,2,2,2
62282,2,1,0,0,0,0,0,0,0,0,0,0
62283,0,1,0,0,0,0,0,0,0,0,0,0
62283,1,1,0,0,0,0,12,0,4,0,0,0
62284,1,1,2,2,2,2,2,2,2,2,2,2
62284,2,1,0,0,0,0,0,0,0,0,0,0
62285,0,1,43,43,43,43,43,43,43,43,43,43
62285,1,1,0,0,0,0,0,0,0,0,0,0
62286,1,1,0,0,0,0,0,0,0,0,0,0
62286,2,1,0,0,0,0,0,0,0,0,0,0
62287,1,1,0,0,19,38,0,0,0,0,33,0
62287,2,1,0,0,0,0,0,0,0,0,0,0
62288,1,1,0,0,0,0,0,0,0,0,0,0
62289,0,1,0,0,0,0,0,0,0,0,0,0
62289,1,1,0,0,0,0,0,0,0,0,0,0
62290,1,1,0,0,0,0,0,0,0,0,0,0
62290,2,1,0,0,0,0,0,0,0,0,0,0
62291,0,1,0,0,0,0,0,0,0,0,0,0
62291,1,1,0,0,0,0,0,0,0,0,0,0
62292,0,1,0,0,0,0,0,0,0,0,0,0
62292,1,1,0,0,0,0,15,0,0,0,0,0
62293,1,1,14,23,23,7,19,14,23,16,26,27
62294,1,1,0,0,0,0,0,0,0,0,0,0
62295,0,1,0,0,0,0,0,0,0,0,0,0
62295,1,1,0,0,0,0,0,14,0,0,0,0
62295,2,1,0,0,0,0,0,0,0,0,0,0
62296,1,1,36,36,36,36,36,36,36,36,36,36
62297,1,1,0,0,0,0,0,0,0,0,0,0
62297,2,1,0,0,0,0,0,0,0,0,0,0
62298,1,1,0,0,0,0,0,0,0,0,0,0
62299,1,1,0,0,0,0,0,0,0,0,0,0
62299,2,1,0,0,0,0,0,0,0,0,0,0
62300,1,1,19,19,19,19,19,19,19,19,19,19
62300,2,1,8,8,8,8,8,8,8,8,8,8
62300,3,1,19,0,0,0,0,0,0,0,0,0
62300,4,1,0,0,0,0,0,0,0,0,0,0
62300,5,1,0,0,0,18,0,0,0,0,0,0
62300,6,1,0,0,0,0,0,0,0,0,0,0
62300,7,1,0,18,0,0,0,0,0,0,0,0
62301,1,1,0,0,0,0,0,0,0,0,0,0
62301,2,1,0,0,0,0,21,0,0,0,0,0
62302,1,1,6,6,6,6,6,6,6,6,6,6
62303,0,1,0,0,0,0,0,0,0,0,13,0
62303,1,1,8,0,27,30,9,0,16,10,0,11
62304,1,1,20,20,20,20,20,20,20,20,20,20
62305,0,1,21,21,21,21,21,21,21,21,21,21
62305,1,1,0,0,0,0,0,0,0,0,0,0
62306,0,1,0,0,0,0,0,0,0,0,8,0
62306,1,1,0,0,0,0,0,0,0,0,0,0
62307,1,1,0,21,5,25,41,0,0,0,14,22
62307,2,1,0,0,0,0,0,0,0,0,0,0
62307,3,1,0,0,0,0,0,0,0,0,0,0
62307,4,1,0,0,0,0,0,0,0,0,0,0
62307,5,1,0,0,0,0,0,0,0,0,0,0
62308,0,1,0,0,0,0,0,0,0,0,0,0
62308,1,1,0,0,0,0,0,0,0,0,0,0
62309,1,1,0,0,0,0,0,0,0,0,0,0
62310,1,1,4,4,4,4,4,4,4,4,4,4
62310,2,1,0,0,0,0,0,0,0,0,0,0
62311,0,1,0,0,25,0,0,4,0,9,0,5
62311,1,1,0,0,0,0,0,0,0,0,0,0
62312,1,1,0,0,0,0,0,0,0,0,0,0
62313,1,1,20,20,20,20,20,20,20,20,20,20
62313,2,1,0,0,0,0,0,0,0,0,0,0
62314,0,1,0,0,0,0,0,0,0,0,0,0
62314,1,1,0,0,0,0,0,0,0,0,15,0
62315,1,1,0,0,0,0,0,0,0,0,0,0
62316,0,1,0,0,0,0,0,0,0,0,0,0
62316,1,1,9,11,16,14,15,0,9,8,0,0
62317,1,1,0,17,0,0,0,0,0,17,0,25
62318,1,1,0,0,0,11,0,0,0,0,0,6
62318,2,1,0,0,0,0,16,0,0,0,0,0
62318,3,1,0,0,0,0,0,0,0,0,0,0
62319,1,1,20,0,0,0,3,0,13,0,8,18
62319,2,1,0,0,0,0,0,0,0,0,0,0
62320,1,1,18,18,18,18,18,18,18,18,18,18
62321,1,1,0,0,0,0,0,0,0,0,0,0
62321,2,1,0,0,0,0,0,0,0,0,0,0
62321,3,1,0,0,6,0,15,0,0,0,0,0
62322,1,1,0,23,0,0,0,0,0,0,0,0
62322,2,1,0,0,0,0,0,0,0,0,0,0
62323,1,1,0,0,0,0,0,0,0,0,0,0
62323,2,1,0,0,0,0,0,0,0,0,0,0
62324,1,1,11,11,11,11,11,11,11,11,11,11
62324,2,1,10,33,0,0,0,0,17,0,0,0
62324,3,1,0,0,0,0,0,0,0,0,0,0
62324,4,1,0,0,0,0,0,0,0,0,0,0
62325,1,1,27,27,27,27,27,27,27,27,27,27
62326,1,1,0,0,0,0,0,0,0,0,0,0
62327,1,1,3,3,3,3,3,3,3,3,3,3
62328,1,1,0,0,0,0,0,0,0,0,0,0
62328,2,1,0,0,0,0,0,0,0,0,9,0
62328,3,1,0,0,0,0,0,0,0,0,0,0
62329,1,1,0,0,0,0,0,0,0,0,0,0
62330,1,1,24,24,24,24,24,24,24,24,24,24
62331,1,1,0,0,0,0,0,0,0,0,0,0
62332,1,1,27,27,27,27,27,27,27,27,27,27
62333,1,1,0,0,0,0,0,0,0,0,0,0
62334,1,1,9,9,9,9,9,9,9,9,9,9
62335,1,1,0,0,0,0,0,0,0,0,0,0
62336,1,1,0,0,0,0,0,0,0,0,0,0
62336,2,1,0,0,0,0,0,0,0,0,0,0
62337,1,1,0,0,0,0,0,0,0,0,0,0
62337,2,1,0,0,0,0,0,0,0,0,29,0
62337,3,1,0,0,0,0,16,0,0,0,0,0
62338,1,1,0,0,0,0,0,0,0,0,0,0
62339,1,1,28,28,28,28,28,28,28,28,28,28
62340,1,1,10,0,14,12,3,24,20,10,0,9
62340,2,1,0,0,0,0,0,0,0,0,0,0
62341,0,1,0,0,0,0,0,0,0,0,0,0
62341,1,1,0,0,0,0,0,0,7,0,0,0
62342,0,1,0,0,0,0,0,0,0,0,0,0
62342,1,1,0,0,0,0,0,0,0,0,0,43
62342,2,1,0,0,0,0,0,0,0,0,0,0