ST_CASE,VEH_NO,PER_NO,P1,P2,P3,P4,P5,P6,P7,P8,P9,P10
62343,1,1,0,0,0,9,6,23,0,0,14,0
62343,2,1,0,0,0,0,0,0,5,0,0,0
62343,3,1,0,0,0,0,0,0,0,0,0,0
62344,0,1,9,0,17,11,0,0,12,0,24,19
62344,1,1,0,0,26,26,21,15,30,14,0,10
62345,1,1,13,13,13,13,13,13,13,13,13,13
62346,1,1,0,0,0,0,0,0,0,0,0,0
62346,2,1,0,0,0,0,0,0,0,0,0,0
62347,1,1,0,0,0,0,0,0,0,0,0,0
62347,2,1,0,0,0,13,0,0,0,13,3,17
62348,0,1,0,0,0,0,0,0,0,0,0,0
62348,1,1,10,0,15,16,0,0,0,0,0,0
62349,1,1,0,0,0,0,0,0,0,0,0,0
62349,2,1,0,0,0,0,0,0,0,0,0,0
62350,1,1,0,0,0,0,0,0,0,0,0,0
62350,2,1,0,0,0,0,0,0,0,0,0,0
62351,0,1,0,0,0,0,0,0,0,0,0,0
62351,1,1,0,0,0,0,0,0,0,0,0,0
62352,0,1,12,12,12,12,12,12,12,12,12,12
62352,1,1,10,10,10,10,10,10,10,10,10,10
62354,0,1,0,0,0,0,0,0,0,0,0,0
62354,1,1,0,0,0,0,0,0,0,0,0,0
62355,1,1,0,20,2,15,0,20,20,11,16,8
62355,2,1,0,0,0,0,0,0,0,0,0,0
62355,3,1,14,0,0,0,19,0,0,0,0,0
62356,0,1,22,22,22,22,22,22,22,22,22,22
62356,1,1,0,0,0,0,0,0,0,0,0,0
62357,1,1,0,0,0,0,0,0,0,0,0,0
62358,1,1,0,0,12,0,11,0,0,0,0,23
62359,1,1,0,0,0,0,0,0,0,0,0,0
62360,1,1,0,0,0,0,0,0,0,0,0,0
62361,1,1,0,0,0,0,0,0,0,0,0,18
62362,0,1,25,25,25,25,25,25,25,25,25,25
62362,1,1,17,0,0,0,0,0,0,0,0,0
62362,2,1,0,0,0,0,0,0,0,0,0,0
62363,1,1,0,0,0,0,0,0,0,0,0,0
62364,1,1,0,0,0,0,0,0,0,0,0,0
62364,2,1,3,0,0,0,0,8,6,12,0,0
62365,1,1,12,12,12,12,12,12,12,12,12,12
62365,2,1,11,0,22,12,8,0,24,0,13,9
62366,1,1,0,0,0,0,0,0,0,0,0,0
62367,1,1,0,0,0,0,0,0,0,0,0,0
62368,1,1,6,6,6,6,6,6,6,6,6,6
62369,1,1,0,0,0,0,0,0,0,0,0,0
62369,2,1,0,0,0,0,0,0,0,0,0,0
62370,1,1,0,0,0,0,0,0,0,0,0,0
62370,2,1,0,0,0,0,11,15,0,0,18,4
62371,1,1,0,0,0,0,0,0,0,0,0,0
62371,2,1,0,0,0,0,0,0,0,0,0,0
62371,3,1,0,0,0,0,0,0,0,0,0,0
62372,0,1,0,0,0,0,0,0,0,0,0,0
62372,1,1,0,0,0,0,0,0,0,0,0,0
62373,1,1,8,8,8,8,8,8,8,8,8,8
62373,2,1,0,0,0,0,0,0,0,0,0,0
62374,1,1,22,6,12,22,10,8,27,18,20,39
62375,1,1,0,0,0,0,0,0,0,0,0,0
62375,2,1,0,0,0,0,0,0,0,0,0,0
62376,0,1,11,11,11,11,11,11,11,11,11,11
62376,1,1,0,0,0,0,0,0,18,0,0,0
62377,1,1,0,0,0,0,0,0,0,0,0,0
62377,2,1,0,0,0,0,0,0,0,0,0,0
62378,1,1,0,0,0,0,0,0,0,0,0,0
62378,2,1,0,0,0,0,0,0,0,0,0,0
62378,3,1,0,0,0,0,0,0,0,0,0,0
62379,1,1,0,0,0,0,0,0,0,0,0,0
62379,3,1,0,0,0,0,0,0,0,0,0,0
62380,1,1,0,0,0,0,0,0,0,0,0,0
62381,1,1,21,21,21,21,21,21,21,21,21,21
62382,0,1,23,0,0,45,0,6,0,0,24,22
62382,0,2,0,0,0,0,0,0,0,0,0,0
62382,0,3,28,0,0,0,0,0,27,0,0,23
62382,1,1,0,0,0,0,0,21,0,40,0,0
62382,3,1,0,0,0,0,0,0,0,0,0,0
62383,1,1,0,0,0,0,0,0,0,0,0,0
62384,1,1,19,19,19,19,19,19,19,19,19,19
62384,2,1,0,0,0,0,0,0,0,0,0,0
62385,1,1,0,0,0,0,0,0,0,0,0,0
62386,1,1,0,0,0,0,0,0,0,0,0,0
62386,2,1,0,0,0,0,0,0,0,0,0,0
62386,3,1,0,0,0,0,0,0,0,0,0,0
62386,4,1,0,0,0,0,0,0,0,0,0,0
62387,1,1,0,0,0,0,0,0,0,0,0,0
62387,2,1,0,0,0,0,0,0,0,0,0,0
62388,1,1,0,0,0,0,0,0,0,0,0,0
62388,2,1,0,0,0,0,0,0,8,0,0,0
62389,1,1,0,0,0,9,0,0,0,0,0,0
62389,2,1,0,0,0,0,0,0,0,0,0,0
62390,1,1,27,27,27,27,27,27,27,27,27,27
62391,0,1,0,0,0,0,0,0,0,0,0,0
62391,1,1,0,0,43,16,0,18,16,0,0,8
62392,1,1,26,19,28,0,0,20,22,21,0,0
62392,2,1,9,0,0,15,15,0,0,9,0,6
62393,1,1,9,9,9,9,9,9,9,9,9,9
62394,1,1,11,38,0,37,0,0,0,0,0,0
62395,0,1,21,21,21,21,21,21,21,21,21,21
62395,1,1,0,0,0,0,0,0,0,0,0,13
62396,1,1,0,0,0,0,0,0,0,0,0,0
62396,2,1,0,0,0,0,0,0,0,0,0,0
62397,1,1,10,10,10,10,10,10,10,10,10,10
62398,0,1,0,0,0,0,0,35,0,0,0,0
62398,1,1,0,0,0,0,0,0,20,0,0,0
62399,1,1,4,4,4,4,4,4,4,4,4,4
62400,1,1,0,0,0,0,0,0,0,0,0,0
62400,2,1,0,0,0,0,0,0,0,0,0,0
62401,1,1,0,0,0,0,0,0,0,0,0,0
62402,1,1,16,16,16,16,16,16,16,16,16,16
62403,1,1,0,0,0,0,0,0,0,0,0,0
62403,2,1,0,0,0,0,0,0,0,0,0,0
62403,3,1,0,0,0,0,0,0,0,0,0,0
62404,1,1,0,0,0,0,0,0,0,0,0,0
62404,2,1,0,0,0,0,0,0,0,0,0,0
62405,0,1,0,0,0,0,32,0,0,0,26,0
62405,1,1,0,28,0,20,0,0,29,0,24,0
62406,1,1,0,0,0,0,0,0,0,0,0,0
62407,0,1,0,0,0,0,0,0,0,0,0,0
62407,1,1,0,0,0,0,0,27,0,0,28,0
62408,0,1,27,0,0,0,0,0,19,33,0,0
62408,1,1,0,0,0,0,0,0,0,0,0,0
62409,1,1,35,15,0,20,0,20,0,14,0,0
62410,1,1,0,0,0,0,0,0,0,0,0,0
62410,2,1,0,0,0,0,0,0,0,0,0,0
62411,1,1,0,0,0,0,0,0,0,0,0,0
62411,2,1,0,0,0,0,0,0,0,0,0,0
62412,1,1,0,0,0,0,0,0,0,0,0,0
62412,2,1,0,0,0,0,0,0,0,0,0,0
62413,1,1,0,0,0,0,0,0,0,0,0,0
62414,1,1,0,0,0,0,0,0,0,0,0,0
62414,2,1,0,0,0,0,0,0,0,0,0,0
62415,0,1,14,14,14,14,14,14,14,14,14,14
62415,1,1,0,0,0,0,0,44,27,0,0,0
62416,1,1,26,21,3,27,8,26,15,20,16,17
62416,2,1,0,0,0,0,0,0,0,0,0,0
62417,1,1,23,23,23,23,23,23,23,23,23,23
62418,0,1,13,19,0,0,12,0,0,35,0,34
62418,1,1,0,0,0,0,33,0,0,0,0,0
62419,1,1,12,12,12,12,12,12,12,12,12,12
62420,0,1,0,7,0,0,40,0,12,0,0,0
62420,1,1,0,0,0,0,0,0,0,0,0,0
62421,1,1,0,8,0,0,0,0,0,0,0,0
62422,0,1,0,15,18,0,0,0,32,0,14,6
62422,1,1,0,0,0,0,0,0,0,0,0,0
62422,2,1,0,0,0,0,11,16,3,0,5,11
62422,3,1,0,0,0,0,0,0,0,0,0,0
62422,4,1,0,0,0,0,0,0,0,0,0,0
62423,1,1,0,0,0,0,0,0,0,0,0,0
62423,2,1,0,0,0,0,0,0,22,0,0,0
62424,1,1,0,0,0,0,0,0,0,0,0,0
62424,2,1,0,0,0,0,0,0,0,0,0,0
62425,0,1,22,22,22,22,22,22,22,22,22,22
62425,1,1,0,0,0,0,0,0,0,0,0,0
62426,0,1,0,0,0,0,0,0,0,0,0,0
62426,1,1,0,0,0,0,0,0,0,0,0,0
62427,1,1,0,0,0,0,0,0,0,0,0,0
62427,2,1,0,0,0,0,0,0,0,0,0,0
62429,1,1,11,11,11,11,11,11,11,11,11,11
62430,1,1,6,6,6,6,6,6,6,6,6,6
62430,2,1,0,0,0,0,0,0,0,0,0,0
62431,1,1,0,0,0,0,0,0,0,0,0,0
62432,1,1,0,0,0,0,0,0,0,0,0,0
62432,2,1,0,0,0,0,0,0,0,0,0,0
62433,0,1,16,0,17,3,0,19,0,0,0,0
62433,1,1,0,0,0,0,0,0,0,0,0,0
62434,1,1,22,22,22,22,22,22,22,22,22,22
62434,2,1,0,0,0,0,0,0,0,0,0,0
62435,0,1,0,0,0,0,0,0,0,0,0,0
62435,1,1,0,0,0,0,0,0,0,0,0,0
62436,1,1,16,16,16,16,16,16,16,16,16,16
62437,1,1,16,25,0,0,10,0,0,18,11,0
62438,1,1,10,10,10,10,10,10,10,10,10,10
62439,0,1,0,0,0,0,0,0,9,0,0,0
62439,1,1,0,0,0,16,0,0,0,0,0,0
62440,1,1,0,0,0,0,0,0,0,0,0,0
62441,1,1,0,0,0,0,0,0,0,0,0,0
62441,2,1,0,0,0,0,0,0,0,0,0,0
62442,1,1,18,18,18,18,18,18,18,18,18,18
62443,0,1,0,0,0,0,0,0,0,0,0,0
62443,1,1,0,0,0,0,0,0,0,0,0,15
62444,1,1,0,0,0,0,0,0,0,0,0,0
62445,0,1,0,0,0,0,0,0,0,0,0,0
62445,1,1,10,0,4,0,0,21,0,0,0,0
62445,2,1,0,0,5,25,4,0,0,0,6,8
62446,0,1,0,0,0,0,0,0,0,0,0,0
62447,1,1,10,0,23,12,16,0,0,0,4,0
62448,1,1,0,0,0,0,0,0,0,0,0,0
62448,2,1,0,0,0,0,0,0,0,0,0,0
62449,1,1,3,3,3,3,3,3,3,3,3,3
62450,1,1,13,0,17,12,9,24,21,14,13,16
62450,2,1,0,0,0,0,0,0,0,0,0,0
62451,1,1,0,0,0,0,0,0,0,5,5,18
62452,1,1,0,0,0,0,0,0,0,0,0,0
62452,2,1,16,16,16,16,16,16,16,16,16,16
62452,3,1,0,0,0,0,0,0,0,0,0,0
62453,1,1,8,8,8,8,8,8,8,8,8,8
62454,0,1,0,0,0,0,0,0,0,0,0,0
62454,1,1,0,15,0,2,0,15,18,0,11,30
62455,1,1,0,0,0,0,0,0,0,7,0,0
62456,1,1,0,0,0,0,0,0,0,0,0,0
62457,1,1,0,0,0,0,0,0,0,27,0,0
62457,2,1,0,0,0,0,0,0,0,0,0,0
62457,3,1,0,0,0,0,0,0,17,0,0,0
62458,0,1,0,0,0,0,0,0,0,0,0,0
62458,1,1,0,0,0,0,0,0,0,0,0,0
62459,1,1,24,24,24,24,24,24,24,24,24,24
62460,1,1,0,0,0,0,0,0,0,0,0,0
62461,0,1,0,0,0,0,0,0,0,0,0,0
62461,1,1,12,27,40,26,27,11,14,0,26,0
62462,1,1,0,0,0,0,0,0,0,0,0,0
62462,4,1,15,0,0,0,0,0,0,0,0,0
62463,1,1,9,9,9,9,9,9,9,9,9,9
62463,2,1,0,0,0,0,0,0,0,0,0,0
62464,0,1,21,0,0,0,17,14,44,20,0,12
62464,1,1,0,0,0,0,0,0,0,0,0,0
62465,1,1,4,4,4,4,4,4,4,4,4,4
62465,2,1,0,0,0,0,0,0,0,0,0,0
62465,3,1,0,0,0,0,0,0,0,0,0,0
62466,1,1,0,0,0,0,0,0,0,0,0,0
62466,2,1,0,0,0,0,0,14,0,0,0,0
62467,1,1,22,22,22,22,22,22,22,22,22,22
62468,0,1,9,9,9,9,9,9,9,9,9,9
62468,1,1,0,0,0,0,0,0,0,0,0,0
62469,0,1,0,4,27,42,39,16,15,0,41,34
62469,1,1,4,14,5,6,0,0,0,19,8,14
62469,2,1,9,0,0,0,3,0,0,0,7,0
62470,1,1,16,16,16,16,16,16,16,16,16,16
62470,2,1,0,0,0,0,0,0,0,0,0,0
62471,1,1,0,0,0,0,0,0,0,0,0,0
62472,1,1,0,11,0,0,44,0,0,0,16,17
62473,0,1,16,16,16,16,16,16,16,16,16,16
62473,1,1,0,11,16,20,19,24,0,0,15,0
62474,0,1,1,1,1,1,1,1,1,1,1,1
62474,1,1,0,0,8,9,0,0,0,0,0,0
62475,0,1,0,0,0,0,0,0,0,0,0,0
62475,1,1,0,0,6,0,0,0,0,0,0,0
62476,1,1,0,0,0,0,0,0,0,0,0,0
62476,2,1,0,0,0,0,0,0,0,0,0,0
62476,3,1,0,0,0,9,0,0,0,9,0,6
62477,1,1,17,17,17,17,17,17,17,17,17,17
62477,2,1,0,0,0,0,0,0,0,0,0,0
62478,1,1,0,0,0,0,0,0,0,0,0,0
62478,2,1,0,0,0,0,0,0,0,0,0,0
62479,1,1,18,18,18,18,18,18,18,18,18,18
62479,2,1,0,0,0,0,0,0,0,0,0,0
62480,1,1,0,0,0,0,0,0,0,10,0,0
62480,2,1,0,0,20,0,0,0,0,0,0,0
62481,1,1,0,0,12,0,0,0,0,0,0,0
62482,0,1,6,6,6,6,6,6,6,6,6,6
62482,1,1,0,0,0,0,0,0,0,0,0,0
62483,1,1,0,0,0,0,0,0,0,0,0,0
62484,0,1,0,0,0,0,0,0,0,0,0,0
62484,1,1,17,22,0,16,14,30,25,0,12,0
62485,0,1,24,0,25,0,0,0,13,0,0,0
62485,1,1,0,0,0,0,0,0,0,0,0,0
62486,1,1,0,0,0,0,0,0,0,0,0,0
62487,1,1,0,0,0,0,0,0,0,0,0,0
62488,0,1,0,0,0,0,0,0,0,0,0,0
62488,1,1,0,0,0,0,0,0,0,0,0,0
62489,1,1,0,16,0,0,0,0,0,0,0,0
62489,2,1,0,0,0,0,0,0,0,0,0,0
62489,3,1,0,0,18,9,0,0,0,0,14,0
62489,4,1,0,0,18,0,0,0,0,0,17,0
62490,1,1,0,0,5,0,0,0,0,0,0,0
62490,2,1,0,0,0,0,0,0,0,0,0,0
62491,0,1,0,0,0,0,0,0,0,0,0,0
62491,1,1,0,0,0,0,0,0,0,0,0,0
62492,0,1,0,0,0,0,0,0,0,0,0,0
62492,1,1,0,0,0,31,0,0,0,0,0,0
62493,0,1,0,0,0,0,0,0,0,0,0,0
62493,1,1,0,0,0,0,0,0,0,0,0,0
62494,1,1,0,0,0,0,0,0,0,0,0,0
62495,0,1,27,27,27,27,27,27,27,27,27,27
62495,1,1,0,0,0,0,0,0,0,0,0,0
62495,2,1,0,0,0,0,0,0,0,0,0,0
62496,1,1,0,0,0,0,0,0,0,0,0,0
62496,2,1,0,0,0,0,0,0,0,0,0,0
62497,0,1,3,3,3,3,3,3,3,3,3,3
62497,1,1,23,0,21,4,0,0,0,0,13,15
62498,1,1,0,0,0,0,0,0,0,0,0,0
62499,1,1,15,21,0,0,8,0,11,22,0,6
62500,0,1,0,0,0,0,0,0,0,0,0,0
62500,1,1,0,0,0,0,0,0,0,0,0,0
62500,2,1,0,8,11,14,13,7,0,0,6,0
62501,1,1,0,0,0,0,0,0,0,0,0,0
62501,2,1,0,0,0,0,0,0,0,0,0,0
62502,1,1,0,0,0,0,0,0,0,0,0,0
62502,2,1,0,0,0,0,0,0,0,0,0,0
62502,3,1,0,0,0,0,0,0,0,0,0,0
62502,4,1,0,0,0,0,0,0,0,0,0,0
62503,1,1,0,0,0,0,19,0,0,0,0,0
62503,2,1,7,0,0,0,0,17,5,0,0,12
62504,0,1,34,34,34,34,34,34,34,34,34,34
62504,1,1,0,0,0,0,0,0,0,0,0,0
62505,1,1,0,0,0,0,0,0,0,0,26,0
62506,1,1,0,0,0,0,0,0,0,0,0,0
62506,2,1,0,0,0,0,0,0,0,0,0,0
62506,3,1,0,0,0,0,0,0,0,0,0,0
62507,1,1,0,0,0,0,0,0,0,0,0,0
62508,0,1,20,0,0,0,0,0,30,0,0,0
62508,1,1,0,0,0,0,0,0,0,0,0,0
62509,1,1,0,0,0,0,0,0,0,0,0,0
62510,1,1,0,0,0,0,28,0,0,0,0,0
62510,2,1,0,0,0,0,0,0,0,0,0,0
62511,1,1,15,15,15,15,15,15,15,15,15,15
62512,1,1,27,27,27,27,27,27,27,27,27,27
62513,0,1,22,22,22,22,22,22,22,22,22,22
62513,1,1,0,0,0,0,0,0,0,0,0,0
62514,1,1,17,17,17,17,17,17,17,17,17,17
62515,1,1,11,11,11,11,11,11,11,11,11,11
62516,1,1,0,0,0,0,0,0,0,0,0,0
62516,2,1,0,0,0,0,0,0,0,0,0,0
62517,0,1,0,0,0,0,0,0,0,0,0,0
62517,1,1,0,0,0,0,0,0,0,0,7,0
62518,1,1,0,0,6,0,19,0,0,0,0,0
62519,1,1,22,22,22,22,22,22,22,22,22,22
62520,0,1,0,0,0,0,0,0,0,0,0,0
62520,1,1,0,0,0,0,0,0,0,0,0,0
62521,1,1,0,0,0,0,0,0,0,0,0,0
62522,0,1,0,0,0,15,0,0,0,17,6,0
62522,1,1,0,0,24,12,23,21,7,22,27,0
62523,0,1,0,0,0,0,0,0,0,0,0,0
62523,1,1,15,19,11,0,13,3,0,5,8,0
62524,1,1,19,19,19,19,19,19,19,19,19,19
62525,1,1,13,13,13,13,13,13,13,13,13,13
62526,0,1,24,24,24,24,24,24,24,24,24,24
62526,1,1,0,0,0,0,0,0,0,0,0,0
62527,1,1,0,0,0,0,0,0,0,0,0,0
62527,2,1,0,0,0,0,0,0,0,0,0,0
62528,1,1,0,0,0,0,0,0,0,0,0,0
62528,2,1,0,0,0,0,0,0,0,0,0,0
62529,1,1,0,0,0,0,0,0,0,0,0,0
62529,2,1,0,0,0,0,0,0,0,0,0,0
62530,1,1,19,19,19,19,19,19,19,19,19,19
62531,0,1,0,0,0,0,0,0,0,0,0,0
62531,1,1,0,0,0,0,0,5,0,0,0,0
62532,0,1,0,0,0,0,0,0,0,0,0,0
62532,1,1,0,0,0,0,0,0,0,0,0,0
62532,2,1,0,0,0,0,0,0,0,0,0,0
62533,1,1,0,0,0,0,0,0,0,0,0,0
62534,1,1,0,0,0,0,0,0,0,0,0,0
62534,2,1,0,0,0,0,0,0,0,0,0,0
62535,0,1,0,0,0,18,0,0,0,0,0,0
62535,1,1,22,0,36,22,9,23,0,17,30,0
62536,0,1,0,0,0,0,0,0,0,0,0,0
62536,1,1,0,0,0,0,0,0,0,0,0,0
62537,1,1,13,23,8,25,20,9,5,17,13,18
62537,2,1,0,0,0,0,0,0,0,0,0,0
62538,1,1,0,0,0,0,0,0,0,0,0,0
62538,2,1,0,0,0,0,0,0,0,0,0,0
62539,1,1,0,0,0,0,0,0,0,0,0,0
62540,1,1,17,17,17,17,17,17,17,17,17,17
62541,1,1,0,0,0,0,0,0,13,0,0,0
62541,2,1,0,0,0,0,0,0,0,0,0,0
62542,1,1,0,0,0,0,0,0,0,0,0,0
62542,2,1,0,0,0,0,0,0,0,0,0,0
62543,1,1,0,0,0,0,0,0,0,0,0,0
62543,2,1,0,0,0,0,0,0,0,0,0,0
62544,1,1,0,0,0,0,0,0,0,0,0,0
62544,2,1,0,0,0,0,0,0,0,0,0,0
62545,1,1,6,13,0,13,0,35,14,15,22,0
62545,2,1,0,18,0,0,0,0,0,0,39,0
62546,0,1,32,32,32,32,32,32,32,32,32,32
62546,1,1,0,0,0,0,0,0,0,0,0,0
62547,1,1,0,0,0,0,0,0,0,0,0,0
62548,1,1,0,0,0,0,0,0,0,0,0,0
62549,1,1,0,0,0,0,0,0,0,0,0,0
62549,2,1,0,0,0,0,0,0,0,0,0,0
62550,1,1,11,11,11,11,11,11,11,11,11,11
62551,1,1,0,0,0,0,0,0,0,0,0,0
62552,0,1,34,34,34,34,34,34,34,34,34,34
62552,1,1,0,0,0,0,0,0,0,0,0,0
62553,0,1,23,0,0,0,0,9,22,0,26,0
62553,1,1,0,0,0,0,0,0,0,0,0,0
62554,1,1,0,0,0,0,0,0,0,0,0,0
62555,0,1,0,0,0,0,0,0,0,0,0,0
62555,1,1,0,0,0,0,0,0,0,6,0,0
62556,0,1,0,0,0,0,0,0,0,0,0,0
62556,1,1,0,0,0,0,0,0,0,0,16,0
62557,1,1,0,0,0,0,0,0,0,0,0,0
62558,1,1,10,0,0,0,0,0,18,0,0,0
62558,2,1,12,0,0,0,0,0,0,0,0,0
62559,1,1,13,13,13,13,13,13,13,13,13,13
62560,1,1,17,17,17,17,17,17,17,17,17,17
62561,1,1,0,0,26,26,12,21,0,0,0,0
62562,1,1,0,0,0,0,0,0,0,0,0,0
62563,0,1,22,22,22,22,22,22,22,22,22,22
62563,1,1,0,0,0,0,0,0,0,0,0,0
62564,1,1,16,16,16,16,16,16,16,16,16,16
62565,1,1,0,0,0,0,0,0,0,0,23,0
62566,1,1,7,16,29,23,0,9,4,13,8,17
62566,2,1,0,0,0,0,0,0,0,0,0,0
62567,0,1,13,0,0,0,33,0,0,0,22,6
62567,1,1,0,0,0,0,0,0,0,0,0,0
62568,1,1,0,0,0,0,0,0,0,0,0,0
62568,2,1,0,0,0,0,0,0,0,0,0,0
62569,1,1,21,21,21,21,21,21,21,21,21,21
62570,1,1,16,16,16,16,16,16,16,16,16,16
62571,1,1,0,0,0,0,0,0,0,0,0,0
62572,0,1,0,0,0,0,0,0,0,0,0,0
62572,1,1,0,0,0,0,11,0,0,0,0,0
62573,1,1,0,0,0,0,0,0,0,0,0,0
62573,2,1,0,0,0,0,0,0,0,0,0,0
62574,1,1,0,0,0,0,0,0,0,0,0,0
62574,2,1,0,0,0,0,0,14,0,0,0,0
62574,3,1,0,0,0,0,0,0,0,0,0,0
62575,1,1,0,0,0,15,0,0,0,13,0,0
62575,2,1,0,0,0,0,0,0,0,0,0,0
62575,3,1,0,0,0,0,0,0,0,0,0,0
62576,1,1,0,0,0,0,0,0,0,0,0,0
62577,1,1,0,0,0,0,21,21,0,0,0,15
62577,2,1,0,8,0,0,0,0,0,0,0,0
62578,1,1,21,26,17,0,0,0,0,0,0,15
62579,1,1,26,26,26,26,26,26,26,26,26,26
62579,2,1,0,0,0,0,0,0,0,0,0,0
62580,1,1,0,0,0,0,0,0,0,0,0,0
62581,1,1,5,5,5,5,5,5,5,5,5,5
62582,0,1,0,0,26,14,0,51,16,0,0,0
62582,1,1,0,0,0,0,0,0,15,17,0,0
62582,2,1,0,0,0,0,0,0,0,9,0,0
62582,3,1,0,0,0,0,0,0,0,0,0,0
62583,1,1,0,0,0,0,0,0,0,0,0,0
62584,0,1,0,0,0,0,0,0,0,0,0,0
62584,0,2,0,27,22,19,0,0,0,14,26,7
62584,1,1,0,0,0,0,0,0,0,0,0,0
62585,1,1,0,0,0,0,10,10,0,0,0,0
62585,2,1,0,0,0,0,0,0,0,0,0,0
62586,1,1,0,0,0,0,0,0,0,0,0,0
62586,2,1,0,0,0,0,0,0,0,0,27,0
62587,0,1,10,10,10,10,10,10,10,10,10,10
62587,1,1,9,9,9,9,9,9,9,9,9,9
62588,1,1,0,0,0,0,0,0,0,0,0,0
62588,2,1,0,0,0,0,0,15,0,0,0,0
62589,0,1,0,0,0,0,0,0,0,0,0,0
62589,1,1,0,0,0,0,0,0,0,0,0,0
62590,1,1,0,0,20,25,0,0,0,0,14,0
62590,2,1,7,0,16,0,16,0,0,23,0,0
62591,0,1,2,36,10,10,32,32,16,14,19,6
62591,1,1,0,0,0,0,0,0,0,0,0,0
62592,1,1,16,16,16,16,16,16,16,16,16,16
62593,1,1,0,0,0,0,0,0,0,0,0,0
62593,2,1,0,0,0,0,0,0,0,0,0,0
62594,0,1,42,42,42,42,42,42,42,42,42,42
62594,1,1,0,19,35,16,7,30,12,0,12,0
62595,1,1,12,12,12,12,12,12,12,12,12,12
62596,0,1,0,0,0,0,0,0,0,0,0,0
62596,1,1,0,0,0,0,0,0,0,0,0,0
62597,1,1,0,0,0,0,0,0,0,0,0,0
62598,0,1,29,29,29,29,29,29,29,29,29,29
62598,1,1,0,0,0,0,0,0,0,0,0,0
62599,1,1,0,0,0,0,0,0,0,0,0,0
62600,0,1,0,0,0,0,0,0,0,0,0,0
62600,1,1,0,0,0,0,0,0,0,0,0,0
62601,1,1,0,6,0,10,0,24,7,0,12,0
62602,0,1,0,0,0,0,0,0,0,0,0,0
62602,1,1,0,0,0,0,0,0,0,0,0,0
62603,0,1,5,5,5,5,5,5,5,5,5,5
62603,1,1,0,0,0,0,0,0,0,0,0,24
62604,0,1,17,17,17,17,17,17,17,17,17,17
62604,1,1,0,0,0,0,0,0,0,0,0,0
62605,0,1,8,8,8,8,8,8,8,8,8,8
62605,0,2,0,0,0,0,0,0,21,0,0,0
62605,1,1,0,0,0,0,0,0,0,0,0,0
62606,1,1,0,0,0,0,0,0,0,0,0,0
62606,2,1,0,0,0,0,0,0,0,0,0,0
62607,1,1,0,0,0,0,0,0,0,0,0,0
62607,2,1,0,0,0,0,26,0,0,0,0,0
62608,1,1,16,16,16,16,16,16,16,16,16,16
62608,2,1,0,0,0,0,0,0,0,0,0,0
62609,1,1,18,18,18,18,18,18,18,18,18,18
62609,2,1,0,0,0,0,0,0,0,0,0,0
62610,1,1,19,19,19,19,19,19,19,19,19,19
62611,1,1,0,0,0,0,0,0,0,0,0,0
62611,2,1,0,30,0,0,0,0,0,0,0,0
62612,1,1,18,18,18,18,18,18,18,18,18,18
62612,2,1,0,0,0,0,0,0,0,0,0,0
62613,1,1,0,0,0,0,0,0,0,0,0,0
62613,2,1,0,0,0,0,0,0,0,0,0,0
62613,3,1,0,0,0,0,0,0,0,0,0,0
62614,1,1,0,0,0,0,0,0,0,0,0,0
62614,2,1,0,0,0,0,0,0,0,0,0,0
62615,1,1,0,0,0,0,0,0,0,0,0,0
62615,2,1,25,20,17,12,20,16,0,15,14,12
62616,1,1,0,0,0,0,0,0,0,0,0,0
62616,2,1,0,0,0,15,0,0,0,0,20,0
62617,1,1,0,0,0,0,0,0,0,0,0,0
62618,1,1,0,0,0,0,0,0,0,0,0,0
62619,1,1,26,26,26,26,26,26,26,26,26,26
62619,2,1,2,2,2,2,2,2,2,2,2,2
62620,1,1,0,0,0,0,0,0,0,0,0,0
62620,2,1,0,0,0,0,0,0,0,0,0,0
62621,1,1,0,0,0,0,0,0,0,0,0,0
62621,2,1,0,0,0,0,0,0,0,0,0,0
62622,0,1,0,0,0,0,30,0,0,0,0,0
62622,1,1,0,0,0,0,0,0,0,0,0,0
62623,1,1,0,0,0,0,0,0,0,0,0,0
62624,1,1,0,19,6,19,0,0,0,10,14,0
62624,2,1,0,0,21,0,21,11,0,7,30,8
62625,0,1,24,24,24,24,24,24,24,24,24,24
62625,1,1,10,22,0,0,0,22,19,15,17,0
62626,1,1,0,0,0,0,0,0,0,0,0,0
62627,0,1,0,0,0,0,0,0,0,0,0,0
62627,1,1,0,0,0,0,0,0,0,0,0,0
62628,1,1,30,30,30,30,30,30,30,30,30,30
62629,1,1,15,15,15,15,15,15,15,15,15,15
62630,1,1,0,0,0,0,0,0,0,0,0,0
62630,2,1,0,0,0,0,0,0,0,0,0,0
62631,1,1,33,33,33,33,33,33,33,33,33,33
62631,2,1,0,0,0,0,0,0,0,0,0,0
62632,1,1,0,0,0,0,0,0,0,0,0,0
62632,2,1,0,0,0,0,0,0,0,0,0,0
62633,1,1,0,0,0,0,0,0,0,0,0,0
62633,2,1,0,0,20,0,0,0,0,14,5,10
62634,0,1,0,0,23,0,23,0,46,0,0,43