ST_CASE,VEH_NO,PER_NO,P1,P2,P3,P4,P5,P6,P7,P8,P9,P10
62634,1,1,0,0,0,0,0,0,0,0,0,0
62635,1,1,0,0,0,0,0,0,0,0,0,0
62635,2,1,0,0,0,0,0,0,0,0,0,0
62636,1,1,19,19,19,19,19,19,19,19,19,19
62637,1,1,0,0,0,0,0,0,0,0,0,0
62637,2,1,0,0,0,0,0,0,0,0,0,0
62638,1,1,0,0,0,0,0,0,0,0,0,0
62639,1,1,0,0,0,0,0,0,0,0,0,0
62640,1,1,1,1,1,1,1,1,1,1,1,1
62640,2,1,0,0,0,0,0,0,0,0,0,0
62642,1,1,0,0,0,0,0,0,0,0,0,0
62642,2,1,0,0,0,0,0,0,0,0,0,0
62643,0,1,8,8,8,8,8,8,8,8,8,8
62643,1,1,16,16,16,16,16,16,16,16,16,16
62644,0,1,0,0,0,0,0,0,0,0,0,0
62644,1,1,0,0,0,0,0,0,0,9,0,0
62645,0,1,0,0,0,0,0,0,0,0,0,0
62645,1,1,0,0,0,0,0,22,28,0,0,31
62646,0,1,0,20,40,13,21,0,0,0,23,23
62646,1,1,0,24,19,0,14,0,0,16,0,0
62647,0,1,0,0,0,0,0,0,0,0,0,0
62647,1,1,0,0,0,0,0,0,0,0,11,0
62648,0,1,21,21,21,21,21,21,21,21,21,21
62648,1,1,0,10,0,0,0,0,0,0,0,0
62649,0,1,14,14,14,14,14,14,14,14,14,14
62649,1,1,0,0,0,0,0,0,0,0,0,0
62650,0,1,30,40,23,0,27,27,0,21,0,8
62650,1,1,0,0,0,0,0,0,0,0,0,0
62651,0,1,0,0,0,0,0,0,0,0,0,0
62651,1,1,0,0,0,0,18,0,0,0,0,0
62652,1,1,0,0,0,0,0,0,0,0,0,0
62652,2,1,0,0,0,0,0,0,0,0,0,0
62653,1,1,0,0,22,0,0,0,0,0,0,0
62653,2,1,0,0,0,0,0,0,0,0,0,0
62654,0,1,16,31,0,0,0,15,0,0,14,0
62654,1,1,0,0,0,0,0,0,0,0,0,0
62655,1,1,32,32,32,32,32,32,32,32,32,32
62655,2,1,0,0,0,0,0,0,0,0,0,0
62656,1,1,0,0,0,0,0,0,0,0,0,0
62656,2,1,13,13,13,13,13,13,13,13,13,13
62657,0,1,0,0,0,0,0,0,0,0,0,0
62657,1,1,0,0,0,0,0,0,0,0,0,0
62658,1,1,0,0,0,0,0,0,0,0,0,0
62658,2,1,0,0,0,0,0,16,0,0,0,0
62659,1,1,0,0,0,0,0,0,0,0,0,0
62660,1,1,12,12,12,12,12,12,12,12,12,12
62661,1,1,0,0,0,0,0,0,0,0,0,0
62661,2,1,0,0,0,0,0,0,0,0,14,0
62662,1,1,18,18,18,18,18,18,18,18,18,18
62663,1,1,0,0,0,0,0,0,0,0,0,0
62663,2,1,0,0,0,0,0,0,0,0,0,0
62663,3,1,0,0,0,0,0,0,0,0,13,0
62664,1,1,0,0,0,0,0,0,0,0,0,38
62664,2,1,0,0,0,0,0,0,0,0,0,0
62665,0,1,0,0,0,0,0,0,0,0,0,0
62665,1,1,0,0,0,0,0,0,0,0,0,0
62666,0,1,0,0,0,0,0,0,0,0,0,0
62666,1,1,25,0,18,28,10,0,22,4,0,0
62667,1,1,0,0,0,0,28,0,0,0,0,0
62668,1,1,0,0,0,0,0,0,0,0,0,0
62668,2,1,0,0,0,0,0,0,0,0,0,0
62669,1,1,0,0,0,0,0,0,0,0,0,0
62669,2,1,0,0,0,38,0,0,10,0,25,0
62670,1,1,0,0,0,0,0,0,0,0,0,0
62671,0,1,0,0,0,0,0,0,0,0,0,0
62671,1,1,0,0,0,0,0,0,0,0,0,0
62672,1,1,0,0,0,0,0,0,0,0,0,0
62673,1,1,0,0,0,0,0,0,0,0,0,0
62673,2,1,0,0,0,0,0,9,9,0,0,0
62674,1,1,12,12,12,12,12,12,12,12,12,12
62674,2,1,0,0,0,0,0,0,0,0,0,0
62675,0,1,0,0,0,0,14,0,0,0,0,0
62675,1,1,0,0,0,0,0,0,0,0,0,0
62676,0,1,0,0,0,0,0,0,0,0,0,0
62676,1,1,12,16,17,22,10,30,26,0,0,0
62677,1,1,0,0,0,0,0,0,0,0,0,0
62677,2,1,0,0,0,0,0,0,0,0,0,0
62678,0,1,0,0,0,0,0,0,0,0,0,0
62678,1,1,0,0,0,0,0,0,0,0,0,0
62679,0,1,0,35,15,0,3,0,28,0,0,0
62679,1,1,0,0,0,18,23,0,0,0,0,22
62680,1,1,0,0,0,0,0,0,0,0,0,0
62681,2,1,0,0,0,0,0,0,0,0,0,0
62682,1,1,0,0,0,0,0,0,0,0,0,0
62683,1,1,10,10,10,10,10,10,10,10,10,10
62684,1,1,7,11,27,12,24,12,12,12,22,0
62684,2,1,21,0,0,0,0,0,0,0,0,0
62685,0,1,0,0,0,0,0,0,0,0,0,0
62685,1,1,0,0,0,0,0,0,0,0,0,0
62686,1,1,14,14,14,14,14,14,14,14,14,14
62687,0,1,0,22,0,0,20,42,0,0,38,0
62687,1,1,25,0,22,0,9,12,20,30,0,0
62688,1,1,0,0,0,0,15,0,0,0,0,0
62688,2,1,0,0,0,0,0,0,0,0,0,0
62688,3,1,0,0,0,0,0,0,0,0,0,0
62688,4,1,0,0,0,0,12,0,0,0,0,0
62688,5,1,0,0,0,13,0,0,0,0,0,0
62689,1,1,5,0,0,0,0,0,0,0,0,0
62690,0,1,23,23,23,23,23,23,23,23,23,23
62690,1,1,0,0,21,9,0,21,0,17,13,26
62691,1,1,0,10,12,9,10,0,0,0,17,6
62691,2,1,10,0,0,0,0,0,0,0,0,30
62692,1,1,0,0,0,0,0,0,0,0,0,0
62693,1,1,0,0,0,0,0,0,0,0,0,0
62693,2,1,0,0,0,0,0,0,0,0,0,0
62694,0,1,4,4,4,4,4,4,4,4,4,4
62694,0,2,0,0,0,0,0,0,0,0,23,0
62694,0,3,0,41,11,0,8,5,0,20,19,0
62694,0,4,0,27,0,0,14,22,0,0,23,0
62694,1,1,13,13,13,13,13,13,13,13,13,13
62695,1,1,0,0,0,0,0,0,0,0,0,0
62695,2,1,0,0,0,42,0,0,0,0,0,0
62696,1,1,10,10,10,10,10,10,10,10,10,10
62696,2,1,16,0,0,0,0,0,0,7,0,0
62697,0,1,0,0,0,0,0,0,0,0,0,0
62697,1,1,0,0,0,0,0,0,0,0,0,0
62698,1,1,8,0,11,12,15,3,14,8,17,21
62698,2,1,0,0,0,0,0,0,0,0,0,0
62699,1,1,0,0,0,0,0,0,0,0,0,0
62700,1,1,19,19,19,19,19,19,19,19,19,19
62701,0,1,0,0,0,0,0,0,0,0,0,0
62701,1,1,0,0,0,0,0,0,0,0,0,0
62702,1,1,27,27,27,27,27,27,27,27,27,27
62703,1,1,5,5,5,5,5,5,5,5,5,5
62703,2,1,0,0,0,0,0,0,0,0,0,2
62704,1,1,0,0,0,0,0,0,0,0,0,0
62705,0,1,22,22,22,22,22,22,22,22,22,22
62705,1,1,0,0,0,0,0,10,21,0,0,0
62706,0,1,0,0,0,0,0,0,0,0,0,0
62706,1,1,0,0,0,0,0,0,0,0,0,0
62707,1,1,23,6,32,32,19,10,3,17,4,0
62708,1,1,0,0,0,0,0,0,0,0,0,0
62709,1,1,0,0,0,0,0,0,0,0,0,0
62710,1,1,0,0,0,0,0,0,0,0,0,0
62710,2,1,0,0,0,0,0,0,0,18,0,0
62711,1,1,0,0,0,0,0,0,0,0,0,0
62711,2,1,0,0,0,0,0,0,0,0,0,0
62712,1,1,17,17,17,17,17,17,17,17,17,17
62713,1,1,14,14,14,14,14,14,14,14,14,14
62714,1,1,4,4,4,4,4,4,4,4,4,4
62715,1,1,17,17,17,17,17,17,17,17,17,17
62716,0,1,0,0,23,0,0,0,0,9,0,0
62716,1,1,0,0,0,0,0,0,0,0,0,0
62717,0,1,0,0,0,0,0,0,0,0,0,0
62717,1,1,0,11,14,14,7,14,16,10,4,24
62718,1,1,11,11,11,11,11,11,11,11,11,11
62718,2,1,4,4,4,4,4,4,4,4,4,4
62719,1,1,0,0,0,0,0,0,0,0,0,0
62719,2,1,10,0,18,25,0,0,33,0,0,17
62720,1,1,0,0,0,0,0,0,0,0,0,0
62721,0,1,20,0,0,11,0,0,0,0,0,0
62721,1,1,0,4,0,0,0,0,0,0,6,4
62722,0,1,0,0,0,0,0,0,0,0,0,0
62722,1,1,0,0,0,0,0,0,0,0,0,0
62723,1,1,0,0,0,0,0,0,0,0,0,0
62723,2,1,0,0,0,0,0,0,0,0,0,0
62724,1,1,0,0,0,0,0,0,0,0,0,0
62724,2,1,0,0,0,0,0,0,0,13,0,0
62725,0,1,0,0,0,0,0,0,7,30,21,0
62725,1,1,0,0,8,0,0,0,0,0,0,0
62726,0,1,9,9,9,9,9,9,9,9,9,9
62726,1,1,17,0,0,0,0,0,9,6,9,0
62727,0,1,0,0,0,0,0,0,0,0,0,0
62727,1,1,0,0,0,0,0,0,0,0,0,0
62728,1,1,0,0,0,0,0,0,0,0,0,0
62729,1,1,0,0,0,0,0,0,0,0,0,0
62729,2,1,0,0,0,0,0,0,0,0,0,0
62730,1,1,0,0,0,0,0,0,0,0,0,0
62731,1,1,18,18,18,18,18,18,18,18,18,18
62731,2,1,0,0,0,11,14,0,0,0,0,0
62732,0,1,6,6,6,6,6,6,6,6,6,6
62732,1,1,38,0,0,17,0,0,0,0,0,0
62733,1,1,0,0,0,0,0,0,0,0,0,0
62734,1,1,0,0,0,0,0,0,0,0,0,0
62735,1,1,0,0,0,4,0,0,0,0,0,0
62735,2,1,11,11,11,11,11,11,11,11,11,11
62736,0,1,23,23,23,23,23,23,23,23,23,23
62736,1,1,0,0,0,0,0,0,0,0,0,0
62737,1,1,0,0,0,0,0,0,0,0,0,0
62737,2,1,0,0,0,0,0,0,0,0,0,0
62738,1,1,0,0,0,0,0,0,0,0,0,0
62738,2,1,0,0,0,0,0,0,0,0,0,0
62739,1,1,23,23,23,23,23,23,23,23,23,23
62739,2,1,0,0,9,12,0,0,0,0,0,0
62740,1,1,0,0,0,0,0,0,0,0,0,0
62740,2,1,0,0,0,0,0,0,0,0,0,0
62741,1,1,24,24,24,24,24,24,24,24,24,24
62741,2,1,0,0,0,0,0,0,0,0,0,0
62742,1,1,20,20,20,20,20,20,20,20,20,20
62743,1,1,18,18,18,18,18,18,18,18,18,18
62743,2,1,0,0,18,0,0,0,0,0,0,0
62744,1,1,28,28,28,28,28,28,28,28,28,28
62744,2,1,0,19,0,0,23,27,0,0,0,7
62745,1,1,18,18,18,18,18,18,18,18,18,18
62746,0,1,0,0,0,0,0,0,0,0,0,0
62746,1,1,0,0,0,0,0,0,0,0,0,0
62747,1,1,0,0,0,0,0,0,0,0,0,0
62748,1,1,0,0,0,0,0,0,0,0,0,0
62749,0,1,46,46,46,46,46,46,46,46,46,46
62749,1,1,0,12,13,17,42,26,12,13,20,11
62750,1,1,5,5,5,5,5,5,5,5,5,5
62751,1,1,0,0,0,0,0,0,0,0,0,0
62752,0,1,0,0,0,0,0,0,0,0,0,0
62752,1,1,0,0,0,0,0,0,0,0,0,0
62753,0,1,0,0,0,0,0,0,0,0,0,0
62753,1,1,10,11,0,0,9,0,5,0,19,9
62754,0,1,23,23,23,23,23,23,23,23,23,23
62754,1,1,0,0,15,0,0,0,0,0,0,0
62755,1,1,0,0,0,0,0,17,0,0,0,25
62756,1,1,13,13,13,13,13,13,13,13,13,13
62757,1,1,0,0,0,0,0,0,0,0,16,0
62757,2,1,0,0,0,0,0,0,0,0,0,0
62758,1,1,0,0,0,0,0,0,0,0,0,0
62759,1,1,33,33,33,33,33,33,33,33,33,33
62759,2,1,0,0,0,0,0,0,0,0,0,0
62760,1,1,21,21,21,21,21,21,21,21,21,21
62761,0,1,0,0,40,23,0,24,6,0,0,0
62761,1,1,0,0,0,0,0,0,5,0,0,0
62762,0,1,40,0,0,33,0,0,10,0,0,23
62762,1,1,0,0,0,0,0,0,12,0,0,0
62763,0,1,0,0,0,0,0,0,0,0,0,0
62763,1,1,0,0,0,0,0,0,0,0,0,0
62764,1,1,0,0,0,0,0,0,0,0,0,0
62764,2,1,0,0,0,0,0,0,0,0,0,0
62765,1,1,26,11,13,34,25,10,26,10,5,7
62766,0,1,0,0,0,0,0,0,0,0,0,0
62766,1,1,0,0,0,0,0,0,0,0,0,0
62766,2,1,0,0,0,0,0,0,0,0,0,0
62767,1,1,0,0,0,0,0,0,0,0,0,0
62767,2,1,0,0,3,16,0,8,0,0,11,0
62768,1,1,0,0,0,0,0,0,0,0,0,0
62768,2,1,0,0,0,0,0,0,0,0,0,0
62769,1,1,22,22,22,22,22,22,22,22,22,22
62770,1,1,0,27,0,17,0,0,0,0,0,18
62771,1,1,22,0,0,0,0,0,0,6,0,0
62771,2,1,0,0,0,0,0,0,0,0,0,0
62771,3,1,0,0,0,0,0,0,0,0,0,0
62772,1,1,0,0,0,0,0,0,0,0,0,0
62772,2,1,0,0,0,0,0,0,0,0,0,0
62773,1,1,0,0,0,0,0,0,0,0,0,0
62773,2,1,0,0,0,0,0,0,0,0,0,0
62774,1,1,0,0,0,0,0,0,0,0,0,0
62775,0,1,0,0,0,0,0,0,0,0,0,0
62775,1,1,0,0,0,0,0,0,0,0,0,0
62776,1,1,15,18,10,28,7,30,15,19,6,27
62777,1,1,18,18,18,18,18,18,18,18,18,18
62777,2,1,0,0,10,0,0,0,0,0,0,0
62778,1,1,0,0,0,0,0,0,0,0,0,0
62778,2,1,0,0,0,0,0,0,0,0,0,0
62778,3,1,0,0,0,0,0,0,0,0,8,0
62779,0,1,0,0,0,0,0,0,0,0,0,0
62779,1,1,25,20,24,14,21,3,29,19,19,26
62780,1,1,24,14,16,0,18,0,28,22,0,0
62780,2,1,0,0,0,0,27,12,0,0,0,24
62781,0,1,0,0,0,0,0,0,0,0,0,0
62781,1,1,0,0,0,0,4,0,0,0,0,0
62782,1,1,0,0,0,0,0,0,0,0,0,0
62782,2,1,0,0,0,0,0,0,0,0,0,0
62783,0,1,0,0,0,0,0,0,0,0,0,0
62783,1,1,0,15,0,0,0,0,0,0,0,0
62784,0,1,0,0,0,0,0,0,0,0,0,0
62784,1,1,0,0,0,25,0,0,0,0,12,0
62785,1,1,0,12,0,0,0,0,0,0,0,0
62785,2,1,0,0,0,0,0,0,0,0,0,0
62787,1,1,21,21,21,21,21,21,21,21,21,21
62787,2,1,0,0,11,0,0,0,0,0,0,0
62788,0,1,0,0,0,0,0,0,0,0,0,0
62788,1,1,0,0,0,0,0,0,0,0,0,0
62789,1,1,0,15,0,0,0,0,0,0,0,0
62789,2,1,0,0,0,0,0,0,0,0,0,0
62790,1,1,10,10,10,10,10,10,10,10,10,10
62790,2,1,0,0,10,0,0,0,0,0,0,0
62791,1,1,0,0,0,0,0,20,0,0,0,0
62792,0,1,34,0,13,0,57,0,24,0,26,6
62792,1,1,0,0,0,0,33,18,7,0,0,31
62793,0,1,12,12,12,12,12,12,12,12,12,12
62793,1,1,0,0,0,0,0,0,0,0,0,0
62794,0,1,0,0,0,23,8,9,0,19,13,0
62794,1,1,4,4,4,4,4,4,4,4,4,4
62794,2,1,0,0,0,0,6,0,0,0,0,0
62795,1,1,0,4,0,0,0,0,0,0,9,0
62796,0,1,6,6,6,6,6,6,6,6,6,6
62796,1,1,0,0,0,0,0,0,0,15,0,0
62797,0,1,0,0,0,0,0,0,0,0,0,0
62797,1,1,0,0,0,0,0,0,0,0,0,0
62798,1,1,22,22,22,22,22,22,22,22,22,22
62799,0,1,0,0,0,0,0,0,0,0,0,0
62799,1,1,0,0,0,0,0,0,0,0,0,0
62800,1,1,21,21,21,21,21,21,21,21,21,21
62801,1,1,12,0,15,0,20,0,0,0,0,23
62802,1,1,15,15,15,15,15,15,15,15,15,15
62802,2,1,18,19,16,7,25,17,10,16,12,6
62803,0,1,0,0,0,0,0,0,0,0,0,0
62803,1,1,0,0,0,0,0,0,0,0,0,0
62804,1,1,0,0,0,0,0,0,0,0,0,0
62804,2,1,0,0,0,0,0,0,0,0,0,0
62805,0,1,0,0,0,0,0,0,0,0,0,0
62805,1,1,0,0,0,0,0,0,0,0,0,0
62805,2,1,0,0,0,0,0,0,0,0,0,0
62805,3,1,0,0,0,0,0,5,0,0,0,0
62806,0,1,0,0,0,0,0,0,0,0,0,0
62806,1,1,0,0,31,0,0,0,0,0,0,0
62807,1,1,0,0,0,0,0,0,0,0,0,0
62807,2,1,0,0,0,0,0,0,0,0,0,0
62808,0,1,0,0,0,0,0,0,0,14,0,0
62808,1,1,0,0,0,0,0,0,0,0,0,0
62809,1,1,0,0,0,0,0,0,0,0,0,0
62809,2,1,0,0,0,0,0,0,0,0,0,0
62810,1,1,0,0,0,0,0,0,0,0,0,0
62811,0,1,0,0,0,0,0,0,0,0,0,0
62811,1,1,0,0,0,0,0,0,0,0,0,0
62812,0,1,0,8,14,0,20,0,0,0,16,24
62812,1,1,0,0,0,0,0,0,0,0,0,0
62813,1,1,0,0,0,0,0,0,0,0,0,0
62814,1,1,26,26,26,26,26,26,26,26,26,26
62814,2,1,0,0,0,0,0,0,0,0,0,0
62815,1,1,14,20,26,18,7,6,25,17,27,22
62816,1,1,0,0,0,0,0,0,0,0,0,0
62817,0,1,19,19,19,19,19,19,19,19,19,19
62817,1,1,0,0,0,0,0,0,0,0,0,0
62818,1,1,0,0,0,0,0,0,0,0,0,0
62818,2,1,0,0,0,0,0,0,0,0,0,0
62819,0,1,2,2,2,2,2,2,2,2,2,2
62819,1,1,12,24,0,20,13,0,19,0,14,0
62820,1,1,0,0,0,0,0,0,0,0,0,0
62820,2,1,0,0,0,0,0,0,0,0,0,0
62820,3,1,0,0,0,0,0,0,0,0,0,0
62821,1,1,4,4,4,4,4,4,4,4,4,4
62821,2,1,0,0,19,0,0,0,0,0,0,0
62822,1,1,0,0,0,0,0,0,0,0,0,0
62822,2,1,0,0,0,0,0,0,0,0,0,0
62823,1,1,12,0,0,0,0,9,0,12,0,0
62824,1,1,0,0,0,0,21,0,12,0,0,0
62824,2,1,0,0,0,0,0,0,0,0,0,0
62825,1,1,0,0,0,0,0,0,0,0,0,0
62825,2,1,0,0,29,0,8,20,16,2,0,0
62826,0,1,0,0,0,0,0,0,0,0,26,0
62826,0,2,0,0,0,8,0,0,0,0,0,0
62826,1,1,0,0,0,0,0,0,0,0,0,0
62826,2,1,0,0,0,0,0,0,0,0,0,0
62827,1,1,0,0,0,0,0,18,0,0,0,0
62827,2,1,0,0,0,0,0,0,0,0,0,0
62828,1,1,0,0,0,0,0,0,0,0,0,0
62828,2,1,0,0,0,0,0,0,0,0,0,0
62829,0,1,0,0,0,0,0,0,0,0,0,0
62829,1,1,0,0,0,0,0,0,0,0,0,0
62830,0,1,8,16,0,31,9,58,28,19,0,0
62830,1,1,0,6,0,16,15,0,0,19,0,0
62830,2,1,0,0,0,0,0,0,0,0,0,0
62831,0,1,0,0,0,0,0,0,0,0,0,0
62831,1,1,0,0,0,0,0,0,13,0,0,0
62832,1,1,0,0,0,0,0,0,0,0,0,0
62832,2,1,0,0,0,0,0,0,0,0,0,0
62833,1,1,16,16,16,16,16,16,16,16,16,16
62833,2,1,11,11,11,11,11,11,11,11,11,11
62834,0,1,0,0,0,0,0,0,0,0,0,0
62834,1,1,0,0,0,0,27,0,0,5,0,0
62834,2,1,0,0,0,0,0,8,2,0,0,0
62836,1,1,0,0,0,0,0,0,0,0,0,0
62837,1,1,16,16,16,16,16,16,16,16,16,16
62838,1,1,27,27,27,27,27,27,27,27,27,27
62839,1,1,0,0,0,0,0,0,0,0,0,0
62840,0,1,15,15,15,15,15,15,15,15,15,15
62840,1,1,0,0,0,0,0,0,0,0,0,0
62841,0,1,0,0,0,0,0,0,0,0,0,0
62841,1,1,12,12,12,12,12,12,12,12,12,12
62842,0,1,43,43,43,43,43,43,43,43,43,43
62842,1,1,0,0,0,0,0,0,0,0,0,0
62843,0,1,0,0,0,0,0,0,0,0,0,0
62843,1,1,0,0,0,0,0,0,0,0,0,0
62844,1,1,20,20,20,20,20,20,20,20,20,20
62845,0,1,0,0,23,0,0,0,18,0,0,0
62845,1,1,0,0,0,0,0,0,0,0,0,0
62845,2,1,0,0,0,0,0,0,0,0,0,0
62846,1,1,0,0,0,0,0,0,0,0,0,0
62847,1,1,0,0,0,0,0,0,0,0,0,0
62848,0,1,0,0,0,0,0,0,0,0,0,0
62848,1,1,0,0,0,0,0,0,0,0,0,17
62849,0,1,0,0,0,0,42,0,0,0,0,0
62849,1,1,25,10,7,5,17,11,6,12,4,15
62850,1,1,0,8,25,0,18,8,0,15,0,20
62851,1,1,0,0,0,0,0,0,0,0,0,0
62851,2,1,0,0,0,0,0,0,0,0,0,0
62852,0,1,28,28,28,28,28,28,28,28,28,28
62852,1,1,23,0,0,0,0,20,0,6,7,0
62853,0,1,1,1,1,1,1,1,1,1,1,1
62853,1,1,1,1,1,1,1,1,1,1,1,1
62854,1,1,0,0,0,16,0,0,0,0,0,0
62854,2,1,0,0,0,0,0,0,0,0,0,10
62855,1,1,0,19,0,0,0,0,0,8,0,17
62857,0,1,0,0,0,0,0,0,0,0,0,0
62857,1,1,0,0,0,0,0,0,0,0,0,0
62858,1,1,0,0,0,0,0,0,0,0,0,0
62859,0,1,0,0,0,0,0,0,25,19,0,0
62859,1,1,0,0,0,0,0,0,0,0,0,0
62860,1,1,0,0,0,0,0,0,0,0,0,0
62861,0,1,0,0,0,0,0,0,0,0,0,0
62861,1,1,0,0,0,0,0,0,0,0,0,0
62862,0,1,0,0,0,0,0,0,0,0,0,0
62862,1,1,0,0,0,0,0,0,0,0,0,0
62864,1,1,0,0,0,0,0,0,0,0,0,0
62864,2,1,0,0,0,0,0,0,0,0,0,0
62866,1,1,16,16,16,16,16,16,16,16,16,16
62867,1,1,0,0,0,0,0,0,0,0,0,0
62867,2,1,0,0,0,0,0,7,32,0,0,0
62868,1,1,13,13,13,13,13,13,13,13,13,13
62869,1,1,0,0,0,0,0,0,0,0,0,0
62869,2,1,8,8,8,8,8,8,8,8,8,8
62870,1,1,0,0,0,0,0,0,0,0,0,0
62870,2,1,0,0,0,0,0,0,0,0,0,0
62871,0,1,21,21,21,21,21,21,21,21,21,21
62871,1,1,0,0,24,0,0,10,0,0,0,0
62872,1,1,40,40,40,40,40,40,40,40,40,40
62873,1,1,0,0,0,0,0,0,0,0,0,0
62873,2,1,0,0,0,0,0,0,0,0,0,0
62874,0,1,4,4,4,4,4,4,4,4,4,4
62874,1,1,14,0,0,0,0,24,0,19,0,0
62875,1,1,16,13,12,0,0,29,6,14,2,13
62876,0,1,0,0,0,0,0,0,0,0,0,0
62876,1,1,0,0,0,0,0,0,0,0,0,0
62877,0,1,1,1,1,1,1,1,1,1,1,1
62877,1,1,22,0,0,16,0,0,8,0,0,5
62878,0,1,1,1,1,1,1,1,1,1,1,1
62878,1,1,0,0,0,0,0,0,0,0,5,0
62879,0,1,0,0,0,0,0,0,0,0,0,0
62879,1,1,0,0,0,0,0,0,0,0,0,0
62881,1,1,17,17,17,17,17,17,17,17,17,17
62881,2,1,0,0,0,0,0,0,0,0,0,0
62882,0,1,45,45,45,45,45,45,45,45,45,45
62882,1,1,0,0,0,0,0,0,0,0,0,0
62883,0,1,0,0,0,0,0,0,0,0,0,0
62883,1,1,0,0,0,0,0,0,0,0,0,0
62884,0,1,0,0,0,0,0,0,0,0,0,0
62884,1,1,2,2,2,2,2,2,2,2,2,2
62885,1,1,0,0,0,0,0,0,0,0,0,0
62886,1,1,0,0,0,0,0,0,0,0,0,0
62887,1,1,0,0,0,0,0,0,0,0,0,0
62887,2,1,0,24,0,0,0,0,23,0,0,0
62888,1,1,0,0,0,0,0,15,0,0,11,13
62889,1,1,6,20,25,19,36,17,3,25,22,11
62890,0,1,0,0,0,0,0,0,0,0,0,0
62890,1,1,0,0,0,0,0,0,0,0,0,0
62891,1,1,32,32,32,32,32,32,32,32,32,32
62892,1,1,24,24,24,24,24,24,24,24,24,24
62893,1,1,0,0,0,0,5,0,0,0,0,0
62893,2,1,0,0,0,0,0,0,0,0,0,0
62894,0,1,0,0,0,0,0,0,0,0,0,0
62894,1,1,8,22,16,0,6,14,16,9,5,29
62895,0,1,0,0,0,16,0,0,19,0,0,0
62895,1,1,0,0,0,0,20,0,4,0,0,23
62896,0,1,24,24,24,24,24,24,24,24,24,24
62896,1,1,0,0,0,0,0,0,0,23,0,14
62897,0,1,16,16,16,16,16,16,16,16,16,16
62897,1,1,23,0,19,17,0,0,0,0,13,0
62899,1,1,0,0,0,0,0,0,0,0,0,0
62899,2,1,0,0,0,0,0,16,0,0,0,0
62900,1,1,8,8,8,8,8,8,8,8,8,8
62901,1,1,0,0,0,0,0,0,0,0,0,3
62901,2,1,0,0,0,0,0,0,0,10,0,0
62902,0,1,5,14,0,0,19,27,29,28,22,0
62902,1,1,0,0,0,0,0,0,0,0,0,0
62903,1,1,0,0,0,0,0,0,0,0,0,0
62904,1,1,0,0,0,0,0,0,0,0,0,15
62904,2,1,0,0,0,0,0,0,0,0,0,5
62905,1,1,11,11,11,11,11,11,11,11,11,11
62905,2,1,0,0,0,0,0,0,0,0,0,0
62906,1,1,0,0,0,0,0,0,0,0,0,0
62906,2,1,30,0,0,0,0,9,0,0,0,0
62907,0,1,0,0,0,0,0,0,0,0,0,0
62907,1,1,0,7,0,12,9,20,26,33,19,0
62908,0,1,19,19,19,19,19,19,19,19,19,19
62908,1,1,0,0,0,0,0,0,0,0,0,0
62909,1,1,20,20,20,20,20,20,20,20,20,20
62910,1,1,6,6,6,6,6,6,6,6,6,6
62910,2,1,12,0,0,0,0,0,0,0,0,0
62911,1,1,0,0,0,0,0,0,0,0,0,0
62912,1,1,23,23,23,23,23,23,23,23,23,23
62913,0,1,0,0,0,0,0,0,0,0,0,0
62913,1,1,0,0,0,0,0,0,0,0,0,0
62914,0,1,0,0,0,0,0,0,0,0,0,0
62914,1,1,0,0,0,0,0,0,0,0,0,0
62915,1,1,0,0,0,0,0,0,0,0,0,0
62916,1,1,0,0,0,0,0,0,0,0,0,0
62916,2,1,0,0,0,0,0,0,0,0,0,0
62917,0,1,38,38,38,38,38,38,38,38,38,38
62917,1,1,0,0,0,0,0,0,0,0,0,0
62918,0,1,25,25,25,25,25,25,25,25,25,25
62918,1,1,0,0,22,37,9,36,22,26,25,0
62919,0,1,19,19,19,19,19,19,19,19,19,19
62919,1,1,0,0,0,0,0,0,0,0,0,25
62920,1,1,0,0,0,0,0,0,0,0,0,4
62920,2,1,0,0,0,0,0,0,0,0,0,0
62921,1,1,0,0,0,0,0,0,0,0,0,0
62921,2,1,0,0,0,0,0,0,0,0,0,0
62922,1,1,19,19,19,19,19,19,19,19,19,19
62922,2,1,0,9,0,0,0,0,0,0,0,0
62922,3,1,0,0,0,0,0,0,0,0,0,0
62923,1,1,23,23,23,23,23,23,23,23,23,23
62924,1,1,0,20,30,0,0,0,0,21,0,0
62924,2,1,0,0,0,0,0,0,0,0,0,0
62924,3,1,0,0,18,0,0,0,0,0,0,8
62925,1,1,0,10,8,0,11,0,15,0,0,13
62925,2,1,0,14,28,18,0,0,0,0,0,19
62925,3,1,19,0,21,19,21,0,0,3,7,0
62925,4,1,0,14,0,9,0,12,0,0,0,0
62925,5,1,0,0,0,0,23,0,31,0,14,17
62926,0,1,0,0,0,0,0,0,0,0,0,0