ST_CASE,VEH_NO,PER_NO,P1,P2,P3,P4,P5,P6,P7,P8,P9,P10
62926,1,1,0,0,0,0,0,0,0,0,0,0
62927,1,1,0,0,0,0,0,0,0,0,0,0
62927,2,1,19,10,23,21,14,5,0,0,0,28
62928,1,1,0,0,7,22,0,0,0,0,0,0
62929,1,1,14,0,0,0,0,0,0,0,0,0
62929,2,1,0,0,0,0,0,0,0,0,5,0
62930,1,1,0,0,0,0,0,0,0,0,0,0
62930,2,1,0,0,0,0,0,0,0,0,0,0
62931,1,1,5,11,16,0,0,0,0,0,5,32
62931,2,1,0,0,0,0,0,0,0,0,0,0
62931,3,1,0,0,0,0,12,0,0,0,0,0
62932,0,1,0,0,0,0,0,0,0,0,0,0
62932,1,1,10,0,0,10,0,25,19,7,14,0
62933,1,1,9,9,9,9,9,9,9,9,9,9
62933,2,1,0,0,0,0,0,0,0,0,0,0
62934,0,1,0,0,0,0,0,0,0,0,0,0
62934,1,1,0,0,0,0,0,0,0,0,0,0
62935,0,1,0,12,7,0,12,0,0,0,24,0
62935,1,1,42,0,0,10,0,24,4,24,15,15
62936,0,1,0,0,0,0,0,0,0,0,0,0
62936,1,1,0,0,4,0,3,0,13,0,18,0
62937,0,1,25,25,25,25,25,25,25,25,25,25
62937,1,1,0,0,0,0,0,0,0,0,0,0
62938,1,1,0,0,0,0,0,0,0,0,0,0
62938,2,1,0,0,0,0,0,0,0,0,0,0
62939,0,1,44,44,44,44,44,44,44,44,44,44
62939,1,1,0,0,0,0,0,0,0,0,0,15
62940,1,1,0,0,0,0,0,0,0,0,0,0
62940,2,1,24,24,24,24,24,24,24,24,24,24
62941,1,1,0,0,0,0,0,0,0,0,0,0
62942,0,1,0,0,0,0,0,0,15,0,0,0
62942,0,2,0,0,0,0,0,0,0,0,0,0
62942,1,1,0,0,0,0,0,0,0,0,0,0
62943,1,1,0,0,0,0,0,0,0,0,0,0
62943,2,1,0,0,0,0,0,0,0,0,0,0
62944,0,1,0,0,0,0,0,0,0,0,0,0
62944,1,1,0,0,0,0,0,0,0,0,0,0
62945,1,1,0,0,0,0,0,0,0,0,0,0
62946,0,1,15,15,15,15,15,15,15,15,15,15
62946,1,1,0,19,0,10,0,13,16,0,0,9
62947,1,1,0,0,0,0,0,0,0,0,0,0
62948,1,1,0,22,38,26,0,35,25,0,11,0
62949,0,1,1,1,1,1,1,1,1,1,1,1
62949,1,1,28,11,15,0,7,15,12,11,15,9
62950,0,1,0,0,0,0,0,0,0,0,0,0
62950,1,1,0,0,0,0,0,0,0,0,0,0
62950,2,1,0,0,0,0,0,0,0,0,0,0
62951,0,1,0,21,7,0,0,20,0,0,0,0
62951,1,1,24,16,0,0,0,13,0,16,0,0
62952,1,1,0,0,0,0,0,0,0,0,0,0
62953,1,1,0,0,0,0,0,0,0,0,0,0
62954,0,1,0,15,22,0,19,0,0,0,0,0
62954,1,1,0,0,22,0,0,4,0,0,0,0
62955,0,1,0,0,0,0,0,0,0,0,0,0
62955,1,1,15,0,0,0,0,0,0,0,0,0
62956,1,1,0,0,0,0,0,0,0,0,0,0
62956,2,1,0,0,0,0,0,0,0,0,22,31
62956,3,1,0,0,0,0,19,0,0,0,0,0
62957,0,1,0,0,0,0,0,0,0,0,0,0
62957,1,1,14,13,13,9,6,21,16,7,9,13
62958,0,1,0,0,0,0,0,0,0,0,0,0
62958,1,1,0,0,0,0,0,0,0,0,0,0
62958,2,1,0,0,0,0,0,0,0,0,0,0
62958,3,1,0,19,0,0,0,0,0,0,0,0
62959,0,1,0,0,0,0,0,0,0,0,0,0
62959,1,1,0,0,0,0,0,0,0,0,0,0
62960,0,1,0,0,0,0,0,0,0,0,0,0
62960,1,1,0,0,0,0,0,0,0,0,0,0
62961,0,1,0,0,0,0,0,0,0,0,0,0
62961,1,1,0,0,0,0,0,0,0,0,0,0
62961,2,1,0,0,0,15,0,0,0,0,0,0
62962,1,1,0,0,0,0,0,0,0,0,0,0
62963,1,1,6,6,6,6,6,6,6,6,6,6
62964,0,1,0,0,0,0,0,0,0,0,0,0
62964,1,1,0,0,0,0,0,0,0,0,0,0
62964,2,1,0,0,0,0,0,0,0,0,0,0
62965,0,1,14,14,14,14,14,14,14,14,14,14
62965,1,1,0,0,0,0,0,0,0,13,0,0
62966,0,1,0,0,0,0,0,0,0,0,0,0
62966,1,1,0,0,0,0,0,0,0,0,0,0
62967,1,1,0,0,0,0,0,0,0,0,0,0
62967,2,1,0,0,0,0,0,0,0,0,0,0
62968,1,1,25,18,0,16,0,0,0,0,0,0
62969,1,1,0,0,0,0,0,0,0,0,0,0
62969,2,1,0,0,0,0,0,0,0,0,0,0
62970,1,1,0,0,0,0,0,0,0,14,0,20
62970,2,1,0,0,0,0,0,0,0,0,0,0
62971,0,1,21,17,36,14,30,0,0,24,0,34
62971,1,1,0,0,0,0,0,0,0,0,0,0
62972,0,1,0,0,0,0,0,0,0,0,0,0
62972,1,1,0,0,0,0,0,0,0,0,0,0
62973,0,1,33,16,0,0,0,19,27,0,0,18
62973,1,1,0,0,0,0,0,0,0,0,0,0
62974,1,1,0,0,0,0,0,0,0,0,0,0
62974,2,1,0,0,6,0,20,0,0,0,0,11
62974,3,1,0,0,0,0,0,0,0,0,0,0
62975,0,1,0,0,0,0,0,0,0,0,0,0
62975,1,1,0,0,0,0,0,0,0,0,0,0
62976,1,1,0,0,0,0,0,0,0,0,0,0
62976,2,1,0,0,0,0,0,0,0,0,0,0
62977,1,1,0,0,0,0,0,0,0,0,0,0
62978,1,1,6,6,6,6,6,6,6,6,6,6
62978,2,1,0,0,0,0,0,0,0,0,0,0
62979,0,1,0,0,0,0,0,0,0,0,0,0
62979,1,1,17,21,10,21,12,10,9,34,17,18
62980,1,1,0,0,0,0,0,0,0,0,0,0
62980,2,1,0,0,0,0,0,0,0,0,0,0
62981,0,1,15,15,15,15,15,15,15,15,15,15
62981,1,1,0,0,0,0,0,0,0,0,0,0
62982,0,1,0,0,0,0,0,0,0,0,0,0
62982,1,1,0,0,0,0,0,0,0,0,0,0
62983,1,1,0,9,16,0,8,7,0,32,26,0
62983,2,1,10,13,25,11,8,3,18,9,5,13
62984,1,1,0,0,0,0,0,0,0,0,0,0
62984,2,1,0,0,0,0,0,0,0,0,0,0
62985,1,1,0,0,0,0,0,7,0,0,0,0
62985,2,1,0,0,0,0,0,0,0,0,0,0
62986,0,1,14,23,0,0,0,0,0,0,21,10
62986,1,1,0,0,0,0,0,0,0,0,0,0
62987,1,1,7,14,6,0,0,0,0,7,0,0
62987,2,1,0,0,0,0,0,0,0,0,0,0
62988,0,1,0,0,0,0,0,0,0,0,0,0
62988,1,1,0,0,0,0,0,0,0,0,0,0
62989,1,1,0,1,0,0,0,0,0,0,0,0
62989,2,1,0,0,0,0,0,0,0,0,0,0
62990,0,1,0,0,0,0,0,0,0,0,0,0
62990,1,1,4,4,4,4,4,4,4,4,4,4
62991,0,1,0,0,0,0,0,0,0,0,0,0
62991,1,1,0,0,0,5,0,0,13,0,8,0
62992,1,1,18,18,18,18,18,18,18,18,18,18
62992,2,1,0,0,0,0,0,0,0,6,0,0
62992,3,1,0,16,0,23,0,0,0,0,0,0
62992,4,1,0,0,0,0,0,0,0,0,0,9
62992,5,1,0,0,0,0,21,0,0,0,0,0
62993,0,1,0,0,0,0,0,0,0,0,0,9
62993,1,1,0,0,0,0,0,0,0,0,0,0
62994,1,1,0,0,0,0,0,0,0,0,0,0
62994,2,1,0,0,0,0,0,0,10,0,0,0
62995,1,1,0,0,0,0,0,0,0,0,0,0
62996,1,1,0,0,0,0,0,0,0,0,0,0
62997,0,1,0,0,0,0,0,0,0,0,0,0
62997,1,1,0,24,6,0,0,14,0,0,0,0
62998,1,1,0,0,0,0,0,0,0,0,0,0
62998,2,1,0,0,0,0,0,0,0,0,0,0
62999,0,1,0,0,0,0,0,0,0,0,0,0
62999,1,1,0,0,0,0,0,0,0,0,0,0
63000,1,1,19,19,19,19,19,19,19,19,19,19
63001,0,1,0,0,13,0,0,30,0,0,0,9
63001,1,1,0,0,0,0,0,0,0,0,0,0
63002,1,1,0,0,0,0,0,0,0,0,0,0
63002,2,1,0,0,0,0,0,0,0,0,0,0
63003,1,1,15,15,15,15,15,15,15,15,15,15
63004,1,1,15,15,15,15,15,15,15,15,15,15
63005,1,1,11,0,5,0,18,7,0,2,0,0
63005,2,1,15,26,0,0,0,0,4,0,18,24
63005,3,1,0,0,0,0,7,0,0,0,0,0
63005,4,1,0,0,0,0,14,0,0,0,0,0
63005,5,1,0,0,0,0,0,0,0,0,0,9
63006,0,1,0,0,0,0,0,0,0,0,0,0
63006,1,1,17,17,17,17,17,17,17,17,17,17
63007,1,1,12,0,0,0,0,0,0,0,0,0
63008,1,1,0,0,0,0,0,0,0,0,0,0
63009,1,1,0,7,0,0,12,14,19,0,0,0
63010,0,1,0,0,0,0,18,9,0,8,0,0
63010,1,1,0,0,0,0,0,0,0,0,0,0
63011,1,1,0,0,0,0,0,0,0,0,0,0
63012,0,1,13,0,12,0,0,30,0,0,0,19
63012,1,1,0,0,0,0,0,0,0,0,0,0
63014,1,1,0,0,0,0,0,8,0,0,0,0
63015,1,1,0,0,3,4,0,11,0,12,11,0
63015,2,1,0,11,19,0,15,0,0,0,0,15
63016,1,1,0,0,0,0,0,0,0,0,0,0
63016,2,1,0,8,0,0,0,0,0,0,16,0
63017,1,1,29,9,20,0,19,0,0,0,0,0
63017,2,1,0,5,0,0,0,0,10,0,0,16
63018,1,1,28,14,0,0,0,0,0,0,13,13
63019,0,1,0,0,0,0,0,0,0,0,0,0
63019,1,1,0,0,0,0,0,0,0,0,0,0
63020,1,1,6,6,6,6,6,6,6,6,6,6
63020,2,1,0,0,0,0,0,0,0,0,0,0
63021,1,1,19,19,19,19,19,19,19,19,19,19
63021,2,1,0,0,0,7,0,0,0,0,0,0
63022,0,1,0,0,0,0,0,0,0,0,0,0
63022,1,1,0,0,0,0,0,0,0,0,0,0
63023,1,1,11,11,11,11,11,11,11,11,11,11
63024,1,1,0,0,0,0,0,0,0,0,0,0
63025,1,1,27,27,27,27,27,27,27,27,27,27
63026,1,1,0,0,0,0,0,0,0,0,0,0
63027,1,1,0,0,0,0,0,0,0,0,0,0
63027,2,1,0,0,0,0,0,0,0,0,0,0
63028,1,1,0,0,0,0,0,0,0,0,0,0
63029,0,1,0,0,12,0,0,0,0,13,0,10
63029,1,1,0,0,0,0,0,0,0,0,0,0
63030,0,1,0,0,0,0,0,0,0,0,0,0
63030,1,1,0,0,0,0,0,0,0,0,0,0
63031,0,1,0,0,0,0,0,0,0,0,0,0
63031,1,1,0,0,0,0,0,0,0,0,0,0
63032,1,1,0,0,0,0,0,0,0,25,0,0
63032,2,1,0,0,0,0,0,0,0,0,0,0
63033,0,1,0,0,0,0,0,0,0,0,0,0
63033,1,1,0,16,5,41,12,0,20,15,0,0
63034,1,1,21,0,9,22,16,22,12,6,4,8
63035,0,1,0,0,0,0,0,0,0,0,0,0
63035,1,1,0,0,23,18,0,0,0,0,0,5
63036,0,1,0,0,0,0,0,0,0,0,0,0
63036,1,1,0,0,0,0,0,0,0,0,0,0
63037,1,1,0,0,0,0,0,0,0,0,0,0
63038,0,1,0,0,0,0,0,0,0,0,0,0
63038,0,2,0,0,0,0,0,0,0,0,0,0
63038,1,1,11,0,13,10,33,23,11,15,0,0
63039,1,1,0,0,0,0,0,0,0,0,0,0
63040,0,1,0,0,0,0,0,0,0,0,0,0
63040,1,1,10,0,27,27,0,0,0,0,16,0
63041,0,1,0,0,0,0,0,0,0,0,0,0
63041,1,1,0,0,0,0,0,0,0,0,0,0
63042,0,1,0,0,0,0,0,0,0,0,0,0
63042,1,1,0,0,0,0,0,0,0,0,0,0
63043,0,1,0,0,0,0,0,0,0,0,0,0
63043,1,1,0,0,0,0,0,0,9,0,0,0
63044,1,1,4,4,4,4,4,4,4,4,4,4
63044,2,1,0,0,0,0,0,0,0,0,0,0
63044,3,1,0,0,0,0,0,13,0,0,0,0
63044,4,1,0,0,0,0,0,0,0,0,0,0
63045,1,1,15,15,15,15,15,15,15,15,15,15
63045,2,1,0,0,0,0,0,0,0,0,0,0
63046,0,1,0,0,0,0,0,0,0,0,0,0
63046,1,1,0,0,0,0,0,0,0,0,0,0
63047,0,1,0,0,0,0,0,0,0,0,0,0
63047,1,1,5,5,5,5,5,5,5,5,5,5
63048,1,1,7,7,7,7,7,7,7,7,7,7
63049,1,1,0,0,0,0,0,0,0,0,0,0
63049,2,1,0,0,0,0,0,0,0,0,19,0
63050,0,1,0,0,0,0,0,0,0,0,0,0
63050,1,1,0,0,0,0,0,0,0,0,0,0
63051,1,1,0,0,0,0,0,0,0,0,0,0
63052,1,1,0,0,0,0,0,0,0,0,0,0
63053,0,1,4,4,4,4,4,4,4,4,4,4
63053,1,1,0,0,18,0,0,0,0,0,0,0
63054,1,1,0,0,0,0,22,0,0,18,0,0
63054,2,1,0,0,0,0,0,0,0,0,0,0
63055,0,1,12,12,12,12,12,12,12,12,12,12
63055,1,1,0,11,0,0,24,22,0,16,0,0
63056,0,1,0,0,0,0,0,0,0,0,0,0
63056,1,1,0,0,0,0,0,0,0,0,0,0
63056,2,1,0,0,0,0,0,0,0,0,0,0
63057,1,1,0,0,0,0,0,0,0,0,0,0
63057,2,1,6,6,10,3,0,0,13,14,0,17
63058,0,1,0,0,0,0,0,0,0,0,0,0
63058,1,1,0,0,0,0,0,0,0,0,0,0
63059,0,1,0,0,0,0,0,0,0,0,0,0
63059,1,1,0,15,0,0,17,0,0,11,0,0
63060,1,1,0,0,0,9,0,0,0,0,0,24
63060,2,1,31,24,0,18,0,0,0,0,0,0
63061,0,1,0,0,0,0,0,0,0,0,0,0
63061,1,1,17,0,0,0,0,0,15,0,0,29
63062,0,1,2,2,2,2,2,2,2,2,2,2
63062,1,1,0,0,0,0,0,0,0,0,0,0
63063,1,1,11,11,11,11,11,11,11,11,11,11
63063,2,1,0,0,0,0,0,0,0,0,6,0
63064,1,1,15,0,0,0,0,0,0,0,0,0
63064,2,1,0,0,0,0,0,0,0,0,0,0
63065,0,1,0,0,0,0,0,0,0,0,0,0
63065,1,1,0,16,0,0,0,0,0,0,0,0
63066,0,1,0,0,0,0,0,0,0,0,0,0
63066,1,1,0,0,0,0,0,0,0,0,0,0
63067,0,1,0,0,0,0,22,0,0,0,0,0
63067,1,1,0,0,0,0,0,0,0,0,0,0
63068,1,1,23,31,0,15,0,0,0,13,22,30
63068,2,1,0,0,0,0,0,0,0,0,0,0
63069,1,1,0,0,0,0,0,0,0,0,0,0
63070,1,1,16,17,0,0,27,0,12,6,5,0
63071,0,1,0,0,0,0,0,0,0,0,0,0
63071,1,1,0,0,0,0,0,0,0,0,0,0
63072,0,1,0,15,0,0,0,0,0,0,0,0
63072,1,1,0,0,0,0,0,0,0,0,0,0
63073,0,1,0,0,0,0,0,0,0,0,0,0
63073,1,1,0,19,0,27,11,0,4,0,20,23
63074,1,1,29,29,29,29,29,29,29,29,29,29
63074,2,1,0,0,0,0,0,0,0,0,0,0
63075,0,1,0,0,0,0,14,0,15,0,0,17
63075,0,2,0,0,22,0,0,0,0,0,0,0
63075,1,1,0,0,0,0,0,0,0,0,0,0
63076,0,1,0,0,43,0,0,0,21,0,0,0
63076,1,1,0,0,0,0,0,0,0,0,0,0
63077,1,1,0,0,0,0,26,0,0,0,0,0
63077,2,1,0,0,0,0,0,0,0,0,0,0
63078,1,1,0,0,0,0,0,0,0,0,0,0
63079,0,1,17,17,17,17,17,17,17,17,17,17
63079,1,1,0,0,0,0,0,0,0,0,0,0
63080,0,1,10,10,10,10,10,10,10,10,10,10
63080,1,1,0,0,0,0,0,0,0,0,0,0
63081,1,1,0,0,0,0,0,0,0,0,0,0
63082,1,1,0,0,0,0,0,0,0,0,0,0
63082,2,1,0,0,0,0,0,0,0,0,0,0
63083,0,1,0,0,0,0,0,0,0,0,0,0
63083,1,1,0,0,0,0,0,0,0,0,0,0
63084,1,1,16,16,16,16,16,16,16,16,16,16
63085,1,1,0,0,0,0,0,0,0,0,0,0
63086,1,1,0,0,0,0,0,0,0,0,0,0
63087,0,1,19,0,0,0,0,0,6,3,34,43
63087,1,1,0,0,0,6,8,24,0,13,20,24
63087,2,1,0,0,3,0,0,0,0,0,0,0
63087,3,1,0,0,0,0,0,45,0,0,0,15
63088,0,1,0,0,0,0,0,0,0,0,0,0
63088,1,1,0,0,0,0,0,0,0,0,0,0
63089,1,1,9,9,9,9,9,9,9,9,9,9
63089,2,1,0,0,0,0,0,0,0,0,0,0
63090,0,1,0,0,0,0,0,0,0,0,0,0
63090,1,1,0,0,0,0,0,0,0,0,0,0
63091,0,1,0,0,0,0,0,0,0,0,0,0
63091,1,1,2,2,2,2,2,2,2,2,2,2
63092,1,1,0,0,0,0,0,0,0,0,0,0
63092,2,1,0,0,0,0,0,0,0,0,0,0
63093,0,1,0,0,0,0,0,0,0,0,0,0
63093,1,1,0,0,0,0,0,0,0,0,0,0
63094,1,1,24,24,24,24,24,24,24,24,24,24
63094,2,1,0,0,0,0,0,0,0,0,0,0
63095,1,1,0,0,0,0,0,0,0,0,0,0
63095,2,1,0,0,0,0,0,0,0,0,0,0
63096,0,1,0,0,0,0,0,0,0,0,0,0
63096,1,1,0,0,0,0,0,0,0,0,0,0
63097,0,1,0,0,0,0,9,0,20,13,0,0
63097,0,2,0,0,0,0,0,0,0,0,0,0
63097,1,1,0,0,0,0,0,0,0,0,0,19
63098,0,1,0,0,0,0,0,0,0,0,0,0
63098,1,1,0,32,7,0,0,13,21,9,0,27
63100,1,1,0,0,0,0,0,0,0,0,0,0
63100,2,1,0,0,0,0,0,0,0,0,0,0
63101,0,1,0,0,0,0,0,0,0,0,0,0
63101,1,1,0,0,0,0,0,0,0,0,0,0
63102,0,1,23,23,23,23,23,23,23,23,23,23
63102,1,1,0,0,0,0,0,0,0,0,0,0
63103,1,1,3,3,3,3,3,3,3,3,3,3
63104,1,1,10,10,10,10,10,10,10,10,10,10
63104,2,1,0,0,0,0,0,0,0,0,0,0
63105,1,1,15,15,15,15,15,15,15,15,15,15
63105,2,1,0,0,0,0,0,0,0,0,0,0
63106,0,1,0,0,0,0,0,0,0,0,0,0
63106,1,1,0,0,0,0,0,0,0,0,0,0
63107,0,1,0,0,0,0,0,0,0,0,0,0
63107,1,1,0,0,0,0,0,0,0,0,0,0
63108,1,1,17,17,17,17,17,17,17,17,17,17
63108,2,1,0,13,0,0,0,12,0,0,0,0
63109,1,1,0,0,0,25,0,0,0,0,0,0
63109,2,1,0,0,0,0,0,0,0,0,0,0
63110,0,1,0,0,0,0,0,0,0,0,0,0
63110,1,1,22,15,0,18,21,0,15,24,6,0
63111,1,1,22,22,22,22,22,22,22,22,22,22
63112,1,1,0,0,0,0,0,0,0,0,0,0
63113,1,1,8,8,8,8,8,8,8,8,8,8
63113,2,1,0,0,0,0,0,0,0,0,0,0
63114,0,1,14,9,0,0,19,0,0,0,26,10
63114,1,1,0,0,0,0,0,0,0,0,0,10
63115,1,1,0,0,0,0,23,0,0,0,0,0
63115,2,1,0,6,0,0,0,0,0,16,0,0
63116,1,1,0,0,0,4,14,16,0,19,0,0
63116,2,1,0,0,0,0,0,0,0,0,0,0
63117,0,1,38,38,38,38,38,38,38,38,38,38
63117,1,1,22,0,0,0,0,0,0,0,0,8
63118,1,1,0,0,0,0,0,0,0,0,0,0
63119,1,1,21,21,21,21,21,21,21,21,21,21
63119,2,1,0,0,0,0,11,0,0,0,0,0
63120,1,1,20,20,20,20,20,20,20,20,20,20
63121,1,1,0,0,0,0,0,0,0,0,0,0
63122,0,1,0,0,25,0,0,21,0,0,4,0
63122,1,1,0,0,0,0,0,0,0,0,0,0
63123,1,1,5,5,5,5,5,5,5,5,5,5
63124,1,1,0,0,0,0,0,0,0,0,0,0
63124,2,1,0,0,0,0,0,0,0,0,0,0
63125,1,1,0,0,19,9,0,0,0,0,0,29
63126,1,1,0,0,0,0,0,0,0,0,0,0
63127,1,1,0,0,0,0,0,0,0,0,0,0
63127,2,1,0,0,0,0,0,0,0,0,0,0
63127,3,1,0,0,0,0,0,0,0,0,0,0
63128,0,1,49,49,49,49,49,49,49,49,49,49
63128,1,1,0,0,0,0,0,0,0,0,0,0
63129,1,1,0,0,0,0,0,0,23,0,0,0
63129,2,1,25,0,0,10,0,0,0,7,0,0
63130,0,1,0,0,0,0,0,0,0,0,0,0
63130,1,1,0,0,0,0,0,0,0,0,0,0
63131,1,1,0,0,9,30,13,0,0,0,0,0
63132,1,1,0,0,0,0,0,0,0,0,0,0
63132,2,1,0,0,0,0,0,0,0,0,0,0
63133,1,1,0,0,0,0,0,0,0,0,0,0
63133,2,1,0,0,0,0,0,0,0,0,0,0
63134,1,1,0,0,0,0,0,0,0,0,22,0
63134,2,1,0,0,0,0,0,0,0,0,0,0
63135,0,1,0,0,0,0,0,0,0,0,0,0
63135,1,1,0,0,0,15,0,0,10,0,0,0
63136,0,1,0,0,0,0,0,0,0,0,0,0
63136,1,1,8,13,0,9,9,0,8,25,19,18
63137,0,1,29,29,29,29,29,29,29,29,29,29
63137,1,1,0,0,0,0,0,21,0,0,0,0
63138,1,1,16,16,16,16,16,16,16,16,16,16
63139,0,1,0,0,0,0,0,0,0,0,0,0
63139,1,1,23,23,23,23,23,23,23,23,23,23
63140,0,1,0,0,0,0,0,0,0,0,0,0
63140,1,1,0,0,0,0,0,0,0,6,0,0
63141,1,1,0,0,0,0,0,0,0,0,0,0
63141,2,1,0,0,0,0,0,0,0,0,0,0
63142,1,1,3,3,3,3,3,3,3,3,3,3
63142,2,1,0,0,0,0,0,0,0,0,0,0
63143,1,1,0,0,0,0,0,0,0,0,0,0
63144,1,1,0,0,0,0,0,0,0,0,0,0
63144,2,1,0,0,0,0,0,0,4,0,0,0
63145,1,1,0,0,0,0,0,0,0,0,0,0
63145,3,1,0,0,0,0,0,0,0,0,0,0
63145,4,1,0,0,0,0,0,0,0,0,0,0
63145,5,1,0,7,0,11,15,0,0,12,0,0
63146,1,1,0,0,17,32,14,0,10,0,19,11
63147,0,1,22,22,22,22,22,22,22,22,22,22
63147,1,1,10,0,16,8,0,20,0,22,0,0
63148,1,1,0,0,0,0,0,0,0,0,0,0
63148,2,1,0,0,0,0,0,0,0,0,0,0
63149,1,1,29,18,6,23,24,14,26,6,12,11
63149,2,1,0,0,0,0,0,0,0,0,0,0
63150,1,1,0,0,0,0,0,0,0,0,0,0
63151,1,1,0,0,0,0,0,0,0,0,0,0
63151,2,1,0,0,0,0,0,0,0,0,0,0
63151,3,1,0,0,0,0,0,0,0,0,0,0
63151,4,1,0,0,0,0,0,0,0,0,0,0
63151,5,1,0,0,0,0,0,0,0,0,0,0
63151,6,1,0,0,0,0,0,0,0,0,0,0
63152,1,1,0,0,0,0,0,0,0,0,0,0
63153,1,1,0,0,0,0,0,0,0,0,0,0
63153,2,1,0,0,0,0,0,0,0,0,0,0
63154,0,1,0,0,0,0,0,0,0,0,0,0
63154,1,1,0,0,0,0,0,0,0,0,0,0
63154,2,1,17,23,0,0,0,11,20,0,15,0
63155,0,1,23,23,23,23,23,23,23,23,23,23
63155,1,1,0,0,0,0,0,0,0,0,0,0
63156,0,1,0,0,0,0,0,0,0,0,0,0
63156,1,1,0,0,0,0,0,0,0,0,0,0
63157,1,1,0,0,0,0,0,0,0,4,0,0
63158,1,1,28,28,28,28,28,28,28,28,28,28
63159,1,1,0,0,0,0,0,0,0,0,0,0
63159,2,1,0,0,0,0,0,0,0,0,0,0
63160,1,1,0,0,8,0,3,22,0,0,0,0
63161,1,1,0,6,45,23,0,0,0,11,0,0
63162,0,1,0,0,0,0,0,0,0,0,0,0
63162,1,1,0,0,0,0,0,0,0,0,0,0
63162,2,1,0,0,0,0,0,0,0,0,0,0
63162,3,1,0,0,0,0,0,0,0,0,0,0
63163,0,1,0,0,0,0,0,0,0,0,0,0
63163,0,2,0,4,0,40,0,27,0,0,28,0
63163,1,1,0,0,0,0,0,0,0,0,0,0
63164,1,1,10,0,0,0,0,0,0,0,0,0
63164,2,1,0,0,0,0,0,0,0,0,0,0
63165,0,1,0,0,0,0,0,0,0,0,0,0
63165,1,1,0,0,0,0,0,0,0,0,0,0
63166,0,1,0,0,0,0,0,0,0,0,0,0
63166,1,1,0,0,0,0,0,0,0,0,0,0
63167,0,1,0,0,0,0,0,0,0,0,0,0
63167,1,1,0,0,0,0,0,0,0,0,0,0
63168,0,1,27,27,27,27,27,27,27,27,27,27
63168,1,1,0,0,0,0,0,0,0,0,0,0
63169,1,1,0,0,0,0,14,0,0,0,0,0
63169,2,1,0,0,0,0,0,0,0,0,0,0
63170,0,1,2,2,2,2,2,2,2,2,2,2
63170,1,1,6,24,10,41,0,0,8,13,0,9
63171,0,1,0,12,37,0,0,0,0,0,24,0
63171,0,2,0,0,0,0,0,0,0,21,0,0
63171,1,1,31,31,31,31,31,31,31,31,31,31
63172,1,1,0,0,0,0,0,0,0,0,0,0
63173,0,1,0,0,0,0,0,0,0,0,0,0
63173,1,1,0,0,0,12,25,0,0,14,11,0
63174,0,1,0,0,0,0,0,0,24,0,0,0
63174,1,1,0,0,0,0,0,0,0,0,0,0
63175,1,1,25,25,25,25,25,25,25,25,25,25
63176,1,1,2,2,2,2,2,2,2,2,2,2
63176,2,1,0,0,0,0,0,17,0,0,0,0
63177,0,1,0,0,0,0,0,0,0,0,0,0
63177,1,1,0,0,0,0,0,0,13,0,0,0
63178,0,1,20,20,20,20,20,20,20,20,20,20
63178,1,1,0,0,0,0,0,28,0,0,0,0
63179,0,1,0,0,0,0,21,0,0,0,16,29
63179,1,1,0,0,0,0,0,0,0,0,0,0
63180,0,1,0,0,0,0,0,0,0,0,0,0
63180,1,1,9,0,0,12,17,0,20,0,9,0
63181,0,1,0,0,0,0,0,0,0,0,0,0
63181,1,1,0,22,0,0,0,0,0,17,0,0
63182,1,1,0,0,0,0,0,0,0,0,0,0
63182,2,1,0,0,0,0,0,0,0,0,0,0
63183,1,1,0,0,0,0,0,0,0,0,0,0
63183,2,1,0,0,0,0,0,0,0,0,0,0
63184,1,1,19,19,19,19,19,19,19,19,19,19
63185,0,1,0,0,0,0,0,0,0,0,0,0
63185,1,1,0,0,22,0,23,0,0,0,0,0
63186,0,1,1,1,1,1,1,1,1,1,1,1
63186,1,1,0,0,0,0,0,0,0,0,0,0
63187,0,1,34,34,34,34,34,34,34,34,34,34
63187,1,1,0,0,0,8,0,0,0,0,0,0
63188,0,1,0,0,0,0,0,0,0,0,0,0
63188,1,1,0,18,30,16,19,0,22,34,23,0
63189,0,1,26,26,26,26,26,26,26,26,26,26
63189,1,1,0,0,0,10,0,0,0,0,0,0
63190,0,1,0,0,0,0,0,0,0,0,0,0
63190,1,1,0,0,0,0,0,0,0,0,0,0
63190,2,1,0,0,0,12,21,2,9,0,0,0
63191,0,1,0,0,0,0,0,0,0,0,0,0
63191,1,1,0,0,0,0,0,0,0,0,0,0
63192,0,1,18,18,18,18,18,18,18,18,18,18
63192,1,1,0,0,0,0,0,0,0,0,0,0
63193,1,1,12,12,12,12,12,12,12,12,12,12
63194,0,1,10,10,10,10,10,10,10,10,10,10
63194,1,1,0,0,0,0,0,0,0,0,0,0
63195,0,1,0,0,0,0,0,0,0,0,0,0
63195,1,1,0,0,0,0,0,0,0,0,0,0
63197,0,1,0,0,0,0,0,0,0,0,0,0
63197,1,1,18,21,16,17,11,17,0,0,17,0
63198,1,1,22,22,22,22,22,22,22,22,22,22
63199,1,1,0,0,0,0,0,0,0,0,0,0
63200,1,1,0,0,0,0,0,0,0,0,0,0
63200,2,1,0,0,0,0,0,0,0,0,0,0
63201,1,1,0,0,0,0,0,0,0,0,0,0
63201,2,1,0,0,0,0,0,0,0,0,0,0
63202,0,1,0,0,0,0,0,0,0,0,0,0