ST_CASE,VEH_NO,PER_NO,P1,P2,P3,P4,P5,P6,P7,P8,P9,P10
63202,1,1,0,0,0,13,0,0,0,0,0,0
63203,0,1,11,11,11,11,11,11,11,11,11,11
63203,1,1,0,0,3,3,8,0,0,0,0,24
63204,0,1,0,0,0,0,0,0,0,0,0,0
63204,1,1,0,0,0,0,0,0,0,0,0,0
63205,0,1,0,0,0,0,0,0,0,0,0,0
63205,1,1,0,0,0,0,0,0,0,0,0,0
63206,1,1,0,0,0,0,0,0,0,0,0,0
63207,0,1,0,0,0,0,0,0,0,0,0,0
63207,1,1,0,0,13,26,0,0,0,0,0,0
63208,0,1,27,27,27,27,27,27,27,27,27,27
63208,1,1,19,0,17,36,10,17,11,56,15,0
63209,1,1,0,0,0,0,17,0,0,0,0,0
63210,1,1,0,0,0,0,0,0,0,0,0,0
63210,2,1,0,0,0,0,0,0,0,0,0,0
63211,0,1,0,0,0,0,0,0,0,0,0,0
63211,1,1,0,0,0,0,0,0,0,0,0,0
63212,1,1,3,3,3,3,3,3,3,3,3,3
63212,2,1,0,0,4,0,0,0,0,12,0,0
63213,0,1,0,0,0,0,0,0,0,0,0,0
63213,1,1,0,29,10,0,9,0,0,0,0,0
63213,2,1,0,0,0,0,0,0,0,0,0,0
63214,1,1,0,0,0,0,0,0,0,0,0,0
63214,2,1,16,0,0,0,0,0,0,0,0,0
63215,1,1,0,0,0,0,0,0,0,0,0,0
63215,2,1,5,5,5,5,5,5,5,5,5,5
63216,0,1,0,0,0,0,0,0,0,0,0,0
63216,1,1,5,5,5,5,5,5,5,5,5,5
63217,1,1,0,0,0,0,0,0,0,0,0,0
63218,1,1,29,29,29,29,29,29,29,29,29,29
63219,0,1,0,0,0,0,0,0,0,0,0,0
63219,0,2,0,0,0,0,0,0,0,0,0,0
63219,1,1,0,0,0,46,0,0,0,11,0,25
63220,1,1,21,21,21,21,21,21,21,21,21,21
63221,1,1,0,0,0,0,0,0,0,0,0,0
63222,0,1,26,26,26,26,26,26,26,26,26,26
63222,1,1,12,0,22,0,16,0,0,28,0,7
63223,1,1,0,0,0,0,0,0,0,0,0,0
63223,2,1,0,0,0,0,0,10,0,0,0,0
63224,1,1,23,14,5,4,9,6,0,32,16,3
63224,2,1,0,0,0,0,0,0,0,0,0,0
63225,1,1,0,0,0,0,0,8,0,0,10,0
63225,2,1,0,0,0,0,0,0,0,0,0,0
63225,3,1,0,0,0,0,0,0,0,0,0,0
63225,4,1,0,0,0,0,0,0,0,0,0,0
63226,1,1,0,0,0,0,0,0,0,0,0,0
63226,2,1,0,0,0,0,0,0,0,0,0,0
63226,3,1,0,0,0,0,0,0,0,0,0,0
63226,4,1,0,0,0,0,0,0,0,0,0,0
63227,0,1,21,25,36,14,26,15,16,20,18,19
63227,1,1,0,6,0,0,0,0,0,0,29,0
63228,1,1,0,0,0,0,0,0,0,0,0,0
63228,3,1,0,0,0,0,0,0,0,0,0,0
63229,0,1,0,0,0,0,0,0,0,0,0,0
63229,1,1,0,0,0,0,0,0,8,0,0,0
63230,0,1,0,0,0,0,0,0,0,0,0,0
63230,1,1,9,24,0,0,0,0,0,22,0,0
63230,2,1,9,6,11,12,5,0,0,0,0,0
63230,3,1,9,8,10,25,12,0,0,0,0,0
63230,4,1,14,5,10,10,12,19,13,0,14,8
63231,1,1,20,20,20,20,20,20,20,20,20,20
63231,2,1,11,21,32,7,7,36,0,15,0,10
63232,1,1,0,0,0,0,0,0,0,0,0,0
63232,2,1,0,0,0,0,0,0,0,0,0,0
63233,0,1,16,16,16,16,16,16,16,16,16,16
63233,1,1,0,0,0,0,0,0,0,0,0,0
63235,1,1,0,0,0,0,0,0,0,0,0,0
63236,0,1,0,0,0,0,0,0,0,0,0,0
63236,1,1,0,0,0,0,0,0,0,0,0,0
63237,0,1,0,0,0,0,0,0,0,0,0,0
63237,1,1,13,13,13,13,13,13,13,13,13,13
63238,1,1,0,0,12,0,0,15,0,0,0,6
63238,2,1,4,4,4,4,4,4,4,4,4,4
63239,1,1,0,0,0,0,0,0,0,0,0,0
63239,2,1,3,3,3,3,3,3,3,3,3,3
63240,0,1,0,0,0,0,0,0,0,0,0,0
63240,1,1,0,0,0,0,0,0,0,0,0,0
63241,1,1,0,0,0,0,0,0,0,0,0,0
63241,2,1,0,0,0,23,0,0,0,0,0,0
63241,3,1,0,0,0,0,0,0,0,0,0,0
63242,0,1,8,8,8,8,8,8,8,8,8,8
63242,1,1,0,0,0,0,0,0,25,0,0,0
63243,1,1,0,0,0,0,0,0,0,0,0,0
63244,0,1,9,9,9,9,9,9,9,9,9,9
63244,1,1,18,6,0,0,23,0,0,0,0,0
63245,1,1,16,0,0,0,15,0,0,0,0,0
63245,2,1,0,0,0,0,0,0,0,0,0,0
63246,1,1,0,0,0,0,0,0,0,0,0,0
63246,2,1,0,0,0,0,0,0,0,0,0,0
63247,1,1,0,0,0,0,0,0,0,0,0,0
63247,2,1,17,17,17,17,17,17,17,17,17,17
63248,0,1,0,0,0,0,0,0,0,0,0,0
63248,1,1,0,0,0,0,0,0,0,0,0,0
63249,1,1,0,0,0,0,0,0,0,0,0,0
63249,2,1,0,0,0,0,0,0,0,0,0,0
63249,3,1,0,0,0,25,0,18,0,0,0,0
63250,1,1,0,0,0,0,0,0,0,0,0,0
63251,1,1,20,20,20,20,20,20,20,20,20,20
63252,1,1,8,8,8,8,8,8,8,8,8,8
63253,1,1,0,0,0,0,0,0,0,0,0,0
63253,2,1,0,0,0,0,0,0,0,0,0,0
63254,1,1,0,0,0,0,0,0,0,3,0,0
63254,2,1,0,0,0,0,0,0,0,0,0,0
63254,3,1,0,0,0,0,0,0,0,0,0,10
63255,1,1,0,0,0,0,0,0,0,0,0,0
63256,0,1,0,0,44,0,11,0,0,0,0,25
63256,1,1,0,0,0,0,15,0,0,0,0,0
63257,1,1,5,5,5,5,5,5,5,5,5,5
63257,2,1,0,0,0,0,0,0,0,0,0,0
63258,1,1,0,0,0,0,0,0,0,0,0,0
63259,1,1,0,0,0,0,0,0,0,0,0,0
63259,2,1,0,0,0,0,0,0,0,0,0,0
63260,0,1,0,0,0,0,0,0,0,0,0,0
63260,1,1,0,0,0,0,0,0,0,0,0,0
63261,1,1,39,28,0,0,0,37,21,0,0,15
63262,1,1,0,0,0,0,0,0,0,0,0,0
63263,1,1,14,14,14,14,14,14,14,14,14,14
63264,0,1,24,0,0,0,27,0,0,0,0,0
63264,1,1,0,0,0,0,0,0,0,0,0,0
63266,1,1,0,0,0,0,0,0,0,0,0,0
63266,2,1,0,0,0,0,12,15,0,0,0,0
63267,0,1,0,0,0,0,0,0,0,0,0,0
63267,1,1,0,0,18,0,0,0,9,14,20,13
63268,0,1,0,21,0,0,0,0,0,0,0,0
63268,1,1,0,0,0,0,0,0,0,0,0,0
63269,1,1,0,18,0,0,0,0,0,19,0,0
63269,2,1,0,0,0,0,0,0,0,0,0,0
63270,0,1,0,0,0,0,0,0,0,0,0,0
63270,1,1,0,0,0,0,0,0,0,0,0,0
63271,1,1,0,0,10,0,24,0,0,0,0,0
63272,1,1,0,0,0,0,0,0,0,0,0,0
63273,0,1,0,0,0,0,0,0,0,0,0,0
63273,1,1,23,33,0,0,20,0,13,14,0,0
63274,1,1,0,0,0,0,0,0,0,0,0,0
63275,0,1,0,0,0,8,0,0,23,0,0,0
63275,1,1,0,0,0,0,0,0,0,0,0,0
63276,1,1,13,0,0,0,17,19,0,5,0,14
63277,1,1,4,4,4,4,4,4,4,4,4,4
63278,0,1,0,0,0,0,0,0,0,0,0,0
63278,1,1,0,0,0,0,0,0,0,0,0,0
63279,1,1,0,0,0,0,25,0,0,0,0,0
63280,0,1,0,0,0,0,0,0,0,0,0,0
63280,1,1,8,8,8,8,8,8,8,8,8,8
63281,1,1,24,24,24,24,24,24,24,24,24,24
63282,0,1,21,21,21,21,21,21,21,21,21,21
63282,1,1,0,0,0,0,0,0,0,0,0,0
63283,1,1,14,14,14,14,14,14,14,14,14,14
63284,0,1,19,19,19,19,19,19,19,19,19,19
63284,1,1,0,0,0,0,0,0,0,0,0,0
63285,1,1,38,38,38,38,38,38,38,38,38,38
63285,2,1,0,0,0,0,0,0,0,0,0,0
63286,0,1,14,43,22,16,20,0,30,13,9,24
63286,1,1,16,16,19,0,37,19,20,21,11,14
63287,1,1,20,20,20,20,20,20,20,20,20,20
63288,0,1,0,0,0,0,0,0,0,0,0,0
63288,1,1,13,0,15,16,17,16,0,0,0,0
63289,0,1,0,0,0,0,0,0,0,0,0,0
63289,1,1,0,0,0,18,0,0,0,0,0,0
63290,1,1,0,0,0,0,0,0,0,0,0,0
63291,0,1,0,0,0,0,0,0,0,0,0,0
63291,0,2,0,0,0,0,0,0,0,0,0,0
63291,1,1,7,7,7,7,7,7,7,7,7,7
63292,1,1,29,0,0,0,0,18,0,0,17,0
63292,2,1,0,0,0,0,0,0,0,0,0,0
63293,0,1,0,0,0,0,0,0,0,0,0,0
63293,1,1,0,0,0,0,0,0,0,0,0,0
63294,1,1,0,0,0,0,0,0,0,0,0,0
63295,1,1,0,0,0,0,0,0,0,0,0,0
63295,2,1,0,0,0,0,0,0,0,0,0,0
63296,1,1,8,22,24,31,13,17,8,28,24,7
63296,2,1,0,0,13,9,0,0,0,14,15,0
63297,0,1,0,0,0,0,0,0,0,0,0,0
63297,1,1,0,0,12,0,0,10,7,0,20,0
63297,2,1,0,0,3,0,3,30,19,0,14,0
63298,0,1,36,0,0,22,0,0,0,0,0,21
63298,1,1,0,0,19,0,0,0,0,0,0,0
63299,0,1,0,0,0,0,0,0,0,0,0,0
63299,1,1,0,0,0,0,0,0,0,0,0,0
63300,0,1,0,35,0,47,0,0,11,0,21,9
63300,1,1,0,0,0,0,0,0,0,0,0,0
63301,0,1,0,0,0,0,0,0,0,0,0,0
63301,1,1,0,18,0,0,0,0,0,0,0,0
63302,1,1,16,16,16,16,16,16,16,16,16,16
63302,2,1,0,0,0,0,0,0,0,0,0,0
63302,3,1,6,0,0,20,0,0,0,0,10,0
63303,0,1,14,42,12,29,4,0,38,14,17,15
63303,1,1,0,25,31,29,13,0,21,12,19,0
63304,0,1,0,0,0,0,0,0,0,29,19,0
63304,1,1,14,0,0,0,4,15,0,11,17,0
63305,0,1,0,12,30,0,14,0,0,0,0,19
63305,1,1,0,0,26,14,0,0,15,23,0,24
63306,0,1,0,0,0,0,0,0,0,0,0,0
63306,1,1,0,0,0,0,0,0,0,0,0,9
63307,0,1,6,6,6,6,6,6,6,6,6,6
63307,1,1,0,0,0,0,0,0,0,0,0,0
63308,0,1,0,0,0,0,0,0,0,0,0,0
63308,1,1,0,0,19,0,9,0,0,31,0,0
63309,1,1,26,26,26,26,26,26,26,26,26,26
63310,1,1,0,0,0,0,0,0,0,0,0,0
63310,2,1,0,0,0,0,0,0,0,0,0,0
63310,3,1,0,0,0,0,0,0,0,0,0,0
63310,4,1,0,0,0,0,0,0,0,0,0,0
63311,1,1,0,0,0,0,0,0,0,0,0,0
63311,2,1,0,0,0,0,0,0,0,0,0,0
63312,1,1,0,0,0,0,0,0,0,0,0,0
63312,2,1,8,0,7,13,0,0,3,19,0,0
63313,1,1,13,0,0,0,0,0,22,0,0,30
63313,2,1,0,0,0,0,0,0,0,0,0,0
63314,0,1,5,5,5,5,5,5,5,5,5,5
63314,1,1,15,0,4,24,0,27,26,0,23,0
63315,1,1,0,0,0,0,0,0,0,0,0,0
63315,2,1,0,4,0,0,0,0,14,5,0,0
63316,1,1,14,14,14,14,14,14,14,14,14,14
63317,1,1,21,21,21,21,21,21,21,21,21,21
63318,1,1,22,28,46,13,7,22,23,35,16,22
63319,0,1,0,0,0,0,0,0,0,0,0,0
63319,1,1,0,0,0,0,0,0,0,0,0,5
63320,0,1,0,0,0,0,0,23,0,0,0,0
63320,1,1,0,0,0,0,0,0,0,0,0,0
63321,0,1,30,30,30,30,30,30,30,30,30,30
63321,1,1,0,0,0,16,0,0,12,0,15,0
63322,0,1,0,0,0,0,0,0,0,0,0,0
63322,1,1,0,0,0,0,0,0,0,0,0,0
63323,0,1,0,0,0,0,0,18,0,19,0,13
63323,1,1,0,0,0,0,0,0,25,9,13,0
63324,1,1,21,21,21,21,21,21,21,21,21,21
63325,1,1,0,0,0,0,0,0,0,0,0,0
63325,2,1,0,0,0,0,0,0,0,0,0,0
63326,0,1,37,18,0,0,0,19,46,0,26,0
63326,1,1,24,0,27,0,0,0,16,0,17,0
63327,1,1,0,5,0,0,28,0,0,0,0,28
63327,2,1,0,0,0,0,0,0,0,0,0,0
63328,1,1,0,0,0,0,0,0,0,0,0,0
63328,2,1,0,0,0,0,0,0,0,0,0,0
63329,1,1,14,14,14,14,14,14,14,14,14,14
63329,2,1,0,27,0,0,0,0,0,0,0,0
63330,1,1,23,0,0,6,19,13,24,0,0,0
63331,0,1,14,14,14,14,14,14,14,14,14,14
63331,1,1,0,0,0,0,0,0,0,0,0,0
63332,0,1,0,0,0,0,0,0,0,0,0,0
63332,1,1,4,4,4,4,4,4,4,4,4,4
63333,1,1,0,22,0,0,0,0,0,18,15,0
63333,2,1,0,0,0,0,0,0,0,0,0,0
63334,1,1,0,0,0,0,0,0,0,0,0,0
63334,2,1,0,0,0,0,0,0,0,0,0,0
63334,3,1,0,0,0,0,0,0,0,0,0,0
63335,1,1,0,0,0,0,0,0,0,0,0,0
63335,2,1,0,0,0,0,0,0,0,0,0,0
63336,1,1,23,23,23,23,23,23,23,23,23,23
63337,0,1,0,0,0,0,0,0,0,0,0,0
63337,0,2,0,0,19,0,0,0,0,0,28,0
63337,1,1,0,0,0,0,0,0,0,11,0,0
63338,1,1,22,22,22,22,22,22,22,22,22,22
63338,2,1,0,0,0,0,0,0,0,0,0,0
63339,0,1,26,26,26,26,26,26,26,26,26,26
63339,1,1,13,0,18,8,11,0,15,0,7,14
63340,0,1,0,0,0,0,0,0,0,0,0,0
63340,1,1,0,0,25,24,5,13,18,9,9,0
63341,0,1,0,0,0,0,0,0,0,0,0,0
63341,1,1,0,0,0,0,0,0,0,0,0,0
63342,1,1,0,0,0,0,0,0,0,0,0,0
63343,0,1,0,0,0,0,0,0,0,0,0,0
63343,0,2,0,0,0,0,0,0,0,0,0,0
63343,1,1,0,0,0,0,0,0,0,0,0,0
63343,2,1,0,0,0,0,0,0,0,0,0,0
63344,0,1,0,0,0,0,0,0,0,0,0,0
63344,1,1,0,0,0,0,0,0,0,0,0,0
63345,0,1,0,0,0,0,0,0,0,0,0,0
63345,1,1,0,0,0,0,0,6,0,5,0,0
63346,1,1,0,0,0,0,0,0,0,0,0,0
63346,2,1,4,4,4,4,4,4,4,4,4,4
63347,1,1,0,20,0,0,0,0,0,0,0,0
63347,2,1,0,0,0,0,0,0,0,0,0,0
63348,1,1,12,17,0,8,6,3,13,0,0,0
63348,2,1,30,13,0,0,0,18,0,0,16,0
63349,1,1,23,23,23,23,23,23,23,23,23,23
63349,2,1,0,0,15,0,0,0,0,0,0,11
63350,1,1,14,0,0,7,0,0,17,11,17,14
63351,1,1,0,0,0,0,0,0,0,0,0,0
63351,2,1,0,0,0,0,0,0,0,0,0,0
63352,0,1,19,19,19,19,19,19,19,19,19,19
63352,1,1,0,0,0,0,0,0,0,0,0,0
63353,1,1,33,33,33,33,33,33,33,33,33,33
63354,0,1,0,17,32,0,27,0,8,6,0,0
63354,1,1,17,17,17,17,17,17,17,17,17,17
63355,0,1,0,0,0,0,0,0,0,14,5,0
63355,1,1,0,0,0,0,0,0,0,0,0,0
63356,1,1,0,0,0,0,0,0,0,0,11,0
63356,2,1,0,0,0,0,0,0,0,0,0,0
63357,1,1,0,0,0,0,0,0,0,0,0,0
63357,2,1,0,0,0,0,0,0,0,0,0,0
63358,0,1,0,0,0,0,0,0,0,0,0,0
63358,1,1,0,0,0,20,0,0,0,0,0,11
63359,0,1,28,28,28,28,28,28,28,28,28,28
63359,1,1,0,0,0,0,0,0,0,0,0,0
63360,0,1,0,0,0,0,0,0,0,0,0,0
63360,1,1,7,7,7,7,7,7,7,7,7,7
63361,0,1,0,0,0,0,0,0,0,0,0,0
63361,1,1,0,0,0,0,0,18,0,0,0,0
63362,0,1,0,0,0,0,0,0,0,0,24,0
63362,1,1,15,0,10,0,0,0,0,31,3,0
63363,1,1,0,0,0,9,0,0,0,0,0,0
63363,2,1,0,0,0,0,0,0,0,4,0,0
63364,0,1,15,15,15,15,15,15,15,15,15,15
63364,1,1,0,0,0,0,0,0,0,0,0,0
63366,0,1,0,0,0,0,0,0,0,0,0,0
63366,1,1,0,0,0,0,0,0,0,0,0,0
63367,0,1,0,0,0,0,0,0,0,0,0,0
63367,1,1,4,4,4,4,4,4,4,4,4,4
63368,0,1,8,0,0,0,0,0,0,0,0,14
63368,1,1,12,0,15,0,0,22,0,16,11,0
63369,1,1,0,0,0,0,0,0,0,0,0,26
63370,0,1,0,0,0,0,0,0,0,0,0,0
63370,1,1,0,0,0,0,0,0,0,0,0,0
63371,1,1,0,18,12,27,9,0,19,35,0,0
63371,2,1,0,0,0,0,0,0,0,0,0,0
63372,1,1,9,9,9,9,9,9,9,9,9,9
63372,2,1,0,0,0,0,0,0,0,0,0,0
63373,1,1,21,21,21,21,21,21,21,21,21,21
63374,0,1,0,13,0,0,12,0,0,33,6,0
63374,1,1,0,0,0,0,0,0,0,0,0,0
63375,1,1,30,30,30,30,30,30,30,30,30,30
63376,1,1,0,0,0,0,0,0,0,0,0,0
63377,1,1,0,0,0,0,0,0,0,0,0,0
63377,2,1,0,0,0,0,0,0,0,0,0,0
63378,1,1,0,0,0,0,0,9,0,0,0,0
63378,2,1,0,0,0,0,0,0,0,0,0,0
63379,0,1,0,0,0,0,0,0,0,0,0,0
63379,1,1,0,0,0,0,0,0,0,0,0,0
63380,1,1,0,0,0,0,0,0,0,0,0,0
63381,1,1,0,0,0,0,0,0,0,0,0,0
63381,2,1,0,0,0,0,0,0,0,0,0,0
63382,1,1,0,0,0,0,0,0,0,0,0,0
63382,2,1,6,6,6,6,6,6,6,6,6,6
63383,0,1,0,0,0,0,0,0,0,0,0,0
63383,1,1,0,0,0,0,0,0,3,8,4,0
63384,1,1,22,22,22,22,22,22,22,22,22,22
63384,2,1,0,0,0,0,0,0,0,0,0,0
63385,1,1,0,0,0,0,0,0,0,0,20,0
63385,2,1,0,0,0,0,0,0,0,0,0,0
63386,1,1,0,0,10,0,0,0,2,0,0,0
63386,2,1,0,0,0,0,0,0,0,0,0,0
63387,0,1,0,0,0,0,0,0,0,0,0,0
63387,1,1,0,0,0,0,0,0,0,0,0,0
63388,1,1,11,11,11,11,11,11,11,11,11,11
63388,2,1,9,0,0,0,20,10,22,0,0,0
63389,0,1,37,37,37,37,37,37,37,37,37,37
63389,1,1,0,0,0,0,0,0,0,0,0,0
63390,0,1,0,0,0,0,0,0,0,0,0,0
63390,1,1,0,13,13,10,0,19,13,0,16,33
63391,0,1,37,0,8,9,28,19,5,0,7,42
63391,1,1,0,0,0,0,0,0,0,0,0,0
63392,0,1,0,0,0,0,0,0,0,0,0,0
63392,1,1,0,0,0,0,0,0,0,0,0,0
63393,0,1,0,0,22,0,0,25,0,0,28,0
63393,1,1,0,0,0,0,0,0,0,0,0,0
63394,0,1,0,33,0,10,23,0,0,0,0,0
63394,1,1,0,0,0,0,0,0,0,0,0,0
63395,0,1,0,0,0,0,0,0,0,0,0,0
63395,1,1,0,0,0,0,0,0,0,0,0,0
63396,0,1,0,0,0,0,0,0,0,0,0,0
63396,1,1,0,0,0,0,0,0,0,0,0,0
63397,1,1,0,0,0,0,0,0,0,0,0,0
63397,2,1,0,0,0,0,0,0,0,0,0,0
63398,1,1,20,20,20,20,20,20,20,20,20,20
63399,1,1,0,0,0,0,0,0,0,15,16,12
63400,1,1,0,0,0,0,0,0,0,18,0,0
63400,2,1,0,0,0,0,0,0,0,0,0,0
63401,1,1,0,0,0,0,0,0,0,0,0,0
63401,2,1,0,0,0,0,0,0,0,0,0,0
63402,0,1,0,0,0,0,21,0,0,28,23,9
63402,1,1,0,0,0,0,0,0,0,0,0,0
63403,0,1,0,0,0,34,6,0,1,0,16,15
63403,1,1,9,12,26,22,16,12,20,17,8,0
63404,1,1,0,0,0,0,0,0,0,0,0,0
63404,2,1,0,0,0,0,11,0,0,0,0,0
63405,1,1,0,0,0,0,0,0,0,0,0,0
63405,2,1,0,0,0,0,0,0,0,0,0,0
63406,1,1,11,11,11,11,11,11,11,11,11,11
63407,0,1,0,0,0,0,0,0,0,0,0,0
63407,1,1,26,0,14,21,0,22,8,0,18,14
63408,0,1,0,0,0,0,0,0,0,0,0,0
63408,1,1,0,0,0,0,0,0,0,0,0,0
63409,1,1,19,19,19,19,19,19,19,19,19,19
63410,1,1,0,0,0,0,0,0,0,0,0,0
63410,2,1,0,0,0,0,0,0,0,0,0,0
63411,0,1,15,15,15,15,15,15,15,15,15,15
63411,1,1,0,0,0,0,0,0,0,0,19,13
63412,0,1,0,0,0,0,0,0,0,0,0,0
63412,1,1,0,0,0,0,0,0,0,0,0,0
63413,1,1,0,0,0,0,0,0,0,0,0,0
63413,2,1,0,0,0,0,0,0,0,0,0,0
63414,0,1,0,0,0,0,0,0,0,0,0,0
63414,1,1,0,0,0,0,0,0,0,0,0,0
63415,1,1,0,0,9,0,0,0,0,17,0,0
63415,2,1,0,0,0,0,0,0,0,0,0,0
63416,1,1,12,12,12,12,12,12,12,12,12,12
63417,0,1,0,0,0,0,0,0,0,0,0,0
63417,0,2,0,0,0,0,0,0,0,0,0,0
63417,1,1,0,0,0,0,0,0,0,0,0,0
63418,1,1,0,0,0,0,0,0,0,0,0,0
63418,2,1,0,0,0,0,0,0,0,0,0,0
63419,1,1,0,0,0,0,0,0,0,0,0,0
63419,2,1,0,0,0,0,0,0,0,0,0,0
63420,1,1,0,21,11,21,0,12,5,18,0,0
63421,0,1,0,0,0,0,0,0,0,0,0,0
63421,1,1,0,0,9,9,21,0,11,0,12,0
63422,1,1,0,0,0,0,0,0,0,0,0,0
63423,1,1,0,0,0,0,0,0,0,0,0,0
63423,2,1,36,36,36,36,36,36,36,36,36,36
63424,1,1,0,0,0,0,0,0,0,0,0,0
63425,0,1,0,0,7,0,0,0,7,0,19,0
63425,1,1,0,0,0,0,0,0,0,0,0,0
63425,2,1,0,17,0,9,26,0,0,23,0,0
63426,0,1,0,0,0,0,0,0,0,0,0,0
63426,1,1,0,0,14,0,0,0,0,0,0,0
63427,0,1,0,0,0,0,0,0,0,0,0,0
63427,1,1,0,0,0,0,0,0,0,0,0,0
63428,0,1,0,0,0,0,0,0,0,0,0,0
63428,1,1,0,0,0,0,0,0,0,0,0,0
63429,0,1,0,0,32,0,0,0,0,0,0,0
63429,1,1,0,0,12,0,0,0,0,0,0,0
63430,1,1,0,0,0,0,0,0,0,0,0,0
63430,2,1,0,0,0,0,0,0,0,0,0,0
63431,1,1,0,0,0,0,0,0,0,0,0,0
63432,0,1,0,0,0,0,0,0,0,0,0,0
63432,1,1,0,0,0,0,0,0,0,0,0,0
63433,0,1,0,0,0,0,0,0,0,0,0,26
63433,1,1,0,0,0,0,18,7,16,11,0,0
63434,1,1,19,4,19,35,10,22,19,24,19,23
63434,2,1,12,12,12,12,12,12,12,12,12,12
63435,1,1,0,0,0,0,0,0,0,0,0,0
63435,2,1,0,0,0,0,0,0,0,0,0,0
63435,3,1,0,0,0,0,0,0,0,0,0,0
63436,1,1,0,0,0,0,0,0,0,0,0,0
63436,2,1,0,0,0,0,0,0,0,0,0,0
63437,1,1,0,0,0,0,0,0,0,0,0,0
63437,2,1,0,0,0,0,0,13,0,0,0,0
63438,0,1,0,0,0,0,0,20,10,0,0,3
63438,1,1,0,0,0,0,0,0,0,0,0,0
63438,2,1,0,0,0,0,0,0,0,0,0,0
63439,1,1,0,0,0,0,0,0,0,0,0,0
63439,2,1,0,0,0,0,0,0,0,0,0,0
63439,3,1,0,0,0,0,0,0,0,0,0,0
63439,4,1,0,0,0,0,0,0,0,0,0,0
63440,1,1,21,21,21,21,21,21,21,21,21,21
63440,2,1,0,0,26,12,0,0,13,0,0,19
63441,1,1,0,0,0,0,0,0,0,0,0,0
63441,3,1,14,12,7,0,5,12,7,0,0,16
63442,1,1,25,0,0,0,0,0,0,0,0,22
63443,0,1,10,10,10,10,10,10,10,10,10,10
63443,1,1,6,6,6,6,6,6,6,6,6,6
63444,0,1,0,0,0,0,0,0,0,0,0,0
63444,1,1,0,10,0,0,0,0,0,0,0,13
63445,1,1,0,21,0,0,0,0,0,0,0,0
63446,1,1,17,17,17,17,17,17,17,17,17,17
63447,1,1,0,0,0,0,0,0,0,0,0,0
63447,2,1,0,0,0,0,0,0,0,0,0,0
63448,0,1,0,0,7,53,0,29,0,0,0,0
63448,1,1,0,0,0,0,0,0,0,0,0,0
63449,0,1,15,16,30,0,0,36,0,0,0,27
63449,1,1,19,19,19,19,19,19,19,19,19,19
63450,0,1,40,40,40,40,40,40,40,40,40,40
63450,1,1,19,0,0,3,13,15,13,0,16,0
63451,1,1,0,0,0,17,0,0,0,0,0,0
63451,2,1,0,0,0,0,0,0,0,0,0,0
63452,0,1,0,0,0,0,0,0,0,0,0,0
63452,1,1,0,0,0,0,0,0,0,0,0,0
63453,0,1,0,0,0,0,0,0,0,0,0,0
63453,0,2,0,0,0,28,0,0,0,0,0,0
63453,1,1,0,0,0,0,0,0,0,0,0,0
63454,1,1,0,0,0,0,0,0,0,0,0,0
63454,2,1,0,0,0,0,0,0,0,0,0,0
63454,3,1,0,0,0,0,9,0,0,0,0,0
63455,1,1,0,0,0,0,0,0,0,0,0,0
63455,2,1,0,19,0,31,0,0,0,0,0,0
63456,0,1,0,0,0,0,0,0,0,0,0,0
63456,1,1,0,0,0,0,0,18,0,0,0,0
63457,0,1,17,0,0,0,0,0,0,0,20,0
63457,1,1,0,0,0,0,0,0,0,0,0,0
63458,0,1,0,0,0,0,0,0,0,0,0,0
63458,1,1,0,0,0,5,0,0,0,0,0,0
63459,1,1,16,16,16,16,16,16,16,16,16,16
63460,1,1,0,0,7,41,0,11,0,0,0,0
63460,2,1,0,0,0,0,0,0,0,0,0,0
63461,1,1,31,31,31,31,31,31,31,31,31,31
63461,2,1,28,27,0,0,0,0,0,12,0,0
63462,0,1,0,0,0,0,0,0,0,0,0,0
63462,1,1,0,0,0,0,0,0,0,0,0,0
63463,1,1,14,38,16,12,0,8,23,20,13,26
63464,0,1,0,0,0,0,0,0,0,0,0,0
63464,1,1,0,0,0,0,0,0,0,0,0,0
63464,2,1,0,0,0,0,0,0,0,0,0,0
63465,1,1,0,0,0,0,0,0,0,0,0,0
63465,2,1,10,15,0,0,0,15,0,9,0,0
63466,0,1,0,0,0,0,0,0,0,0,0,0
63466,1,1,0,0,0,0,0,0,0,0,0,0
63467,1,1,0,0,0,0,0,0,0,0,0,0
63468,1,1,0,0,0,0,0,0,0,0,0,0
63468,2,1,0,0,0,0,0,0,0,0,0,0
63469,1,1,22,16,23,7,17,19,14,12,17,5
63469,2,1,5,5,5,5,5,5,5,5,5,5
63470,0,1,0,0,0,0,0,0,0,0,0,0
63470,0,2,0,0,0,0,0,0,0,0,0,0
63470,0,3,0,0,0,0,0,0,0,0,0,0
63470,0,4,28,0,0,0,0,0,0,0,0,0
63470,0,5,0,0,0,0,0,0,31,0,0,14
63470,0,6,0,0,0,0,0,0,0,0,0,0
63470,1,1,0,0,0,0,0,0,0,0,0,0
63470,2,1,0,0,0,10,0,0,13,0,0,21
63471,0,1,0,0,0,0,0,0,0,0,0,0
63471,0,2,29,0,0,0,24,0,27,0,0,0