ST_CASE,VEH_NO,PER_NO,P1,P2,P3,P4,P5,P6,P7,P8,P9,P10
63471,1,1,0,6,0,0,0,17,0,0,0,16
63472,0,1,0,0,0,0,0,0,0,16,0,0
63472,1,1,8,0,0,0,0,0,21,0,0,0
63473,0,1,0,0,0,0,0,0,0,0,0,0
63473,1,1,0,23,0,8,20,18,0,38,14,0
63474,0,1,19,19,19,19,19,19,19,19,19,19
63474,1,1,0,0,0,0,0,0,0,0,0,0
63475,1,1,0,0,0,0,0,0,0,0,0,0
63476,1,1,0,0,0,0,0,0,0,20,0,0
63477,0,1,9,9,9,9,9,9,9,9,9,9
63477,1,1,0,0,0,0,0,0,0,0,0,0
63478,0,1,0,0,0,0,0,0,0,0,0,0
63478,1,1,0,0,0,0,0,0,0,14,22,0
63479,0,1,27,27,27,27,27,27,27,27,27,27
63479,1,1,0,0,0,0,0,0,0,0,0,0
63480,1,1,0,0,0,0,0,0,0,0,0,0
63480,2,1,0,0,0,0,0,0,0,0,0,0
63481,1,1,0,0,18,0,0,19,14,21,30,0
63481,2,1,0,0,0,5,0,0,0,0,0,0
63481,3,1,0,0,0,0,0,0,0,0,0,0
63482,1,1,17,17,17,17,17,17,17,17,17,17
63482,2,1,1,1,1,1,1,1,1,1,1,1
63483,0,1,0,0,0,0,0,0,0,0,0,0
63483,1,1,16,16,16,16,16,16,16,16,16,16
63484,0,1,0,0,0,0,0,0,0,0,0,0
63484,1,1,0,14,8,17,0,10,0,10,0,0
63485,1,1,0,0,0,0,0,0,0,0,0,0
63485,2,1,0,0,0,0,0,0,0,0,0,0
63486,0,1,0,0,0,0,0,0,0,0,0,0
63486,1,1,0,0,0,0,0,0,0,0,0,0
63487,0,1,0,0,0,0,0,0,0,0,0,0
63487,1,1,0,0,0,0,0,0,0,0,0,0
63488,0,1,8,0,0,0,0,0,0,0,0,0
63488,1,1,9,9,0,0,7,0,0,0,0,19
63488,2,1,0,11,0,0,0,11,0,0,20,0
63489,0,1,0,0,0,0,0,0,0,0,0,0
63489,1,1,0,0,0,0,0,49,0,0,0,0
63490,0,1,14,14,14,14,14,14,14,14,14,14
63490,1,1,0,0,0,0,0,0,0,0,0,0
63490,2,1,0,0,0,0,0,0,0,0,0,0
63491,0,1,11,0,0,0,0,0,0,0,0,0
63491,1,1,0,0,0,0,0,0,0,0,0,0
63492,1,1,0,0,0,0,0,0,0,0,0,0
63492,2,1,0,0,17,0,0,0,0,0,0,0
63493,1,1,17,17,17,17,17,17,17,17,17,17
63493,2,1,0,0,0,0,0,0,0,0,0,0
63494,1,1,0,0,0,0,0,0,0,0,0,0
63494,2,1,0,0,0,0,0,0,0,0,0,0
63495,1,1,24,24,24,24,24,24,24,24,24,24
63496,0,1,11,6,31,15,19,13,11,8,22,21
63496,1,1,0,26,18,14,0,0,9,11,19,0
63497,1,1,14,14,14,14,14,14,14,14,14,14
63498,0,1,7,0,25,0,24,0,0,0,0,0
63498,1,1,19,0,23,0,13,0,18,0,25,21
63499,1,1,37,18,14,21,14,22,29,11,28,28
63501,1,1,0,0,0,0,0,0,0,0,0,0
63502,0,1,31,31,31,31,31,31,31,31,31,31
63502,1,1,0,0,0,0,0,0,0,0,0,0
63503,1,1,16,0,0,0,20,15,0,0,19,10
63504,0,1,0,0,0,0,0,0,0,0,0,0
63504,1,1,0,0,0,12,0,0,0,0,0,0
63505,0,1,0,0,0,0,0,9,27,0,0,0
63505,1,1,0,0,0,0,0,0,0,0,0,0
63506,0,1,0,0,0,20,0,0,0,0,0,0
63506,1,1,0,0,0,0,0,0,0,0,0,0
63506,2,1,0,0,0,0,0,0,0,0,0,0
63507,0,1,0,0,0,0,0,0,0,0,0,0
63507,1,1,0,0,0,0,0,0,0,0,0,0
63508,1,1,16,16,16,16,16,16,16,16,16,16
63508,2,1,0,0,0,0,0,0,0,0,0,0
63509,0,1,23,23,23,23,23,23,23,23,23,23
63509,1,1,0,0,0,0,0,0,0,0,0,0
63510,1,1,14,14,14,14,14,14,14,14,14,14
63510,2,1,0,0,0,0,0,0,0,0,0,0
63510,3,1,0,0,0,0,0,0,14,0,0,0
63511,1,1,0,0,0,26,0,19,0,0,0,41
63511,2,1,0,0,0,4,0,0,0,0,0,0
63511,3,1,0,0,18,0,0,0,0,0,0,0
63512,0,1,0,0,0,0,0,0,0,0,0,0
63512,1,1,0,0,0,0,0,0,0,0,0,0
63513,0,1,5,5,5,5,5,5,5,5,5,5
63513,1,1,0,0,0,0,0,0,0,0,0,0
63514,1,1,13,13,13,13,13,13,13,13,13,13
63514,2,1,0,0,0,0,0,0,0,0,0,0
63515,1,1,0,0,0,0,0,0,0,0,0,0
63515,2,1,0,0,0,0,0,0,0,0,0,0
63516,1,1,0,0,0,0,0,0,0,0,0,0
63517,1,1,19,19,19,19,19,19,19,19,19,19
63518,1,1,0,0,0,0,0,0,0,0,0,0
63519,1,1,1,1,1,1,1,1,1,1,1,1
63520,1,1,11,11,11,11,11,11,11,11,11,11
63520,2,1,0,0,0,0,0,0,0,0,0,0
63521,0,1,0,0,0,0,0,25,0,26,0,20
63521,1,1,0,0,0,0,0,0,22,0,0,10
63522,1,1,11,11,11,11,11,11,11,11,11,11
63522,2,1,0,12,0,0,0,0,0,0,21,0
63523,0,1,0,0,12,0,0,0,0,0,0,0
63523,1,1,0,0,4,7,21,0,0,10,17,0
63523,2,1,0,0,0,0,0,0,0,0,0,0
63524,0,1,0,0,0,0,0,0,0,0,0,0
63524,0,2,0,0,0,0,0,0,0,0,0,0
63524,1,1,6,0,0,0,0,0,0,0,0,0
63524,2,1,0,0,0,0,0,0,17,0,0,0
63525,0,1,12,0,4,0,0,0,0,27,30,0
63525,1,1,0,0,0,0,0,0,0,0,0,0
63526,0,1,0,0,0,0,0,0,0,0,0,0
63526,1,1,25,0,0,0,11,15,0,32,19,0
63527,1,1,0,0,0,0,0,0,0,0,0,0
63527,2,1,0,0,0,0,0,0,0,0,0,0
63528,0,1,0,0,0,0,0,0,0,0,0,0
63528,1,1,0,0,0,0,0,0,0,0,0,0
63529,1,1,0,0,0,0,0,0,0,0,0,0
63529,2,1,6,6,6,6,6,6,6,6,6,6
63530,0,1,0,0,0,0,0,0,0,0,0,0
63530,1,1,0,0,0,0,0,0,0,0,0,0
63531,1,1,0,0,0,0,0,0,0,0,0,0
63531,2,1,0,30,25,0,0,8,13,14,0,18
63532,1,1,0,0,0,15,0,0,0,0,0,0
63532,2,1,0,0,0,0,0,9,26,0,0,0
63532,3,1,0,0,0,0,0,0,0,0,0,0
63533,1,1,5,5,5,5,5,5,5,5,5,5
63534,0,1,0,0,0,0,0,0,0,0,0,0
63534,1,1,0,0,21,0,0,0,0,0,0,0
63535,0,1,0,0,0,0,0,0,0,0,0,0
63535,1,1,0,21,0,0,0,8,0,11,37,5
63536,1,1,0,0,0,0,0,0,0,0,0,0
63536,2,1,0,0,0,0,0,0,0,0,0,0
63537,0,1,0,0,0,0,0,0,0,0,0,0
63537,1,1,0,0,0,0,0,0,0,0,0,0
63538,1,1,9,9,9,9,9,9,9,9,9,9
63539,0,1,27,27,27,27,27,27,27,27,27,27
63539,1,1,3,3,3,3,3,3,3,3,3,3
63540,1,1,24,24,24,24,24,24,24,24,24,24
63540,2,1,0,0,0,0,0,0,0,0,0,0
63541,0,1,0,0,15,0,0,0,29,0,0,0
63541,1,1,0,0,0,0,0,0,0,0,0,0
63542,0,1,0,0,0,0,0,0,0,0,0,0
63542,1,1,0,0,0,0,0,0,0,0,0,0
63543,0,1,0,0,0,0,0,0,0,0,22,0
63543,1,1,0,0,0,0,0,0,0,0,0,0
63544,0,1,0,11,17,0,0,32,0,21,8,12
63544,1,1,0,16,0,0,0,0,24,0,0,20
63545,1,1,0,0,0,0,0,0,0,0,0,0
63546,0,1,43,43,43,43,43,43,43,43,43,43
63546,1,1,0,0,0,0,0,0,0,0,0,0
63547,1,1,0,0,0,0,0,0,0,0,0,0
63548,1,1,0,0,0,0,0,0,0,0,0,0
63548,2,1,14,0,0,12,0,0,0,0,0,0
63548,3,1,12,0,0,0,0,0,0,0,0,0
63549,0,1,1,1,1,1,1,1,1,1,1,1
63549,1,1,0,0,0,0,0,0,0,0,0,0
63549,2,1,0,0,0,0,0,0,0,0,0,0
63550,1,1,0,0,0,0,0,0,0,0,0,0
63551,1,1,0,8,34,0,12,33,16,19,14,41
63552,1,1,0,0,0,0,0,0,0,0,0,0
63552,2,1,0,0,0,0,0,0,0,0,0,0
63554,1,1,0,0,0,0,0,0,0,0,0,0
63554,2,1,0,16,0,0,0,13,8,7,0,0
63555,1,1,17,17,17,17,17,17,17,17,17,17
63556,1,1,17,17,17,17,17,17,17,17,17,17
63556,2,1,9,0,0,0,0,0,24,6,0,0
63557,1,1,0,0,0,0,0,0,0,0,0,0
63558,1,1,19,19,19,19,19,19,19,19,19,19
63559,1,1,0,0,0,0,0,0,0,0,23,0
63559,2,1,0,0,0,0,0,0,0,0,0,0
63560,0,1,6,6,6,6,6,6,6,6,6,6
63560,1,1,0,0,20,0,0,26,0,0,0,0
63561,1,1,0,0,0,0,0,0,0,0,0,0
63562,1,1,0,0,0,0,0,0,0,0,0,0
63563,0,1,1,1,1,1,1,1,1,1,1,1
63563,1,1,19,0,9,0,0,0,0,0,0,0
63564,0,1,0,0,0,0,0,0,0,0,0,0
63564,1,1,13,0,0,0,14,7,0,0,7,0
63565,1,1,28,28,28,28,28,28,28,28,28,28
63565,2,1,0,0,0,0,0,0,0,0,0,0
63565,3,1,0,0,0,15,0,0,0,0,0,28
63565,4,1,0,0,0,0,0,0,0,0,0,0
63566,1,1,15,15,15,15,15,15,15,15,15,15
63567,1,1,21,21,21,21,21,21,21,21,21,21
63568,0,1,0,0,0,0,0,16,0,0,0,0
63568,1,1,23,0,8,0,16,3,16,22,15,0
63569,1,1,18,18,18,18,18,18,18,18,18,18
63569,2,1,0,0,0,0,12,0,0,20,0,0
63570,0,1,0,0,0,0,0,0,0,0,0,0
63570,1,1,0,36,0,0,0,0,0,0,0,0
63571,1,1,0,0,0,0,0,0,0,0,0,0
63571,2,1,0,0,0,0,0,0,0,0,0,0
63572,1,1,32,0,0,0,0,0,12,0,14,0
63572,2,1,0,0,0,0,0,0,0,0,0,0
63573,1,1,0,0,0,0,0,0,0,0,0,0
63573,2,1,0,0,0,0,0,0,0,0,0,0
63574,0,1,8,25,20,25,13,27,18,25,26,13
63574,1,1,0,0,0,0,0,0,0,0,0,0
63574,2,1,0,0,0,0,0,0,0,0,0,0
63574,3,1,0,0,10,0,0,0,0,0,0,0
63574,4,1,0,8,16,0,34,0,21,0,0,10
63575,1,1,0,0,0,0,0,0,0,0,0,0
63575,2,1,0,0,0,0,0,0,0,0,0,0
63576,1,1,24,0,0,19,16,0,0,0,0,0
63577,0,1,0,0,0,4,0,0,0,17,0,0
63577,1,1,12,0,0,0,0,0,0,0,2,0
63578,0,1,0,0,0,0,0,0,21,35,0,0
63578,0,2,0,0,0,15,0,0,0,0,0,0
63578,1,1,0,0,0,0,0,0,0,0,0,0
63579,1,1,25,5,13,18,20,32,4,0,0,17
63579,2,1,0,0,0,0,0,0,0,0,0,0
63579,3,1,0,0,0,0,0,0,0,0,0,0
63580,0,1,0,0,0,0,0,0,0,0,0,0
63580,1,1,0,0,0,0,0,0,0,0,0,0
63581,0,1,0,0,0,0,0,0,0,0,0,0
63581,1,1,0,0,0,0,0,0,0,0,0,0
63582,0,1,0,0,0,0,0,0,0,0,0,0
63582,1,1,0,0,0,0,0,0,0,0,0,0
63583,1,1,18,18,18,18,18,18,18,18,18,18
63584,0,1,0,0,0,0,0,0,0,0,0,0
63584,1,1,15,15,15,15,15,15,15,15,15,15
63585,1,1,0,0,0,0,0,0,0,0,0,0
63586,1,1,0,0,0,0,0,0,0,0,0,0
63587,1,1,0,0,0,0,0,0,0,0,0,0
63588,0,1,0,0,14,10,26,18,0,0,0,0
63588,1,1,0,14,0,0,0,0,13,0,21,0
63589,0,1,0,0,0,0,0,0,0,0,0,0
63589,0,2,0,0,0,0,0,0,0,0,0,0
63589,0,3,0,33,0,32,28,0,0,0,0,0
63589,1,1,0,21,23,11,0,13,0,25,0,20
63590,0,1,15,0,0,0,0,0,0,0,0,53
63590,1,1,14,22,0,0,0,0,0,0,0,0
63590,2,1,13,0,0,9,16,19,6,0,26,18
63591,1,1,0,0,0,0,0,0,0,0,0,0
63591,2,1,0,0,0,0,0,0,0,0,0,0
63592,1,1,18,0,0,0,0,0,12,26,0,0
63592,2,1,0,0,0,0,0,0,12,0,0,0
63593,1,1,17,17,17,17,17,17,17,17,17,17
63593,2,1,0,0,0,0,9,0,0,0,0,4
63594,1,1,0,0,0,0,0,0,0,0,0,0
63594,2,1,0,0,0,0,0,0,16,0,0,0
63594,3,1,0,0,0,22,0,0,5,0,0,14
63594,4,1,0,0,0,0,0,0,0,0,0,0
63594,5,1,0,0,0,0,0,0,0,0,0,0
63594,6,1,0,0,0,0,0,0,0,0,0,0
63594,7,1,0,0,0,0,0,0,0,0,0,0
63594,8,1,0,0,0,0,12,0,0,0,0,0
63594,9,1,0,0,0,0,0,0,0,17,0,0
63594,10,1,0,0,0,0,0,0,0,7,0,0
63594,11,1,0,0,0,0,0,0,0,0,0,0
63595,0,1,0,0,0,0,0,0,0,0,0,0
63595,1,1,0,0,0,0,0,0,0,0,0,0
63596,0,1,28,28,28,28,28,28,28,28,28,28
63596,1,1,0,0,0,0,0,0,0,0,0,0
63597,0,1,28,25,0,24,0,0,0,0,10,0
63597,1,1,14,0,0,0,0,0,0,0,0,14
63598,0,1,0,10,9,6,22,14,15,13,33,9
63598,1,1,0,0,0,0,0,0,0,0,0,0
63599,1,1,0,0,0,0,0,0,0,0,0,0
63599,2,1,0,0,0,0,0,0,0,0,0,0
63600,0,1,0,0,0,0,0,0,0,0,0,0
63600,1,1,0,0,0,0,0,0,0,0,0,0
63601,1,1,0,0,0,0,0,0,0,0,0,0
63602,0,1,4,4,4,4,4,4,4,4,4,4
63602,1,1,0,0,0,0,0,0,0,0,0,0
63603,0,1,12,12,12,12,12,12,12,12,12,12
63603,1,1,13,13,13,13,13,13,13,13,13,13
63604,1,1,17,17,17,17,17,17,17,17,17,17
63605,1,1,0,0,0,0,0,0,0,0,0,0
63605,2,1,0,0,0,0,0,0,0,0,0,0
63606,0,1,0,0,0,0,0,0,0,0,0,0
63606,1,1,0,0,0,0,0,0,0,0,0,0
63607,1,1,0,0,0,0,0,0,0,0,0,0
63608,0,1,26,26,26,26,26,26,26,26,26,26
63608,1,1,18,26,0,21,14,16,0,0,0,0
63609,0,1,12,0,0,0,9,0,22,0,14,12
63609,1,1,0,0,0,0,0,0,0,29,0,0
63610,1,1,0,0,0,0,0,0,0,0,0,0
63611,0,1,0,0,0,0,0,0,0,0,0,0
63611,1,1,0,0,0,0,0,0,0,0,0,0
63612,1,1,0,0,0,0,22,0,0,0,0,0
63612,2,1,0,0,0,0,0,0,0,0,0,0
63613,1,1,0,0,0,0,0,0,0,0,0,0
63613,2,1,13,0,0,0,0,0,0,0,0,0
63614,0,1,0,0,18,0,0,20,0,0,0,14
63614,1,1,0,0,0,0,0,0,0,0,0,0
63615,0,1,0,5,25,21,4,29,29,14,0,0
63615,1,1,15,0,15,16,15,0,0,0,0,0
63616,0,1,17,17,17,17,17,17,17,17,17,17
63616,1,1,8,8,8,8,8,8,8,8,8,8
63617,1,1,1,1,1,1,1,1,1,1,1,1
63618,1,1,0,0,0,0,0,0,0,0,0,0
63619,1,1,0,0,34,0,0,0,0,0,0,0
63619,2,1,0,0,0,16,0,0,0,0,0,0
63620,1,1,10,16,20,12,7,18,11,5,0,23
63620,2,1,0,0,0,0,0,0,0,0,0,0
63621,0,1,0,0,25,0,21,0,0,0,0,34
63621,1,1,0,0,0,0,0,0,0,0,0,0
63622,1,1,0,0,0,0,0,0,0,0,0,0
63623,1,1,0,0,0,0,0,0,0,0,0,0
63624,0,1,0,0,0,0,0,21,0,0,0,0
63624,1,1,0,0,0,0,0,0,0,0,0,0
63625,1,1,0,0,0,0,0,0,0,0,0,0
63625,3,1,0,0,0,0,0,0,0,0,0,0
63626,1,1,0,0,0,0,0,0,0,0,0,0
63626,2,1,0,0,0,14,0,0,0,0,0,0
63627,0,1,0,0,0,0,0,0,0,0,0,0
63627,1,1,0,0,0,0,0,0,0,0,0,0
63628,0,1,16,16,16,16,16,16,16,16,16,16
63628,1,1,0,0,0,0,0,0,0,0,0,0
63629,1,1,14,20,26,31,18,6,16,7,9,17
63630,0,1,0,0,0,0,0,0,0,0,0,0
63630,1,1,0,0,0,0,0,0,0,0,0,0
63631,1,1,0,0,0,0,0,0,0,0,0,0
63632,0,1,0,0,0,0,0,0,0,0,0,0
63632,3,1,0,0,0,0,0,0,0,0,0,0
63633,1,1,0,0,0,0,0,0,0,0,0,0
63634,1,1,0,0,0,0,0,0,0,0,0,0
63634,2,1,0,0,0,0,0,0,0,0,0,0
63635,1,1,4,27,24,12,12,5,13,42,5,3
63636,1,1,0,0,0,0,0,0,0,0,0,0
63636,2,1,0,0,0,0,0,0,0,0,0,0
63637,1,1,0,0,0,0,0,0,0,0,0,0
63638,2,1,0,18,0,0,0,0,0,0,0,0
63638,4,1,0,0,16,0,0,0,0,0,0,0
63638,5,1,0,0,0,0,0,0,0,0,0,0
63639,1,1,13,0,0,0,0,0,0,0,4,15
63640,0,1,0,0,0,0,0,0,0,0,0,0
63640,1,1,0,0,0,0,0,0,0,0,0,0
63641,1,1,16,20,16,13,23,32,6,43,9,13
63641,2,1,0,0,0,0,0,0,0,0,0,0
63642,1,1,10,10,10,10,10,10,10,10,10,10
63642,2,1,0,0,0,0,0,0,0,0,0,0
63643,1,1,0,0,0,0,0,0,0,0,0,0
63643,2,1,0,0,0,0,0,0,0,0,0,0
63644,1,1,0,0,0,0,0,0,0,10,0,0
63644,2,1,0,0,0,0,0,0,0,0,0,0
63645,0,1,0,0,20,0,0,0,0,0,0,0
63645,1,1,0,0,0,0,0,0,0,0,0,0
63646,0,1,0,0,0,0,0,0,0,0,0,0
63646,1,1,0,0,0,0,0,0,0,0,8,0
63647,1,1,8,8,8,8,8,8,8,8,8,8
63647,2,1,0,0,0,0,0,0,0,0,0,0
63648,1,1,0,0,0,0,0,0,0,0,0,0
63649,0,1,0,0,0,0,0,0,0,0,0,0
63649,1,1,0,0,0,0,0,0,0,0,0,0
63650,1,1,24,24,24,24,24,24,24,24,24,24
63651,1,1,0,0,0,0,0,0,0,0,0,0
63651,2,1,0,0,0,0,0,0,0,0,0,0
63652,1,1,0,0,0,0,0,0,0,0,0,0
63653,0,1,0,0,0,0,0,0,0,0,0,0
63653,1,1,0,0,0,0,0,0,0,0,0,0
63654,0,1,33,33,33,33,33,33,33,33,33,33
63654,1,1,0,0,0,0,0,0,0,0,0,0
63655,1,1,0,0,0,0,0,0,0,0,0,0
63656,1,1,0,0,0,0,0,0,0,0,0,0
63657,1,1,0,0,0,0,0,0,0,0,0,0
63658,2,1,0,0,0,0,0,0,0,0,25,24
63659,1,1,0,0,0,0,11,0,0,0,0,0
63660,1,1,0,0,0,0,0,0,0,0,0,0
63660,2,1,0,0,0,0,0,0,0,0,0,0
63661,1,1,0,0,0,0,0,0,0,0,0,0
63661,2,1,0,0,0,0,0,0,0,0,0,0
63662,1,1,0,0,0,0,0,0,0,0,0,0
63662,2,1,0,0,0,0,0,0,0,0,0,0
63662,3,1,0,0,0,0,0,0,0,0,0,0
63662,4,1,0,0,0,0,0,0,0,0,0,0
63663,1,1,0,0,0,0,0,0,0,0,0,0
63663,2,1,9,9,9,9,9,9,9,9,9,9
63663,3,1,0,0,0,0,0,0,0,0,16,41
63664,1,1,0,0,0,17,0,0,0,20,0,0
63665,1,1,0,0,0,0,0,0,0,0,0,0
63666,0,1,24,24,24,24,24,24,24,24,24,24
63666,1,1,0,0,0,0,0,0,0,0,0,0
63667,0,1,18,18,18,18,18,18,18,18,18,18
63667,1,1,0,0,0,0,0,0,0,0,0,0
63668,1,1,0,0,0,0,0,0,0,0,0,0
63669,0,1,0,0,0,0,0,0,0,0,0,0
63669,1,1,0,0,0,0,0,0,0,0,0,0
63669,2,1,6,0,0,0,0,0,0,0,0,0
63669,4,1,0,0,0,15,0,0,0,0,5,0
63669,5,1,0,0,0,0,0,0,0,0,0,0
63670,1,1,0,0,0,0,0,0,0,0,0,0
63670,2,1,0,0,0,0,0,0,0,0,0,0
63671,0,1,0,0,0,0,0,0,0,0,0,0
63671,1,1,0,0,0,0,0,0,0,0,0,0
63672,0,1,0,0,0,0,0,0,0,0,0,0
63672,1,1,0,0,0,0,0,0,0,0,0,0
63673,1,1,0,0,0,0,0,0,0,0,0,0
63673,2,1,0,0,0,0,0,0,0,0,0,0
63674,0,1,0,0,0,0,0,0,0,0,0,0
63674,1,1,0,0,0,0,0,0,0,0,0,0
63675,0,1,24,0,15,15,22,0,0,12,21,15
63675,1,1,0,0,0,0,0,0,0,0,0,0
63676,1,1,4,4,4,4,4,4,4,4,4,4
63677,1,1,0,0,0,0,0,0,0,0,0,0
63678,1,1,8,8,8,8,8,8,8,8,8,8
63679,0,1,0,0,0,21,7,0,0,34,0,10
63679,1,1,0,0,0,0,0,0,0,0,0,0
63680,0,1,0,0,0,0,0,0,0,0,0,0
63680,1,1,0,0,0,0,0,0,0,30,0,0
63681,1,1,10,0,0,0,0,0,0,0,0,4
63681,2,1,0,0,0,0,0,0,24,0,0,25
63681,3,1,0,0,0,0,0,0,0,0,0,0
63682,1,1,0,0,0,0,0,0,0,0,0,0
63682,2,1,0,0,0,0,0,0,0,0,0,0
63683,0,1,34,34,34,34,34,34,34,34,34,34
63683,1,1,0,0,0,0,0,0,0,0,0,0
63684,0,1,16,16,16,16,16,16,16,16,16,16
63684,1,1,0,0,0,0,0,0,0,0,0,0
63685,0,1,0,0,0,0,0,0,0,0,0,0
63685,1,1,0,0,0,16,3,15,0,0,0,0
63686,1,1,3,3,3,3,3,3,3,3,3,3
63686,2,1,0,0,0,0,0,0,0,0,0,0
63686,3,1,0,0,0,0,0,0,0,0,0,0
63686,4,1,0,0,0,0,0,0,0,29,0,0
63687,0,1,0,0,0,0,0,0,0,0,0,0
63687,1,1,0,0,0,0,0,0,0,0,23,12
63688,1,1,0,0,0,0,0,0,0,0,0,0
63688,2,1,0,0,0,0,0,0,0,0,0,0
63689,1,1,0,0,0,0,0,0,0,0,0,0
63689,2,1,0,0,0,0,0,0,0,0,0,0
63690,1,1,0,0,0,0,0,0,9,0,0,0
63690,2,1,0,0,0,0,0,0,0,0,0,0
63691,1,1,0,7,0,8,0,0,19,22,17,19
63691,2,1,0,11,0,0,0,0,0,0,0,0
63692,1,1,9,9,9,9,9,9,9,9,9,9
63692,2,1,0,19,14,0,0,22,0,22,0,0
63693,0,1,21,26,0,15,32,25,15,6,33,21
63693,1,1,11,31,11,26,15,16,0,18,22,17
63694,1,1,17,0,0,0,0,0,0,0,13,0
63694,2,1,0,0,0,0,0,0,39,9,0,19
63695,0,1,23,23,23,23,23,23,23,23,23,23
63695,1,1,0,0,0,0,21,0,0,0,21,0
63696,1,1,7,7,7,7,7,7,7,7,7,7
63696,2,1,0,0,0,0,0,0,0,0,16,0
63697,1,1,0,9,14,26,6,6,9,6,8,2
63698,1,1,0,0,0,0,0,0,0,0,0,0
63698,2,1,10,10,10,10,10,10,10,10,10,10
63699,1,1,0,0,0,0,0,0,0,0,0,0
63700,0,1,0,0,0,0,0,0,0,0,0,0
63700,1,1,0,0,0,0,25,0,0,0,0,0
63701,1,1,0,5,0,0,0,0,0,0,0,0
63701,2,1,0,0,0,0,0,0,0,0,0,0
63702,1,1,3,3,3,3,3,3,3,3,3,3
63702,2,1,0,0,0,0,0,6,0,0,0,0
63702,3,1,0,0,13,0,0,0,0,0,0,0
63703,1,1,0,13,9,16,11,16,19,0,0,0
63703,2,1,0,0,0,0,0,0,0,0,0,0
63703,3,1,0,22,0,0,0,0,0,0,0,0
63704,1,1,0,0,0,0,0,0,0,0,0,0
63704,2,1,0,0,0,0,0,0,0,0,0,0
63704,3,1,0,0,0,0,0,0,0,0,0,0
63704,4,1,0,0,0,0,0,0,0,0,0,0
63705,1,1,0,0,0,0,0,0,0,0,0,0
63705,2,1,0,0,0,17,0,28,0,0,0,0
63706,1,1,25,25,25,25,25,25,25,25,25,25
63706,2,1,0,0,0,0,0,0,0,0,0,0
63707,1,1,8,8,8,8,8,8,8,8,8,8
63707,2,1,0,0,0,0,0,0,0,0,0,0
63708,0,1,0,0,0,0,0,0,0,0,0,0
63708,1,1,0,21,20,13,15,4,0,0,12,0
63709,1,1,13,13,13,13,13,13,13,13,13,13
63709,2,1,0,0,0,0,0,0,19,0,0,0
63710,1,1,17,17,17,17,17,17,17,17,17,17
63711,1,1,0,0,0,0,0,0,0,0,0,0
63712,1,1,28,28,28,28,28,28,28,28,28,28
63714,1,1,5,5,5,5,5,5,5,5,5,5
63715,1,1,0,0,0,0,0,0,0,0,0,0
63715,2,1,0,0,0,0,0,0,0,0,0,0
63716,1,1,0,0,0,12,10,8,0,17,0,0
63716,2,1,0,0,0,0,0,0,0,0,0,0
63717,1,1,0,0,0,0,0,0,0,0,0,0
63717,2,1,0,0,0,0,0,0,0,0,0,0
63718,1,1,21,25,14,21,12,21,22,19,21,9
63719,1,1,0,0,0,0,0,0,0,0,0,0
63719,2,1,0,0,0,0,0,0,0,0,0,0
63720,1,1,18,6,21,17,9,14,24,14,11,10
63720,2,1,19,19,19,19,19,19,19,19,19,19
63721,1,1,9,38,0,10,11,0,0,0,0,0
63722,1,1,20,0,0,11,0,0,0,0,0,0
63723,0,1,20,27,12,36,34,7,31,22,30,9
63723,1,1,0,0,0,0,0,0,0,0,4,0
63724,0,1,0,0,26,0,0,0,19,0,0,0
63724,1,1,12,45,0,16,7,0,0,0,0,19
63725,1,1,26,26,26,26,26,26,26,26,26,26
63726,1,1,0,0,0,0,0,0,0,0,0,0
63726,2,1,0,0,0,0,0,26,0,0,0,0
63727,1,1,0,0,0,0,0,0,0,0,0,0
63728,0,1,16,16,16,16,16,16,16,16,16,16
63728,1,1,0,0,0,12,0,9,0,0,0,0
63729,0,1,0,0,0,0,0,0,0,0,0,0
63729,1,1,0,0,0,0,0,0,0,0,0,0
63730,0,1,15,15,15,15,15,15,15,15,15,15
63730,1,1,0,0,0,0,0,0,0,0,0,0
63731,1,1,0,0,0,0,0,0,0,0,0,0
63732,1,1,0,0,0,0,0,0,0,0,0,0
63732,2,1,0,0,0,0,0,0,0,0,0,0
63732,3,1,0,0,0,0,0,0,0,0,0,0
63733,1,1,0,0,0,0,0,0,0,0,0,0
63733,2,1,0,0,0,12,25,0,12,45,0,0
63734,1,1,8,3,12,14,3,10,23,10,11,13
63734,2,1,0,0,0,0,0,0,0,0,0,17
63735,0,1,10,14,29,13,25,17,12,20,19,21
63735,1,1,0,0,0,0,0,0,0,0,0,0
63736,1,1,0,0,0,0,0,0,0,0,0,0
63737,0,1,12,12,12,12,12,12,12,12,12,12
63737,1,1,0,0,21,0,0,0,0,0,0,0
63738,1,1,0,0,10,26,0,23,17,0,0,0
63739,1,1,26,36,11,13,12,39,0,10,0,5
63740,1,1,0,0,0,0,0,0,0,14,0,0
63740,2,1,7,7,7,7,7,7,7,7,7,7
63741,0,1,0,0,0,0,0,0,0,0,0,31
63741,1,1,22,18,5,6,13,5,37,0,25,5
63742,0,1,0,0,0,0,0,0,0,0,0,0
63742,1,1,9,9,9,9,9,9,9,9,9,9
63742,3,1,0,0,0,0,0,0,0,0,0,0